ISO-10303-21;
HEADER;
/* Generated by software containing ST-Developer
 * from STEP Tools, Inc. (www.steptools.com) 
 */

FILE_DESCRIPTION(
/* description */ (''),
/* implementation_level */ '2;1');

FILE_NAME(
/* name */ 'NAS-rack.step',
/* time_stamp */ '2026-02-16T19:43:46+05:30',
/* author */ (''),
/* organization */ (''),
/* preprocessor_version */ 'ST-DEVELOPER v20.1',
/* originating_system */ 'Autodesk Translation Framework v14.24.0.0',
/* authorisation */ '');

FILE_SCHEMA (('AUTOMOTIVE_DESIGN { 1 0 10303 214 3 1 1 }'));
ENDSEC;

DATA;
#10=MECHANICAL_DESIGN_GEOMETRIC_PRESENTATION_REPRESENTATION('',(#13),#20831);
#11=SHAPE_REPRESENTATION_RELATIONSHIP('SRR','None',#20838,#12);
#12=ADVANCED_BREP_SHAPE_REPRESENTATION('',(#14),#20830);
#13=STYLED_ITEM('',(#20848),#14);
#14=MANIFOLD_SOLID_BREP('NAS-rack',#13363);
#15=FACE_BOUND('',#944,.T.);
#16=FACE_BOUND('',#945,.T.);
#17=FACE_BOUND('',#952,.T.);
#18=FACE_BOUND('',#953,.T.);
#19=FACE_BOUND('',#1567,.T.);
#20=FACE_BOUND('',#1568,.T.);
#21=FACE_BOUND('',#1569,.T.);
#22=FACE_BOUND('',#1570,.T.);
#23=FACE_BOUND('',#1571,.T.);
#24=FACE_BOUND('',#1572,.T.);
#25=FACE_BOUND('',#1573,.T.);
#26=FACE_BOUND('',#1574,.T.);
#27=FACE_BOUND('',#1575,.T.);
#28=FACE_BOUND('',#1576,.T.);
#29=FACE_BOUND('',#1577,.T.);
#30=FACE_BOUND('',#1578,.T.);
#31=FACE_BOUND('',#1579,.T.);
#32=FACE_BOUND('',#1580,.T.);
#33=FACE_BOUND('',#1581,.T.);
#34=FACE_BOUND('',#1582,.T.);
#35=FACE_BOUND('',#1583,.T.);
#36=FACE_BOUND('',#1584,.T.);
#37=FACE_BOUND('',#1585,.T.);
#38=FACE_BOUND('',#1586,.T.);
#39=FACE_BOUND('',#1588,.T.);
#40=FACE_BOUND('',#1589,.T.);
#41=FACE_BOUND('',#1590,.T.);
#42=FACE_BOUND('',#1591,.T.);
#43=FACE_BOUND('',#1592,.T.);
#44=FACE_BOUND('',#1593,.T.);
#45=FACE_BOUND('',#1594,.T.);
#46=FACE_BOUND('',#1595,.T.);
#47=FACE_BOUND('',#1596,.T.);
#48=FACE_BOUND('',#1597,.T.);
#49=FACE_BOUND('',#1598,.T.);
#50=FACE_BOUND('',#1599,.T.);
#51=FACE_BOUND('',#1600,.T.);
#52=FACE_BOUND('',#1601,.T.);
#53=FACE_BOUND('',#1602,.T.);
#54=FACE_BOUND('',#1603,.T.);
#55=FACE_BOUND('',#1604,.T.);
#56=FACE_BOUND('',#1605,.T.);
#57=FACE_BOUND('',#1606,.T.);
#58=FACE_BOUND('',#1607,.T.);
#59=FACE_BOUND('',#1609,.T.);
#60=FACE_BOUND('',#1610,.T.);
#61=FACE_BOUND('',#1611,.T.);
#62=FACE_BOUND('',#1612,.T.);
#63=FACE_BOUND('',#1613,.T.);
#64=FACE_BOUND('',#1614,.T.);
#65=FACE_BOUND('',#1615,.T.);
#66=FACE_BOUND('',#1616,.T.);
#67=FACE_BOUND('',#1617,.T.);
#68=FACE_BOUND('',#1618,.T.);
#69=FACE_BOUND('',#1619,.T.);
#70=FACE_BOUND('',#1620,.T.);
#71=FACE_BOUND('',#1621,.T.);
#72=FACE_BOUND('',#1622,.T.);
#73=FACE_BOUND('',#1623,.T.);
#74=FACE_BOUND('',#1624,.T.);
#75=FACE_BOUND('',#1625,.T.);
#76=FACE_BOUND('',#1626,.T.);
#77=FACE_BOUND('',#1627,.T.);
#78=FACE_BOUND('',#1628,.T.);
#79=FACE_BOUND('',#1630,.T.);
#80=FACE_BOUND('',#1631,.T.);
#81=FACE_BOUND('',#1632,.T.);
#82=FACE_BOUND('',#1633,.T.);
#83=FACE_BOUND('',#1634,.T.);
#84=FACE_BOUND('',#1635,.T.);
#85=FACE_BOUND('',#1636,.T.);
#86=FACE_BOUND('',#1637,.T.);
#87=FACE_BOUND('',#1638,.T.);
#88=FACE_BOUND('',#1639,.T.);
#89=FACE_BOUND('',#1640,.T.);
#90=FACE_BOUND('',#1641,.T.);
#91=FACE_BOUND('',#1642,.T.);
#92=FACE_BOUND('',#1643,.T.);
#93=FACE_BOUND('',#1644,.T.);
#94=FACE_BOUND('',#1645,.T.);
#95=FACE_BOUND('',#1646,.T.);
#96=FACE_BOUND('',#1647,.T.);
#97=FACE_BOUND('',#1648,.T.);
#98=FACE_BOUND('',#1649,.T.);
#99=FACE_BOUND('',#1652,.T.);
#100=FACE_BOUND('',#1653,.T.);
#101=FACE_BOUND('',#1654,.T.);
#102=FACE_BOUND('',#1655,.T.);
#103=FACE_BOUND('',#1656,.T.);
#104=FACE_BOUND('',#1657,.T.);
#105=FACE_BOUND('',#1658,.T.);
#106=FACE_BOUND('',#1659,.T.);
#107=FACE_BOUND('',#1660,.T.);
#108=FACE_BOUND('',#1661,.T.);
#109=FACE_BOUND('',#1662,.T.);
#110=FACE_BOUND('',#1663,.T.);
#111=FACE_BOUND('',#1664,.T.);
#112=FACE_BOUND('',#1665,.T.);
#113=FACE_BOUND('',#1666,.T.);
#114=FACE_BOUND('',#1667,.T.);
#115=FACE_BOUND('',#1668,.T.);
#116=FACE_BOUND('',#1669,.T.);
#117=FACE_BOUND('',#1670,.T.);
#118=FACE_BOUND('',#1671,.T.);
#119=FACE_BOUND('',#1675,.T.);
#120=FACE_BOUND('',#1676,.T.);
#121=FACE_BOUND('',#1677,.T.);
#122=FACE_BOUND('',#1678,.T.);
#123=FACE_BOUND('',#1679,.T.);
#124=FACE_BOUND('',#1680,.T.);
#125=FACE_BOUND('',#1681,.T.);
#126=FACE_BOUND('',#1682,.T.);
#127=FACE_BOUND('',#1683,.T.);
#128=FACE_BOUND('',#1684,.T.);
#129=FACE_BOUND('',#1685,.T.);
#130=FACE_BOUND('',#1686,.T.);
#131=FACE_BOUND('',#1687,.T.);
#132=FACE_BOUND('',#1688,.T.);
#133=FACE_BOUND('',#1689,.T.);
#134=FACE_BOUND('',#1690,.T.);
#135=FACE_BOUND('',#1691,.T.);
#136=FACE_BOUND('',#1692,.T.);
#137=FACE_BOUND('',#1693,.T.);
#138=FACE_BOUND('',#1694,.T.);
#139=FACE_BOUND('',#1695,.T.);
#140=FACE_BOUND('',#1696,.T.);
#141=FACE_BOUND('',#1697,.T.);
#142=FACE_BOUND('',#1698,.T.);
#143=FACE_BOUND('',#1699,.T.);
#144=FACE_BOUND('',#1700,.T.);
#145=FACE_BOUND('',#1701,.T.);
#146=FACE_BOUND('',#1702,.T.);
#147=FACE_BOUND('',#1703,.T.);
#148=FACE_BOUND('',#1704,.T.);
#149=FACE_BOUND('',#1705,.T.);
#150=FACE_BOUND('',#1706,.T.);
#151=FACE_BOUND('',#1707,.T.);
#152=FACE_BOUND('',#1708,.T.);
#153=FACE_BOUND('',#1709,.T.);
#154=FACE_BOUND('',#1710,.T.);
#155=FACE_BOUND('',#1711,.T.);
#156=FACE_BOUND('',#1712,.T.);
#157=FACE_BOUND('',#1713,.T.);
#158=FACE_BOUND('',#1714,.T.);
#159=FACE_BOUND('',#1715,.T.);
#160=FACE_BOUND('',#1716,.T.);
#161=FACE_BOUND('',#1717,.T.);
#162=FACE_BOUND('',#1718,.T.);
#163=FACE_BOUND('',#1719,.T.);
#164=FACE_BOUND('',#1720,.T.);
#165=FACE_BOUND('',#1721,.T.);
#166=FACE_BOUND('',#1722,.T.);
#167=FACE_BOUND('',#1723,.T.);
#168=FACE_BOUND('',#1724,.T.);
#169=FACE_BOUND('',#1725,.T.);
#170=FACE_BOUND('',#1726,.T.);
#171=FACE_BOUND('',#1727,.T.);
#172=FACE_BOUND('',#1728,.T.);
#173=FACE_BOUND('',#1729,.T.);
#174=FACE_BOUND('',#1730,.T.);
#175=FACE_BOUND('',#1731,.T.);
#176=FACE_BOUND('',#1732,.T.);
#177=FACE_BOUND('',#1733,.T.);
#178=FACE_BOUND('',#1734,.T.);
#179=FACE_BOUND('',#1735,.T.);
#180=FACE_BOUND('',#1736,.T.);
#181=FACE_BOUND('',#1737,.T.);
#182=FACE_BOUND('',#1738,.T.);
#183=FACE_BOUND('',#1739,.T.);
#184=FACE_BOUND('',#1740,.T.);
#185=FACE_BOUND('',#1741,.T.);
#186=FACE_BOUND('',#1742,.T.);
#187=FACE_BOUND('',#1743,.T.);
#188=FACE_BOUND('',#1744,.T.);
#189=FACE_BOUND('',#1745,.T.);
#190=FACE_BOUND('',#1746,.T.);
#191=FACE_BOUND('',#1747,.T.);
#192=FACE_BOUND('',#1748,.T.);
#193=FACE_BOUND('',#1749,.T.);
#194=FACE_BOUND('',#1750,.T.);
#195=FACE_BOUND('',#1751,.T.);
#196=FACE_BOUND('',#1752,.T.);
#197=FACE_BOUND('',#1753,.T.);
#198=FACE_BOUND('',#1754,.T.);
#199=FACE_BOUND('',#1755,.T.);
#200=FACE_BOUND('',#1756,.T.);
#201=FACE_BOUND('',#1757,.T.);
#202=FACE_BOUND('',#1758,.T.);
#203=FACE_BOUND('',#1759,.T.);
#204=FACE_BOUND('',#1760,.T.);
#205=FACE_BOUND('',#1761,.T.);
#206=FACE_BOUND('',#1762,.T.);
#207=FACE_BOUND('',#1763,.T.);
#208=FACE_BOUND('',#1764,.T.);
#209=FACE_BOUND('',#1765,.T.);
#210=FACE_BOUND('',#1766,.T.);
#211=FACE_BOUND('',#1767,.T.);
#212=FACE_BOUND('',#1768,.T.);
#213=FACE_BOUND('',#1769,.T.);
#214=FACE_BOUND('',#1770,.T.);
#215=FACE_BOUND('',#1771,.T.);
#216=FACE_BOUND('',#1772,.T.);
#217=FACE_BOUND('',#1773,.T.);
#218=FACE_BOUND('',#1774,.T.);
#219=FACE_BOUND('',#1775,.T.);
#220=FACE_BOUND('',#1776,.T.);
#221=FACE_BOUND('',#1777,.T.);
#222=FACE_BOUND('',#1778,.T.);
#223=FACE_BOUND('',#1779,.T.);
#224=FACE_BOUND('',#1780,.T.);
#225=FACE_BOUND('',#1781,.T.);
#226=FACE_BOUND('',#1782,.T.);
#227=FACE_BOUND('',#1783,.T.);
#228=FACE_BOUND('',#1784,.T.);
#229=FACE_BOUND('',#1785,.T.);
#230=FACE_BOUND('',#1786,.T.);
#231=FACE_BOUND('',#1787,.T.);
#232=FACE_BOUND('',#1788,.T.);
#233=FACE_BOUND('',#1789,.T.);
#234=FACE_BOUND('',#1790,.T.);
#235=FACE_BOUND('',#1791,.T.);
#236=FACE_BOUND('',#1792,.T.);
#237=FACE_BOUND('',#1793,.T.);
#238=FACE_BOUND('',#1794,.T.);
#239=FACE_BOUND('',#1795,.T.);
#240=FACE_BOUND('',#1796,.T.);
#241=FACE_BOUND('',#1797,.T.);
#242=FACE_BOUND('',#1798,.T.);
#243=FACE_BOUND('',#1799,.T.);
#244=FACE_BOUND('',#1800,.T.);
#245=FACE_BOUND('',#1801,.T.);
#246=FACE_BOUND('',#1802,.T.);
#247=FACE_BOUND('',#1803,.T.);
#248=FACE_BOUND('',#1804,.T.);
#249=FACE_BOUND('',#1805,.T.);
#250=FACE_BOUND('',#1806,.T.);
#251=FACE_BOUND('',#1807,.T.);
#252=FACE_BOUND('',#1808,.T.);
#253=FACE_BOUND('',#1809,.T.);
#254=FACE_BOUND('',#1810,.T.);
#255=FACE_BOUND('',#1811,.T.);
#256=FACE_BOUND('',#1812,.T.);
#257=FACE_BOUND('',#1813,.T.);
#258=FACE_BOUND('',#1814,.T.);
#259=CIRCLE('',#13398,5.);
#260=CIRCLE('',#13399,5.);
#261=CIRCLE('',#13402,5.);
#262=CIRCLE('',#13403,5.);
#263=CIRCLE('',#13404,5.);
#264=CIRCLE('',#13406,5.);
#265=CIRCLE('',#13409,5.);
#266=CIRCLE('',#13412,5.);
#267=CYLINDRICAL_SURFACE('',#13397,5.);
#268=CYLINDRICAL_SURFACE('',#13405,5.);
#269=CYLINDRICAL_SURFACE('',#13408,5.);
#270=CYLINDRICAL_SURFACE('',#13411,5.);
#271=FACE_OUTER_BOUND('',#921,.T.);
#272=FACE_OUTER_BOUND('',#922,.T.);
#273=FACE_OUTER_BOUND('',#923,.T.);
#274=FACE_OUTER_BOUND('',#924,.T.);
#275=FACE_OUTER_BOUND('',#925,.T.);
#276=FACE_OUTER_BOUND('',#926,.T.);
#277=FACE_OUTER_BOUND('',#927,.T.);
#278=FACE_OUTER_BOUND('',#928,.T.);
#279=FACE_OUTER_BOUND('',#929,.T.);
#280=FACE_OUTER_BOUND('',#930,.T.);
#281=FACE_OUTER_BOUND('',#931,.T.);
#282=FACE_OUTER_BOUND('',#932,.T.);
#283=FACE_OUTER_BOUND('',#933,.T.);
#284=FACE_OUTER_BOUND('',#934,.T.);
#285=FACE_OUTER_BOUND('',#935,.T.);
#286=FACE_OUTER_BOUND('',#936,.T.);
#287=FACE_OUTER_BOUND('',#937,.T.);
#288=FACE_OUTER_BOUND('',#938,.T.);
#289=FACE_OUTER_BOUND('',#939,.T.);
#290=FACE_OUTER_BOUND('',#940,.T.);
#291=FACE_OUTER_BOUND('',#941,.T.);
#292=FACE_OUTER_BOUND('',#942,.T.);
#293=FACE_OUTER_BOUND('',#943,.T.);
#294=FACE_OUTER_BOUND('',#946,.T.);
#295=FACE_OUTER_BOUND('',#947,.T.);
#296=FACE_OUTER_BOUND('',#948,.T.);
#297=FACE_OUTER_BOUND('',#949,.T.);
#298=FACE_OUTER_BOUND('',#950,.T.);
#299=FACE_OUTER_BOUND('',#951,.T.);
#300=FACE_OUTER_BOUND('',#954,.T.);
#301=FACE_OUTER_BOUND('',#955,.T.);
#302=FACE_OUTER_BOUND('',#956,.T.);
#303=FACE_OUTER_BOUND('',#957,.T.);
#304=FACE_OUTER_BOUND('',#958,.T.);
#305=FACE_OUTER_BOUND('',#959,.T.);
#306=FACE_OUTER_BOUND('',#960,.T.);
#307=FACE_OUTER_BOUND('',#961,.T.);
#308=FACE_OUTER_BOUND('',#962,.T.);
#309=FACE_OUTER_BOUND('',#963,.T.);
#310=FACE_OUTER_BOUND('',#964,.T.);
#311=FACE_OUTER_BOUND('',#965,.T.);
#312=FACE_OUTER_BOUND('',#966,.T.);
#313=FACE_OUTER_BOUND('',#967,.T.);
#314=FACE_OUTER_BOUND('',#968,.T.);
#315=FACE_OUTER_BOUND('',#969,.T.);
#316=FACE_OUTER_BOUND('',#970,.T.);
#317=FACE_OUTER_BOUND('',#971,.T.);
#318=FACE_OUTER_BOUND('',#972,.T.);
#319=FACE_OUTER_BOUND('',#973,.T.);
#320=FACE_OUTER_BOUND('',#974,.T.);
#321=FACE_OUTER_BOUND('',#975,.T.);
#322=FACE_OUTER_BOUND('',#976,.T.);
#323=FACE_OUTER_BOUND('',#977,.T.);
#324=FACE_OUTER_BOUND('',#978,.T.);
#325=FACE_OUTER_BOUND('',#979,.T.);
#326=FACE_OUTER_BOUND('',#980,.T.);
#327=FACE_OUTER_BOUND('',#981,.T.);
#328=FACE_OUTER_BOUND('',#982,.T.);
#329=FACE_OUTER_BOUND('',#983,.T.);
#330=FACE_OUTER_BOUND('',#984,.T.);
#331=FACE_OUTER_BOUND('',#985,.T.);
#332=FACE_OUTER_BOUND('',#986,.T.);
#333=FACE_OUTER_BOUND('',#987,.T.);
#334=FACE_OUTER_BOUND('',#988,.T.);
#335=FACE_OUTER_BOUND('',#989,.T.);
#336=FACE_OUTER_BOUND('',#990,.T.);
#337=FACE_OUTER_BOUND('',#991,.T.);
#338=FACE_OUTER_BOUND('',#992,.T.);
#339=FACE_OUTER_BOUND('',#993,.T.);
#340=FACE_OUTER_BOUND('',#994,.T.);
#341=FACE_OUTER_BOUND('',#995,.T.);
#342=FACE_OUTER_BOUND('',#996,.T.);
#343=FACE_OUTER_BOUND('',#997,.T.);
#344=FACE_OUTER_BOUND('',#998,.T.);
#345=FACE_OUTER_BOUND('',#999,.T.);
#346=FACE_OUTER_BOUND('',#1000,.T.);
#347=FACE_OUTER_BOUND('',#1001,.T.);
#348=FACE_OUTER_BOUND('',#1002,.T.);
#349=FACE_OUTER_BOUND('',#1003,.T.);
#350=FACE_OUTER_BOUND('',#1004,.T.);
#351=FACE_OUTER_BOUND('',#1005,.T.);
#352=FACE_OUTER_BOUND('',#1006,.T.);
#353=FACE_OUTER_BOUND('',#1007,.T.);
#354=FACE_OUTER_BOUND('',#1008,.T.);
#355=FACE_OUTER_BOUND('',#1009,.T.);
#356=FACE_OUTER_BOUND('',#1010,.T.);
#357=FACE_OUTER_BOUND('',#1011,.T.);
#358=FACE_OUTER_BOUND('',#1012,.T.);
#359=FACE_OUTER_BOUND('',#1013,.T.);
#360=FACE_OUTER_BOUND('',#1014,.T.);
#361=FACE_OUTER_BOUND('',#1015,.T.);
#362=FACE_OUTER_BOUND('',#1016,.T.);
#363=FACE_OUTER_BOUND('',#1017,.T.);
#364=FACE_OUTER_BOUND('',#1018,.T.);
#365=FACE_OUTER_BOUND('',#1019,.T.);
#366=FACE_OUTER_BOUND('',#1020,.T.);
#367=FACE_OUTER_BOUND('',#1021,.T.);
#368=FACE_OUTER_BOUND('',#1022,.T.);
#369=FACE_OUTER_BOUND('',#1023,.T.);
#370=FACE_OUTER_BOUND('',#1024,.T.);
#371=FACE_OUTER_BOUND('',#1025,.T.);
#372=FACE_OUTER_BOUND('',#1026,.T.);
#373=FACE_OUTER_BOUND('',#1027,.T.);
#374=FACE_OUTER_BOUND('',#1028,.T.);
#375=FACE_OUTER_BOUND('',#1029,.T.);
#376=FACE_OUTER_BOUND('',#1030,.T.);
#377=FACE_OUTER_BOUND('',#1031,.T.);
#378=FACE_OUTER_BOUND('',#1032,.T.);
#379=FACE_OUTER_BOUND('',#1033,.T.);
#380=FACE_OUTER_BOUND('',#1034,.T.);
#381=FACE_OUTER_BOUND('',#1035,.T.);
#382=FACE_OUTER_BOUND('',#1036,.T.);
#383=FACE_OUTER_BOUND('',#1037,.T.);
#384=FACE_OUTER_BOUND('',#1038,.T.);
#385=FACE_OUTER_BOUND('',#1039,.T.);
#386=FACE_OUTER_BOUND('',#1040,.T.);
#387=FACE_OUTER_BOUND('',#1041,.T.);
#388=FACE_OUTER_BOUND('',#1042,.T.);
#389=FACE_OUTER_BOUND('',#1043,.T.);
#390=FACE_OUTER_BOUND('',#1044,.T.);
#391=FACE_OUTER_BOUND('',#1045,.T.);
#392=FACE_OUTER_BOUND('',#1046,.T.);
#393=FACE_OUTER_BOUND('',#1047,.T.);
#394=FACE_OUTER_BOUND('',#1048,.T.);
#395=FACE_OUTER_BOUND('',#1049,.T.);
#396=FACE_OUTER_BOUND('',#1050,.T.);
#397=FACE_OUTER_BOUND('',#1051,.T.);
#398=FACE_OUTER_BOUND('',#1052,.T.);
#399=FACE_OUTER_BOUND('',#1053,.T.);
#400=FACE_OUTER_BOUND('',#1054,.T.);
#401=FACE_OUTER_BOUND('',#1055,.T.);
#402=FACE_OUTER_BOUND('',#1056,.T.);
#403=FACE_OUTER_BOUND('',#1057,.T.);
#404=FACE_OUTER_BOUND('',#1058,.T.);
#405=FACE_OUTER_BOUND('',#1059,.T.);
#406=FACE_OUTER_BOUND('',#1060,.T.);
#407=FACE_OUTER_BOUND('',#1061,.T.);
#408=FACE_OUTER_BOUND('',#1062,.T.);
#409=FACE_OUTER_BOUND('',#1063,.T.);
#410=FACE_OUTER_BOUND('',#1064,.T.);
#411=FACE_OUTER_BOUND('',#1065,.T.);
#412=FACE_OUTER_BOUND('',#1066,.T.);
#413=FACE_OUTER_BOUND('',#1067,.T.);
#414=FACE_OUTER_BOUND('',#1068,.T.);
#415=FACE_OUTER_BOUND('',#1069,.T.);
#416=FACE_OUTER_BOUND('',#1070,.T.);
#417=FACE_OUTER_BOUND('',#1071,.T.);
#418=FACE_OUTER_BOUND('',#1072,.T.);
#419=FACE_OUTER_BOUND('',#1073,.T.);
#420=FACE_OUTER_BOUND('',#1074,.T.);
#421=FACE_OUTER_BOUND('',#1075,.T.);
#422=FACE_OUTER_BOUND('',#1076,.T.);
#423=FACE_OUTER_BOUND('',#1077,.T.);
#424=FACE_OUTER_BOUND('',#1078,.T.);
#425=FACE_OUTER_BOUND('',#1079,.T.);
#426=FACE_OUTER_BOUND('',#1080,.T.);
#427=FACE_OUTER_BOUND('',#1081,.T.);
#428=FACE_OUTER_BOUND('',#1082,.T.);
#429=FACE_OUTER_BOUND('',#1083,.T.);
#430=FACE_OUTER_BOUND('',#1084,.T.);
#431=FACE_OUTER_BOUND('',#1085,.T.);
#432=FACE_OUTER_BOUND('',#1086,.T.);
#433=FACE_OUTER_BOUND('',#1087,.T.);
#434=FACE_OUTER_BOUND('',#1088,.T.);
#435=FACE_OUTER_BOUND('',#1089,.T.);
#436=FACE_OUTER_BOUND('',#1090,.T.);
#437=FACE_OUTER_BOUND('',#1091,.T.);
#438=FACE_OUTER_BOUND('',#1092,.T.);
#439=FACE_OUTER_BOUND('',#1093,.T.);
#440=FACE_OUTER_BOUND('',#1094,.T.);
#441=FACE_OUTER_BOUND('',#1095,.T.);
#442=FACE_OUTER_BOUND('',#1096,.T.);
#443=FACE_OUTER_BOUND('',#1097,.T.);
#444=FACE_OUTER_BOUND('',#1098,.T.);
#445=FACE_OUTER_BOUND('',#1099,.T.);
#446=FACE_OUTER_BOUND('',#1100,.T.);
#447=FACE_OUTER_BOUND('',#1101,.T.);
#448=FACE_OUTER_BOUND('',#1102,.T.);
#449=FACE_OUTER_BOUND('',#1103,.T.);
#450=FACE_OUTER_BOUND('',#1104,.T.);
#451=FACE_OUTER_BOUND('',#1105,.T.);
#452=FACE_OUTER_BOUND('',#1106,.T.);
#453=FACE_OUTER_BOUND('',#1107,.T.);
#454=FACE_OUTER_BOUND('',#1108,.T.);
#455=FACE_OUTER_BOUND('',#1109,.T.);
#456=FACE_OUTER_BOUND('',#1110,.T.);
#457=FACE_OUTER_BOUND('',#1111,.T.);
#458=FACE_OUTER_BOUND('',#1112,.T.);
#459=FACE_OUTER_BOUND('',#1113,.T.);
#460=FACE_OUTER_BOUND('',#1114,.T.);
#461=FACE_OUTER_BOUND('',#1115,.T.);
#462=FACE_OUTER_BOUND('',#1116,.T.);
#463=FACE_OUTER_BOUND('',#1117,.T.);
#464=FACE_OUTER_BOUND('',#1118,.T.);
#465=FACE_OUTER_BOUND('',#1119,.T.);
#466=FACE_OUTER_BOUND('',#1120,.T.);
#467=FACE_OUTER_BOUND('',#1121,.T.);
#468=FACE_OUTER_BOUND('',#1122,.T.);
#469=FACE_OUTER_BOUND('',#1123,.T.);
#470=FACE_OUTER_BOUND('',#1124,.T.);
#471=FACE_OUTER_BOUND('',#1125,.T.);
#472=FACE_OUTER_BOUND('',#1126,.T.);
#473=FACE_OUTER_BOUND('',#1127,.T.);
#474=FACE_OUTER_BOUND('',#1128,.T.);
#475=FACE_OUTER_BOUND('',#1129,.T.);
#476=FACE_OUTER_BOUND('',#1130,.T.);
#477=FACE_OUTER_BOUND('',#1131,.T.);
#478=FACE_OUTER_BOUND('',#1132,.T.);
#479=FACE_OUTER_BOUND('',#1133,.T.);
#480=FACE_OUTER_BOUND('',#1134,.T.);
#481=FACE_OUTER_BOUND('',#1135,.T.);
#482=FACE_OUTER_BOUND('',#1136,.T.);
#483=FACE_OUTER_BOUND('',#1137,.T.);
#484=FACE_OUTER_BOUND('',#1138,.T.);
#485=FACE_OUTER_BOUND('',#1139,.T.);
#486=FACE_OUTER_BOUND('',#1140,.T.);
#487=FACE_OUTER_BOUND('',#1141,.T.);
#488=FACE_OUTER_BOUND('',#1142,.T.);
#489=FACE_OUTER_BOUND('',#1143,.T.);
#490=FACE_OUTER_BOUND('',#1144,.T.);
#491=FACE_OUTER_BOUND('',#1145,.T.);
#492=FACE_OUTER_BOUND('',#1146,.T.);
#493=FACE_OUTER_BOUND('',#1147,.T.);
#494=FACE_OUTER_BOUND('',#1148,.T.);
#495=FACE_OUTER_BOUND('',#1149,.T.);
#496=FACE_OUTER_BOUND('',#1150,.T.);
#497=FACE_OUTER_BOUND('',#1151,.T.);
#498=FACE_OUTER_BOUND('',#1152,.T.);
#499=FACE_OUTER_BOUND('',#1153,.T.);
#500=FACE_OUTER_BOUND('',#1154,.T.);
#501=FACE_OUTER_BOUND('',#1155,.T.);
#502=FACE_OUTER_BOUND('',#1156,.T.);
#503=FACE_OUTER_BOUND('',#1157,.T.);
#504=FACE_OUTER_BOUND('',#1158,.T.);
#505=FACE_OUTER_BOUND('',#1159,.T.);
#506=FACE_OUTER_BOUND('',#1160,.T.);
#507=FACE_OUTER_BOUND('',#1161,.T.);
#508=FACE_OUTER_BOUND('',#1162,.T.);
#509=FACE_OUTER_BOUND('',#1163,.T.);
#510=FACE_OUTER_BOUND('',#1164,.T.);
#511=FACE_OUTER_BOUND('',#1165,.T.);
#512=FACE_OUTER_BOUND('',#1166,.T.);
#513=FACE_OUTER_BOUND('',#1167,.T.);
#514=FACE_OUTER_BOUND('',#1168,.T.);
#515=FACE_OUTER_BOUND('',#1169,.T.);
#516=FACE_OUTER_BOUND('',#1170,.T.);
#517=FACE_OUTER_BOUND('',#1171,.T.);
#518=FACE_OUTER_BOUND('',#1172,.T.);
#519=FACE_OUTER_BOUND('',#1173,.T.);
#520=FACE_OUTER_BOUND('',#1174,.T.);
#521=FACE_OUTER_BOUND('',#1175,.T.);
#522=FACE_OUTER_BOUND('',#1176,.T.);
#523=FACE_OUTER_BOUND('',#1177,.T.);
#524=FACE_OUTER_BOUND('',#1178,.T.);
#525=FACE_OUTER_BOUND('',#1179,.T.);
#526=FACE_OUTER_BOUND('',#1180,.T.);
#527=FACE_OUTER_BOUND('',#1181,.T.);
#528=FACE_OUTER_BOUND('',#1182,.T.);
#529=FACE_OUTER_BOUND('',#1183,.T.);
#530=FACE_OUTER_BOUND('',#1184,.T.);
#531=FACE_OUTER_BOUND('',#1185,.T.);
#532=FACE_OUTER_BOUND('',#1186,.T.);
#533=FACE_OUTER_BOUND('',#1187,.T.);
#534=FACE_OUTER_BOUND('',#1188,.T.);
#535=FACE_OUTER_BOUND('',#1189,.T.);
#536=FACE_OUTER_BOUND('',#1190,.T.);
#537=FACE_OUTER_BOUND('',#1191,.T.);
#538=FACE_OUTER_BOUND('',#1192,.T.);
#539=FACE_OUTER_BOUND('',#1193,.T.);
#540=FACE_OUTER_BOUND('',#1194,.T.);
#541=FACE_OUTER_BOUND('',#1195,.T.);
#542=FACE_OUTER_BOUND('',#1196,.T.);
#543=FACE_OUTER_BOUND('',#1197,.T.);
#544=FACE_OUTER_BOUND('',#1198,.T.);
#545=FACE_OUTER_BOUND('',#1199,.T.);
#546=FACE_OUTER_BOUND('',#1200,.T.);
#547=FACE_OUTER_BOUND('',#1201,.T.);
#548=FACE_OUTER_BOUND('',#1202,.T.);
#549=FACE_OUTER_BOUND('',#1203,.T.);
#550=FACE_OUTER_BOUND('',#1204,.T.);
#551=FACE_OUTER_BOUND('',#1205,.T.);
#552=FACE_OUTER_BOUND('',#1206,.T.);
#553=FACE_OUTER_BOUND('',#1207,.T.);
#554=FACE_OUTER_BOUND('',#1208,.T.);
#555=FACE_OUTER_BOUND('',#1209,.T.);
#556=FACE_OUTER_BOUND('',#1210,.T.);
#557=FACE_OUTER_BOUND('',#1211,.T.);
#558=FACE_OUTER_BOUND('',#1212,.T.);
#559=FACE_OUTER_BOUND('',#1213,.T.);
#560=FACE_OUTER_BOUND('',#1214,.T.);
#561=FACE_OUTER_BOUND('',#1215,.T.);
#562=FACE_OUTER_BOUND('',#1216,.T.);
#563=FACE_OUTER_BOUND('',#1217,.T.);
#564=FACE_OUTER_BOUND('',#1218,.T.);
#565=FACE_OUTER_BOUND('',#1219,.T.);
#566=FACE_OUTER_BOUND('',#1220,.T.);
#567=FACE_OUTER_BOUND('',#1221,.T.);
#568=FACE_OUTER_BOUND('',#1222,.T.);
#569=FACE_OUTER_BOUND('',#1223,.T.);
#570=FACE_OUTER_BOUND('',#1224,.T.);
#571=FACE_OUTER_BOUND('',#1225,.T.);
#572=FACE_OUTER_BOUND('',#1226,.T.);
#573=FACE_OUTER_BOUND('',#1227,.T.);
#574=FACE_OUTER_BOUND('',#1228,.T.);
#575=FACE_OUTER_BOUND('',#1229,.T.);
#576=FACE_OUTER_BOUND('',#1230,.T.);
#577=FACE_OUTER_BOUND('',#1231,.T.);
#578=FACE_OUTER_BOUND('',#1232,.T.);
#579=FACE_OUTER_BOUND('',#1233,.T.);
#580=FACE_OUTER_BOUND('',#1234,.T.);
#581=FACE_OUTER_BOUND('',#1235,.T.);
#582=FACE_OUTER_BOUND('',#1236,.T.);
#583=FACE_OUTER_BOUND('',#1237,.T.);
#584=FACE_OUTER_BOUND('',#1238,.T.);
#585=FACE_OUTER_BOUND('',#1239,.T.);
#586=FACE_OUTER_BOUND('',#1240,.T.);
#587=FACE_OUTER_BOUND('',#1241,.T.);
#588=FACE_OUTER_BOUND('',#1242,.T.);
#589=FACE_OUTER_BOUND('',#1243,.T.);
#590=FACE_OUTER_BOUND('',#1244,.T.);
#591=FACE_OUTER_BOUND('',#1245,.T.);
#592=FACE_OUTER_BOUND('',#1246,.T.);
#593=FACE_OUTER_BOUND('',#1247,.T.);
#594=FACE_OUTER_BOUND('',#1248,.T.);
#595=FACE_OUTER_BOUND('',#1249,.T.);
#596=FACE_OUTER_BOUND('',#1250,.T.);
#597=FACE_OUTER_BOUND('',#1251,.T.);
#598=FACE_OUTER_BOUND('',#1252,.T.);
#599=FACE_OUTER_BOUND('',#1253,.T.);
#600=FACE_OUTER_BOUND('',#1254,.T.);
#601=FACE_OUTER_BOUND('',#1255,.T.);
#602=FACE_OUTER_BOUND('',#1256,.T.);
#603=FACE_OUTER_BOUND('',#1257,.T.);
#604=FACE_OUTER_BOUND('',#1258,.T.);
#605=FACE_OUTER_BOUND('',#1259,.T.);
#606=FACE_OUTER_BOUND('',#1260,.T.);
#607=FACE_OUTER_BOUND('',#1261,.T.);
#608=FACE_OUTER_BOUND('',#1262,.T.);
#609=FACE_OUTER_BOUND('',#1263,.T.);
#610=FACE_OUTER_BOUND('',#1264,.T.);
#611=FACE_OUTER_BOUND('',#1265,.T.);
#612=FACE_OUTER_BOUND('',#1266,.T.);
#613=FACE_OUTER_BOUND('',#1267,.T.);
#614=FACE_OUTER_BOUND('',#1268,.T.);
#615=FACE_OUTER_BOUND('',#1269,.T.);
#616=FACE_OUTER_BOUND('',#1270,.T.);
#617=FACE_OUTER_BOUND('',#1271,.T.);
#618=FACE_OUTER_BOUND('',#1272,.T.);
#619=FACE_OUTER_BOUND('',#1273,.T.);
#620=FACE_OUTER_BOUND('',#1274,.T.);
#621=FACE_OUTER_BOUND('',#1275,.T.);
#622=FACE_OUTER_BOUND('',#1276,.T.);
#623=FACE_OUTER_BOUND('',#1277,.T.);
#624=FACE_OUTER_BOUND('',#1278,.T.);
#625=FACE_OUTER_BOUND('',#1279,.T.);
#626=FACE_OUTER_BOUND('',#1280,.T.);
#627=FACE_OUTER_BOUND('',#1281,.T.);
#628=FACE_OUTER_BOUND('',#1282,.T.);
#629=FACE_OUTER_BOUND('',#1283,.T.);
#630=FACE_OUTER_BOUND('',#1284,.T.);
#631=FACE_OUTER_BOUND('',#1285,.T.);
#632=FACE_OUTER_BOUND('',#1286,.T.);
#633=FACE_OUTER_BOUND('',#1287,.T.);
#634=FACE_OUTER_BOUND('',#1288,.T.);
#635=FACE_OUTER_BOUND('',#1289,.T.);
#636=FACE_OUTER_BOUND('',#1290,.T.);
#637=FACE_OUTER_BOUND('',#1291,.T.);
#638=FACE_OUTER_BOUND('',#1292,.T.);
#639=FACE_OUTER_BOUND('',#1293,.T.);
#640=FACE_OUTER_BOUND('',#1294,.T.);
#641=FACE_OUTER_BOUND('',#1295,.T.);
#642=FACE_OUTER_BOUND('',#1296,.T.);
#643=FACE_OUTER_BOUND('',#1297,.T.);
#644=FACE_OUTER_BOUND('',#1298,.T.);
#645=FACE_OUTER_BOUND('',#1299,.T.);
#646=FACE_OUTER_BOUND('',#1300,.T.);
#647=FACE_OUTER_BOUND('',#1301,.T.);
#648=FACE_OUTER_BOUND('',#1302,.T.);
#649=FACE_OUTER_BOUND('',#1303,.T.);
#650=FACE_OUTER_BOUND('',#1304,.T.);
#651=FACE_OUTER_BOUND('',#1305,.T.);
#652=FACE_OUTER_BOUND('',#1306,.T.);
#653=FACE_OUTER_BOUND('',#1307,.T.);
#654=FACE_OUTER_BOUND('',#1308,.T.);
#655=FACE_OUTER_BOUND('',#1309,.T.);
#656=FACE_OUTER_BOUND('',#1310,.T.);
#657=FACE_OUTER_BOUND('',#1311,.T.);
#658=FACE_OUTER_BOUND('',#1312,.T.);
#659=FACE_OUTER_BOUND('',#1313,.T.);
#660=FACE_OUTER_BOUND('',#1314,.T.);
#661=FACE_OUTER_BOUND('',#1315,.T.);
#662=FACE_OUTER_BOUND('',#1316,.T.);
#663=FACE_OUTER_BOUND('',#1317,.T.);
#664=FACE_OUTER_BOUND('',#1318,.T.);
#665=FACE_OUTER_BOUND('',#1319,.T.);
#666=FACE_OUTER_BOUND('',#1320,.T.);
#667=FACE_OUTER_BOUND('',#1321,.T.);
#668=FACE_OUTER_BOUND('',#1322,.T.);
#669=FACE_OUTER_BOUND('',#1323,.T.);
#670=FACE_OUTER_BOUND('',#1324,.T.);
#671=FACE_OUTER_BOUND('',#1325,.T.);
#672=FACE_OUTER_BOUND('',#1326,.T.);
#673=FACE_OUTER_BOUND('',#1327,.T.);
#674=FACE_OUTER_BOUND('',#1328,.T.);
#675=FACE_OUTER_BOUND('',#1329,.T.);
#676=FACE_OUTER_BOUND('',#1330,.T.);
#677=FACE_OUTER_BOUND('',#1331,.T.);
#678=FACE_OUTER_BOUND('',#1332,.T.);
#679=FACE_OUTER_BOUND('',#1333,.T.);
#680=FACE_OUTER_BOUND('',#1334,.T.);
#681=FACE_OUTER_BOUND('',#1335,.T.);
#682=FACE_OUTER_BOUND('',#1336,.T.);
#683=FACE_OUTER_BOUND('',#1337,.T.);
#684=FACE_OUTER_BOUND('',#1338,.T.);
#685=FACE_OUTER_BOUND('',#1339,.T.);
#686=FACE_OUTER_BOUND('',#1340,.T.);
#687=FACE_OUTER_BOUND('',#1341,.T.);
#688=FACE_OUTER_BOUND('',#1342,.T.);
#689=FACE_OUTER_BOUND('',#1343,.T.);
#690=FACE_OUTER_BOUND('',#1344,.T.);
#691=FACE_OUTER_BOUND('',#1345,.T.);
#692=FACE_OUTER_BOUND('',#1346,.T.);
#693=FACE_OUTER_BOUND('',#1347,.T.);
#694=FACE_OUTER_BOUND('',#1348,.T.);
#695=FACE_OUTER_BOUND('',#1349,.T.);
#696=FACE_OUTER_BOUND('',#1350,.T.);
#697=FACE_OUTER_BOUND('',#1351,.T.);
#698=FACE_OUTER_BOUND('',#1352,.T.);
#699=FACE_OUTER_BOUND('',#1353,.T.);
#700=FACE_OUTER_BOUND('',#1354,.T.);
#701=FACE_OUTER_BOUND('',#1355,.T.);
#702=FACE_OUTER_BOUND('',#1356,.T.);
#703=FACE_OUTER_BOUND('',#1357,.T.);
#704=FACE_OUTER_BOUND('',#1358,.T.);
#705=FACE_OUTER_BOUND('',#1359,.T.);
#706=FACE_OUTER_BOUND('',#1360,.T.);
#707=FACE_OUTER_BOUND('',#1361,.T.);
#708=FACE_OUTER_BOUND('',#1362,.T.);
#709=FACE_OUTER_BOUND('',#1363,.T.);
#710=FACE_OUTER_BOUND('',#1364,.T.);
#711=FACE_OUTER_BOUND('',#1365,.T.);
#712=FACE_OUTER_BOUND('',#1366,.T.);
#713=FACE_OUTER_BOUND('',#1367,.T.);
#714=FACE_OUTER_BOUND('',#1368,.T.);
#715=FACE_OUTER_BOUND('',#1369,.T.);
#716=FACE_OUTER_BOUND('',#1370,.T.);
#717=FACE_OUTER_BOUND('',#1371,.T.);
#718=FACE_OUTER_BOUND('',#1372,.T.);
#719=FACE_OUTER_BOUND('',#1373,.T.);
#720=FACE_OUTER_BOUND('',#1374,.T.);
#721=FACE_OUTER_BOUND('',#1375,.T.);
#722=FACE_OUTER_BOUND('',#1376,.T.);
#723=FACE_OUTER_BOUND('',#1377,.T.);
#724=FACE_OUTER_BOUND('',#1378,.T.);
#725=FACE_OUTER_BOUND('',#1379,.T.);
#726=FACE_OUTER_BOUND('',#1380,.T.);
#727=FACE_OUTER_BOUND('',#1381,.T.);
#728=FACE_OUTER_BOUND('',#1382,.T.);
#729=FACE_OUTER_BOUND('',#1383,.T.);
#730=FACE_OUTER_BOUND('',#1384,.T.);
#731=FACE_OUTER_BOUND('',#1385,.T.);
#732=FACE_OUTER_BOUND('',#1386,.T.);
#733=FACE_OUTER_BOUND('',#1387,.T.);
#734=FACE_OUTER_BOUND('',#1388,.T.);
#735=FACE_OUTER_BOUND('',#1389,.T.);
#736=FACE_OUTER_BOUND('',#1390,.T.);
#737=FACE_OUTER_BOUND('',#1391,.T.);
#738=FACE_OUTER_BOUND('',#1392,.T.);
#739=FACE_OUTER_BOUND('',#1393,.T.);
#740=FACE_OUTER_BOUND('',#1394,.T.);
#741=FACE_OUTER_BOUND('',#1395,.T.);
#742=FACE_OUTER_BOUND('',#1396,.T.);
#743=FACE_OUTER_BOUND('',#1397,.T.);
#744=FACE_OUTER_BOUND('',#1398,.T.);
#745=FACE_OUTER_BOUND('',#1399,.T.);
#746=FACE_OUTER_BOUND('',#1400,.T.);
#747=FACE_OUTER_BOUND('',#1401,.T.);
#748=FACE_OUTER_BOUND('',#1402,.T.);
#749=FACE_OUTER_BOUND('',#1403,.T.);
#750=FACE_OUTER_BOUND('',#1404,.T.);
#751=FACE_OUTER_BOUND('',#1405,.T.);
#752=FACE_OUTER_BOUND('',#1406,.T.);
#753=FACE_OUTER_BOUND('',#1407,.T.);
#754=FACE_OUTER_BOUND('',#1408,.T.);
#755=FACE_OUTER_BOUND('',#1409,.T.);
#756=FACE_OUTER_BOUND('',#1410,.T.);
#757=FACE_OUTER_BOUND('',#1411,.T.);
#758=FACE_OUTER_BOUND('',#1412,.T.);
#759=FACE_OUTER_BOUND('',#1413,.T.);
#760=FACE_OUTER_BOUND('',#1414,.T.);
#761=FACE_OUTER_BOUND('',#1415,.T.);
#762=FACE_OUTER_BOUND('',#1416,.T.);
#763=FACE_OUTER_BOUND('',#1417,.T.);
#764=FACE_OUTER_BOUND('',#1418,.T.);
#765=FACE_OUTER_BOUND('',#1419,.T.);
#766=FACE_OUTER_BOUND('',#1420,.T.);
#767=FACE_OUTER_BOUND('',#1421,.T.);
#768=FACE_OUTER_BOUND('',#1422,.T.);
#769=FACE_OUTER_BOUND('',#1423,.T.);
#770=FACE_OUTER_BOUND('',#1424,.T.);
#771=FACE_OUTER_BOUND('',#1425,.T.);
#772=FACE_OUTER_BOUND('',#1426,.T.);
#773=FACE_OUTER_BOUND('',#1427,.T.);
#774=FACE_OUTER_BOUND('',#1428,.T.);
#775=FACE_OUTER_BOUND('',#1429,.T.);
#776=FACE_OUTER_BOUND('',#1430,.T.);
#777=FACE_OUTER_BOUND('',#1431,.T.);
#778=FACE_OUTER_BOUND('',#1432,.T.);
#779=FACE_OUTER_BOUND('',#1433,.T.);
#780=FACE_OUTER_BOUND('',#1434,.T.);
#781=FACE_OUTER_BOUND('',#1435,.T.);
#782=FACE_OUTER_BOUND('',#1436,.T.);
#783=FACE_OUTER_BOUND('',#1437,.T.);
#784=FACE_OUTER_BOUND('',#1438,.T.);
#785=FACE_OUTER_BOUND('',#1439,.T.);
#786=FACE_OUTER_BOUND('',#1440,.T.);
#787=FACE_OUTER_BOUND('',#1441,.T.);
#788=FACE_OUTER_BOUND('',#1442,.T.);
#789=FACE_OUTER_BOUND('',#1443,.T.);
#790=FACE_OUTER_BOUND('',#1444,.T.);
#791=FACE_OUTER_BOUND('',#1445,.T.);
#792=FACE_OUTER_BOUND('',#1446,.T.);
#793=FACE_OUTER_BOUND('',#1447,.T.);
#794=FACE_OUTER_BOUND('',#1448,.T.);
#795=FACE_OUTER_BOUND('',#1449,.T.);
#796=FACE_OUTER_BOUND('',#1450,.T.);
#797=FACE_OUTER_BOUND('',#1451,.T.);
#798=FACE_OUTER_BOUND('',#1452,.T.);
#799=FACE_OUTER_BOUND('',#1453,.T.);
#800=FACE_OUTER_BOUND('',#1454,.T.);
#801=FACE_OUTER_BOUND('',#1455,.T.);
#802=FACE_OUTER_BOUND('',#1456,.T.);
#803=FACE_OUTER_BOUND('',#1457,.T.);
#804=FACE_OUTER_BOUND('',#1458,.T.);
#805=FACE_OUTER_BOUND('',#1459,.T.);
#806=FACE_OUTER_BOUND('',#1460,.T.);
#807=FACE_OUTER_BOUND('',#1461,.T.);
#808=FACE_OUTER_BOUND('',#1462,.T.);
#809=FACE_OUTER_BOUND('',#1463,.T.);
#810=FACE_OUTER_BOUND('',#1464,.T.);
#811=FACE_OUTER_BOUND('',#1465,.T.);
#812=FACE_OUTER_BOUND('',#1466,.T.);
#813=FACE_OUTER_BOUND('',#1467,.T.);
#814=FACE_OUTER_BOUND('',#1468,.T.);
#815=FACE_OUTER_BOUND('',#1469,.T.);
#816=FACE_OUTER_BOUND('',#1470,.T.);
#817=FACE_OUTER_BOUND('',#1471,.T.);
#818=FACE_OUTER_BOUND('',#1472,.T.);
#819=FACE_OUTER_BOUND('',#1473,.T.);
#820=FACE_OUTER_BOUND('',#1474,.T.);
#821=FACE_OUTER_BOUND('',#1475,.T.);
#822=FACE_OUTER_BOUND('',#1476,.T.);
#823=FACE_OUTER_BOUND('',#1477,.T.);
#824=FACE_OUTER_BOUND('',#1478,.T.);
#825=FACE_OUTER_BOUND('',#1479,.T.);
#826=FACE_OUTER_BOUND('',#1480,.T.);
#827=FACE_OUTER_BOUND('',#1481,.T.);
#828=FACE_OUTER_BOUND('',#1482,.T.);
#829=FACE_OUTER_BOUND('',#1483,.T.);
#830=FACE_OUTER_BOUND('',#1484,.T.);
#831=FACE_OUTER_BOUND('',#1485,.T.);
#832=FACE_OUTER_BOUND('',#1486,.T.);
#833=FACE_OUTER_BOUND('',#1487,.T.);
#834=FACE_OUTER_BOUND('',#1488,.T.);
#835=FACE_OUTER_BOUND('',#1489,.T.);
#836=FACE_OUTER_BOUND('',#1490,.T.);
#837=FACE_OUTER_BOUND('',#1491,.T.);
#838=FACE_OUTER_BOUND('',#1492,.T.);
#839=FACE_OUTER_BOUND('',#1493,.T.);
#840=FACE_OUTER_BOUND('',#1494,.T.);
#841=FACE_OUTER_BOUND('',#1495,.T.);
#842=FACE_OUTER_BOUND('',#1496,.T.);
#843=FACE_OUTER_BOUND('',#1497,.T.);
#844=FACE_OUTER_BOUND('',#1498,.T.);
#845=FACE_OUTER_BOUND('',#1499,.T.);
#846=FACE_OUTER_BOUND('',#1500,.T.);
#847=FACE_OUTER_BOUND('',#1501,.T.);
#848=FACE_OUTER_BOUND('',#1502,.T.);
#849=FACE_OUTER_BOUND('',#1503,.T.);
#850=FACE_OUTER_BOUND('',#1504,.T.);
#851=FACE_OUTER_BOUND('',#1505,.T.);
#852=FACE_OUTER_BOUND('',#1506,.T.);
#853=FACE_OUTER_BOUND('',#1507,.T.);
#854=FACE_OUTER_BOUND('',#1508,.T.);
#855=FACE_OUTER_BOUND('',#1509,.T.);
#856=FACE_OUTER_BOUND('',#1510,.T.);
#857=FACE_OUTER_BOUND('',#1511,.T.);
#858=FACE_OUTER_BOUND('',#1512,.T.);
#859=FACE_OUTER_BOUND('',#1513,.T.);
#860=FACE_OUTER_BOUND('',#1514,.T.);
#861=FACE_OUTER_BOUND('',#1515,.T.);
#862=FACE_OUTER_BOUND('',#1516,.T.);
#863=FACE_OUTER_BOUND('',#1517,.T.);
#864=FACE_OUTER_BOUND('',#1518,.T.);
#865=FACE_OUTER_BOUND('',#1519,.T.);
#866=FACE_OUTER_BOUND('',#1520,.T.);
#867=FACE_OUTER_BOUND('',#1521,.T.);
#868=FACE_OUTER_BOUND('',#1522,.T.);
#869=FACE_OUTER_BOUND('',#1523,.T.);
#870=FACE_OUTER_BOUND('',#1524,.T.);
#871=FACE_OUTER_BOUND('',#1525,.T.);
#872=FACE_OUTER_BOUND('',#1526,.T.);
#873=FACE_OUTER_BOUND('',#1527,.T.);
#874=FACE_OUTER_BOUND('',#1528,.T.);
#875=FACE_OUTER_BOUND('',#1529,.T.);
#876=FACE_OUTER_BOUND('',#1530,.T.);
#877=FACE_OUTER_BOUND('',#1531,.T.);
#878=FACE_OUTER_BOUND('',#1532,.T.);
#879=FACE_OUTER_BOUND('',#1533,.T.);
#880=FACE_OUTER_BOUND('',#1534,.T.);
#881=FACE_OUTER_BOUND('',#1535,.T.);
#882=FACE_OUTER_BOUND('',#1536,.T.);
#883=FACE_OUTER_BOUND('',#1537,.T.);
#884=FACE_OUTER_BOUND('',#1538,.T.);
#885=FACE_OUTER_BOUND('',#1539,.T.);
#886=FACE_OUTER_BOUND('',#1540,.T.);
#887=FACE_OUTER_BOUND('',#1541,.T.);
#888=FACE_OUTER_BOUND('',#1542,.T.);
#889=FACE_OUTER_BOUND('',#1543,.T.);
#890=FACE_OUTER_BOUND('',#1544,.T.);
#891=FACE_OUTER_BOUND('',#1545,.T.);
#892=FACE_OUTER_BOUND('',#1546,.T.);
#893=FACE_OUTER_BOUND('',#1547,.T.);
#894=FACE_OUTER_BOUND('',#1548,.T.);
#895=FACE_OUTER_BOUND('',#1549,.T.);
#896=FACE_OUTER_BOUND('',#1550,.T.);
#897=FACE_OUTER_BOUND('',#1551,.T.);
#898=FACE_OUTER_BOUND('',#1552,.T.);
#899=FACE_OUTER_BOUND('',#1553,.T.);
#900=FACE_OUTER_BOUND('',#1554,.T.);
#901=FACE_OUTER_BOUND('',#1555,.T.);
#902=FACE_OUTER_BOUND('',#1556,.T.);
#903=FACE_OUTER_BOUND('',#1557,.T.);
#904=FACE_OUTER_BOUND('',#1558,.T.);
#905=FACE_OUTER_BOUND('',#1559,.T.);
#906=FACE_OUTER_BOUND('',#1560,.T.);
#907=FACE_OUTER_BOUND('',#1561,.T.);
#908=FACE_OUTER_BOUND('',#1562,.T.);
#909=FACE_OUTER_BOUND('',#1563,.T.);
#910=FACE_OUTER_BOUND('',#1564,.T.);
#911=FACE_OUTER_BOUND('',#1565,.T.);
#912=FACE_OUTER_BOUND('',#1566,.T.);
#913=FACE_OUTER_BOUND('',#1587,.T.);
#914=FACE_OUTER_BOUND('',#1608,.T.);
#915=FACE_OUTER_BOUND('',#1629,.T.);
#916=FACE_OUTER_BOUND('',#1650,.T.);
#917=FACE_OUTER_BOUND('',#1651,.T.);
#918=FACE_OUTER_BOUND('',#1672,.T.);
#919=FACE_OUTER_BOUND('',#1673,.T.);
#920=FACE_OUTER_BOUND('',#1674,.T.);
#921=EDGE_LOOP('',(#8443,#8444,#8445,#8446));
#922=EDGE_LOOP('',(#8447,#8448,#8449,#8450));
#923=EDGE_LOOP('',(#8451,#8452,#8453,#8454));
#924=EDGE_LOOP('',(#8455,#8456,#8457,#8458));
#925=EDGE_LOOP('',(#8459,#8460,#8461,#8462));
#926=EDGE_LOOP('',(#8463,#8464,#8465,#8466));
#927=EDGE_LOOP('',(#8467,#8468,#8469,#8470));
#928=EDGE_LOOP('',(#8471,#8472,#8473,#8474));
#929=EDGE_LOOP('',(#8475,#8476,#8477,#8478));
#930=EDGE_LOOP('',(#8479,#8480,#8481,#8482));
#931=EDGE_LOOP('',(#8483,#8484,#8485,#8486));
#932=EDGE_LOOP('',(#8487,#8488,#8489,#8490));
#933=EDGE_LOOP('',(#8491,#8492,#8493,#8494));
#934=EDGE_LOOP('',(#8495,#8496,#8497,#8498));
#935=EDGE_LOOP('',(#8499,#8500,#8501,#8502));
#936=EDGE_LOOP('',(#8503,#8504,#8505,#8506));
#937=EDGE_LOOP('',(#8507,#8508,#8509,#8510));
#938=EDGE_LOOP('',(#8511,#8512,#8513,#8514));
#939=EDGE_LOOP('',(#8515,#8516,#8517,#8518));
#940=EDGE_LOOP('',(#8519,#8520,#8521,#8522));
#941=EDGE_LOOP('',(#8523,#8524,#8525,#8526));
#942=EDGE_LOOP('',(#8527,#8528,#8529,#8530));
#943=EDGE_LOOP('',(#8531,#8532,#8533,#8534,#8535,#8536,#8537,#8538,#8539,
#8540,#8541,#8542,#8543,#8544,#8545,#8546,#8547,#8548,#8549,#8550,#8551,
#8552,#8553,#8554,#8555,#8556,#8557,#8558));
#944=EDGE_LOOP('',(#8559,#8560,#8561,#8562));
#945=EDGE_LOOP('',(#8563,#8564,#8565,#8566));
#946=EDGE_LOOP('',(#8567,#8568,#8569,#8570));
#947=EDGE_LOOP('',(#8571,#8572,#8573,#8574));
#948=EDGE_LOOP('',(#8575,#8576,#8577,#8578));
#949=EDGE_LOOP('',(#8579,#8580,#8581,#8582));
#950=EDGE_LOOP('',(#8583,#8584,#8585,#8586));
#951=EDGE_LOOP('',(#8587,#8588,#8589,#8590,#8591,#8592,#8593,#8594,#8595,
#8596,#8597,#8598,#8599,#8600,#8601,#8602,#8603,#8604,#8605,#8606,#8607,
#8608,#8609,#8610,#8611,#8612,#8613,#8614));
#952=EDGE_LOOP('',(#8615,#8616,#8617,#8618));
#953=EDGE_LOOP('',(#8619,#8620,#8621,#8622));
#954=EDGE_LOOP('',(#8623,#8624,#8625,#8626));
#955=EDGE_LOOP('',(#8627,#8628,#8629,#8630));
#956=EDGE_LOOP('',(#8631,#8632,#8633,#8634));
#957=EDGE_LOOP('',(#8635,#8636,#8637,#8638));
#958=EDGE_LOOP('',(#8639,#8640,#8641,#8642));
#959=EDGE_LOOP('',(#8643,#8644,#8645,#8646));
#960=EDGE_LOOP('',(#8647,#8648,#8649,#8650));
#961=EDGE_LOOP('',(#8651,#8652,#8653,#8654));
#962=EDGE_LOOP('',(#8655,#8656,#8657,#8658));
#963=EDGE_LOOP('',(#8659,#8660,#8661,#8662));
#964=EDGE_LOOP('',(#8663,#8664,#8665,#8666));
#965=EDGE_LOOP('',(#8667,#8668,#8669,#8670));
#966=EDGE_LOOP('',(#8671,#8672,#8673,#8674));
#967=EDGE_LOOP('',(#8675,#8676,#8677,#8678));
#968=EDGE_LOOP('',(#8679,#8680,#8681,#8682));
#969=EDGE_LOOP('',(#8683,#8684,#8685,#8686));
#970=EDGE_LOOP('',(#8687,#8688,#8689,#8690));
#971=EDGE_LOOP('',(#8691,#8692,#8693,#8694));
#972=EDGE_LOOP('',(#8695,#8696,#8697,#8698));
#973=EDGE_LOOP('',(#8699,#8700,#8701,#8702));
#974=EDGE_LOOP('',(#8703,#8704,#8705,#8706));
#975=EDGE_LOOP('',(#8707,#8708,#8709,#8710));
#976=EDGE_LOOP('',(#8711,#8712,#8713,#8714));
#977=EDGE_LOOP('',(#8715,#8716,#8717,#8718));
#978=EDGE_LOOP('',(#8719,#8720,#8721,#8722));
#979=EDGE_LOOP('',(#8723,#8724,#8725,#8726));
#980=EDGE_LOOP('',(#8727,#8728,#8729,#8730));
#981=EDGE_LOOP('',(#8731,#8732,#8733,#8734));
#982=EDGE_LOOP('',(#8735,#8736,#8737,#8738));
#983=EDGE_LOOP('',(#8739,#8740,#8741,#8742));
#984=EDGE_LOOP('',(#8743,#8744,#8745,#8746));
#985=EDGE_LOOP('',(#8747,#8748,#8749,#8750));
#986=EDGE_LOOP('',(#8751,#8752,#8753,#8754));
#987=EDGE_LOOP('',(#8755,#8756,#8757,#8758));
#988=EDGE_LOOP('',(#8759,#8760,#8761,#8762));
#989=EDGE_LOOP('',(#8763,#8764,#8765,#8766));
#990=EDGE_LOOP('',(#8767,#8768,#8769,#8770));
#991=EDGE_LOOP('',(#8771,#8772,#8773,#8774));
#992=EDGE_LOOP('',(#8775,#8776,#8777,#8778));
#993=EDGE_LOOP('',(#8779,#8780,#8781,#8782));
#994=EDGE_LOOP('',(#8783,#8784,#8785,#8786));
#995=EDGE_LOOP('',(#8787,#8788,#8789,#8790));
#996=EDGE_LOOP('',(#8791,#8792,#8793,#8794));
#997=EDGE_LOOP('',(#8795,#8796,#8797,#8798));
#998=EDGE_LOOP('',(#8799,#8800,#8801,#8802));
#999=EDGE_LOOP('',(#8803,#8804,#8805,#8806));
#1000=EDGE_LOOP('',(#8807,#8808,#8809,#8810));
#1001=EDGE_LOOP('',(#8811,#8812,#8813,#8814));
#1002=EDGE_LOOP('',(#8815,#8816,#8817,#8818));
#1003=EDGE_LOOP('',(#8819,#8820,#8821,#8822));
#1004=EDGE_LOOP('',(#8823,#8824,#8825,#8826));
#1005=EDGE_LOOP('',(#8827,#8828,#8829,#8830));
#1006=EDGE_LOOP('',(#8831,#8832,#8833,#8834));
#1007=EDGE_LOOP('',(#8835,#8836,#8837,#8838));
#1008=EDGE_LOOP('',(#8839,#8840,#8841,#8842));
#1009=EDGE_LOOP('',(#8843,#8844,#8845,#8846));
#1010=EDGE_LOOP('',(#8847,#8848,#8849,#8850));
#1011=EDGE_LOOP('',(#8851,#8852,#8853,#8854));
#1012=EDGE_LOOP('',(#8855,#8856,#8857,#8858));
#1013=EDGE_LOOP('',(#8859,#8860,#8861,#8862));
#1014=EDGE_LOOP('',(#8863,#8864,#8865,#8866));
#1015=EDGE_LOOP('',(#8867,#8868,#8869,#8870));
#1016=EDGE_LOOP('',(#8871,#8872,#8873,#8874));
#1017=EDGE_LOOP('',(#8875,#8876,#8877,#8878));
#1018=EDGE_LOOP('',(#8879,#8880,#8881,#8882));
#1019=EDGE_LOOP('',(#8883,#8884,#8885,#8886));
#1020=EDGE_LOOP('',(#8887,#8888,#8889,#8890));
#1021=EDGE_LOOP('',(#8891,#8892,#8893,#8894));
#1022=EDGE_LOOP('',(#8895,#8896,#8897,#8898));
#1023=EDGE_LOOP('',(#8899,#8900,#8901,#8902));
#1024=EDGE_LOOP('',(#8903,#8904,#8905,#8906));
#1025=EDGE_LOOP('',(#8907,#8908,#8909,#8910));
#1026=EDGE_LOOP('',(#8911,#8912,#8913,#8914));
#1027=EDGE_LOOP('',(#8915,#8916,#8917,#8918));
#1028=EDGE_LOOP('',(#8919,#8920,#8921,#8922));
#1029=EDGE_LOOP('',(#8923,#8924,#8925,#8926));
#1030=EDGE_LOOP('',(#8927,#8928,#8929,#8930));
#1031=EDGE_LOOP('',(#8931,#8932,#8933,#8934));
#1032=EDGE_LOOP('',(#8935,#8936,#8937,#8938));
#1033=EDGE_LOOP('',(#8939,#8940,#8941,#8942));
#1034=EDGE_LOOP('',(#8943,#8944,#8945,#8946));
#1035=EDGE_LOOP('',(#8947,#8948,#8949,#8950));
#1036=EDGE_LOOP('',(#8951,#8952,#8953,#8954));
#1037=EDGE_LOOP('',(#8955,#8956,#8957,#8958));
#1038=EDGE_LOOP('',(#8959,#8960,#8961,#8962));
#1039=EDGE_LOOP('',(#8963,#8964,#8965,#8966));
#1040=EDGE_LOOP('',(#8967,#8968,#8969,#8970));
#1041=EDGE_LOOP('',(#8971,#8972,#8973,#8974));
#1042=EDGE_LOOP('',(#8975,#8976,#8977,#8978));
#1043=EDGE_LOOP('',(#8979,#8980,#8981,#8982));
#1044=EDGE_LOOP('',(#8983,#8984,#8985,#8986));
#1045=EDGE_LOOP('',(#8987,#8988,#8989,#8990));
#1046=EDGE_LOOP('',(#8991,#8992,#8993,#8994));
#1047=EDGE_LOOP('',(#8995,#8996,#8997,#8998));
#1048=EDGE_LOOP('',(#8999,#9000,#9001,#9002));
#1049=EDGE_LOOP('',(#9003,#9004,#9005,#9006));
#1050=EDGE_LOOP('',(#9007,#9008,#9009,#9010));
#1051=EDGE_LOOP('',(#9011,#9012,#9013,#9014));
#1052=EDGE_LOOP('',(#9015,#9016,#9017,#9018));
#1053=EDGE_LOOP('',(#9019,#9020,#9021,#9022));
#1054=EDGE_LOOP('',(#9023,#9024,#9025,#9026));
#1055=EDGE_LOOP('',(#9027,#9028,#9029,#9030));
#1056=EDGE_LOOP('',(#9031,#9032,#9033,#9034));
#1057=EDGE_LOOP('',(#9035,#9036,#9037,#9038));
#1058=EDGE_LOOP('',(#9039,#9040,#9041,#9042));
#1059=EDGE_LOOP('',(#9043,#9044,#9045,#9046));
#1060=EDGE_LOOP('',(#9047,#9048,#9049,#9050));
#1061=EDGE_LOOP('',(#9051,#9052,#9053,#9054));
#1062=EDGE_LOOP('',(#9055,#9056,#9057,#9058));
#1063=EDGE_LOOP('',(#9059,#9060,#9061,#9062));
#1064=EDGE_LOOP('',(#9063,#9064,#9065,#9066));
#1065=EDGE_LOOP('',(#9067,#9068,#9069,#9070));
#1066=EDGE_LOOP('',(#9071,#9072,#9073,#9074));
#1067=EDGE_LOOP('',(#9075,#9076,#9077,#9078));
#1068=EDGE_LOOP('',(#9079,#9080,#9081,#9082));
#1069=EDGE_LOOP('',(#9083,#9084,#9085,#9086));
#1070=EDGE_LOOP('',(#9087,#9088,#9089,#9090));
#1071=EDGE_LOOP('',(#9091,#9092,#9093,#9094));
#1072=EDGE_LOOP('',(#9095,#9096,#9097,#9098));
#1073=EDGE_LOOP('',(#9099,#9100,#9101,#9102));
#1074=EDGE_LOOP('',(#9103,#9104,#9105,#9106));
#1075=EDGE_LOOP('',(#9107,#9108,#9109,#9110));
#1076=EDGE_LOOP('',(#9111,#9112,#9113,#9114));
#1077=EDGE_LOOP('',(#9115,#9116,#9117,#9118));
#1078=EDGE_LOOP('',(#9119,#9120,#9121,#9122));
#1079=EDGE_LOOP('',(#9123,#9124,#9125,#9126));
#1080=EDGE_LOOP('',(#9127,#9128,#9129,#9130));
#1081=EDGE_LOOP('',(#9131,#9132,#9133,#9134));
#1082=EDGE_LOOP('',(#9135,#9136,#9137,#9138));
#1083=EDGE_LOOP('',(#9139,#9140,#9141,#9142));
#1084=EDGE_LOOP('',(#9143,#9144,#9145,#9146));
#1085=EDGE_LOOP('',(#9147,#9148,#9149,#9150));
#1086=EDGE_LOOP('',(#9151,#9152,#9153,#9154));
#1087=EDGE_LOOP('',(#9155,#9156,#9157,#9158));
#1088=EDGE_LOOP('',(#9159,#9160,#9161,#9162));
#1089=EDGE_LOOP('',(#9163,#9164,#9165,#9166));
#1090=EDGE_LOOP('',(#9167,#9168,#9169,#9170));
#1091=EDGE_LOOP('',(#9171,#9172,#9173,#9174));
#1092=EDGE_LOOP('',(#9175,#9176,#9177,#9178));
#1093=EDGE_LOOP('',(#9179,#9180,#9181,#9182));
#1094=EDGE_LOOP('',(#9183,#9184,#9185,#9186));
#1095=EDGE_LOOP('',(#9187,#9188,#9189,#9190));
#1096=EDGE_LOOP('',(#9191,#9192,#9193,#9194));
#1097=EDGE_LOOP('',(#9195,#9196,#9197,#9198));
#1098=EDGE_LOOP('',(#9199,#9200,#9201,#9202));
#1099=EDGE_LOOP('',(#9203,#9204,#9205,#9206));
#1100=EDGE_LOOP('',(#9207,#9208,#9209,#9210));
#1101=EDGE_LOOP('',(#9211,#9212,#9213,#9214));
#1102=EDGE_LOOP('',(#9215,#9216,#9217,#9218));
#1103=EDGE_LOOP('',(#9219,#9220,#9221,#9222));
#1104=EDGE_LOOP('',(#9223,#9224,#9225,#9226));
#1105=EDGE_LOOP('',(#9227,#9228,#9229,#9230));
#1106=EDGE_LOOP('',(#9231,#9232,#9233,#9234));
#1107=EDGE_LOOP('',(#9235,#9236,#9237,#9238));
#1108=EDGE_LOOP('',(#9239,#9240,#9241,#9242));
#1109=EDGE_LOOP('',(#9243,#9244,#9245,#9246));
#1110=EDGE_LOOP('',(#9247,#9248,#9249,#9250));
#1111=EDGE_LOOP('',(#9251,#9252,#9253,#9254));
#1112=EDGE_LOOP('',(#9255,#9256,#9257,#9258));
#1113=EDGE_LOOP('',(#9259,#9260,#9261,#9262));
#1114=EDGE_LOOP('',(#9263,#9264,#9265,#9266));
#1115=EDGE_LOOP('',(#9267,#9268,#9269,#9270));
#1116=EDGE_LOOP('',(#9271,#9272,#9273,#9274));
#1117=EDGE_LOOP('',(#9275,#9276,#9277,#9278));
#1118=EDGE_LOOP('',(#9279,#9280,#9281,#9282));
#1119=EDGE_LOOP('',(#9283,#9284,#9285,#9286));
#1120=EDGE_LOOP('',(#9287,#9288,#9289,#9290));
#1121=EDGE_LOOP('',(#9291,#9292,#9293,#9294));
#1122=EDGE_LOOP('',(#9295,#9296,#9297,#9298));
#1123=EDGE_LOOP('',(#9299,#9300,#9301,#9302));
#1124=EDGE_LOOP('',(#9303,#9304,#9305,#9306));
#1125=EDGE_LOOP('',(#9307,#9308,#9309,#9310));
#1126=EDGE_LOOP('',(#9311,#9312,#9313,#9314));
#1127=EDGE_LOOP('',(#9315,#9316,#9317,#9318));
#1128=EDGE_LOOP('',(#9319,#9320,#9321,#9322));
#1129=EDGE_LOOP('',(#9323,#9324,#9325,#9326));
#1130=EDGE_LOOP('',(#9327,#9328,#9329,#9330));
#1131=EDGE_LOOP('',(#9331,#9332,#9333,#9334));
#1132=EDGE_LOOP('',(#9335,#9336,#9337,#9338));
#1133=EDGE_LOOP('',(#9339,#9340,#9341,#9342));
#1134=EDGE_LOOP('',(#9343,#9344,#9345,#9346));
#1135=EDGE_LOOP('',(#9347,#9348,#9349,#9350));
#1136=EDGE_LOOP('',(#9351,#9352,#9353,#9354));
#1137=EDGE_LOOP('',(#9355,#9356,#9357,#9358));
#1138=EDGE_LOOP('',(#9359,#9360,#9361,#9362));
#1139=EDGE_LOOP('',(#9363,#9364,#9365,#9366));
#1140=EDGE_LOOP('',(#9367,#9368,#9369,#9370));
#1141=EDGE_LOOP('',(#9371,#9372,#9373,#9374));
#1142=EDGE_LOOP('',(#9375,#9376,#9377,#9378));
#1143=EDGE_LOOP('',(#9379,#9380,#9381,#9382));
#1144=EDGE_LOOP('',(#9383,#9384,#9385,#9386));
#1145=EDGE_LOOP('',(#9387,#9388,#9389,#9390));
#1146=EDGE_LOOP('',(#9391,#9392,#9393,#9394));
#1147=EDGE_LOOP('',(#9395,#9396,#9397,#9398));
#1148=EDGE_LOOP('',(#9399,#9400,#9401,#9402));
#1149=EDGE_LOOP('',(#9403,#9404,#9405,#9406));
#1150=EDGE_LOOP('',(#9407,#9408,#9409,#9410));
#1151=EDGE_LOOP('',(#9411,#9412,#9413,#9414));
#1152=EDGE_LOOP('',(#9415,#9416,#9417,#9418));
#1153=EDGE_LOOP('',(#9419,#9420,#9421,#9422));
#1154=EDGE_LOOP('',(#9423,#9424,#9425,#9426));
#1155=EDGE_LOOP('',(#9427,#9428,#9429,#9430));
#1156=EDGE_LOOP('',(#9431,#9432,#9433,#9434));
#1157=EDGE_LOOP('',(#9435,#9436,#9437,#9438));
#1158=EDGE_LOOP('',(#9439,#9440,#9441,#9442));
#1159=EDGE_LOOP('',(#9443,#9444,#9445,#9446));
#1160=EDGE_LOOP('',(#9447,#9448,#9449,#9450));
#1161=EDGE_LOOP('',(#9451,#9452,#9453,#9454));
#1162=EDGE_LOOP('',(#9455,#9456,#9457,#9458));
#1163=EDGE_LOOP('',(#9459,#9460,#9461,#9462));
#1164=EDGE_LOOP('',(#9463,#9464,#9465,#9466));
#1165=EDGE_LOOP('',(#9467,#9468,#9469,#9470));
#1166=EDGE_LOOP('',(#9471,#9472,#9473,#9474));
#1167=EDGE_LOOP('',(#9475,#9476,#9477,#9478));
#1168=EDGE_LOOP('',(#9479,#9480,#9481,#9482));
#1169=EDGE_LOOP('',(#9483,#9484,#9485,#9486));
#1170=EDGE_LOOP('',(#9487,#9488,#9489,#9490));
#1171=EDGE_LOOP('',(#9491,#9492,#9493,#9494));
#1172=EDGE_LOOP('',(#9495,#9496,#9497,#9498));
#1173=EDGE_LOOP('',(#9499,#9500,#9501,#9502));
#1174=EDGE_LOOP('',(#9503,#9504,#9505,#9506));
#1175=EDGE_LOOP('',(#9507,#9508,#9509,#9510));
#1176=EDGE_LOOP('',(#9511,#9512,#9513,#9514));
#1177=EDGE_LOOP('',(#9515,#9516,#9517,#9518));
#1178=EDGE_LOOP('',(#9519,#9520,#9521,#9522));
#1179=EDGE_LOOP('',(#9523,#9524,#9525,#9526));
#1180=EDGE_LOOP('',(#9527,#9528,#9529,#9530));
#1181=EDGE_LOOP('',(#9531,#9532,#9533,#9534));
#1182=EDGE_LOOP('',(#9535,#9536,#9537,#9538));
#1183=EDGE_LOOP('',(#9539,#9540,#9541,#9542));
#1184=EDGE_LOOP('',(#9543,#9544,#9545,#9546));
#1185=EDGE_LOOP('',(#9547,#9548,#9549,#9550));
#1186=EDGE_LOOP('',(#9551,#9552,#9553,#9554));
#1187=EDGE_LOOP('',(#9555,#9556,#9557,#9558));
#1188=EDGE_LOOP('',(#9559,#9560,#9561,#9562));
#1189=EDGE_LOOP('',(#9563,#9564,#9565,#9566));
#1190=EDGE_LOOP('',(#9567,#9568,#9569,#9570));
#1191=EDGE_LOOP('',(#9571,#9572,#9573,#9574));
#1192=EDGE_LOOP('',(#9575,#9576,#9577,#9578));
#1193=EDGE_LOOP('',(#9579,#9580,#9581,#9582));
#1194=EDGE_LOOP('',(#9583,#9584,#9585,#9586));
#1195=EDGE_LOOP('',(#9587,#9588,#9589,#9590));
#1196=EDGE_LOOP('',(#9591,#9592,#9593,#9594));
#1197=EDGE_LOOP('',(#9595,#9596,#9597,#9598));
#1198=EDGE_LOOP('',(#9599,#9600,#9601,#9602));
#1199=EDGE_LOOP('',(#9603,#9604,#9605,#9606));
#1200=EDGE_LOOP('',(#9607,#9608,#9609,#9610));
#1201=EDGE_LOOP('',(#9611,#9612,#9613,#9614));
#1202=EDGE_LOOP('',(#9615,#9616,#9617,#9618));
#1203=EDGE_LOOP('',(#9619,#9620,#9621,#9622));
#1204=EDGE_LOOP('',(#9623,#9624,#9625,#9626));
#1205=EDGE_LOOP('',(#9627,#9628,#9629,#9630));
#1206=EDGE_LOOP('',(#9631,#9632,#9633,#9634));
#1207=EDGE_LOOP('',(#9635,#9636,#9637,#9638));
#1208=EDGE_LOOP('',(#9639,#9640,#9641,#9642));
#1209=EDGE_LOOP('',(#9643,#9644,#9645,#9646));
#1210=EDGE_LOOP('',(#9647,#9648,#9649,#9650));
#1211=EDGE_LOOP('',(#9651,#9652,#9653,#9654));
#1212=EDGE_LOOP('',(#9655,#9656,#9657,#9658));
#1213=EDGE_LOOP('',(#9659,#9660,#9661,#9662));
#1214=EDGE_LOOP('',(#9663,#9664,#9665,#9666));
#1215=EDGE_LOOP('',(#9667,#9668,#9669,#9670));
#1216=EDGE_LOOP('',(#9671,#9672,#9673,#9674));
#1217=EDGE_LOOP('',(#9675,#9676,#9677,#9678));
#1218=EDGE_LOOP('',(#9679,#9680,#9681,#9682));
#1219=EDGE_LOOP('',(#9683,#9684,#9685,#9686));
#1220=EDGE_LOOP('',(#9687,#9688,#9689,#9690));
#1221=EDGE_LOOP('',(#9691,#9692,#9693,#9694));
#1222=EDGE_LOOP('',(#9695,#9696,#9697,#9698));
#1223=EDGE_LOOP('',(#9699,#9700,#9701,#9702));
#1224=EDGE_LOOP('',(#9703,#9704,#9705,#9706));
#1225=EDGE_LOOP('',(#9707,#9708,#9709,#9710));
#1226=EDGE_LOOP('',(#9711,#9712,#9713,#9714));
#1227=EDGE_LOOP('',(#9715,#9716,#9717,#9718));
#1228=EDGE_LOOP('',(#9719,#9720,#9721,#9722));
#1229=EDGE_LOOP('',(#9723,#9724,#9725,#9726));
#1230=EDGE_LOOP('',(#9727,#9728,#9729,#9730));
#1231=EDGE_LOOP('',(#9731,#9732,#9733,#9734));
#1232=EDGE_LOOP('',(#9735,#9736,#9737,#9738));
#1233=EDGE_LOOP('',(#9739,#9740,#9741,#9742));
#1234=EDGE_LOOP('',(#9743,#9744,#9745,#9746));
#1235=EDGE_LOOP('',(#9747,#9748,#9749,#9750));
#1236=EDGE_LOOP('',(#9751,#9752,#9753,#9754));
#1237=EDGE_LOOP('',(#9755,#9756,#9757,#9758));
#1238=EDGE_LOOP('',(#9759,#9760,#9761,#9762));
#1239=EDGE_LOOP('',(#9763,#9764,#9765,#9766));
#1240=EDGE_LOOP('',(#9767,#9768,#9769,#9770));
#1241=EDGE_LOOP('',(#9771,#9772,#9773,#9774));
#1242=EDGE_LOOP('',(#9775,#9776,#9777,#9778));
#1243=EDGE_LOOP('',(#9779,#9780,#9781,#9782));
#1244=EDGE_LOOP('',(#9783,#9784,#9785,#9786));
#1245=EDGE_LOOP('',(#9787,#9788,#9789,#9790));
#1246=EDGE_LOOP('',(#9791,#9792,#9793,#9794));
#1247=EDGE_LOOP('',(#9795,#9796,#9797,#9798));
#1248=EDGE_LOOP('',(#9799,#9800,#9801,#9802));
#1249=EDGE_LOOP('',(#9803,#9804,#9805,#9806));
#1250=EDGE_LOOP('',(#9807,#9808,#9809,#9810));
#1251=EDGE_LOOP('',(#9811,#9812,#9813,#9814));
#1252=EDGE_LOOP('',(#9815,#9816,#9817,#9818));
#1253=EDGE_LOOP('',(#9819,#9820,#9821,#9822));
#1254=EDGE_LOOP('',(#9823,#9824,#9825,#9826));
#1255=EDGE_LOOP('',(#9827,#9828,#9829,#9830));
#1256=EDGE_LOOP('',(#9831,#9832,#9833,#9834));
#1257=EDGE_LOOP('',(#9835,#9836,#9837,#9838));
#1258=EDGE_LOOP('',(#9839,#9840,#9841,#9842));
#1259=EDGE_LOOP('',(#9843,#9844,#9845,#9846));
#1260=EDGE_LOOP('',(#9847,#9848,#9849,#9850));
#1261=EDGE_LOOP('',(#9851,#9852,#9853,#9854));
#1262=EDGE_LOOP('',(#9855,#9856,#9857,#9858));
#1263=EDGE_LOOP('',(#9859,#9860,#9861,#9862));
#1264=EDGE_LOOP('',(#9863,#9864,#9865,#9866));
#1265=EDGE_LOOP('',(#9867,#9868,#9869,#9870));
#1266=EDGE_LOOP('',(#9871,#9872,#9873,#9874));
#1267=EDGE_LOOP('',(#9875,#9876,#9877,#9878));
#1268=EDGE_LOOP('',(#9879,#9880,#9881,#9882));
#1269=EDGE_LOOP('',(#9883,#9884,#9885,#9886));
#1270=EDGE_LOOP('',(#9887,#9888,#9889,#9890));
#1271=EDGE_LOOP('',(#9891,#9892,#9893,#9894));
#1272=EDGE_LOOP('',(#9895,#9896,#9897,#9898));
#1273=EDGE_LOOP('',(#9899,#9900,#9901,#9902));
#1274=EDGE_LOOP('',(#9903,#9904,#9905,#9906));
#1275=EDGE_LOOP('',(#9907,#9908,#9909,#9910));
#1276=EDGE_LOOP('',(#9911,#9912,#9913,#9914));
#1277=EDGE_LOOP('',(#9915,#9916,#9917,#9918));
#1278=EDGE_LOOP('',(#9919,#9920,#9921,#9922));
#1279=EDGE_LOOP('',(#9923,#9924,#9925,#9926));
#1280=EDGE_LOOP('',(#9927,#9928,#9929,#9930));
#1281=EDGE_LOOP('',(#9931,#9932,#9933,#9934));
#1282=EDGE_LOOP('',(#9935,#9936,#9937,#9938));
#1283=EDGE_LOOP('',(#9939,#9940,#9941,#9942));
#1284=EDGE_LOOP('',(#9943,#9944,#9945,#9946));
#1285=EDGE_LOOP('',(#9947,#9948,#9949,#9950));
#1286=EDGE_LOOP('',(#9951,#9952,#9953,#9954));
#1287=EDGE_LOOP('',(#9955,#9956,#9957,#9958));
#1288=EDGE_LOOP('',(#9959,#9960,#9961,#9962));
#1289=EDGE_LOOP('',(#9963,#9964,#9965,#9966));
#1290=EDGE_LOOP('',(#9967,#9968,#9969,#9970));
#1291=EDGE_LOOP('',(#9971,#9972,#9973,#9974));
#1292=EDGE_LOOP('',(#9975,#9976,#9977,#9978));
#1293=EDGE_LOOP('',(#9979,#9980,#9981,#9982));
#1294=EDGE_LOOP('',(#9983,#9984,#9985,#9986));
#1295=EDGE_LOOP('',(#9987,#9988,#9989,#9990));
#1296=EDGE_LOOP('',(#9991,#9992,#9993,#9994));
#1297=EDGE_LOOP('',(#9995,#9996,#9997,#9998));
#1298=EDGE_LOOP('',(#9999,#10000,#10001,#10002));
#1299=EDGE_LOOP('',(#10003,#10004,#10005,#10006));
#1300=EDGE_LOOP('',(#10007,#10008,#10009,#10010));
#1301=EDGE_LOOP('',(#10011,#10012,#10013,#10014));
#1302=EDGE_LOOP('',(#10015,#10016,#10017,#10018));
#1303=EDGE_LOOP('',(#10019,#10020,#10021,#10022));
#1304=EDGE_LOOP('',(#10023,#10024,#10025,#10026));
#1305=EDGE_LOOP('',(#10027,#10028,#10029,#10030));
#1306=EDGE_LOOP('',(#10031,#10032,#10033,#10034));
#1307=EDGE_LOOP('',(#10035,#10036,#10037,#10038));
#1308=EDGE_LOOP('',(#10039,#10040,#10041,#10042));
#1309=EDGE_LOOP('',(#10043,#10044,#10045,#10046));
#1310=EDGE_LOOP('',(#10047,#10048,#10049,#10050));
#1311=EDGE_LOOP('',(#10051,#10052,#10053,#10054));
#1312=EDGE_LOOP('',(#10055,#10056,#10057,#10058));
#1313=EDGE_LOOP('',(#10059,#10060,#10061,#10062));
#1314=EDGE_LOOP('',(#10063,#10064,#10065,#10066));
#1315=EDGE_LOOP('',(#10067,#10068,#10069,#10070));
#1316=EDGE_LOOP('',(#10071,#10072,#10073,#10074));
#1317=EDGE_LOOP('',(#10075,#10076,#10077,#10078));
#1318=EDGE_LOOP('',(#10079,#10080,#10081,#10082));
#1319=EDGE_LOOP('',(#10083,#10084,#10085,#10086));
#1320=EDGE_LOOP('',(#10087,#10088,#10089,#10090));
#1321=EDGE_LOOP('',(#10091,#10092,#10093,#10094));
#1322=EDGE_LOOP('',(#10095,#10096,#10097,#10098));
#1323=EDGE_LOOP('',(#10099,#10100,#10101,#10102));
#1324=EDGE_LOOP('',(#10103,#10104,#10105,#10106));
#1325=EDGE_LOOP('',(#10107,#10108,#10109,#10110));
#1326=EDGE_LOOP('',(#10111,#10112,#10113,#10114));
#1327=EDGE_LOOP('',(#10115,#10116,#10117,#10118));
#1328=EDGE_LOOP('',(#10119,#10120,#10121,#10122));
#1329=EDGE_LOOP('',(#10123,#10124,#10125,#10126));
#1330=EDGE_LOOP('',(#10127,#10128,#10129,#10130));
#1331=EDGE_LOOP('',(#10131,#10132,#10133,#10134));
#1332=EDGE_LOOP('',(#10135,#10136,#10137,#10138));
#1333=EDGE_LOOP('',(#10139,#10140,#10141,#10142));
#1334=EDGE_LOOP('',(#10143,#10144,#10145,#10146));
#1335=EDGE_LOOP('',(#10147,#10148,#10149,#10150));
#1336=EDGE_LOOP('',(#10151,#10152,#10153,#10154));
#1337=EDGE_LOOP('',(#10155,#10156,#10157,#10158));
#1338=EDGE_LOOP('',(#10159,#10160,#10161,#10162));
#1339=EDGE_LOOP('',(#10163,#10164,#10165,#10166));
#1340=EDGE_LOOP('',(#10167,#10168,#10169,#10170));
#1341=EDGE_LOOP('',(#10171,#10172,#10173,#10174));
#1342=EDGE_LOOP('',(#10175,#10176,#10177,#10178));
#1343=EDGE_LOOP('',(#10179,#10180,#10181,#10182));
#1344=EDGE_LOOP('',(#10183,#10184,#10185,#10186));
#1345=EDGE_LOOP('',(#10187,#10188,#10189,#10190));
#1346=EDGE_LOOP('',(#10191,#10192,#10193,#10194));
#1347=EDGE_LOOP('',(#10195,#10196,#10197,#10198));
#1348=EDGE_LOOP('',(#10199,#10200,#10201,#10202));
#1349=EDGE_LOOP('',(#10203,#10204,#10205,#10206));
#1350=EDGE_LOOP('',(#10207,#10208,#10209,#10210));
#1351=EDGE_LOOP('',(#10211,#10212,#10213,#10214));
#1352=EDGE_LOOP('',(#10215,#10216,#10217,#10218));
#1353=EDGE_LOOP('',(#10219,#10220,#10221,#10222));
#1354=EDGE_LOOP('',(#10223,#10224,#10225,#10226));
#1355=EDGE_LOOP('',(#10227,#10228,#10229,#10230));
#1356=EDGE_LOOP('',(#10231,#10232,#10233,#10234));
#1357=EDGE_LOOP('',(#10235,#10236,#10237,#10238));
#1358=EDGE_LOOP('',(#10239,#10240,#10241,#10242));
#1359=EDGE_LOOP('',(#10243,#10244,#10245,#10246));
#1360=EDGE_LOOP('',(#10247,#10248,#10249,#10250));
#1361=EDGE_LOOP('',(#10251,#10252,#10253,#10254));
#1362=EDGE_LOOP('',(#10255,#10256,#10257,#10258));
#1363=EDGE_LOOP('',(#10259,#10260,#10261,#10262));
#1364=EDGE_LOOP('',(#10263,#10264,#10265,#10266));
#1365=EDGE_LOOP('',(#10267,#10268,#10269,#10270));
#1366=EDGE_LOOP('',(#10271,#10272,#10273,#10274));
#1367=EDGE_LOOP('',(#10275,#10276,#10277,#10278));
#1368=EDGE_LOOP('',(#10279,#10280,#10281,#10282));
#1369=EDGE_LOOP('',(#10283,#10284,#10285,#10286));
#1370=EDGE_LOOP('',(#10287,#10288,#10289,#10290));
#1371=EDGE_LOOP('',(#10291,#10292,#10293,#10294));
#1372=EDGE_LOOP('',(#10295,#10296,#10297,#10298));
#1373=EDGE_LOOP('',(#10299,#10300,#10301,#10302));
#1374=EDGE_LOOP('',(#10303,#10304,#10305,#10306));
#1375=EDGE_LOOP('',(#10307,#10308,#10309,#10310));
#1376=EDGE_LOOP('',(#10311,#10312,#10313,#10314));
#1377=EDGE_LOOP('',(#10315,#10316,#10317,#10318));
#1378=EDGE_LOOP('',(#10319,#10320,#10321,#10322));
#1379=EDGE_LOOP('',(#10323,#10324,#10325,#10326));
#1380=EDGE_LOOP('',(#10327,#10328,#10329,#10330));
#1381=EDGE_LOOP('',(#10331,#10332,#10333,#10334));
#1382=EDGE_LOOP('',(#10335,#10336,#10337,#10338));
#1383=EDGE_LOOP('',(#10339,#10340,#10341,#10342));
#1384=EDGE_LOOP('',(#10343,#10344,#10345,#10346));
#1385=EDGE_LOOP('',(#10347,#10348,#10349,#10350));
#1386=EDGE_LOOP('',(#10351,#10352,#10353,#10354));
#1387=EDGE_LOOP('',(#10355,#10356,#10357,#10358));
#1388=EDGE_LOOP('',(#10359,#10360,#10361,#10362));
#1389=EDGE_LOOP('',(#10363,#10364,#10365,#10366));
#1390=EDGE_LOOP('',(#10367,#10368,#10369,#10370));
#1391=EDGE_LOOP('',(#10371,#10372,#10373,#10374));
#1392=EDGE_LOOP('',(#10375,#10376,#10377,#10378));
#1393=EDGE_LOOP('',(#10379,#10380,#10381,#10382));
#1394=EDGE_LOOP('',(#10383,#10384,#10385,#10386));
#1395=EDGE_LOOP('',(#10387,#10388,#10389,#10390));
#1396=EDGE_LOOP('',(#10391,#10392,#10393,#10394));
#1397=EDGE_LOOP('',(#10395,#10396,#10397,#10398));
#1398=EDGE_LOOP('',(#10399,#10400,#10401,#10402));
#1399=EDGE_LOOP('',(#10403,#10404,#10405,#10406));
#1400=EDGE_LOOP('',(#10407,#10408,#10409,#10410));
#1401=EDGE_LOOP('',(#10411,#10412,#10413,#10414));
#1402=EDGE_LOOP('',(#10415,#10416,#10417,#10418));
#1403=EDGE_LOOP('',(#10419,#10420,#10421,#10422));
#1404=EDGE_LOOP('',(#10423,#10424,#10425,#10426));
#1405=EDGE_LOOP('',(#10427,#10428,#10429,#10430));
#1406=EDGE_LOOP('',(#10431,#10432,#10433,#10434));
#1407=EDGE_LOOP('',(#10435,#10436,#10437,#10438));
#1408=EDGE_LOOP('',(#10439,#10440,#10441,#10442));
#1409=EDGE_LOOP('',(#10443,#10444,#10445,#10446));
#1410=EDGE_LOOP('',(#10447,#10448,#10449,#10450));
#1411=EDGE_LOOP('',(#10451,#10452,#10453,#10454));
#1412=EDGE_LOOP('',(#10455,#10456,#10457,#10458));
#1413=EDGE_LOOP('',(#10459,#10460,#10461,#10462));
#1414=EDGE_LOOP('',(#10463,#10464,#10465,#10466));
#1415=EDGE_LOOP('',(#10467,#10468,#10469,#10470));
#1416=EDGE_LOOP('',(#10471,#10472,#10473,#10474));
#1417=EDGE_LOOP('',(#10475,#10476,#10477,#10478));
#1418=EDGE_LOOP('',(#10479,#10480,#10481,#10482));
#1419=EDGE_LOOP('',(#10483,#10484,#10485,#10486));
#1420=EDGE_LOOP('',(#10487,#10488,#10489,#10490));
#1421=EDGE_LOOP('',(#10491,#10492,#10493,#10494));
#1422=EDGE_LOOP('',(#10495,#10496,#10497,#10498));
#1423=EDGE_LOOP('',(#10499,#10500,#10501,#10502));
#1424=EDGE_LOOP('',(#10503,#10504,#10505,#10506));
#1425=EDGE_LOOP('',(#10507,#10508,#10509,#10510));
#1426=EDGE_LOOP('',(#10511,#10512,#10513,#10514));
#1427=EDGE_LOOP('',(#10515,#10516,#10517,#10518));
#1428=EDGE_LOOP('',(#10519,#10520,#10521,#10522));
#1429=EDGE_LOOP('',(#10523,#10524,#10525,#10526));
#1430=EDGE_LOOP('',(#10527,#10528,#10529,#10530));
#1431=EDGE_LOOP('',(#10531,#10532,#10533,#10534));
#1432=EDGE_LOOP('',(#10535,#10536,#10537,#10538));
#1433=EDGE_LOOP('',(#10539,#10540,#10541,#10542));
#1434=EDGE_LOOP('',(#10543,#10544,#10545,#10546));
#1435=EDGE_LOOP('',(#10547,#10548,#10549,#10550));
#1436=EDGE_LOOP('',(#10551,#10552,#10553,#10554));
#1437=EDGE_LOOP('',(#10555,#10556,#10557,#10558));
#1438=EDGE_LOOP('',(#10559,#10560,#10561,#10562));
#1439=EDGE_LOOP('',(#10563,#10564,#10565,#10566));
#1440=EDGE_LOOP('',(#10567,#10568,#10569,#10570));
#1441=EDGE_LOOP('',(#10571,#10572,#10573,#10574));
#1442=EDGE_LOOP('',(#10575,#10576,#10577,#10578));
#1443=EDGE_LOOP('',(#10579,#10580,#10581,#10582));
#1444=EDGE_LOOP('',(#10583,#10584,#10585,#10586));
#1445=EDGE_LOOP('',(#10587,#10588,#10589,#10590));
#1446=EDGE_LOOP('',(#10591,#10592,#10593,#10594));
#1447=EDGE_LOOP('',(#10595,#10596,#10597,#10598));
#1448=EDGE_LOOP('',(#10599,#10600,#10601,#10602));
#1449=EDGE_LOOP('',(#10603,#10604,#10605,#10606));
#1450=EDGE_LOOP('',(#10607,#10608,#10609,#10610));
#1451=EDGE_LOOP('',(#10611,#10612,#10613,#10614));
#1452=EDGE_LOOP('',(#10615,#10616,#10617,#10618));
#1453=EDGE_LOOP('',(#10619,#10620,#10621,#10622));
#1454=EDGE_LOOP('',(#10623,#10624,#10625,#10626));
#1455=EDGE_LOOP('',(#10627,#10628,#10629,#10630));
#1456=EDGE_LOOP('',(#10631,#10632,#10633,#10634));
#1457=EDGE_LOOP('',(#10635,#10636,#10637,#10638));
#1458=EDGE_LOOP('',(#10639,#10640,#10641,#10642));
#1459=EDGE_LOOP('',(#10643,#10644,#10645,#10646));
#1460=EDGE_LOOP('',(#10647,#10648,#10649,#10650));
#1461=EDGE_LOOP('',(#10651,#10652,#10653,#10654));
#1462=EDGE_LOOP('',(#10655,#10656,#10657,#10658));
#1463=EDGE_LOOP('',(#10659,#10660,#10661,#10662));
#1464=EDGE_LOOP('',(#10663,#10664,#10665,#10666));
#1465=EDGE_LOOP('',(#10667,#10668,#10669,#10670));
#1466=EDGE_LOOP('',(#10671,#10672,#10673,#10674));
#1467=EDGE_LOOP('',(#10675,#10676,#10677,#10678));
#1468=EDGE_LOOP('',(#10679,#10680,#10681,#10682));
#1469=EDGE_LOOP('',(#10683,#10684,#10685,#10686));
#1470=EDGE_LOOP('',(#10687,#10688,#10689,#10690));
#1471=EDGE_LOOP('',(#10691,#10692,#10693,#10694));
#1472=EDGE_LOOP('',(#10695,#10696,#10697,#10698));
#1473=EDGE_LOOP('',(#10699,#10700,#10701,#10702));
#1474=EDGE_LOOP('',(#10703,#10704,#10705,#10706));
#1475=EDGE_LOOP('',(#10707,#10708,#10709,#10710));
#1476=EDGE_LOOP('',(#10711,#10712,#10713,#10714));
#1477=EDGE_LOOP('',(#10715,#10716,#10717,#10718));
#1478=EDGE_LOOP('',(#10719,#10720,#10721,#10722));
#1479=EDGE_LOOP('',(#10723,#10724,#10725,#10726));
#1480=EDGE_LOOP('',(#10727,#10728,#10729,#10730));
#1481=EDGE_LOOP('',(#10731,#10732,#10733,#10734));
#1482=EDGE_LOOP('',(#10735,#10736,#10737,#10738));
#1483=EDGE_LOOP('',(#10739,#10740,#10741,#10742));
#1484=EDGE_LOOP('',(#10743,#10744,#10745,#10746));
#1485=EDGE_LOOP('',(#10747,#10748,#10749,#10750));
#1486=EDGE_LOOP('',(#10751,#10752,#10753,#10754));
#1487=EDGE_LOOP('',(#10755,#10756,#10757,#10758));
#1488=EDGE_LOOP('',(#10759,#10760,#10761,#10762));
#1489=EDGE_LOOP('',(#10763,#10764,#10765,#10766));
#1490=EDGE_LOOP('',(#10767,#10768,#10769,#10770));
#1491=EDGE_LOOP('',(#10771,#10772,#10773,#10774));
#1492=EDGE_LOOP('',(#10775,#10776,#10777,#10778));
#1493=EDGE_LOOP('',(#10779,#10780,#10781,#10782));
#1494=EDGE_LOOP('',(#10783,#10784,#10785,#10786));
#1495=EDGE_LOOP('',(#10787,#10788,#10789,#10790));
#1496=EDGE_LOOP('',(#10791,#10792,#10793,#10794));
#1497=EDGE_LOOP('',(#10795,#10796,#10797,#10798));
#1498=EDGE_LOOP('',(#10799,#10800,#10801,#10802));
#1499=EDGE_LOOP('',(#10803,#10804,#10805,#10806));
#1500=EDGE_LOOP('',(#10807,#10808,#10809,#10810));
#1501=EDGE_LOOP('',(#10811,#10812,#10813,#10814));
#1502=EDGE_LOOP('',(#10815,#10816,#10817,#10818));
#1503=EDGE_LOOP('',(#10819,#10820,#10821,#10822));
#1504=EDGE_LOOP('',(#10823,#10824,#10825,#10826));
#1505=EDGE_LOOP('',(#10827,#10828,#10829,#10830));
#1506=EDGE_LOOP('',(#10831,#10832,#10833,#10834));
#1507=EDGE_LOOP('',(#10835,#10836,#10837,#10838));
#1508=EDGE_LOOP('',(#10839,#10840,#10841,#10842));
#1509=EDGE_LOOP('',(#10843,#10844,#10845,#10846));
#1510=EDGE_LOOP('',(#10847,#10848,#10849,#10850));
#1511=EDGE_LOOP('',(#10851,#10852,#10853,#10854));
#1512=EDGE_LOOP('',(#10855,#10856,#10857,#10858));
#1513=EDGE_LOOP('',(#10859,#10860,#10861,#10862));
#1514=EDGE_LOOP('',(#10863,#10864,#10865,#10866));
#1515=EDGE_LOOP('',(#10867,#10868,#10869,#10870));
#1516=EDGE_LOOP('',(#10871,#10872,#10873,#10874));
#1517=EDGE_LOOP('',(#10875,#10876,#10877,#10878));
#1518=EDGE_LOOP('',(#10879,#10880,#10881,#10882));
#1519=EDGE_LOOP('',(#10883,#10884,#10885,#10886));
#1520=EDGE_LOOP('',(#10887,#10888,#10889,#10890));
#1521=EDGE_LOOP('',(#10891,#10892,#10893,#10894));
#1522=EDGE_LOOP('',(#10895,#10896,#10897,#10898));
#1523=EDGE_LOOP('',(#10899,#10900,#10901,#10902));
#1524=EDGE_LOOP('',(#10903,#10904,#10905,#10906));
#1525=EDGE_LOOP('',(#10907,#10908,#10909,#10910));
#1526=EDGE_LOOP('',(#10911,#10912,#10913,#10914));
#1527=EDGE_LOOP('',(#10915,#10916,#10917,#10918));
#1528=EDGE_LOOP('',(#10919,#10920,#10921,#10922));
#1529=EDGE_LOOP('',(#10923,#10924,#10925,#10926));
#1530=EDGE_LOOP('',(#10927,#10928,#10929,#10930));
#1531=EDGE_LOOP('',(#10931,#10932,#10933,#10934));
#1532=EDGE_LOOP('',(#10935,#10936,#10937,#10938));
#1533=EDGE_LOOP('',(#10939,#10940,#10941,#10942));
#1534=EDGE_LOOP('',(#10943,#10944,#10945,#10946));
#1535=EDGE_LOOP('',(#10947,#10948,#10949,#10950));
#1536=EDGE_LOOP('',(#10951,#10952,#10953,#10954));
#1537=EDGE_LOOP('',(#10955,#10956,#10957,#10958));
#1538=EDGE_LOOP('',(#10959,#10960,#10961,#10962));
#1539=EDGE_LOOP('',(#10963,#10964,#10965,#10966));
#1540=EDGE_LOOP('',(#10967,#10968,#10969,#10970));
#1541=EDGE_LOOP('',(#10971,#10972,#10973,#10974));
#1542=EDGE_LOOP('',(#10975,#10976,#10977,#10978));
#1543=EDGE_LOOP('',(#10979,#10980,#10981,#10982));
#1544=EDGE_LOOP('',(#10983,#10984,#10985,#10986));
#1545=EDGE_LOOP('',(#10987,#10988,#10989,#10990));
#1546=EDGE_LOOP('',(#10991,#10992,#10993,#10994));
#1547=EDGE_LOOP('',(#10995,#10996,#10997,#10998));
#1548=EDGE_LOOP('',(#10999,#11000,#11001,#11002));
#1549=EDGE_LOOP('',(#11003,#11004,#11005,#11006));
#1550=EDGE_LOOP('',(#11007,#11008,#11009,#11010));
#1551=EDGE_LOOP('',(#11011,#11012,#11013,#11014));
#1552=EDGE_LOOP('',(#11015,#11016,#11017,#11018));
#1553=EDGE_LOOP('',(#11019,#11020,#11021,#11022));
#1554=EDGE_LOOP('',(#11023,#11024,#11025,#11026));
#1555=EDGE_LOOP('',(#11027,#11028,#11029,#11030));
#1556=EDGE_LOOP('',(#11031,#11032,#11033,#11034));
#1557=EDGE_LOOP('',(#11035,#11036,#11037,#11038));
#1558=EDGE_LOOP('',(#11039,#11040,#11041,#11042));
#1559=EDGE_LOOP('',(#11043,#11044,#11045,#11046));
#1560=EDGE_LOOP('',(#11047,#11048,#11049,#11050));
#1561=EDGE_LOOP('',(#11051,#11052,#11053,#11054));
#1562=EDGE_LOOP('',(#11055,#11056,#11057,#11058));
#1563=EDGE_LOOP('',(#11059,#11060,#11061,#11062));
#1564=EDGE_LOOP('',(#11063,#11064,#11065,#11066));
#1565=EDGE_LOOP('',(#11067,#11068,#11069,#11070));
#1566=EDGE_LOOP('',(#11071,#11072,#11073,#11074));
#1567=EDGE_LOOP('',(#11075,#11076,#11077,#11078));
#1568=EDGE_LOOP('',(#11079,#11080,#11081,#11082));
#1569=EDGE_LOOP('',(#11083,#11084,#11085,#11086));
#1570=EDGE_LOOP('',(#11087,#11088,#11089,#11090));
#1571=EDGE_LOOP('',(#11091,#11092,#11093,#11094));
#1572=EDGE_LOOP('',(#11095,#11096,#11097,#11098));
#1573=EDGE_LOOP('',(#11099,#11100,#11101,#11102));
#1574=EDGE_LOOP('',(#11103,#11104,#11105,#11106));
#1575=EDGE_LOOP('',(#11107,#11108,#11109,#11110));
#1576=EDGE_LOOP('',(#11111,#11112,#11113,#11114));
#1577=EDGE_LOOP('',(#11115,#11116,#11117,#11118));
#1578=EDGE_LOOP('',(#11119,#11120,#11121,#11122));
#1579=EDGE_LOOP('',(#11123,#11124,#11125,#11126));
#1580=EDGE_LOOP('',(#11127,#11128,#11129,#11130));
#1581=EDGE_LOOP('',(#11131,#11132,#11133,#11134));
#1582=EDGE_LOOP('',(#11135,#11136,#11137,#11138));
#1583=EDGE_LOOP('',(#11139,#11140,#11141,#11142));
#1584=EDGE_LOOP('',(#11143,#11144,#11145,#11146));
#1585=EDGE_LOOP('',(#11147,#11148,#11149,#11150));
#1586=EDGE_LOOP('',(#11151,#11152,#11153,#11154));
#1587=EDGE_LOOP('',(#11155,#11156,#11157,#11158));
#1588=EDGE_LOOP('',(#11159,#11160,#11161,#11162));
#1589=EDGE_LOOP('',(#11163,#11164,#11165,#11166));
#1590=EDGE_LOOP('',(#11167,#11168,#11169,#11170));
#1591=EDGE_LOOP('',(#11171,#11172,#11173,#11174));
#1592=EDGE_LOOP('',(#11175,#11176,#11177,#11178));
#1593=EDGE_LOOP('',(#11179,#11180,#11181,#11182));
#1594=EDGE_LOOP('',(#11183,#11184,#11185,#11186));
#1595=EDGE_LOOP('',(#11187,#11188,#11189,#11190));
#1596=EDGE_LOOP('',(#11191,#11192,#11193,#11194));
#1597=EDGE_LOOP('',(#11195,#11196,#11197,#11198));
#1598=EDGE_LOOP('',(#11199,#11200,#11201,#11202));
#1599=EDGE_LOOP('',(#11203,#11204,#11205,#11206));
#1600=EDGE_LOOP('',(#11207,#11208,#11209,#11210));
#1601=EDGE_LOOP('',(#11211,#11212,#11213,#11214));
#1602=EDGE_LOOP('',(#11215,#11216,#11217,#11218));
#1603=EDGE_LOOP('',(#11219,#11220,#11221,#11222));
#1604=EDGE_LOOP('',(#11223,#11224,#11225,#11226));
#1605=EDGE_LOOP('',(#11227,#11228,#11229,#11230));
#1606=EDGE_LOOP('',(#11231,#11232,#11233,#11234));
#1607=EDGE_LOOP('',(#11235,#11236,#11237,#11238));
#1608=EDGE_LOOP('',(#11239,#11240,#11241,#11242));
#1609=EDGE_LOOP('',(#11243,#11244,#11245,#11246));
#1610=EDGE_LOOP('',(#11247,#11248,#11249,#11250));
#1611=EDGE_LOOP('',(#11251,#11252,#11253,#11254));
#1612=EDGE_LOOP('',(#11255,#11256,#11257,#11258));
#1613=EDGE_LOOP('',(#11259,#11260,#11261,#11262));
#1614=EDGE_LOOP('',(#11263,#11264,#11265,#11266));
#1615=EDGE_LOOP('',(#11267,#11268,#11269,#11270));
#1616=EDGE_LOOP('',(#11271,#11272,#11273,#11274));
#1617=EDGE_LOOP('',(#11275,#11276,#11277,#11278));
#1618=EDGE_LOOP('',(#11279,#11280,#11281,#11282));
#1619=EDGE_LOOP('',(#11283,#11284,#11285,#11286));
#1620=EDGE_LOOP('',(#11287,#11288,#11289,#11290));
#1621=EDGE_LOOP('',(#11291,#11292,#11293,#11294));
#1622=EDGE_LOOP('',(#11295,#11296,#11297,#11298));
#1623=EDGE_LOOP('',(#11299,#11300,#11301,#11302));
#1624=EDGE_LOOP('',(#11303,#11304,#11305,#11306));
#1625=EDGE_LOOP('',(#11307,#11308,#11309,#11310));
#1626=EDGE_LOOP('',(#11311,#11312,#11313,#11314));
#1627=EDGE_LOOP('',(#11315,#11316,#11317,#11318));
#1628=EDGE_LOOP('',(#11319,#11320,#11321,#11322));
#1629=EDGE_LOOP('',(#11323,#11324,#11325,#11326));
#1630=EDGE_LOOP('',(#11327,#11328,#11329,#11330));
#1631=EDGE_LOOP('',(#11331,#11332,#11333,#11334));
#1632=EDGE_LOOP('',(#11335,#11336,#11337,#11338));
#1633=EDGE_LOOP('',(#11339,#11340,#11341,#11342));
#1634=EDGE_LOOP('',(#11343,#11344,#11345,#11346));
#1635=EDGE_LOOP('',(#11347,#11348,#11349,#11350));
#1636=EDGE_LOOP('',(#11351,#11352,#11353,#11354));
#1637=EDGE_LOOP('',(#11355,#11356,#11357,#11358));
#1638=EDGE_LOOP('',(#11359,#11360,#11361,#11362));
#1639=EDGE_LOOP('',(#11363,#11364,#11365,#11366));
#1640=EDGE_LOOP('',(#11367,#11368,#11369,#11370));
#1641=EDGE_LOOP('',(#11371,#11372,#11373,#11374));
#1642=EDGE_LOOP('',(#11375,#11376,#11377,#11378));
#1643=EDGE_LOOP('',(#11379,#11380,#11381,#11382));
#1644=EDGE_LOOP('',(#11383,#11384,#11385,#11386));
#1645=EDGE_LOOP('',(#11387,#11388,#11389,#11390));
#1646=EDGE_LOOP('',(#11391,#11392,#11393,#11394));
#1647=EDGE_LOOP('',(#11395,#11396,#11397,#11398));
#1648=EDGE_LOOP('',(#11399,#11400,#11401,#11402));
#1649=EDGE_LOOP('',(#11403,#11404,#11405,#11406));
#1650=EDGE_LOOP('',(#11407,#11408,#11409,#11410));
#1651=EDGE_LOOP('',(#11411,#11412,#11413,#11414));
#1652=EDGE_LOOP('',(#11415,#11416,#11417,#11418));
#1653=EDGE_LOOP('',(#11419,#11420,#11421,#11422));
#1654=EDGE_LOOP('',(#11423,#11424,#11425,#11426));
#1655=EDGE_LOOP('',(#11427,#11428,#11429,#11430));
#1656=EDGE_LOOP('',(#11431,#11432,#11433,#11434));
#1657=EDGE_LOOP('',(#11435,#11436,#11437,#11438));
#1658=EDGE_LOOP('',(#11439,#11440,#11441,#11442));
#1659=EDGE_LOOP('',(#11443,#11444,#11445,#11446));
#1660=EDGE_LOOP('',(#11447,#11448,#11449,#11450));
#1661=EDGE_LOOP('',(#11451,#11452,#11453,#11454));
#1662=EDGE_LOOP('',(#11455,#11456,#11457,#11458));
#1663=EDGE_LOOP('',(#11459,#11460,#11461,#11462));
#1664=EDGE_LOOP('',(#11463,#11464,#11465,#11466));
#1665=EDGE_LOOP('',(#11467,#11468,#11469,#11470));
#1666=EDGE_LOOP('',(#11471,#11472,#11473,#11474));
#1667=EDGE_LOOP('',(#11475,#11476,#11477,#11478));
#1668=EDGE_LOOP('',(#11479,#11480,#11481,#11482));
#1669=EDGE_LOOP('',(#11483,#11484,#11485,#11486));
#1670=EDGE_LOOP('',(#11487,#11488,#11489,#11490));
#1671=EDGE_LOOP('',(#11491,#11492,#11493,#11494));
#1672=EDGE_LOOP('',(#11495,#11496,#11497,#11498));
#1673=EDGE_LOOP('',(#11499,#11500,#11501,#11502));
#1674=EDGE_LOOP('',(#11503,#11504,#11505,#11506));
#1675=EDGE_LOOP('',(#11507,#11508,#11509,#11510));
#1676=EDGE_LOOP('',(#11511,#11512,#11513,#11514));
#1677=EDGE_LOOP('',(#11515,#11516,#11517,#11518));
#1678=EDGE_LOOP('',(#11519,#11520,#11521,#11522));
#1679=EDGE_LOOP('',(#11523,#11524,#11525,#11526));
#1680=EDGE_LOOP('',(#11527,#11528,#11529,#11530));
#1681=EDGE_LOOP('',(#11531,#11532,#11533,#11534));
#1682=EDGE_LOOP('',(#11535,#11536,#11537,#11538));
#1683=EDGE_LOOP('',(#11539,#11540,#11541,#11542));
#1684=EDGE_LOOP('',(#11543,#11544,#11545,#11546));
#1685=EDGE_LOOP('',(#11547,#11548,#11549,#11550));
#1686=EDGE_LOOP('',(#11551,#11552,#11553,#11554));
#1687=EDGE_LOOP('',(#11555,#11556,#11557,#11558));
#1688=EDGE_LOOP('',(#11559,#11560,#11561,#11562));
#1689=EDGE_LOOP('',(#11563,#11564,#11565,#11566));
#1690=EDGE_LOOP('',(#11567,#11568,#11569,#11570));
#1691=EDGE_LOOP('',(#11571,#11572,#11573,#11574));
#1692=EDGE_LOOP('',(#11575,#11576,#11577,#11578));
#1693=EDGE_LOOP('',(#11579,#11580,#11581,#11582));
#1694=EDGE_LOOP('',(#11583,#11584,#11585,#11586));
#1695=EDGE_LOOP('',(#11587,#11588,#11589,#11590));
#1696=EDGE_LOOP('',(#11591,#11592,#11593,#11594));
#1697=EDGE_LOOP('',(#11595,#11596,#11597,#11598));
#1698=EDGE_LOOP('',(#11599,#11600,#11601,#11602));
#1699=EDGE_LOOP('',(#11603,#11604,#11605,#11606));
#1700=EDGE_LOOP('',(#11607,#11608,#11609,#11610));
#1701=EDGE_LOOP('',(#11611,#11612,#11613,#11614));
#1702=EDGE_LOOP('',(#11615,#11616,#11617,#11618));
#1703=EDGE_LOOP('',(#11619,#11620,#11621,#11622));
#1704=EDGE_LOOP('',(#11623,#11624,#11625,#11626));
#1705=EDGE_LOOP('',(#11627,#11628,#11629,#11630));
#1706=EDGE_LOOP('',(#11631,#11632,#11633,#11634));
#1707=EDGE_LOOP('',(#11635,#11636,#11637,#11638));
#1708=EDGE_LOOP('',(#11639,#11640,#11641,#11642));
#1709=EDGE_LOOP('',(#11643,#11644,#11645,#11646));
#1710=EDGE_LOOP('',(#11647,#11648,#11649,#11650));
#1711=EDGE_LOOP('',(#11651,#11652,#11653,#11654));
#1712=EDGE_LOOP('',(#11655,#11656,#11657,#11658));
#1713=EDGE_LOOP('',(#11659,#11660,#11661,#11662));
#1714=EDGE_LOOP('',(#11663,#11664,#11665,#11666));
#1715=EDGE_LOOP('',(#11667,#11668,#11669,#11670));
#1716=EDGE_LOOP('',(#11671,#11672,#11673,#11674));
#1717=EDGE_LOOP('',(#11675,#11676,#11677,#11678));
#1718=EDGE_LOOP('',(#11679,#11680,#11681,#11682));
#1719=EDGE_LOOP('',(#11683,#11684,#11685,#11686));
#1720=EDGE_LOOP('',(#11687,#11688,#11689,#11690));
#1721=EDGE_LOOP('',(#11691,#11692,#11693,#11694));
#1722=EDGE_LOOP('',(#11695,#11696,#11697,#11698));
#1723=EDGE_LOOP('',(#11699,#11700,#11701,#11702));
#1724=EDGE_LOOP('',(#11703,#11704,#11705,#11706));
#1725=EDGE_LOOP('',(#11707,#11708,#11709,#11710));
#1726=EDGE_LOOP('',(#11711,#11712,#11713,#11714));
#1727=EDGE_LOOP('',(#11715,#11716,#11717,#11718));
#1728=EDGE_LOOP('',(#11719,#11720,#11721,#11722));
#1729=EDGE_LOOP('',(#11723,#11724,#11725,#11726));
#1730=EDGE_LOOP('',(#11727,#11728,#11729,#11730));
#1731=EDGE_LOOP('',(#11731,#11732,#11733,#11734));
#1732=EDGE_LOOP('',(#11735,#11736,#11737,#11738));
#1733=EDGE_LOOP('',(#11739,#11740,#11741,#11742));
#1734=EDGE_LOOP('',(#11743,#11744,#11745,#11746));
#1735=EDGE_LOOP('',(#11747,#11748,#11749,#11750));
#1736=EDGE_LOOP('',(#11751,#11752,#11753,#11754));
#1737=EDGE_LOOP('',(#11755,#11756,#11757,#11758));
#1738=EDGE_LOOP('',(#11759,#11760,#11761,#11762));
#1739=EDGE_LOOP('',(#11763,#11764,#11765,#11766));
#1740=EDGE_LOOP('',(#11767,#11768,#11769,#11770));
#1741=EDGE_LOOP('',(#11771,#11772,#11773,#11774));
#1742=EDGE_LOOP('',(#11775,#11776,#11777,#11778));
#1743=EDGE_LOOP('',(#11779,#11780,#11781,#11782));
#1744=EDGE_LOOP('',(#11783,#11784,#11785,#11786));
#1745=EDGE_LOOP('',(#11787,#11788,#11789,#11790));
#1746=EDGE_LOOP('',(#11791,#11792,#11793,#11794));
#1747=EDGE_LOOP('',(#11795,#11796,#11797,#11798));
#1748=EDGE_LOOP('',(#11799,#11800,#11801,#11802));
#1749=EDGE_LOOP('',(#11803,#11804,#11805,#11806));
#1750=EDGE_LOOP('',(#11807,#11808,#11809,#11810));
#1751=EDGE_LOOP('',(#11811,#11812,#11813,#11814));
#1752=EDGE_LOOP('',(#11815,#11816,#11817,#11818));
#1753=EDGE_LOOP('',(#11819,#11820,#11821,#11822));
#1754=EDGE_LOOP('',(#11823,#11824,#11825,#11826));
#1755=EDGE_LOOP('',(#11827,#11828,#11829,#11830));
#1756=EDGE_LOOP('',(#11831,#11832,#11833,#11834));
#1757=EDGE_LOOP('',(#11835,#11836,#11837,#11838));
#1758=EDGE_LOOP('',(#11839,#11840,#11841,#11842));
#1759=EDGE_LOOP('',(#11843,#11844,#11845,#11846));
#1760=EDGE_LOOP('',(#11847,#11848,#11849,#11850));
#1761=EDGE_LOOP('',(#11851,#11852,#11853,#11854));
#1762=EDGE_LOOP('',(#11855,#11856,#11857,#11858));
#1763=EDGE_LOOP('',(#11859,#11860,#11861,#11862));
#1764=EDGE_LOOP('',(#11863,#11864,#11865,#11866));
#1765=EDGE_LOOP('',(#11867,#11868,#11869,#11870));
#1766=EDGE_LOOP('',(#11871,#11872,#11873,#11874));
#1767=EDGE_LOOP('',(#11875,#11876,#11877,#11878));
#1768=EDGE_LOOP('',(#11879,#11880,#11881,#11882));
#1769=EDGE_LOOP('',(#11883,#11884,#11885,#11886));
#1770=EDGE_LOOP('',(#11887,#11888,#11889,#11890));
#1771=EDGE_LOOP('',(#11891,#11892,#11893,#11894));
#1772=EDGE_LOOP('',(#11895,#11896,#11897,#11898));
#1773=EDGE_LOOP('',(#11899,#11900,#11901,#11902));
#1774=EDGE_LOOP('',(#11903,#11904,#11905,#11906));
#1775=EDGE_LOOP('',(#11907,#11908,#11909,#11910));
#1776=EDGE_LOOP('',(#11911,#11912,#11913,#11914));
#1777=EDGE_LOOP('',(#11915,#11916,#11917,#11918));
#1778=EDGE_LOOP('',(#11919,#11920,#11921,#11922));
#1779=EDGE_LOOP('',(#11923,#11924,#11925,#11926));
#1780=EDGE_LOOP('',(#11927,#11928,#11929,#11930));
#1781=EDGE_LOOP('',(#11931,#11932,#11933,#11934));
#1782=EDGE_LOOP('',(#11935,#11936,#11937,#11938));
#1783=EDGE_LOOP('',(#11939,#11940,#11941,#11942));
#1784=EDGE_LOOP('',(#11943,#11944,#11945,#11946));
#1785=EDGE_LOOP('',(#11947,#11948,#11949,#11950));
#1786=EDGE_LOOP('',(#11951,#11952,#11953,#11954));
#1787=EDGE_LOOP('',(#11955,#11956,#11957,#11958));
#1788=EDGE_LOOP('',(#11959,#11960,#11961,#11962));
#1789=EDGE_LOOP('',(#11963,#11964,#11965,#11966));
#1790=EDGE_LOOP('',(#11967,#11968,#11969,#11970));
#1791=EDGE_LOOP('',(#11971,#11972,#11973,#11974));
#1792=EDGE_LOOP('',(#11975,#11976,#11977,#11978));
#1793=EDGE_LOOP('',(#11979,#11980,#11981,#11982));
#1794=EDGE_LOOP('',(#11983,#11984,#11985,#11986));
#1795=EDGE_LOOP('',(#11987,#11988,#11989,#11990));
#1796=EDGE_LOOP('',(#11991,#11992,#11993,#11994));
#1797=EDGE_LOOP('',(#11995,#11996,#11997,#11998));
#1798=EDGE_LOOP('',(#11999,#12000,#12001,#12002));
#1799=EDGE_LOOP('',(#12003,#12004,#12005,#12006));
#1800=EDGE_LOOP('',(#12007,#12008,#12009,#12010));
#1801=EDGE_LOOP('',(#12011,#12012,#12013,#12014));
#1802=EDGE_LOOP('',(#12015,#12016,#12017,#12018));
#1803=EDGE_LOOP('',(#12019,#12020,#12021,#12022));
#1804=EDGE_LOOP('',(#12023,#12024,#12025,#12026));
#1805=EDGE_LOOP('',(#12027,#12028,#12029,#12030));
#1806=EDGE_LOOP('',(#12031,#12032,#12033,#12034));
#1807=EDGE_LOOP('',(#12035,#12036,#12037,#12038));
#1808=EDGE_LOOP('',(#12039,#12040,#12041,#12042));
#1809=EDGE_LOOP('',(#12043,#12044,#12045,#12046));
#1810=EDGE_LOOP('',(#12047,#12048,#12049,#12050));
#1811=EDGE_LOOP('',(#12051,#12052,#12053,#12054));
#1812=EDGE_LOOP('',(#12055,#12056,#12057,#12058));
#1813=EDGE_LOOP('',(#12059,#12060,#12061,#12062));
#1814=EDGE_LOOP('',(#12063,#12064,#12065,#12066));
#1815=LINE('',#17161,#3619);
#1816=LINE('',#17163,#3620);
#1817=LINE('',#17165,#3621);
#1818=LINE('',#17166,#3622);
#1819=LINE('',#17169,#3623);
#1820=LINE('',#17171,#3624);
#1821=LINE('',#17172,#3625);
#1822=LINE('',#17175,#3626);
#1823=LINE('',#17177,#3627);
#1824=LINE('',#17178,#3628);
#1825=LINE('',#17180,#3629);
#1826=LINE('',#17181,#3630);
#1827=LINE('',#17186,#3631);
#1828=LINE('',#17188,#3632);
#1829=LINE('',#17190,#3633);
#1830=LINE('',#17191,#3634);
#1831=LINE('',#17194,#3635);
#1832=LINE('',#17196,#3636);
#1833=LINE('',#17197,#3637);
#1834=LINE('',#17200,#3638);
#1835=LINE('',#17202,#3639);
#1836=LINE('',#17203,#3640);
#1837=LINE('',#17205,#3641);
#1838=LINE('',#17206,#3642);
#1839=LINE('',#17211,#3643);
#1840=LINE('',#17213,#3644);
#1841=LINE('',#17215,#3645);
#1842=LINE('',#17216,#3646);
#1843=LINE('',#17219,#3647);
#1844=LINE('',#17221,#3648);
#1845=LINE('',#17222,#3649);
#1846=LINE('',#17225,#3650);
#1847=LINE('',#17227,#3651);
#1848=LINE('',#17228,#3652);
#1849=LINE('',#17230,#3653);
#1850=LINE('',#17231,#3654);
#1851=LINE('',#17236,#3655);
#1852=LINE('',#17238,#3656);
#1853=LINE('',#17240,#3657);
#1854=LINE('',#17241,#3658);
#1855=LINE('',#17244,#3659);
#1856=LINE('',#17246,#3660);
#1857=LINE('',#17247,#3661);
#1858=LINE('',#17250,#3662);
#1859=LINE('',#17252,#3663);
#1860=LINE('',#17253,#3664);
#1861=LINE('',#17255,#3665);
#1862=LINE('',#17256,#3666);
#1863=LINE('',#17263,#3667);
#1864=LINE('',#17266,#3668);
#1865=LINE('',#17269,#3669);
#1866=LINE('',#17271,#3670);
#1867=LINE('',#17272,#3671);
#1868=LINE('',#17275,#3672);
#1869=LINE('',#17279,#3673);
#1870=LINE('',#17283,#3674);
#1871=LINE('',#17287,#3675);
#1872=LINE('',#17289,#3676);
#1873=LINE('',#17291,#3677);
#1874=LINE('',#17293,#3678);
#1875=LINE('',#17295,#3679);
#1876=LINE('',#17297,#3680);
#1877=LINE('',#17299,#3681);
#1878=LINE('',#17301,#3682);
#1879=LINE('',#17303,#3683);
#1880=LINE('',#17305,#3684);
#1881=LINE('',#17307,#3685);
#1882=LINE('',#17309,#3686);
#1883=LINE('',#17311,#3687);
#1884=LINE('',#17313,#3688);
#1885=LINE('',#17315,#3689);
#1886=LINE('',#17317,#3690);
#1887=LINE('',#17319,#3691);
#1888=LINE('',#17321,#3692);
#1889=LINE('',#17323,#3693);
#1890=LINE('',#17324,#3694);
#1891=LINE('',#17327,#3695);
#1892=LINE('',#17330,#3696);
#1893=LINE('',#17333,#3697);
#1894=LINE('',#17334,#3698);
#1895=LINE('',#17337,#3699);
#1896=LINE('',#17340,#3700);
#1897=LINE('',#17342,#3701);
#1898=LINE('',#17345,#3702);
#1899=LINE('',#17349,#3703);
#1900=LINE('',#17351,#3704);
#1901=LINE('',#17353,#3705);
#1902=LINE('',#17355,#3706);
#1903=LINE('',#17357,#3707);
#1904=LINE('',#17359,#3708);
#1905=LINE('',#17361,#3709);
#1906=LINE('',#17363,#3710);
#1907=LINE('',#17365,#3711);
#1908=LINE('',#17367,#3712);
#1909=LINE('',#17369,#3713);
#1910=LINE('',#17371,#3714);
#1911=LINE('',#17373,#3715);
#1912=LINE('',#17375,#3716);
#1913=LINE('',#17377,#3717);
#1914=LINE('',#17379,#3718);
#1915=LINE('',#17381,#3719);
#1916=LINE('',#17383,#3720);
#1917=LINE('',#17385,#3721);
#1918=LINE('',#17386,#3722);
#1919=LINE('',#17387,#3723);
#1920=LINE('',#17391,#3724);
#1921=LINE('',#17393,#3725);
#1922=LINE('',#17395,#3726);
#1923=LINE('',#17396,#3727);
#1924=LINE('',#17399,#3728);
#1925=LINE('',#17401,#3729);
#1926=LINE('',#17402,#3730);
#1927=LINE('',#17405,#3731);
#1928=LINE('',#17407,#3732);
#1929=LINE('',#17408,#3733);
#1930=LINE('',#17410,#3734);
#1931=LINE('',#17411,#3735);
#1932=LINE('',#17416,#3736);
#1933=LINE('',#17418,#3737);
#1934=LINE('',#17420,#3738);
#1935=LINE('',#17421,#3739);
#1936=LINE('',#17424,#3740);
#1937=LINE('',#17426,#3741);
#1938=LINE('',#17427,#3742);
#1939=LINE('',#17430,#3743);
#1940=LINE('',#17432,#3744);
#1941=LINE('',#17433,#3745);
#1942=LINE('',#17435,#3746);
#1943=LINE('',#17436,#3747);
#1944=LINE('',#17440,#3748);
#1945=LINE('',#17442,#3749);
#1946=LINE('',#17444,#3750);
#1947=LINE('',#17445,#3751);
#1948=LINE('',#17448,#3752);
#1949=LINE('',#17450,#3753);
#1950=LINE('',#17451,#3754);
#1951=LINE('',#17454,#3755);
#1952=LINE('',#17456,#3756);
#1953=LINE('',#17457,#3757);
#1954=LINE('',#17459,#3758);
#1955=LINE('',#17460,#3759);
#1956=LINE('',#17465,#3760);
#1957=LINE('',#17467,#3761);
#1958=LINE('',#17469,#3762);
#1959=LINE('',#17470,#3763);
#1960=LINE('',#17473,#3764);
#1961=LINE('',#17475,#3765);
#1962=LINE('',#17476,#3766);
#1963=LINE('',#17479,#3767);
#1964=LINE('',#17481,#3768);
#1965=LINE('',#17482,#3769);
#1966=LINE('',#17484,#3770);
#1967=LINE('',#17485,#3771);
#1968=LINE('',#17490,#3772);
#1969=LINE('',#17492,#3773);
#1970=LINE('',#17494,#3774);
#1971=LINE('',#17495,#3775);
#1972=LINE('',#17498,#3776);
#1973=LINE('',#17500,#3777);
#1974=LINE('',#17501,#3778);
#1975=LINE('',#17504,#3779);
#1976=LINE('',#17506,#3780);
#1977=LINE('',#17507,#3781);
#1978=LINE('',#17509,#3782);
#1979=LINE('',#17510,#3783);
#1980=LINE('',#17514,#3784);
#1981=LINE('',#17516,#3785);
#1982=LINE('',#17518,#3786);
#1983=LINE('',#17519,#3787);
#1984=LINE('',#17522,#3788);
#1985=LINE('',#17524,#3789);
#1986=LINE('',#17525,#3790);
#1987=LINE('',#17528,#3791);
#1988=LINE('',#17530,#3792);
#1989=LINE('',#17531,#3793);
#1990=LINE('',#17533,#3794);
#1991=LINE('',#17534,#3795);
#1992=LINE('',#17538,#3796);
#1993=LINE('',#17540,#3797);
#1994=LINE('',#17542,#3798);
#1995=LINE('',#17543,#3799);
#1996=LINE('',#17546,#3800);
#1997=LINE('',#17548,#3801);
#1998=LINE('',#17549,#3802);
#1999=LINE('',#17552,#3803);
#2000=LINE('',#17554,#3804);
#2001=LINE('',#17555,#3805);
#2002=LINE('',#17557,#3806);
#2003=LINE('',#17558,#3807);
#2004=LINE('',#17562,#3808);
#2005=LINE('',#17564,#3809);
#2006=LINE('',#17566,#3810);
#2007=LINE('',#17567,#3811);
#2008=LINE('',#17570,#3812);
#2009=LINE('',#17572,#3813);
#2010=LINE('',#17573,#3814);
#2011=LINE('',#17576,#3815);
#2012=LINE('',#17578,#3816);
#2013=LINE('',#17579,#3817);
#2014=LINE('',#17581,#3818);
#2015=LINE('',#17582,#3819);
#2016=LINE('',#17586,#3820);
#2017=LINE('',#17588,#3821);
#2018=LINE('',#17590,#3822);
#2019=LINE('',#17591,#3823);
#2020=LINE('',#17594,#3824);
#2021=LINE('',#17596,#3825);
#2022=LINE('',#17597,#3826);
#2023=LINE('',#17600,#3827);
#2024=LINE('',#17602,#3828);
#2025=LINE('',#17603,#3829);
#2026=LINE('',#17605,#3830);
#2027=LINE('',#17606,#3831);
#2028=LINE('',#17610,#3832);
#2029=LINE('',#17612,#3833);
#2030=LINE('',#17614,#3834);
#2031=LINE('',#17615,#3835);
#2032=LINE('',#17618,#3836);
#2033=LINE('',#17620,#3837);
#2034=LINE('',#17621,#3838);
#2035=LINE('',#17624,#3839);
#2036=LINE('',#17626,#3840);
#2037=LINE('',#17627,#3841);
#2038=LINE('',#17629,#3842);
#2039=LINE('',#17630,#3843);
#2040=LINE('',#17634,#3844);
#2041=LINE('',#17636,#3845);
#2042=LINE('',#17638,#3846);
#2043=LINE('',#17639,#3847);
#2044=LINE('',#17642,#3848);
#2045=LINE('',#17644,#3849);
#2046=LINE('',#17645,#3850);
#2047=LINE('',#17648,#3851);
#2048=LINE('',#17650,#3852);
#2049=LINE('',#17651,#3853);
#2050=LINE('',#17653,#3854);
#2051=LINE('',#17654,#3855);
#2052=LINE('',#17659,#3856);
#2053=LINE('',#17661,#3857);
#2054=LINE('',#17663,#3858);
#2055=LINE('',#17664,#3859);
#2056=LINE('',#17667,#3860);
#2057=LINE('',#17669,#3861);
#2058=LINE('',#17670,#3862);
#2059=LINE('',#17673,#3863);
#2060=LINE('',#17675,#3864);
#2061=LINE('',#17676,#3865);
#2062=LINE('',#17678,#3866);
#2063=LINE('',#17679,#3867);
#2064=LINE('',#17683,#3868);
#2065=LINE('',#17685,#3869);
#2066=LINE('',#17687,#3870);
#2067=LINE('',#17688,#3871);
#2068=LINE('',#17691,#3872);
#2069=LINE('',#17693,#3873);
#2070=LINE('',#17694,#3874);
#2071=LINE('',#17697,#3875);
#2072=LINE('',#17699,#3876);
#2073=LINE('',#17700,#3877);
#2074=LINE('',#17702,#3878);
#2075=LINE('',#17703,#3879);
#2076=LINE('',#17707,#3880);
#2077=LINE('',#17709,#3881);
#2078=LINE('',#17711,#3882);
#2079=LINE('',#17712,#3883);
#2080=LINE('',#17715,#3884);
#2081=LINE('',#17717,#3885);
#2082=LINE('',#17718,#3886);
#2083=LINE('',#17721,#3887);
#2084=LINE('',#17723,#3888);
#2085=LINE('',#17724,#3889);
#2086=LINE('',#17726,#3890);
#2087=LINE('',#17727,#3891);
#2088=LINE('',#17731,#3892);
#2089=LINE('',#17733,#3893);
#2090=LINE('',#17735,#3894);
#2091=LINE('',#17736,#3895);
#2092=LINE('',#17739,#3896);
#2093=LINE('',#17741,#3897);
#2094=LINE('',#17742,#3898);
#2095=LINE('',#17745,#3899);
#2096=LINE('',#17747,#3900);
#2097=LINE('',#17748,#3901);
#2098=LINE('',#17750,#3902);
#2099=LINE('',#17751,#3903);
#2100=LINE('',#17755,#3904);
#2101=LINE('',#17757,#3905);
#2102=LINE('',#17759,#3906);
#2103=LINE('',#17760,#3907);
#2104=LINE('',#17763,#3908);
#2105=LINE('',#17765,#3909);
#2106=LINE('',#17766,#3910);
#2107=LINE('',#17769,#3911);
#2108=LINE('',#17771,#3912);
#2109=LINE('',#17772,#3913);
#2110=LINE('',#17774,#3914);
#2111=LINE('',#17775,#3915);
#2112=LINE('',#17779,#3916);
#2113=LINE('',#17781,#3917);
#2114=LINE('',#17783,#3918);
#2115=LINE('',#17784,#3919);
#2116=LINE('',#17787,#3920);
#2117=LINE('',#17789,#3921);
#2118=LINE('',#17790,#3922);
#2119=LINE('',#17793,#3923);
#2120=LINE('',#17795,#3924);
#2121=LINE('',#17796,#3925);
#2122=LINE('',#17798,#3926);
#2123=LINE('',#17799,#3927);
#2124=LINE('',#17803,#3928);
#2125=LINE('',#17805,#3929);
#2126=LINE('',#17807,#3930);
#2127=LINE('',#17808,#3931);
#2128=LINE('',#17811,#3932);
#2129=LINE('',#17813,#3933);
#2130=LINE('',#17814,#3934);
#2131=LINE('',#17817,#3935);
#2132=LINE('',#17819,#3936);
#2133=LINE('',#17820,#3937);
#2134=LINE('',#17822,#3938);
#2135=LINE('',#17823,#3939);
#2136=LINE('',#17828,#3940);
#2137=LINE('',#17830,#3941);
#2138=LINE('',#17832,#3942);
#2139=LINE('',#17833,#3943);
#2140=LINE('',#17836,#3944);
#2141=LINE('',#17838,#3945);
#2142=LINE('',#17839,#3946);
#2143=LINE('',#17842,#3947);
#2144=LINE('',#17844,#3948);
#2145=LINE('',#17845,#3949);
#2146=LINE('',#17847,#3950);
#2147=LINE('',#17848,#3951);
#2148=LINE('',#17852,#3952);
#2149=LINE('',#17854,#3953);
#2150=LINE('',#17856,#3954);
#2151=LINE('',#17857,#3955);
#2152=LINE('',#17860,#3956);
#2153=LINE('',#17862,#3957);
#2154=LINE('',#17863,#3958);
#2155=LINE('',#17866,#3959);
#2156=LINE('',#17868,#3960);
#2157=LINE('',#17869,#3961);
#2158=LINE('',#17871,#3962);
#2159=LINE('',#17872,#3963);
#2160=LINE('',#17876,#3964);
#2161=LINE('',#17878,#3965);
#2162=LINE('',#17880,#3966);
#2163=LINE('',#17881,#3967);
#2164=LINE('',#17884,#3968);
#2165=LINE('',#17886,#3969);
#2166=LINE('',#17887,#3970);
#2167=LINE('',#17890,#3971);
#2168=LINE('',#17892,#3972);
#2169=LINE('',#17893,#3973);
#2170=LINE('',#17895,#3974);
#2171=LINE('',#17896,#3975);
#2172=LINE('',#17901,#3976);
#2173=LINE('',#17903,#3977);
#2174=LINE('',#17905,#3978);
#2175=LINE('',#17906,#3979);
#2176=LINE('',#17909,#3980);
#2177=LINE('',#17911,#3981);
#2178=LINE('',#17912,#3982);
#2179=LINE('',#17915,#3983);
#2180=LINE('',#17917,#3984);
#2181=LINE('',#17918,#3985);
#2182=LINE('',#17920,#3986);
#2183=LINE('',#17921,#3987);
#2184=LINE('',#17925,#3988);
#2185=LINE('',#17927,#3989);
#2186=LINE('',#17929,#3990);
#2187=LINE('',#17930,#3991);
#2188=LINE('',#17933,#3992);
#2189=LINE('',#17935,#3993);
#2190=LINE('',#17936,#3994);
#2191=LINE('',#17939,#3995);
#2192=LINE('',#17941,#3996);
#2193=LINE('',#17942,#3997);
#2194=LINE('',#17944,#3998);
#2195=LINE('',#17945,#3999);
#2196=LINE('',#17950,#4000);
#2197=LINE('',#17952,#4001);
#2198=LINE('',#17954,#4002);
#2199=LINE('',#17955,#4003);
#2200=LINE('',#17958,#4004);
#2201=LINE('',#17960,#4005);
#2202=LINE('',#17961,#4006);
#2203=LINE('',#17964,#4007);
#2204=LINE('',#17966,#4008);
#2205=LINE('',#17967,#4009);
#2206=LINE('',#17969,#4010);
#2207=LINE('',#17970,#4011);
#2208=LINE('',#17974,#4012);
#2209=LINE('',#17976,#4013);
#2210=LINE('',#17978,#4014);
#2211=LINE('',#17979,#4015);
#2212=LINE('',#17982,#4016);
#2213=LINE('',#17984,#4017);
#2214=LINE('',#17985,#4018);
#2215=LINE('',#17988,#4019);
#2216=LINE('',#17990,#4020);
#2217=LINE('',#17991,#4021);
#2218=LINE('',#17993,#4022);
#2219=LINE('',#17994,#4023);
#2220=LINE('',#17999,#4024);
#2221=LINE('',#18001,#4025);
#2222=LINE('',#18003,#4026);
#2223=LINE('',#18004,#4027);
#2224=LINE('',#18007,#4028);
#2225=LINE('',#18009,#4029);
#2226=LINE('',#18010,#4030);
#2227=LINE('',#18013,#4031);
#2228=LINE('',#18015,#4032);
#2229=LINE('',#18016,#4033);
#2230=LINE('',#18018,#4034);
#2231=LINE('',#18019,#4035);
#2232=LINE('',#18023,#4036);
#2233=LINE('',#18025,#4037);
#2234=LINE('',#18027,#4038);
#2235=LINE('',#18028,#4039);
#2236=LINE('',#18031,#4040);
#2237=LINE('',#18033,#4041);
#2238=LINE('',#18034,#4042);
#2239=LINE('',#18037,#4043);
#2240=LINE('',#18039,#4044);
#2241=LINE('',#18040,#4045);
#2242=LINE('',#18042,#4046);
#2243=LINE('',#18043,#4047);
#2244=LINE('',#18048,#4048);
#2245=LINE('',#18050,#4049);
#2246=LINE('',#18052,#4050);
#2247=LINE('',#18053,#4051);
#2248=LINE('',#18056,#4052);
#2249=LINE('',#18058,#4053);
#2250=LINE('',#18059,#4054);
#2251=LINE('',#18062,#4055);
#2252=LINE('',#18064,#4056);
#2253=LINE('',#18065,#4057);
#2254=LINE('',#18067,#4058);
#2255=LINE('',#18068,#4059);
#2256=LINE('',#18072,#4060);
#2257=LINE('',#18074,#4061);
#2258=LINE('',#18076,#4062);
#2259=LINE('',#18077,#4063);
#2260=LINE('',#18080,#4064);
#2261=LINE('',#18082,#4065);
#2262=LINE('',#18083,#4066);
#2263=LINE('',#18086,#4067);
#2264=LINE('',#18088,#4068);
#2265=LINE('',#18089,#4069);
#2266=LINE('',#18091,#4070);
#2267=LINE('',#18092,#4071);
#2268=LINE('',#18096,#4072);
#2269=LINE('',#18098,#4073);
#2270=LINE('',#18100,#4074);
#2271=LINE('',#18101,#4075);
#2272=LINE('',#18104,#4076);
#2273=LINE('',#18106,#4077);
#2274=LINE('',#18107,#4078);
#2275=LINE('',#18110,#4079);
#2276=LINE('',#18112,#4080);
#2277=LINE('',#18113,#4081);
#2278=LINE('',#18115,#4082);
#2279=LINE('',#18116,#4083);
#2280=LINE('',#18121,#4084);
#2281=LINE('',#18123,#4085);
#2282=LINE('',#18125,#4086);
#2283=LINE('',#18126,#4087);
#2284=LINE('',#18129,#4088);
#2285=LINE('',#18131,#4089);
#2286=LINE('',#18132,#4090);
#2287=LINE('',#18135,#4091);
#2288=LINE('',#18137,#4092);
#2289=LINE('',#18138,#4093);
#2290=LINE('',#18140,#4094);
#2291=LINE('',#18141,#4095);
#2292=LINE('',#18146,#4096);
#2293=LINE('',#18148,#4097);
#2294=LINE('',#18150,#4098);
#2295=LINE('',#18151,#4099);
#2296=LINE('',#18154,#4100);
#2297=LINE('',#18156,#4101);
#2298=LINE('',#18157,#4102);
#2299=LINE('',#18160,#4103);
#2300=LINE('',#18162,#4104);
#2301=LINE('',#18163,#4105);
#2302=LINE('',#18165,#4106);
#2303=LINE('',#18166,#4107);
#2304=LINE('',#18170,#4108);
#2305=LINE('',#18172,#4109);
#2306=LINE('',#18174,#4110);
#2307=LINE('',#18175,#4111);
#2308=LINE('',#18178,#4112);
#2309=LINE('',#18180,#4113);
#2310=LINE('',#18181,#4114);
#2311=LINE('',#18184,#4115);
#2312=LINE('',#18186,#4116);
#2313=LINE('',#18187,#4117);
#2314=LINE('',#18189,#4118);
#2315=LINE('',#18190,#4119);
#2316=LINE('',#18194,#4120);
#2317=LINE('',#18196,#4121);
#2318=LINE('',#18198,#4122);
#2319=LINE('',#18199,#4123);
#2320=LINE('',#18202,#4124);
#2321=LINE('',#18204,#4125);
#2322=LINE('',#18205,#4126);
#2323=LINE('',#18208,#4127);
#2324=LINE('',#18210,#4128);
#2325=LINE('',#18211,#4129);
#2326=LINE('',#18213,#4130);
#2327=LINE('',#18214,#4131);
#2328=LINE('',#18218,#4132);
#2329=LINE('',#18220,#4133);
#2330=LINE('',#18222,#4134);
#2331=LINE('',#18223,#4135);
#2332=LINE('',#18226,#4136);
#2333=LINE('',#18228,#4137);
#2334=LINE('',#18229,#4138);
#2335=LINE('',#18232,#4139);
#2336=LINE('',#18234,#4140);
#2337=LINE('',#18235,#4141);
#2338=LINE('',#18237,#4142);
#2339=LINE('',#18238,#4143);
#2340=LINE('',#18242,#4144);
#2341=LINE('',#18244,#4145);
#2342=LINE('',#18246,#4146);
#2343=LINE('',#18247,#4147);
#2344=LINE('',#18250,#4148);
#2345=LINE('',#18252,#4149);
#2346=LINE('',#18253,#4150);
#2347=LINE('',#18256,#4151);
#2348=LINE('',#18258,#4152);
#2349=LINE('',#18259,#4153);
#2350=LINE('',#18261,#4154);
#2351=LINE('',#18262,#4155);
#2352=LINE('',#18267,#4156);
#2353=LINE('',#18269,#4157);
#2354=LINE('',#18271,#4158);
#2355=LINE('',#18272,#4159);
#2356=LINE('',#18275,#4160);
#2357=LINE('',#18277,#4161);
#2358=LINE('',#18278,#4162);
#2359=LINE('',#18281,#4163);
#2360=LINE('',#18283,#4164);
#2361=LINE('',#18284,#4165);
#2362=LINE('',#18286,#4166);
#2363=LINE('',#18287,#4167);
#2364=LINE('',#18292,#4168);
#2365=LINE('',#18294,#4169);
#2366=LINE('',#18296,#4170);
#2367=LINE('',#18297,#4171);
#2368=LINE('',#18300,#4172);
#2369=LINE('',#18302,#4173);
#2370=LINE('',#18303,#4174);
#2371=LINE('',#18306,#4175);
#2372=LINE('',#18308,#4176);
#2373=LINE('',#18309,#4177);
#2374=LINE('',#18311,#4178);
#2375=LINE('',#18312,#4179);
#2376=LINE('',#18317,#4180);
#2377=LINE('',#18319,#4181);
#2378=LINE('',#18321,#4182);
#2379=LINE('',#18322,#4183);
#2380=LINE('',#18325,#4184);
#2381=LINE('',#18327,#4185);
#2382=LINE('',#18328,#4186);
#2383=LINE('',#18331,#4187);
#2384=LINE('',#18333,#4188);
#2385=LINE('',#18334,#4189);
#2386=LINE('',#18336,#4190);
#2387=LINE('',#18337,#4191);
#2388=LINE('',#18341,#4192);
#2389=LINE('',#18343,#4193);
#2390=LINE('',#18345,#4194);
#2391=LINE('',#18346,#4195);
#2392=LINE('',#18349,#4196);
#2393=LINE('',#18351,#4197);
#2394=LINE('',#18352,#4198);
#2395=LINE('',#18355,#4199);
#2396=LINE('',#18357,#4200);
#2397=LINE('',#18358,#4201);
#2398=LINE('',#18360,#4202);
#2399=LINE('',#18361,#4203);
#2400=LINE('',#18365,#4204);
#2401=LINE('',#18367,#4205);
#2402=LINE('',#18369,#4206);
#2403=LINE('',#18370,#4207);
#2404=LINE('',#18373,#4208);
#2405=LINE('',#18375,#4209);
#2406=LINE('',#18376,#4210);
#2407=LINE('',#18379,#4211);
#2408=LINE('',#18381,#4212);
#2409=LINE('',#18382,#4213);
#2410=LINE('',#18384,#4214);
#2411=LINE('',#18385,#4215);
#2412=LINE('',#18390,#4216);
#2413=LINE('',#18392,#4217);
#2414=LINE('',#18394,#4218);
#2415=LINE('',#18395,#4219);
#2416=LINE('',#18398,#4220);
#2417=LINE('',#18400,#4221);
#2418=LINE('',#18401,#4222);
#2419=LINE('',#18404,#4223);
#2420=LINE('',#18406,#4224);
#2421=LINE('',#18407,#4225);
#2422=LINE('',#18409,#4226);
#2423=LINE('',#18410,#4227);
#2424=LINE('',#18414,#4228);
#2425=LINE('',#18416,#4229);
#2426=LINE('',#18418,#4230);
#2427=LINE('',#18419,#4231);
#2428=LINE('',#18422,#4232);
#2429=LINE('',#18424,#4233);
#2430=LINE('',#18425,#4234);
#2431=LINE('',#18428,#4235);
#2432=LINE('',#18430,#4236);
#2433=LINE('',#18431,#4237);
#2434=LINE('',#18433,#4238);
#2435=LINE('',#18434,#4239);
#2436=LINE('',#18438,#4240);
#2437=LINE('',#18440,#4241);
#2438=LINE('',#18442,#4242);
#2439=LINE('',#18443,#4243);
#2440=LINE('',#18446,#4244);
#2441=LINE('',#18448,#4245);
#2442=LINE('',#18449,#4246);
#2443=LINE('',#18452,#4247);
#2444=LINE('',#18454,#4248);
#2445=LINE('',#18455,#4249);
#2446=LINE('',#18457,#4250);
#2447=LINE('',#18458,#4251);
#2448=LINE('',#18462,#4252);
#2449=LINE('',#18464,#4253);
#2450=LINE('',#18466,#4254);
#2451=LINE('',#18467,#4255);
#2452=LINE('',#18470,#4256);
#2453=LINE('',#18472,#4257);
#2454=LINE('',#18473,#4258);
#2455=LINE('',#18476,#4259);
#2456=LINE('',#18478,#4260);
#2457=LINE('',#18479,#4261);
#2458=LINE('',#18481,#4262);
#2459=LINE('',#18482,#4263);
#2460=LINE('',#18486,#4264);
#2461=LINE('',#18488,#4265);
#2462=LINE('',#18490,#4266);
#2463=LINE('',#18491,#4267);
#2464=LINE('',#18494,#4268);
#2465=LINE('',#18496,#4269);
#2466=LINE('',#18497,#4270);
#2467=LINE('',#18500,#4271);
#2468=LINE('',#18502,#4272);
#2469=LINE('',#18503,#4273);
#2470=LINE('',#18505,#4274);
#2471=LINE('',#18506,#4275);
#2472=LINE('',#18510,#4276);
#2473=LINE('',#18512,#4277);
#2474=LINE('',#18514,#4278);
#2475=LINE('',#18515,#4279);
#2476=LINE('',#18518,#4280);
#2477=LINE('',#18520,#4281);
#2478=LINE('',#18521,#4282);
#2479=LINE('',#18524,#4283);
#2480=LINE('',#18526,#4284);
#2481=LINE('',#18527,#4285);
#2482=LINE('',#18529,#4286);
#2483=LINE('',#18530,#4287);
#2484=LINE('',#18534,#4288);
#2485=LINE('',#18536,#4289);
#2486=LINE('',#18538,#4290);
#2487=LINE('',#18539,#4291);
#2488=LINE('',#18542,#4292);
#2489=LINE('',#18544,#4293);
#2490=LINE('',#18545,#4294);
#2491=LINE('',#18548,#4295);
#2492=LINE('',#18550,#4296);
#2493=LINE('',#18551,#4297);
#2494=LINE('',#18553,#4298);
#2495=LINE('',#18554,#4299);
#2496=LINE('',#18558,#4300);
#2497=LINE('',#18560,#4301);
#2498=LINE('',#18562,#4302);
#2499=LINE('',#18563,#4303);
#2500=LINE('',#18566,#4304);
#2501=LINE('',#18568,#4305);
#2502=LINE('',#18569,#4306);
#2503=LINE('',#18572,#4307);
#2504=LINE('',#18574,#4308);
#2505=LINE('',#18575,#4309);
#2506=LINE('',#18577,#4310);
#2507=LINE('',#18578,#4311);
#2508=LINE('',#18582,#4312);
#2509=LINE('',#18584,#4313);
#2510=LINE('',#18586,#4314);
#2511=LINE('',#18587,#4315);
#2512=LINE('',#18590,#4316);
#2513=LINE('',#18592,#4317);
#2514=LINE('',#18593,#4318);
#2515=LINE('',#18596,#4319);
#2516=LINE('',#18598,#4320);
#2517=LINE('',#18599,#4321);
#2518=LINE('',#18601,#4322);
#2519=LINE('',#18602,#4323);
#2520=LINE('',#18606,#4324);
#2521=LINE('',#18608,#4325);
#2522=LINE('',#18610,#4326);
#2523=LINE('',#18611,#4327);
#2524=LINE('',#18614,#4328);
#2525=LINE('',#18616,#4329);
#2526=LINE('',#18617,#4330);
#2527=LINE('',#18620,#4331);
#2528=LINE('',#18622,#4332);
#2529=LINE('',#18623,#4333);
#2530=LINE('',#18625,#4334);
#2531=LINE('',#18626,#4335);
#2532=LINE('',#18630,#4336);
#2533=LINE('',#18632,#4337);
#2534=LINE('',#18634,#4338);
#2535=LINE('',#18635,#4339);
#2536=LINE('',#18638,#4340);
#2537=LINE('',#18640,#4341);
#2538=LINE('',#18641,#4342);
#2539=LINE('',#18644,#4343);
#2540=LINE('',#18646,#4344);
#2541=LINE('',#18647,#4345);
#2542=LINE('',#18649,#4346);
#2543=LINE('',#18650,#4347);
#2544=LINE('',#18655,#4348);
#2545=LINE('',#18657,#4349);
#2546=LINE('',#18659,#4350);
#2547=LINE('',#18660,#4351);
#2548=LINE('',#18663,#4352);
#2549=LINE('',#18665,#4353);
#2550=LINE('',#18666,#4354);
#2551=LINE('',#18669,#4355);
#2552=LINE('',#18671,#4356);
#2553=LINE('',#18672,#4357);
#2554=LINE('',#18674,#4358);
#2555=LINE('',#18675,#4359);
#2556=LINE('',#18679,#4360);
#2557=LINE('',#18681,#4361);
#2558=LINE('',#18683,#4362);
#2559=LINE('',#18684,#4363);
#2560=LINE('',#18687,#4364);
#2561=LINE('',#18689,#4365);
#2562=LINE('',#18690,#4366);
#2563=LINE('',#18693,#4367);
#2564=LINE('',#18695,#4368);
#2565=LINE('',#18696,#4369);
#2566=LINE('',#18698,#4370);
#2567=LINE('',#18699,#4371);
#2568=LINE('',#18703,#4372);
#2569=LINE('',#18705,#4373);
#2570=LINE('',#18707,#4374);
#2571=LINE('',#18708,#4375);
#2572=LINE('',#18711,#4376);
#2573=LINE('',#18713,#4377);
#2574=LINE('',#18714,#4378);
#2575=LINE('',#18717,#4379);
#2576=LINE('',#18719,#4380);
#2577=LINE('',#18720,#4381);
#2578=LINE('',#18722,#4382);
#2579=LINE('',#18723,#4383);
#2580=LINE('',#18728,#4384);
#2581=LINE('',#18730,#4385);
#2582=LINE('',#18732,#4386);
#2583=LINE('',#18733,#4387);
#2584=LINE('',#18736,#4388);
#2585=LINE('',#18738,#4389);
#2586=LINE('',#18739,#4390);
#2587=LINE('',#18742,#4391);
#2588=LINE('',#18744,#4392);
#2589=LINE('',#18745,#4393);
#2590=LINE('',#18747,#4394);
#2591=LINE('',#18748,#4395);
#2592=LINE('',#18752,#4396);
#2593=LINE('',#18754,#4397);
#2594=LINE('',#18756,#4398);
#2595=LINE('',#18757,#4399);
#2596=LINE('',#18760,#4400);
#2597=LINE('',#18762,#4401);
#2598=LINE('',#18763,#4402);
#2599=LINE('',#18766,#4403);
#2600=LINE('',#18768,#4404);
#2601=LINE('',#18769,#4405);
#2602=LINE('',#18771,#4406);
#2603=LINE('',#18772,#4407);
#2604=LINE('',#18776,#4408);
#2605=LINE('',#18778,#4409);
#2606=LINE('',#18780,#4410);
#2607=LINE('',#18781,#4411);
#2608=LINE('',#18784,#4412);
#2609=LINE('',#18786,#4413);
#2610=LINE('',#18787,#4414);
#2611=LINE('',#18790,#4415);
#2612=LINE('',#18792,#4416);
#2613=LINE('',#18793,#4417);
#2614=LINE('',#18795,#4418);
#2615=LINE('',#18796,#4419);
#2616=LINE('',#18801,#4420);
#2617=LINE('',#18803,#4421);
#2618=LINE('',#18805,#4422);
#2619=LINE('',#18806,#4423);
#2620=LINE('',#18809,#4424);
#2621=LINE('',#18811,#4425);
#2622=LINE('',#18812,#4426);
#2623=LINE('',#18815,#4427);
#2624=LINE('',#18817,#4428);
#2625=LINE('',#18818,#4429);
#2626=LINE('',#18820,#4430);
#2627=LINE('',#18821,#4431);
#2628=LINE('',#18825,#4432);
#2629=LINE('',#18827,#4433);
#2630=LINE('',#18829,#4434);
#2631=LINE('',#18830,#4435);
#2632=LINE('',#18833,#4436);
#2633=LINE('',#18835,#4437);
#2634=LINE('',#18836,#4438);
#2635=LINE('',#18839,#4439);
#2636=LINE('',#18841,#4440);
#2637=LINE('',#18842,#4441);
#2638=LINE('',#18844,#4442);
#2639=LINE('',#18845,#4443);
#2640=LINE('',#18849,#4444);
#2641=LINE('',#18851,#4445);
#2642=LINE('',#18853,#4446);
#2643=LINE('',#18854,#4447);
#2644=LINE('',#18857,#4448);
#2645=LINE('',#18859,#4449);
#2646=LINE('',#18860,#4450);
#2647=LINE('',#18863,#4451);
#2648=LINE('',#18865,#4452);
#2649=LINE('',#18866,#4453);
#2650=LINE('',#18868,#4454);
#2651=LINE('',#18869,#4455);
#2652=LINE('',#18873,#4456);
#2653=LINE('',#18875,#4457);
#2654=LINE('',#18877,#4458);
#2655=LINE('',#18878,#4459);
#2656=LINE('',#18881,#4460);
#2657=LINE('',#18883,#4461);
#2658=LINE('',#18884,#4462);
#2659=LINE('',#18887,#4463);
#2660=LINE('',#18889,#4464);
#2661=LINE('',#18890,#4465);
#2662=LINE('',#18892,#4466);
#2663=LINE('',#18893,#4467);
#2664=LINE('',#18897,#4468);
#2665=LINE('',#18899,#4469);
#2666=LINE('',#18901,#4470);
#2667=LINE('',#18902,#4471);
#2668=LINE('',#18905,#4472);
#2669=LINE('',#18907,#4473);
#2670=LINE('',#18908,#4474);
#2671=LINE('',#18911,#4475);
#2672=LINE('',#18913,#4476);
#2673=LINE('',#18914,#4477);
#2674=LINE('',#18916,#4478);
#2675=LINE('',#18917,#4479);
#2676=LINE('',#18921,#4480);
#2677=LINE('',#18923,#4481);
#2678=LINE('',#18925,#4482);
#2679=LINE('',#18926,#4483);
#2680=LINE('',#18929,#4484);
#2681=LINE('',#18931,#4485);
#2682=LINE('',#18932,#4486);
#2683=LINE('',#18935,#4487);
#2684=LINE('',#18937,#4488);
#2685=LINE('',#18938,#4489);
#2686=LINE('',#18940,#4490);
#2687=LINE('',#18941,#4491);
#2688=LINE('',#18946,#4492);
#2689=LINE('',#18948,#4493);
#2690=LINE('',#18950,#4494);
#2691=LINE('',#18951,#4495);
#2692=LINE('',#18954,#4496);
#2693=LINE('',#18956,#4497);
#2694=LINE('',#18957,#4498);
#2695=LINE('',#18960,#4499);
#2696=LINE('',#18962,#4500);
#2697=LINE('',#18963,#4501);
#2698=LINE('',#18965,#4502);
#2699=LINE('',#18966,#4503);
#2700=LINE('',#18970,#4504);
#2701=LINE('',#18972,#4505);
#2702=LINE('',#18974,#4506);
#2703=LINE('',#18975,#4507);
#2704=LINE('',#18978,#4508);
#2705=LINE('',#18980,#4509);
#2706=LINE('',#18981,#4510);
#2707=LINE('',#18984,#4511);
#2708=LINE('',#18986,#4512);
#2709=LINE('',#18987,#4513);
#2710=LINE('',#18989,#4514);
#2711=LINE('',#18990,#4515);
#2712=LINE('',#18995,#4516);
#2713=LINE('',#18997,#4517);
#2714=LINE('',#18999,#4518);
#2715=LINE('',#19000,#4519);
#2716=LINE('',#19003,#4520);
#2717=LINE('',#19005,#4521);
#2718=LINE('',#19006,#4522);
#2719=LINE('',#19009,#4523);
#2720=LINE('',#19011,#4524);
#2721=LINE('',#19012,#4525);
#2722=LINE('',#19014,#4526);
#2723=LINE('',#19015,#4527);
#2724=LINE('',#19019,#4528);
#2725=LINE('',#19021,#4529);
#2726=LINE('',#19023,#4530);
#2727=LINE('',#19024,#4531);
#2728=LINE('',#19027,#4532);
#2729=LINE('',#19029,#4533);
#2730=LINE('',#19030,#4534);
#2731=LINE('',#19033,#4535);
#2732=LINE('',#19035,#4536);
#2733=LINE('',#19036,#4537);
#2734=LINE('',#19038,#4538);
#2735=LINE('',#19039,#4539);
#2736=LINE('',#19043,#4540);
#2737=LINE('',#19045,#4541);
#2738=LINE('',#19047,#4542);
#2739=LINE('',#19048,#4543);
#2740=LINE('',#19051,#4544);
#2741=LINE('',#19053,#4545);
#2742=LINE('',#19054,#4546);
#2743=LINE('',#19057,#4547);
#2744=LINE('',#19059,#4548);
#2745=LINE('',#19060,#4549);
#2746=LINE('',#19062,#4550);
#2747=LINE('',#19063,#4551);
#2748=LINE('',#19067,#4552);
#2749=LINE('',#19069,#4553);
#2750=LINE('',#19071,#4554);
#2751=LINE('',#19072,#4555);
#2752=LINE('',#19075,#4556);
#2753=LINE('',#19077,#4557);
#2754=LINE('',#19078,#4558);
#2755=LINE('',#19081,#4559);
#2756=LINE('',#19083,#4560);
#2757=LINE('',#19084,#4561);
#2758=LINE('',#19086,#4562);
#2759=LINE('',#19087,#4563);
#2760=LINE('',#19092,#4564);
#2761=LINE('',#19094,#4565);
#2762=LINE('',#19096,#4566);
#2763=LINE('',#19097,#4567);
#2764=LINE('',#19100,#4568);
#2765=LINE('',#19102,#4569);
#2766=LINE('',#19103,#4570);
#2767=LINE('',#19106,#4571);
#2768=LINE('',#19108,#4572);
#2769=LINE('',#19109,#4573);
#2770=LINE('',#19111,#4574);
#2771=LINE('',#19112,#4575);
#2772=LINE('',#19116,#4576);
#2773=LINE('',#19118,#4577);
#2774=LINE('',#19120,#4578);
#2775=LINE('',#19121,#4579);
#2776=LINE('',#19124,#4580);
#2777=LINE('',#19126,#4581);
#2778=LINE('',#19127,#4582);
#2779=LINE('',#19130,#4583);
#2780=LINE('',#19132,#4584);
#2781=LINE('',#19133,#4585);
#2782=LINE('',#19135,#4586);
#2783=LINE('',#19136,#4587);
#2784=LINE('',#19141,#4588);
#2785=LINE('',#19143,#4589);
#2786=LINE('',#19145,#4590);
#2787=LINE('',#19146,#4591);
#2788=LINE('',#19149,#4592);
#2789=LINE('',#19151,#4593);
#2790=LINE('',#19152,#4594);
#2791=LINE('',#19155,#4595);
#2792=LINE('',#19157,#4596);
#2793=LINE('',#19158,#4597);
#2794=LINE('',#19160,#4598);
#2795=LINE('',#19161,#4599);
#2796=LINE('',#19166,#4600);
#2797=LINE('',#19168,#4601);
#2798=LINE('',#19170,#4602);
#2799=LINE('',#19171,#4603);
#2800=LINE('',#19174,#4604);
#2801=LINE('',#19176,#4605);
#2802=LINE('',#19177,#4606);
#2803=LINE('',#19180,#4607);
#2804=LINE('',#19182,#4608);
#2805=LINE('',#19183,#4609);
#2806=LINE('',#19185,#4610);
#2807=LINE('',#19186,#4611);
#2808=LINE('',#19190,#4612);
#2809=LINE('',#19192,#4613);
#2810=LINE('',#19194,#4614);
#2811=LINE('',#19195,#4615);
#2812=LINE('',#19198,#4616);
#2813=LINE('',#19200,#4617);
#2814=LINE('',#19201,#4618);
#2815=LINE('',#19204,#4619);
#2816=LINE('',#19206,#4620);
#2817=LINE('',#19207,#4621);
#2818=LINE('',#19209,#4622);
#2819=LINE('',#19210,#4623);
#2820=LINE('',#19214,#4624);
#2821=LINE('',#19216,#4625);
#2822=LINE('',#19218,#4626);
#2823=LINE('',#19219,#4627);
#2824=LINE('',#19222,#4628);
#2825=LINE('',#19224,#4629);
#2826=LINE('',#19225,#4630);
#2827=LINE('',#19228,#4631);
#2828=LINE('',#19230,#4632);
#2829=LINE('',#19231,#4633);
#2830=LINE('',#19233,#4634);
#2831=LINE('',#19234,#4635);
#2832=LINE('',#19238,#4636);
#2833=LINE('',#19240,#4637);
#2834=LINE('',#19242,#4638);
#2835=LINE('',#19243,#4639);
#2836=LINE('',#19246,#4640);
#2837=LINE('',#19248,#4641);
#2838=LINE('',#19249,#4642);
#2839=LINE('',#19252,#4643);
#2840=LINE('',#19254,#4644);
#2841=LINE('',#19255,#4645);
#2842=LINE('',#19257,#4646);
#2843=LINE('',#19258,#4647);
#2844=LINE('',#19262,#4648);
#2845=LINE('',#19264,#4649);
#2846=LINE('',#19266,#4650);
#2847=LINE('',#19267,#4651);
#2848=LINE('',#19270,#4652);
#2849=LINE('',#19272,#4653);
#2850=LINE('',#19273,#4654);
#2851=LINE('',#19276,#4655);
#2852=LINE('',#19278,#4656);
#2853=LINE('',#19279,#4657);
#2854=LINE('',#19281,#4658);
#2855=LINE('',#19282,#4659);
#2856=LINE('',#19287,#4660);
#2857=LINE('',#19289,#4661);
#2858=LINE('',#19291,#4662);
#2859=LINE('',#19292,#4663);
#2860=LINE('',#19295,#4664);
#2861=LINE('',#19297,#4665);
#2862=LINE('',#19298,#4666);
#2863=LINE('',#19301,#4667);
#2864=LINE('',#19303,#4668);
#2865=LINE('',#19304,#4669);
#2866=LINE('',#19306,#4670);
#2867=LINE('',#19307,#4671);
#2868=LINE('',#19311,#4672);
#2869=LINE('',#19313,#4673);
#2870=LINE('',#19315,#4674);
#2871=LINE('',#19316,#4675);
#2872=LINE('',#19319,#4676);
#2873=LINE('',#19321,#4677);
#2874=LINE('',#19322,#4678);
#2875=LINE('',#19325,#4679);
#2876=LINE('',#19327,#4680);
#2877=LINE('',#19328,#4681);
#2878=LINE('',#19330,#4682);
#2879=LINE('',#19331,#4683);
#2880=LINE('',#19335,#4684);
#2881=LINE('',#19337,#4685);
#2882=LINE('',#19339,#4686);
#2883=LINE('',#19340,#4687);
#2884=LINE('',#19343,#4688);
#2885=LINE('',#19345,#4689);
#2886=LINE('',#19346,#4690);
#2887=LINE('',#19349,#4691);
#2888=LINE('',#19351,#4692);
#2889=LINE('',#19352,#4693);
#2890=LINE('',#19354,#4694);
#2891=LINE('',#19355,#4695);
#2892=LINE('',#19359,#4696);
#2893=LINE('',#19361,#4697);
#2894=LINE('',#19363,#4698);
#2895=LINE('',#19364,#4699);
#2896=LINE('',#19367,#4700);
#2897=LINE('',#19369,#4701);
#2898=LINE('',#19370,#4702);
#2899=LINE('',#19373,#4703);
#2900=LINE('',#19375,#4704);
#2901=LINE('',#19376,#4705);
#2902=LINE('',#19378,#4706);
#2903=LINE('',#19379,#4707);
#2904=LINE('',#19383,#4708);
#2905=LINE('',#19385,#4709);
#2906=LINE('',#19387,#4710);
#2907=LINE('',#19388,#4711);
#2908=LINE('',#19391,#4712);
#2909=LINE('',#19393,#4713);
#2910=LINE('',#19394,#4714);
#2911=LINE('',#19397,#4715);
#2912=LINE('',#19399,#4716);
#2913=LINE('',#19400,#4717);
#2914=LINE('',#19402,#4718);
#2915=LINE('',#19403,#4719);
#2916=LINE('',#19408,#4720);
#2917=LINE('',#19410,#4721);
#2918=LINE('',#19412,#4722);
#2919=LINE('',#19413,#4723);
#2920=LINE('',#19416,#4724);
#2921=LINE('',#19418,#4725);
#2922=LINE('',#19419,#4726);
#2923=LINE('',#19422,#4727);
#2924=LINE('',#19424,#4728);
#2925=LINE('',#19425,#4729);
#2926=LINE('',#19427,#4730);
#2927=LINE('',#19428,#4731);
#2928=LINE('',#19432,#4732);
#2929=LINE('',#19434,#4733);
#2930=LINE('',#19436,#4734);
#2931=LINE('',#19437,#4735);
#2932=LINE('',#19440,#4736);
#2933=LINE('',#19442,#4737);
#2934=LINE('',#19443,#4738);
#2935=LINE('',#19446,#4739);
#2936=LINE('',#19448,#4740);
#2937=LINE('',#19449,#4741);
#2938=LINE('',#19451,#4742);
#2939=LINE('',#19452,#4743);
#2940=LINE('',#19456,#4744);
#2941=LINE('',#19458,#4745);
#2942=LINE('',#19460,#4746);
#2943=LINE('',#19461,#4747);
#2944=LINE('',#19464,#4748);
#2945=LINE('',#19466,#4749);
#2946=LINE('',#19467,#4750);
#2947=LINE('',#19470,#4751);
#2948=LINE('',#19472,#4752);
#2949=LINE('',#19473,#4753);
#2950=LINE('',#19475,#4754);
#2951=LINE('',#19476,#4755);
#2952=LINE('',#19481,#4756);
#2953=LINE('',#19483,#4757);
#2954=LINE('',#19485,#4758);
#2955=LINE('',#19486,#4759);
#2956=LINE('',#19489,#4760);
#2957=LINE('',#19491,#4761);
#2958=LINE('',#19492,#4762);
#2959=LINE('',#19495,#4763);
#2960=LINE('',#19497,#4764);
#2961=LINE('',#19498,#4765);
#2962=LINE('',#19500,#4766);
#2963=LINE('',#19501,#4767);
#2964=LINE('',#19506,#4768);
#2965=LINE('',#19508,#4769);
#2966=LINE('',#19510,#4770);
#2967=LINE('',#19511,#4771);
#2968=LINE('',#19514,#4772);
#2969=LINE('',#19516,#4773);
#2970=LINE('',#19517,#4774);
#2971=LINE('',#19520,#4775);
#2972=LINE('',#19522,#4776);
#2973=LINE('',#19523,#4777);
#2974=LINE('',#19525,#4778);
#2975=LINE('',#19526,#4779);
#2976=LINE('',#19530,#4780);
#2977=LINE('',#19532,#4781);
#2978=LINE('',#19534,#4782);
#2979=LINE('',#19535,#4783);
#2980=LINE('',#19538,#4784);
#2981=LINE('',#19540,#4785);
#2982=LINE('',#19541,#4786);
#2983=LINE('',#19544,#4787);
#2984=LINE('',#19546,#4788);
#2985=LINE('',#19547,#4789);
#2986=LINE('',#19549,#4790);
#2987=LINE('',#19550,#4791);
#2988=LINE('',#19555,#4792);
#2989=LINE('',#19557,#4793);
#2990=LINE('',#19559,#4794);
#2991=LINE('',#19560,#4795);
#2992=LINE('',#19563,#4796);
#2993=LINE('',#19565,#4797);
#2994=LINE('',#19566,#4798);
#2995=LINE('',#19569,#4799);
#2996=LINE('',#19571,#4800);
#2997=LINE('',#19572,#4801);
#2998=LINE('',#19574,#4802);
#2999=LINE('',#19575,#4803);
#3000=LINE('',#19579,#4804);
#3001=LINE('',#19581,#4805);
#3002=LINE('',#19583,#4806);
#3003=LINE('',#19584,#4807);
#3004=LINE('',#19587,#4808);
#3005=LINE('',#19589,#4809);
#3006=LINE('',#19590,#4810);
#3007=LINE('',#19593,#4811);
#3008=LINE('',#19595,#4812);
#3009=LINE('',#19596,#4813);
#3010=LINE('',#19598,#4814);
#3011=LINE('',#19599,#4815);
#3012=LINE('',#19603,#4816);
#3013=LINE('',#19605,#4817);
#3014=LINE('',#19607,#4818);
#3015=LINE('',#19608,#4819);
#3016=LINE('',#19611,#4820);
#3017=LINE('',#19613,#4821);
#3018=LINE('',#19614,#4822);
#3019=LINE('',#19617,#4823);
#3020=LINE('',#19619,#4824);
#3021=LINE('',#19620,#4825);
#3022=LINE('',#19622,#4826);
#3023=LINE('',#19623,#4827);
#3024=LINE('',#19627,#4828);
#3025=LINE('',#19629,#4829);
#3026=LINE('',#19631,#4830);
#3027=LINE('',#19632,#4831);
#3028=LINE('',#19635,#4832);
#3029=LINE('',#19637,#4833);
#3030=LINE('',#19638,#4834);
#3031=LINE('',#19641,#4835);
#3032=LINE('',#19643,#4836);
#3033=LINE('',#19644,#4837);
#3034=LINE('',#19646,#4838);
#3035=LINE('',#19647,#4839);
#3036=LINE('',#19651,#4840);
#3037=LINE('',#19653,#4841);
#3038=LINE('',#19655,#4842);
#3039=LINE('',#19656,#4843);
#3040=LINE('',#19659,#4844);
#3041=LINE('',#19661,#4845);
#3042=LINE('',#19662,#4846);
#3043=LINE('',#19665,#4847);
#3044=LINE('',#19667,#4848);
#3045=LINE('',#19668,#4849);
#3046=LINE('',#19670,#4850);
#3047=LINE('',#19671,#4851);
#3048=LINE('',#19675,#4852);
#3049=LINE('',#19677,#4853);
#3050=LINE('',#19679,#4854);
#3051=LINE('',#19680,#4855);
#3052=LINE('',#19683,#4856);
#3053=LINE('',#19685,#4857);
#3054=LINE('',#19686,#4858);
#3055=LINE('',#19689,#4859);
#3056=LINE('',#19691,#4860);
#3057=LINE('',#19692,#4861);
#3058=LINE('',#19694,#4862);
#3059=LINE('',#19695,#4863);
#3060=LINE('',#19699,#4864);
#3061=LINE('',#19701,#4865);
#3062=LINE('',#19703,#4866);
#3063=LINE('',#19704,#4867);
#3064=LINE('',#19707,#4868);
#3065=LINE('',#19709,#4869);
#3066=LINE('',#19710,#4870);
#3067=LINE('',#19713,#4871);
#3068=LINE('',#19715,#4872);
#3069=LINE('',#19716,#4873);
#3070=LINE('',#19718,#4874);
#3071=LINE('',#19719,#4875);
#3072=LINE('',#19723,#4876);
#3073=LINE('',#19725,#4877);
#3074=LINE('',#19727,#4878);
#3075=LINE('',#19728,#4879);
#3076=LINE('',#19731,#4880);
#3077=LINE('',#19733,#4881);
#3078=LINE('',#19734,#4882);
#3079=LINE('',#19737,#4883);
#3080=LINE('',#19739,#4884);
#3081=LINE('',#19740,#4885);
#3082=LINE('',#19742,#4886);
#3083=LINE('',#19743,#4887);
#3084=LINE('',#19747,#4888);
#3085=LINE('',#19749,#4889);
#3086=LINE('',#19751,#4890);
#3087=LINE('',#19752,#4891);
#3088=LINE('',#19755,#4892);
#3089=LINE('',#19757,#4893);
#3090=LINE('',#19758,#4894);
#3091=LINE('',#19761,#4895);
#3092=LINE('',#19763,#4896);
#3093=LINE('',#19764,#4897);
#3094=LINE('',#19766,#4898);
#3095=LINE('',#19767,#4899);
#3096=LINE('',#19772,#4900);
#3097=LINE('',#19774,#4901);
#3098=LINE('',#19776,#4902);
#3099=LINE('',#19777,#4903);
#3100=LINE('',#19780,#4904);
#3101=LINE('',#19782,#4905);
#3102=LINE('',#19783,#4906);
#3103=LINE('',#19786,#4907);
#3104=LINE('',#19788,#4908);
#3105=LINE('',#19789,#4909);
#3106=LINE('',#19791,#4910);
#3107=LINE('',#19792,#4911);
#3108=LINE('',#19796,#4912);
#3109=LINE('',#19798,#4913);
#3110=LINE('',#19800,#4914);
#3111=LINE('',#19801,#4915);
#3112=LINE('',#19804,#4916);
#3113=LINE('',#19806,#4917);
#3114=LINE('',#19807,#4918);
#3115=LINE('',#19810,#4919);
#3116=LINE('',#19812,#4920);
#3117=LINE('',#19813,#4921);
#3118=LINE('',#19815,#4922);
#3119=LINE('',#19816,#4923);
#3120=LINE('',#19820,#4924);
#3121=LINE('',#19822,#4925);
#3122=LINE('',#19824,#4926);
#3123=LINE('',#19825,#4927);
#3124=LINE('',#19828,#4928);
#3125=LINE('',#19830,#4929);
#3126=LINE('',#19831,#4930);
#3127=LINE('',#19834,#4931);
#3128=LINE('',#19836,#4932);
#3129=LINE('',#19837,#4933);
#3130=LINE('',#19839,#4934);
#3131=LINE('',#19840,#4935);
#3132=LINE('',#19844,#4936);
#3133=LINE('',#19846,#4937);
#3134=LINE('',#19848,#4938);
#3135=LINE('',#19849,#4939);
#3136=LINE('',#19852,#4940);
#3137=LINE('',#19854,#4941);
#3138=LINE('',#19855,#4942);
#3139=LINE('',#19858,#4943);
#3140=LINE('',#19860,#4944);
#3141=LINE('',#19861,#4945);
#3142=LINE('',#19863,#4946);
#3143=LINE('',#19864,#4947);
#3144=LINE('',#19868,#4948);
#3145=LINE('',#19870,#4949);
#3146=LINE('',#19872,#4950);
#3147=LINE('',#19873,#4951);
#3148=LINE('',#19876,#4952);
#3149=LINE('',#19878,#4953);
#3150=LINE('',#19879,#4954);
#3151=LINE('',#19882,#4955);
#3152=LINE('',#19884,#4956);
#3153=LINE('',#19885,#4957);
#3154=LINE('',#19887,#4958);
#3155=LINE('',#19888,#4959);
#3156=LINE('',#19892,#4960);
#3157=LINE('',#19894,#4961);
#3158=LINE('',#19896,#4962);
#3159=LINE('',#19897,#4963);
#3160=LINE('',#19900,#4964);
#3161=LINE('',#19902,#4965);
#3162=LINE('',#19903,#4966);
#3163=LINE('',#19906,#4967);
#3164=LINE('',#19908,#4968);
#3165=LINE('',#19909,#4969);
#3166=LINE('',#19911,#4970);
#3167=LINE('',#19912,#4971);
#3168=LINE('',#19916,#4972);
#3169=LINE('',#19918,#4973);
#3170=LINE('',#19920,#4974);
#3171=LINE('',#19921,#4975);
#3172=LINE('',#19924,#4976);
#3173=LINE('',#19926,#4977);
#3174=LINE('',#19927,#4978);
#3175=LINE('',#19930,#4979);
#3176=LINE('',#19932,#4980);
#3177=LINE('',#19933,#4981);
#3178=LINE('',#19935,#4982);
#3179=LINE('',#19936,#4983);
#3180=LINE('',#19941,#4984);
#3181=LINE('',#19943,#4985);
#3182=LINE('',#19945,#4986);
#3183=LINE('',#19946,#4987);
#3184=LINE('',#19949,#4988);
#3185=LINE('',#19951,#4989);
#3186=LINE('',#19952,#4990);
#3187=LINE('',#19955,#4991);
#3188=LINE('',#19957,#4992);
#3189=LINE('',#19958,#4993);
#3190=LINE('',#19960,#4994);
#3191=LINE('',#19961,#4995);
#3192=LINE('',#19965,#4996);
#3193=LINE('',#19967,#4997);
#3194=LINE('',#19969,#4998);
#3195=LINE('',#19970,#4999);
#3196=LINE('',#19973,#5000);
#3197=LINE('',#19975,#5001);
#3198=LINE('',#19976,#5002);
#3199=LINE('',#19979,#5003);
#3200=LINE('',#19981,#5004);
#3201=LINE('',#19982,#5005);
#3202=LINE('',#19984,#5006);
#3203=LINE('',#19985,#5007);
#3204=LINE('',#19989,#5008);
#3205=LINE('',#19991,#5009);
#3206=LINE('',#19993,#5010);
#3207=LINE('',#19994,#5011);
#3208=LINE('',#19997,#5012);
#3209=LINE('',#19999,#5013);
#3210=LINE('',#20000,#5014);
#3211=LINE('',#20003,#5015);
#3212=LINE('',#20005,#5016);
#3213=LINE('',#20006,#5017);
#3214=LINE('',#20008,#5018);
#3215=LINE('',#20009,#5019);
#3216=LINE('',#20014,#5020);
#3217=LINE('',#20016,#5021);
#3218=LINE('',#20018,#5022);
#3219=LINE('',#20019,#5023);
#3220=LINE('',#20022,#5024);
#3221=LINE('',#20024,#5025);
#3222=LINE('',#20025,#5026);
#3223=LINE('',#20028,#5027);
#3224=LINE('',#20030,#5028);
#3225=LINE('',#20031,#5029);
#3226=LINE('',#20033,#5030);
#3227=LINE('',#20034,#5031);
#3228=LINE('',#20038,#5032);
#3229=LINE('',#20040,#5033);
#3230=LINE('',#20042,#5034);
#3231=LINE('',#20043,#5035);
#3232=LINE('',#20046,#5036);
#3233=LINE('',#20048,#5037);
#3234=LINE('',#20049,#5038);
#3235=LINE('',#20052,#5039);
#3236=LINE('',#20054,#5040);
#3237=LINE('',#20055,#5041);
#3238=LINE('',#20057,#5042);
#3239=LINE('',#20058,#5043);
#3240=LINE('',#20062,#5044);
#3241=LINE('',#20064,#5045);
#3242=LINE('',#20066,#5046);
#3243=LINE('',#20067,#5047);
#3244=LINE('',#20070,#5048);
#3245=LINE('',#20072,#5049);
#3246=LINE('',#20073,#5050);
#3247=LINE('',#20076,#5051);
#3248=LINE('',#20078,#5052);
#3249=LINE('',#20079,#5053);
#3250=LINE('',#20081,#5054);
#3251=LINE('',#20082,#5055);
#3252=LINE('',#20087,#5056);
#3253=LINE('',#20089,#5057);
#3254=LINE('',#20091,#5058);
#3255=LINE('',#20092,#5059);
#3256=LINE('',#20095,#5060);
#3257=LINE('',#20097,#5061);
#3258=LINE('',#20098,#5062);
#3259=LINE('',#20101,#5063);
#3260=LINE('',#20103,#5064);
#3261=LINE('',#20104,#5065);
#3262=LINE('',#20106,#5066);
#3263=LINE('',#20107,#5067);
#3264=LINE('',#20111,#5068);
#3265=LINE('',#20113,#5069);
#3266=LINE('',#20115,#5070);
#3267=LINE('',#20116,#5071);
#3268=LINE('',#20119,#5072);
#3269=LINE('',#20121,#5073);
#3270=LINE('',#20122,#5074);
#3271=LINE('',#20125,#5075);
#3272=LINE('',#20127,#5076);
#3273=LINE('',#20128,#5077);
#3274=LINE('',#20130,#5078);
#3275=LINE('',#20131,#5079);
#3276=LINE('',#20136,#5080);
#3277=LINE('',#20138,#5081);
#3278=LINE('',#20140,#5082);
#3279=LINE('',#20141,#5083);
#3280=LINE('',#20144,#5084);
#3281=LINE('',#20146,#5085);
#3282=LINE('',#20147,#5086);
#3283=LINE('',#20150,#5087);
#3284=LINE('',#20152,#5088);
#3285=LINE('',#20153,#5089);
#3286=LINE('',#20155,#5090);
#3287=LINE('',#20156,#5091);
#3288=LINE('',#20160,#5092);
#3289=LINE('',#20162,#5093);
#3290=LINE('',#20164,#5094);
#3291=LINE('',#20165,#5095);
#3292=LINE('',#20168,#5096);
#3293=LINE('',#20170,#5097);
#3294=LINE('',#20171,#5098);
#3295=LINE('',#20174,#5099);
#3296=LINE('',#20176,#5100);
#3297=LINE('',#20177,#5101);
#3298=LINE('',#20179,#5102);
#3299=LINE('',#20180,#5103);
#3300=LINE('',#20184,#5104);
#3301=LINE('',#20186,#5105);
#3302=LINE('',#20188,#5106);
#3303=LINE('',#20189,#5107);
#3304=LINE('',#20192,#5108);
#3305=LINE('',#20194,#5109);
#3306=LINE('',#20195,#5110);
#3307=LINE('',#20198,#5111);
#3308=LINE('',#20200,#5112);
#3309=LINE('',#20201,#5113);
#3310=LINE('',#20203,#5114);
#3311=LINE('',#20204,#5115);
#3312=LINE('',#20209,#5116);
#3313=LINE('',#20211,#5117);
#3314=LINE('',#20213,#5118);
#3315=LINE('',#20214,#5119);
#3316=LINE('',#20217,#5120);
#3317=LINE('',#20219,#5121);
#3318=LINE('',#20220,#5122);
#3319=LINE('',#20223,#5123);
#3320=LINE('',#20225,#5124);
#3321=LINE('',#20226,#5125);
#3322=LINE('',#20228,#5126);
#3323=LINE('',#20229,#5127);
#3324=LINE('',#20233,#5128);
#3325=LINE('',#20235,#5129);
#3326=LINE('',#20237,#5130);
#3327=LINE('',#20238,#5131);
#3328=LINE('',#20241,#5132);
#3329=LINE('',#20243,#5133);
#3330=LINE('',#20244,#5134);
#3331=LINE('',#20247,#5135);
#3332=LINE('',#20249,#5136);
#3333=LINE('',#20250,#5137);
#3334=LINE('',#20252,#5138);
#3335=LINE('',#20253,#5139);
#3336=LINE('',#20257,#5140);
#3337=LINE('',#20259,#5141);
#3338=LINE('',#20261,#5142);
#3339=LINE('',#20262,#5143);
#3340=LINE('',#20265,#5144);
#3341=LINE('',#20267,#5145);
#3342=LINE('',#20268,#5146);
#3343=LINE('',#20271,#5147);
#3344=LINE('',#20273,#5148);
#3345=LINE('',#20274,#5149);
#3346=LINE('',#20276,#5150);
#3347=LINE('',#20277,#5151);
#3348=LINE('',#20281,#5152);
#3349=LINE('',#20283,#5153);
#3350=LINE('',#20285,#5154);
#3351=LINE('',#20286,#5155);
#3352=LINE('',#20289,#5156);
#3353=LINE('',#20291,#5157);
#3354=LINE('',#20292,#5158);
#3355=LINE('',#20295,#5159);
#3356=LINE('',#20297,#5160);
#3357=LINE('',#20298,#5161);
#3358=LINE('',#20300,#5162);
#3359=LINE('',#20301,#5163);
#3360=LINE('',#20305,#5164);
#3361=LINE('',#20307,#5165);
#3362=LINE('',#20309,#5166);
#3363=LINE('',#20310,#5167);
#3364=LINE('',#20313,#5168);
#3365=LINE('',#20315,#5169);
#3366=LINE('',#20316,#5170);
#3367=LINE('',#20319,#5171);
#3368=LINE('',#20321,#5172);
#3369=LINE('',#20322,#5173);
#3370=LINE('',#20324,#5174);
#3371=LINE('',#20325,#5175);
#3372=LINE('',#20330,#5176);
#3373=LINE('',#20332,#5177);
#3374=LINE('',#20334,#5178);
#3375=LINE('',#20335,#5179);
#3376=LINE('',#20338,#5180);
#3377=LINE('',#20340,#5181);
#3378=LINE('',#20341,#5182);
#3379=LINE('',#20344,#5183);
#3380=LINE('',#20346,#5184);
#3381=LINE('',#20347,#5185);
#3382=LINE('',#20349,#5186);
#3383=LINE('',#20350,#5187);
#3384=LINE('',#20354,#5188);
#3385=LINE('',#20356,#5189);
#3386=LINE('',#20358,#5190);
#3387=LINE('',#20359,#5191);
#3388=LINE('',#20362,#5192);
#3389=LINE('',#20364,#5193);
#3390=LINE('',#20365,#5194);
#3391=LINE('',#20368,#5195);
#3392=LINE('',#20370,#5196);
#3393=LINE('',#20371,#5197);
#3394=LINE('',#20373,#5198);
#3395=LINE('',#20374,#5199);
#3396=LINE('',#20378,#5200);
#3397=LINE('',#20380,#5201);
#3398=LINE('',#20382,#5202);
#3399=LINE('',#20383,#5203);
#3400=LINE('',#20386,#5204);
#3401=LINE('',#20388,#5205);
#3402=LINE('',#20389,#5206);
#3403=LINE('',#20392,#5207);
#3404=LINE('',#20394,#5208);
#3405=LINE('',#20395,#5209);
#3406=LINE('',#20397,#5210);
#3407=LINE('',#20398,#5211);
#3408=LINE('',#20403,#5212);
#3409=LINE('',#20405,#5213);
#3410=LINE('',#20407,#5214);
#3411=LINE('',#20408,#5215);
#3412=LINE('',#20411,#5216);
#3413=LINE('',#20413,#5217);
#3414=LINE('',#20414,#5218);
#3415=LINE('',#20417,#5219);
#3416=LINE('',#20419,#5220);
#3417=LINE('',#20420,#5221);
#3418=LINE('',#20422,#5222);
#3419=LINE('',#20423,#5223);
#3420=LINE('',#20427,#5224);
#3421=LINE('',#20429,#5225);
#3422=LINE('',#20431,#5226);
#3423=LINE('',#20432,#5227);
#3424=LINE('',#20435,#5228);
#3425=LINE('',#20437,#5229);
#3426=LINE('',#20438,#5230);
#3427=LINE('',#20441,#5231);
#3428=LINE('',#20443,#5232);
#3429=LINE('',#20444,#5233);
#3430=LINE('',#20446,#5234);
#3431=LINE('',#20447,#5235);
#3432=LINE('',#20451,#5236);
#3433=LINE('',#20453,#5237);
#3434=LINE('',#20455,#5238);
#3435=LINE('',#20456,#5239);
#3436=LINE('',#20459,#5240);
#3437=LINE('',#20461,#5241);
#3438=LINE('',#20462,#5242);
#3439=LINE('',#20465,#5243);
#3440=LINE('',#20467,#5244);
#3441=LINE('',#20468,#5245);
#3442=LINE('',#20470,#5246);
#3443=LINE('',#20471,#5247);
#3444=LINE('',#20475,#5248);
#3445=LINE('',#20477,#5249);
#3446=LINE('',#20479,#5250);
#3447=LINE('',#20480,#5251);
#3448=LINE('',#20483,#5252);
#3449=LINE('',#20485,#5253);
#3450=LINE('',#20486,#5254);
#3451=LINE('',#20489,#5255);
#3452=LINE('',#20491,#5256);
#3453=LINE('',#20492,#5257);
#3454=LINE('',#20494,#5258);
#3455=LINE('',#20495,#5259);
#3456=LINE('',#20499,#5260);
#3457=LINE('',#20501,#5261);
#3458=LINE('',#20503,#5262);
#3459=LINE('',#20504,#5263);
#3460=LINE('',#20507,#5264);
#3461=LINE('',#20509,#5265);
#3462=LINE('',#20510,#5266);
#3463=LINE('',#20513,#5267);
#3464=LINE('',#20515,#5268);
#3465=LINE('',#20516,#5269);
#3466=LINE('',#20518,#5270);
#3467=LINE('',#20519,#5271);
#3468=LINE('',#20524,#5272);
#3469=LINE('',#20526,#5273);
#3470=LINE('',#20528,#5274);
#3471=LINE('',#20529,#5275);
#3472=LINE('',#20532,#5276);
#3473=LINE('',#20534,#5277);
#3474=LINE('',#20535,#5278);
#3475=LINE('',#20538,#5279);
#3476=LINE('',#20540,#5280);
#3477=LINE('',#20541,#5281);
#3478=LINE('',#20543,#5282);
#3479=LINE('',#20544,#5283);
#3480=LINE('',#20548,#5284);
#3481=LINE('',#20550,#5285);
#3482=LINE('',#20552,#5286);
#3483=LINE('',#20553,#5287);
#3484=LINE('',#20556,#5288);
#3485=LINE('',#20558,#5289);
#3486=LINE('',#20559,#5290);
#3487=LINE('',#20562,#5291);
#3488=LINE('',#20564,#5292);
#3489=LINE('',#20565,#5293);
#3490=LINE('',#20567,#5294);
#3491=LINE('',#20568,#5295);
#3492=LINE('',#20573,#5296);
#3493=LINE('',#20575,#5297);
#3494=LINE('',#20577,#5298);
#3495=LINE('',#20578,#5299);
#3496=LINE('',#20581,#5300);
#3497=LINE('',#20583,#5301);
#3498=LINE('',#20584,#5302);
#3499=LINE('',#20587,#5303);
#3500=LINE('',#20589,#5304);
#3501=LINE('',#20590,#5305);
#3502=LINE('',#20592,#5306);
#3503=LINE('',#20593,#5307);
#3504=LINE('',#20597,#5308);
#3505=LINE('',#20599,#5309);
#3506=LINE('',#20601,#5310);
#3507=LINE('',#20602,#5311);
#3508=LINE('',#20605,#5312);
#3509=LINE('',#20607,#5313);
#3510=LINE('',#20608,#5314);
#3511=LINE('',#20611,#5315);
#3512=LINE('',#20613,#5316);
#3513=LINE('',#20614,#5317);
#3514=LINE('',#20616,#5318);
#3515=LINE('',#20617,#5319);
#3516=LINE('',#20621,#5320);
#3517=LINE('',#20623,#5321);
#3518=LINE('',#20625,#5322);
#3519=LINE('',#20626,#5323);
#3520=LINE('',#20629,#5324);
#3521=LINE('',#20631,#5325);
#3522=LINE('',#20632,#5326);
#3523=LINE('',#20635,#5327);
#3524=LINE('',#20637,#5328);
#3525=LINE('',#20638,#5329);
#3526=LINE('',#20640,#5330);
#3527=LINE('',#20641,#5331);
#3528=LINE('',#20645,#5332);
#3529=LINE('',#20647,#5333);
#3530=LINE('',#20649,#5334);
#3531=LINE('',#20650,#5335);
#3532=LINE('',#20653,#5336);
#3533=LINE('',#20655,#5337);
#3534=LINE('',#20656,#5338);
#3535=LINE('',#20659,#5339);
#3536=LINE('',#20661,#5340);
#3537=LINE('',#20662,#5341);
#3538=LINE('',#20664,#5342);
#3539=LINE('',#20665,#5343);
#3540=LINE('',#20670,#5344);
#3541=LINE('',#20672,#5345);
#3542=LINE('',#20674,#5346);
#3543=LINE('',#20675,#5347);
#3544=LINE('',#20678,#5348);
#3545=LINE('',#20680,#5349);
#3546=LINE('',#20681,#5350);
#3547=LINE('',#20684,#5351);
#3548=LINE('',#20686,#5352);
#3549=LINE('',#20687,#5353);
#3550=LINE('',#20689,#5354);
#3551=LINE('',#20690,#5355);
#3552=LINE('',#20695,#5356);
#3553=LINE('',#20697,#5357);
#3554=LINE('',#20699,#5358);
#3555=LINE('',#20700,#5359);
#3556=LINE('',#20703,#5360);
#3557=LINE('',#20705,#5361);
#3558=LINE('',#20706,#5362);
#3559=LINE('',#20709,#5363);
#3560=LINE('',#20711,#5364);
#3561=LINE('',#20712,#5365);
#3562=LINE('',#20714,#5366);
#3563=LINE('',#20715,#5367);
#3564=LINE('',#20719,#5368);
#3565=LINE('',#20721,#5369);
#3566=LINE('',#20723,#5370);
#3567=LINE('',#20724,#5371);
#3568=LINE('',#20727,#5372);
#3569=LINE('',#20729,#5373);
#3570=LINE('',#20730,#5374);
#3571=LINE('',#20733,#5375);
#3572=LINE('',#20735,#5376);
#3573=LINE('',#20736,#5377);
#3574=LINE('',#20738,#5378);
#3575=LINE('',#20739,#5379);
#3576=LINE('',#20743,#5380);
#3577=LINE('',#20745,#5381);
#3578=LINE('',#20747,#5382);
#3579=LINE('',#20748,#5383);
#3580=LINE('',#20751,#5384);
#3581=LINE('',#20753,#5385);
#3582=LINE('',#20754,#5386);
#3583=LINE('',#20757,#5387);
#3584=LINE('',#20759,#5388);
#3585=LINE('',#20760,#5389);
#3586=LINE('',#20762,#5390);
#3587=LINE('',#20763,#5391);
#3588=LINE('',#20767,#5392);
#3589=LINE('',#20769,#5393);
#3590=LINE('',#20771,#5394);
#3591=LINE('',#20772,#5395);
#3592=LINE('',#20775,#5396);
#3593=LINE('',#20777,#5397);
#3594=LINE('',#20778,#5398);
#3595=LINE('',#20781,#5399);
#3596=LINE('',#20783,#5400);
#3597=LINE('',#20784,#5401);
#3598=LINE('',#20786,#5402);
#3599=LINE('',#20787,#5403);
#3600=LINE('',#20789,#5404);
#3601=LINE('',#20790,#5405);
#3602=LINE('',#20792,#5406);
#3603=LINE('',#20794,#5407);
#3604=LINE('',#20795,#5408);
#3605=LINE('',#20797,#5409);
#3606=LINE('',#20799,#5410);
#3607=LINE('',#20800,#5411);
#3608=LINE('',#20802,#5412);
#3609=LINE('',#20804,#5413);
#3610=LINE('',#20805,#5414);
#3611=LINE('',#20807,#5415);
#3612=LINE('',#20809,#5416);
#3613=LINE('',#20811,#5417);
#3614=LINE('',#20813,#5418);
#3615=LINE('',#20814,#5419);
#3616=LINE('',#20817,#5420);
#3617=LINE('',#20822,#5421);
#3618=LINE('',#20825,#5422);
#3619=VECTOR('',#14039,10.);
#3620=VECTOR('',#14040,10.);
#3621=VECTOR('',#14041,10.);
#3622=VECTOR('',#14042,10.);
#3623=VECTOR('',#14045,10.);
#3624=VECTOR('',#14046,10.);
#3625=VECTOR('',#14047,10.);
#3626=VECTOR('',#14050,10.);
#3627=VECTOR('',#14051,10.);
#3628=VECTOR('',#14052,10.);
#3629=VECTOR('',#14055,10.);
#3630=VECTOR('',#14056,10.);
#3631=VECTOR('',#14061,10.);
#3632=VECTOR('',#14062,10.);
#3633=VECTOR('',#14063,10.);
#3634=VECTOR('',#14064,10.);
#3635=VECTOR('',#14067,10.);
#3636=VECTOR('',#14068,10.);
#3637=VECTOR('',#14069,10.);
#3638=VECTOR('',#14072,10.);
#3639=VECTOR('',#14073,10.);
#3640=VECTOR('',#14074,10.);
#3641=VECTOR('',#14077,10.);
#3642=VECTOR('',#14078,10.);
#3643=VECTOR('',#14083,10.);
#3644=VECTOR('',#14084,10.);
#3645=VECTOR('',#14085,10.);
#3646=VECTOR('',#14086,10.);
#3647=VECTOR('',#14089,10.);
#3648=VECTOR('',#14090,10.);
#3649=VECTOR('',#14091,10.);
#3650=VECTOR('',#14094,10.);
#3651=VECTOR('',#14095,10.);
#3652=VECTOR('',#14096,10.);
#3653=VECTOR('',#14099,10.);
#3654=VECTOR('',#14100,10.);
#3655=VECTOR('',#14105,10.);
#3656=VECTOR('',#14106,10.);
#3657=VECTOR('',#14107,10.);
#3658=VECTOR('',#14108,10.);
#3659=VECTOR('',#14111,10.);
#3660=VECTOR('',#14112,10.);
#3661=VECTOR('',#14113,10.);
#3662=VECTOR('',#14116,10.);
#3663=VECTOR('',#14117,10.);
#3664=VECTOR('',#14118,10.);
#3665=VECTOR('',#14121,10.);
#3666=VECTOR('',#14122,10.);
#3667=VECTOR('',#14129,10.);
#3668=VECTOR('',#14132,10.);
#3669=VECTOR('',#14135,10.);
#3670=VECTOR('',#14136,10.);
#3671=VECTOR('',#14137,10.);
#3672=VECTOR('',#14140,10.);
#3673=VECTOR('',#14143,10.);
#3674=VECTOR('',#14146,10.);
#3675=VECTOR('',#14149,10.);
#3676=VECTOR('',#14150,10.);
#3677=VECTOR('',#14151,10.);
#3678=VECTOR('',#14152,10.);
#3679=VECTOR('',#14153,10.);
#3680=VECTOR('',#14154,10.);
#3681=VECTOR('',#14155,10.);
#3682=VECTOR('',#14156,10.);
#3683=VECTOR('',#14157,10.);
#3684=VECTOR('',#14158,10.);
#3685=VECTOR('',#14159,10.);
#3686=VECTOR('',#14160,10.);
#3687=VECTOR('',#14161,10.);
#3688=VECTOR('',#14162,10.);
#3689=VECTOR('',#14163,10.);
#3690=VECTOR('',#14164,10.);
#3691=VECTOR('',#14165,10.);
#3692=VECTOR('',#14166,10.);
#3693=VECTOR('',#14167,10.);
#3694=VECTOR('',#14168,10.);
#3695=VECTOR('',#14171,10.);
#3696=VECTOR('',#14174,10.);
#3697=VECTOR('',#14177,10.);
#3698=VECTOR('',#14178,10.);
#3699=VECTOR('',#14181,10.);
#3700=VECTOR('',#14184,10.);
#3701=VECTOR('',#14187,10.);
#3702=VECTOR('',#14190,10.);
#3703=VECTOR('',#14195,10.);
#3704=VECTOR('',#14196,10.);
#3705=VECTOR('',#14197,10.);
#3706=VECTOR('',#14198,10.);
#3707=VECTOR('',#14199,10.);
#3708=VECTOR('',#14200,10.);
#3709=VECTOR('',#14201,10.);
#3710=VECTOR('',#14202,10.);
#3711=VECTOR('',#14203,10.);
#3712=VECTOR('',#14204,10.);
#3713=VECTOR('',#14205,10.);
#3714=VECTOR('',#14206,10.);
#3715=VECTOR('',#14207,10.);
#3716=VECTOR('',#14208,10.);
#3717=VECTOR('',#14209,10.);
#3718=VECTOR('',#14210,10.);
#3719=VECTOR('',#14211,10.);
#3720=VECTOR('',#14212,10.);
#3721=VECTOR('',#14213,10.);
#3722=VECTOR('',#14214,10.);
#3723=VECTOR('',#14215,10.);
#3724=VECTOR('',#14218,10.);
#3725=VECTOR('',#14219,10.);
#3726=VECTOR('',#14220,10.);
#3727=VECTOR('',#14221,10.);
#3728=VECTOR('',#14224,10.);
#3729=VECTOR('',#14225,10.);
#3730=VECTOR('',#14226,10.);
#3731=VECTOR('',#14229,10.);
#3732=VECTOR('',#14230,10.);
#3733=VECTOR('',#14231,10.);
#3734=VECTOR('',#14234,10.);
#3735=VECTOR('',#14235,10.);
#3736=VECTOR('',#14240,10.);
#3737=VECTOR('',#14241,10.);
#3738=VECTOR('',#14242,10.);
#3739=VECTOR('',#14243,10.);
#3740=VECTOR('',#14246,10.);
#3741=VECTOR('',#14247,10.);
#3742=VECTOR('',#14248,10.);
#3743=VECTOR('',#14251,10.);
#3744=VECTOR('',#14252,10.);
#3745=VECTOR('',#14253,10.);
#3746=VECTOR('',#14256,10.);
#3747=VECTOR('',#14257,10.);
#3748=VECTOR('',#14260,10.);
#3749=VECTOR('',#14261,10.);
#3750=VECTOR('',#14262,10.);
#3751=VECTOR('',#14263,10.);
#3752=VECTOR('',#14266,10.);
#3753=VECTOR('',#14267,10.);
#3754=VECTOR('',#14268,10.);
#3755=VECTOR('',#14271,10.);
#3756=VECTOR('',#14272,10.);
#3757=VECTOR('',#14273,10.);
#3758=VECTOR('',#14276,10.);
#3759=VECTOR('',#14277,10.);
#3760=VECTOR('',#14282,10.);
#3761=VECTOR('',#14283,10.);
#3762=VECTOR('',#14284,10.);
#3763=VECTOR('',#14285,10.);
#3764=VECTOR('',#14288,10.);
#3765=VECTOR('',#14289,10.);
#3766=VECTOR('',#14290,10.);
#3767=VECTOR('',#14293,10.);
#3768=VECTOR('',#14294,10.);
#3769=VECTOR('',#14295,10.);
#3770=VECTOR('',#14298,10.);
#3771=VECTOR('',#14299,10.);
#3772=VECTOR('',#14304,10.);
#3773=VECTOR('',#14305,10.);
#3774=VECTOR('',#14306,10.);
#3775=VECTOR('',#14307,10.);
#3776=VECTOR('',#14310,10.);
#3777=VECTOR('',#14311,10.);
#3778=VECTOR('',#14312,10.);
#3779=VECTOR('',#14315,10.);
#3780=VECTOR('',#14316,10.);
#3781=VECTOR('',#14317,10.);
#3782=VECTOR('',#14320,10.);
#3783=VECTOR('',#14321,10.);
#3784=VECTOR('',#14324,10.);
#3785=VECTOR('',#14325,10.);
#3786=VECTOR('',#14326,10.);
#3787=VECTOR('',#14327,10.);
#3788=VECTOR('',#14330,10.);
#3789=VECTOR('',#14331,10.);
#3790=VECTOR('',#14332,10.);
#3791=VECTOR('',#14335,10.);
#3792=VECTOR('',#14336,10.);
#3793=VECTOR('',#14337,10.);
#3794=VECTOR('',#14340,10.);
#3795=VECTOR('',#14341,10.);
#3796=VECTOR('',#14344,10.);
#3797=VECTOR('',#14345,10.);
#3798=VECTOR('',#14346,10.);
#3799=VECTOR('',#14347,10.);
#3800=VECTOR('',#14350,10.);
#3801=VECTOR('',#14351,10.);
#3802=VECTOR('',#14352,10.);
#3803=VECTOR('',#14355,10.);
#3804=VECTOR('',#14356,10.);
#3805=VECTOR('',#14357,10.);
#3806=VECTOR('',#14360,10.);
#3807=VECTOR('',#14361,10.);
#3808=VECTOR('',#14364,10.);
#3809=VECTOR('',#14365,10.);
#3810=VECTOR('',#14366,10.);
#3811=VECTOR('',#14367,10.);
#3812=VECTOR('',#14370,10.);
#3813=VECTOR('',#14371,10.);
#3814=VECTOR('',#14372,10.);
#3815=VECTOR('',#14375,10.);
#3816=VECTOR('',#14376,10.);
#3817=VECTOR('',#14377,10.);
#3818=VECTOR('',#14380,10.);
#3819=VECTOR('',#14381,10.);
#3820=VECTOR('',#14384,10.);
#3821=VECTOR('',#14385,10.);
#3822=VECTOR('',#14386,10.);
#3823=VECTOR('',#14387,10.);
#3824=VECTOR('',#14390,10.);
#3825=VECTOR('',#14391,10.);
#3826=VECTOR('',#14392,10.);
#3827=VECTOR('',#14395,10.);
#3828=VECTOR('',#14396,10.);
#3829=VECTOR('',#14397,10.);
#3830=VECTOR('',#14400,10.);
#3831=VECTOR('',#14401,10.);
#3832=VECTOR('',#14404,10.);
#3833=VECTOR('',#14405,10.);
#3834=VECTOR('',#14406,10.);
#3835=VECTOR('',#14407,10.);
#3836=VECTOR('',#14410,10.);
#3837=VECTOR('',#14411,10.);
#3838=VECTOR('',#14412,10.);
#3839=VECTOR('',#14415,10.);
#3840=VECTOR('',#14416,10.);
#3841=VECTOR('',#14417,10.);
#3842=VECTOR('',#14420,10.);
#3843=VECTOR('',#14421,10.);
#3844=VECTOR('',#14424,10.);
#3845=VECTOR('',#14425,10.);
#3846=VECTOR('',#14426,10.);
#3847=VECTOR('',#14427,10.);
#3848=VECTOR('',#14430,10.);
#3849=VECTOR('',#14431,10.);
#3850=VECTOR('',#14432,10.);
#3851=VECTOR('',#14435,10.);
#3852=VECTOR('',#14436,10.);
#3853=VECTOR('',#14437,10.);
#3854=VECTOR('',#14440,10.);
#3855=VECTOR('',#14441,10.);
#3856=VECTOR('',#14446,10.);
#3857=VECTOR('',#14447,10.);
#3858=VECTOR('',#14448,10.);
#3859=VECTOR('',#14449,10.);
#3860=VECTOR('',#14452,10.);
#3861=VECTOR('',#14453,10.);
#3862=VECTOR('',#14454,10.);
#3863=VECTOR('',#14457,10.);
#3864=VECTOR('',#14458,10.);
#3865=VECTOR('',#14459,10.);
#3866=VECTOR('',#14462,10.);
#3867=VECTOR('',#14463,10.);
#3868=VECTOR('',#14466,10.);
#3869=VECTOR('',#14467,10.);
#3870=VECTOR('',#14468,10.);
#3871=VECTOR('',#14469,10.);
#3872=VECTOR('',#14472,10.);
#3873=VECTOR('',#14473,10.);
#3874=VECTOR('',#14474,10.);
#3875=VECTOR('',#14477,10.);
#3876=VECTOR('',#14478,10.);
#3877=VECTOR('',#14479,10.);
#3878=VECTOR('',#14482,10.);
#3879=VECTOR('',#14483,10.);
#3880=VECTOR('',#14486,10.);
#3881=VECTOR('',#14487,10.);
#3882=VECTOR('',#14488,10.);
#3883=VECTOR('',#14489,10.);
#3884=VECTOR('',#14492,10.);
#3885=VECTOR('',#14493,10.);
#3886=VECTOR('',#14494,10.);
#3887=VECTOR('',#14497,10.);
#3888=VECTOR('',#14498,10.);
#3889=VECTOR('',#14499,10.);
#3890=VECTOR('',#14502,10.);
#3891=VECTOR('',#14503,10.);
#3892=VECTOR('',#14506,10.);
#3893=VECTOR('',#14507,10.);
#3894=VECTOR('',#14508,10.);
#3895=VECTOR('',#14509,10.);
#3896=VECTOR('',#14512,10.);
#3897=VECTOR('',#14513,10.);
#3898=VECTOR('',#14514,10.);
#3899=VECTOR('',#14517,10.);
#3900=VECTOR('',#14518,10.);
#3901=VECTOR('',#14519,10.);
#3902=VECTOR('',#14522,10.);
#3903=VECTOR('',#14523,10.);
#3904=VECTOR('',#14526,10.);
#3905=VECTOR('',#14527,10.);
#3906=VECTOR('',#14528,10.);
#3907=VECTOR('',#14529,10.);
#3908=VECTOR('',#14532,10.);
#3909=VECTOR('',#14533,10.);
#3910=VECTOR('',#14534,10.);
#3911=VECTOR('',#14537,10.);
#3912=VECTOR('',#14538,10.);
#3913=VECTOR('',#14539,10.);
#3914=VECTOR('',#14542,10.);
#3915=VECTOR('',#14543,10.);
#3916=VECTOR('',#14546,10.);
#3917=VECTOR('',#14547,10.);
#3918=VECTOR('',#14548,10.);
#3919=VECTOR('',#14549,10.);
#3920=VECTOR('',#14552,10.);
#3921=VECTOR('',#14553,10.);
#3922=VECTOR('',#14554,10.);
#3923=VECTOR('',#14557,10.);
#3924=VECTOR('',#14558,10.);
#3925=VECTOR('',#14559,10.);
#3926=VECTOR('',#14562,10.);
#3927=VECTOR('',#14563,10.);
#3928=VECTOR('',#14566,10.);
#3929=VECTOR('',#14567,10.);
#3930=VECTOR('',#14568,10.);
#3931=VECTOR('',#14569,10.);
#3932=VECTOR('',#14572,10.);
#3933=VECTOR('',#14573,10.);
#3934=VECTOR('',#14574,10.);
#3935=VECTOR('',#14577,10.);
#3936=VECTOR('',#14578,10.);
#3937=VECTOR('',#14579,10.);
#3938=VECTOR('',#14582,10.);
#3939=VECTOR('',#14583,10.);
#3940=VECTOR('',#14588,10.);
#3941=VECTOR('',#14589,10.);
#3942=VECTOR('',#14590,10.);
#3943=VECTOR('',#14591,10.);
#3944=VECTOR('',#14594,10.);
#3945=VECTOR('',#14595,10.);
#3946=VECTOR('',#14596,10.);
#3947=VECTOR('',#14599,10.);
#3948=VECTOR('',#14600,10.);
#3949=VECTOR('',#14601,10.);
#3950=VECTOR('',#14604,10.);
#3951=VECTOR('',#14605,10.);
#3952=VECTOR('',#14608,10.);
#3953=VECTOR('',#14609,10.);
#3954=VECTOR('',#14610,10.);
#3955=VECTOR('',#14611,10.);
#3956=VECTOR('',#14614,10.);
#3957=VECTOR('',#14615,10.);
#3958=VECTOR('',#14616,10.);
#3959=VECTOR('',#14619,10.);
#3960=VECTOR('',#14620,10.);
#3961=VECTOR('',#14621,10.);
#3962=VECTOR('',#14624,10.);
#3963=VECTOR('',#14625,10.);
#3964=VECTOR('',#14628,10.);
#3965=VECTOR('',#14629,10.);
#3966=VECTOR('',#14630,10.);
#3967=VECTOR('',#14631,10.);
#3968=VECTOR('',#14634,10.);
#3969=VECTOR('',#14635,10.);
#3970=VECTOR('',#14636,10.);
#3971=VECTOR('',#14639,10.);
#3972=VECTOR('',#14640,10.);
#3973=VECTOR('',#14641,10.);
#3974=VECTOR('',#14644,10.);
#3975=VECTOR('',#14645,10.);
#3976=VECTOR('',#14650,10.);
#3977=VECTOR('',#14651,10.);
#3978=VECTOR('',#14652,10.);
#3979=VECTOR('',#14653,10.);
#3980=VECTOR('',#14656,10.);
#3981=VECTOR('',#14657,10.);
#3982=VECTOR('',#14658,10.);
#3983=VECTOR('',#14661,10.);
#3984=VECTOR('',#14662,10.);
#3985=VECTOR('',#14663,10.);
#3986=VECTOR('',#14666,10.);
#3987=VECTOR('',#14667,10.);
#3988=VECTOR('',#14670,10.);
#3989=VECTOR('',#14671,10.);
#3990=VECTOR('',#14672,10.);
#3991=VECTOR('',#14673,10.);
#3992=VECTOR('',#14676,10.);
#3993=VECTOR('',#14677,10.);
#3994=VECTOR('',#14678,10.);
#3995=VECTOR('',#14681,10.);
#3996=VECTOR('',#14682,10.);
#3997=VECTOR('',#14683,10.);
#3998=VECTOR('',#14686,10.);
#3999=VECTOR('',#14687,10.);
#4000=VECTOR('',#14692,10.);
#4001=VECTOR('',#14693,10.);
#4002=VECTOR('',#14694,10.);
#4003=VECTOR('',#14695,10.);
#4004=VECTOR('',#14698,10.);
#4005=VECTOR('',#14699,10.);
#4006=VECTOR('',#14700,10.);
#4007=VECTOR('',#14703,10.);
#4008=VECTOR('',#14704,10.);
#4009=VECTOR('',#14705,10.);
#4010=VECTOR('',#14708,10.);
#4011=VECTOR('',#14709,10.);
#4012=VECTOR('',#14712,10.);
#4013=VECTOR('',#14713,10.);
#4014=VECTOR('',#14714,10.);
#4015=VECTOR('',#14715,10.);
#4016=VECTOR('',#14718,10.);
#4017=VECTOR('',#14719,10.);
#4018=VECTOR('',#14720,10.);
#4019=VECTOR('',#14723,10.);
#4020=VECTOR('',#14724,10.);
#4021=VECTOR('',#14725,10.);
#4022=VECTOR('',#14728,10.);
#4023=VECTOR('',#14729,10.);
#4024=VECTOR('',#14734,10.);
#4025=VECTOR('',#14735,10.);
#4026=VECTOR('',#14736,10.);
#4027=VECTOR('',#14737,10.);
#4028=VECTOR('',#14740,10.);
#4029=VECTOR('',#14741,10.);
#4030=VECTOR('',#14742,10.);
#4031=VECTOR('',#14745,10.);
#4032=VECTOR('',#14746,10.);
#4033=VECTOR('',#14747,10.);
#4034=VECTOR('',#14750,10.);
#4035=VECTOR('',#14751,10.);
#4036=VECTOR('',#14754,10.);
#4037=VECTOR('',#14755,10.);
#4038=VECTOR('',#14756,10.);
#4039=VECTOR('',#14757,10.);
#4040=VECTOR('',#14760,10.);
#4041=VECTOR('',#14761,10.);
#4042=VECTOR('',#14762,10.);
#4043=VECTOR('',#14765,10.);
#4044=VECTOR('',#14766,10.);
#4045=VECTOR('',#14767,10.);
#4046=VECTOR('',#14770,10.);
#4047=VECTOR('',#14771,10.);
#4048=VECTOR('',#14776,10.);
#4049=VECTOR('',#14777,10.);
#4050=VECTOR('',#14778,10.);
#4051=VECTOR('',#14779,10.);
#4052=VECTOR('',#14782,10.);
#4053=VECTOR('',#14783,10.);
#4054=VECTOR('',#14784,10.);
#4055=VECTOR('',#14787,10.);
#4056=VECTOR('',#14788,10.);
#4057=VECTOR('',#14789,10.);
#4058=VECTOR('',#14792,10.);
#4059=VECTOR('',#14793,10.);
#4060=VECTOR('',#14796,10.);
#4061=VECTOR('',#14797,10.);
#4062=VECTOR('',#14798,10.);
#4063=VECTOR('',#14799,10.);
#4064=VECTOR('',#14802,10.);
#4065=VECTOR('',#14803,10.);
#4066=VECTOR('',#14804,10.);
#4067=VECTOR('',#14807,10.);
#4068=VECTOR('',#14808,10.);
#4069=VECTOR('',#14809,10.);
#4070=VECTOR('',#14812,10.);
#4071=VECTOR('',#14813,10.);
#4072=VECTOR('',#14816,10.);
#4073=VECTOR('',#14817,10.);
#4074=VECTOR('',#14818,10.);
#4075=VECTOR('',#14819,10.);
#4076=VECTOR('',#14822,10.);
#4077=VECTOR('',#14823,10.);
#4078=VECTOR('',#14824,10.);
#4079=VECTOR('',#14827,10.);
#4080=VECTOR('',#14828,10.);
#4081=VECTOR('',#14829,10.);
#4082=VECTOR('',#14832,10.);
#4083=VECTOR('',#14833,10.);
#4084=VECTOR('',#14838,10.);
#4085=VECTOR('',#14839,10.);
#4086=VECTOR('',#14840,10.);
#4087=VECTOR('',#14841,10.);
#4088=VECTOR('',#14844,10.);
#4089=VECTOR('',#14845,10.);
#4090=VECTOR('',#14846,10.);
#4091=VECTOR('',#14849,10.);
#4092=VECTOR('',#14850,10.);
#4093=VECTOR('',#14851,10.);
#4094=VECTOR('',#14854,10.);
#4095=VECTOR('',#14855,10.);
#4096=VECTOR('',#14860,10.);
#4097=VECTOR('',#14861,10.);
#4098=VECTOR('',#14862,10.);
#4099=VECTOR('',#14863,10.);
#4100=VECTOR('',#14866,10.);
#4101=VECTOR('',#14867,10.);
#4102=VECTOR('',#14868,10.);
#4103=VECTOR('',#14871,10.);
#4104=VECTOR('',#14872,10.);
#4105=VECTOR('',#14873,10.);
#4106=VECTOR('',#14876,10.);
#4107=VECTOR('',#14877,10.);
#4108=VECTOR('',#14880,10.);
#4109=VECTOR('',#14881,10.);
#4110=VECTOR('',#14882,10.);
#4111=VECTOR('',#14883,10.);
#4112=VECTOR('',#14886,10.);
#4113=VECTOR('',#14887,10.);
#4114=VECTOR('',#14888,10.);
#4115=VECTOR('',#14891,10.);
#4116=VECTOR('',#14892,10.);
#4117=VECTOR('',#14893,10.);
#4118=VECTOR('',#14896,10.);
#4119=VECTOR('',#14897,10.);
#4120=VECTOR('',#14900,10.);
#4121=VECTOR('',#14901,10.);
#4122=VECTOR('',#14902,10.);
#4123=VECTOR('',#14903,10.);
#4124=VECTOR('',#14906,10.);
#4125=VECTOR('',#14907,10.);
#4126=VECTOR('',#14908,10.);
#4127=VECTOR('',#14911,10.);
#4128=VECTOR('',#14912,10.);
#4129=VECTOR('',#14913,10.);
#4130=VECTOR('',#14916,10.);
#4131=VECTOR('',#14917,10.);
#4132=VECTOR('',#14920,10.);
#4133=VECTOR('',#14921,10.);
#4134=VECTOR('',#14922,10.);
#4135=VECTOR('',#14923,10.);
#4136=VECTOR('',#14926,10.);
#4137=VECTOR('',#14927,10.);
#4138=VECTOR('',#14928,10.);
#4139=VECTOR('',#14931,10.);
#4140=VECTOR('',#14932,10.);
#4141=VECTOR('',#14933,10.);
#4142=VECTOR('',#14936,10.);
#4143=VECTOR('',#14937,10.);
#4144=VECTOR('',#14940,10.);
#4145=VECTOR('',#14941,10.);
#4146=VECTOR('',#14942,10.);
#4147=VECTOR('',#14943,10.);
#4148=VECTOR('',#14946,10.);
#4149=VECTOR('',#14947,10.);
#4150=VECTOR('',#14948,10.);
#4151=VECTOR('',#14951,10.);
#4152=VECTOR('',#14952,10.);
#4153=VECTOR('',#14953,10.);
#4154=VECTOR('',#14956,10.);
#4155=VECTOR('',#14957,10.);
#4156=VECTOR('',#14962,10.);
#4157=VECTOR('',#14963,10.);
#4158=VECTOR('',#14964,10.);
#4159=VECTOR('',#14965,10.);
#4160=VECTOR('',#14968,10.);
#4161=VECTOR('',#14969,10.);
#4162=VECTOR('',#14970,10.);
#4163=VECTOR('',#14973,10.);
#4164=VECTOR('',#14974,10.);
#4165=VECTOR('',#14975,10.);
#4166=VECTOR('',#14978,10.);
#4167=VECTOR('',#14979,10.);
#4168=VECTOR('',#14984,10.);
#4169=VECTOR('',#14985,10.);
#4170=VECTOR('',#14986,10.);
#4171=VECTOR('',#14987,10.);
#4172=VECTOR('',#14990,10.);
#4173=VECTOR('',#14991,10.);
#4174=VECTOR('',#14992,10.);
#4175=VECTOR('',#14995,10.);
#4176=VECTOR('',#14996,10.);
#4177=VECTOR('',#14997,10.);
#4178=VECTOR('',#15000,10.);
#4179=VECTOR('',#15001,10.);
#4180=VECTOR('',#15006,10.);
#4181=VECTOR('',#15007,10.);
#4182=VECTOR('',#15008,10.);
#4183=VECTOR('',#15009,10.);
#4184=VECTOR('',#15012,10.);
#4185=VECTOR('',#15013,10.);
#4186=VECTOR('',#15014,10.);
#4187=VECTOR('',#15017,10.);
#4188=VECTOR('',#15018,10.);
#4189=VECTOR('',#15019,10.);
#4190=VECTOR('',#15022,10.);
#4191=VECTOR('',#15023,10.);
#4192=VECTOR('',#15026,10.);
#4193=VECTOR('',#15027,10.);
#4194=VECTOR('',#15028,10.);
#4195=VECTOR('',#15029,10.);
#4196=VECTOR('',#15032,10.);
#4197=VECTOR('',#15033,10.);
#4198=VECTOR('',#15034,10.);
#4199=VECTOR('',#15037,10.);
#4200=VECTOR('',#15038,10.);
#4201=VECTOR('',#15039,10.);
#4202=VECTOR('',#15042,10.);
#4203=VECTOR('',#15043,10.);
#4204=VECTOR('',#15046,10.);
#4205=VECTOR('',#15047,10.);
#4206=VECTOR('',#15048,10.);
#4207=VECTOR('',#15049,10.);
#4208=VECTOR('',#15052,10.);
#4209=VECTOR('',#15053,10.);
#4210=VECTOR('',#15054,10.);
#4211=VECTOR('',#15057,10.);
#4212=VECTOR('',#15058,10.);
#4213=VECTOR('',#15059,10.);
#4214=VECTOR('',#15062,10.);
#4215=VECTOR('',#15063,10.);
#4216=VECTOR('',#15068,10.);
#4217=VECTOR('',#15069,10.);
#4218=VECTOR('',#15070,10.);
#4219=VECTOR('',#15071,10.);
#4220=VECTOR('',#15074,10.);
#4221=VECTOR('',#15075,10.);
#4222=VECTOR('',#15076,10.);
#4223=VECTOR('',#15079,10.);
#4224=VECTOR('',#15080,10.);
#4225=VECTOR('',#15081,10.);
#4226=VECTOR('',#15084,10.);
#4227=VECTOR('',#15085,10.);
#4228=VECTOR('',#15088,10.);
#4229=VECTOR('',#15089,10.);
#4230=VECTOR('',#15090,10.);
#4231=VECTOR('',#15091,10.);
#4232=VECTOR('',#15094,10.);
#4233=VECTOR('',#15095,10.);
#4234=VECTOR('',#15096,10.);
#4235=VECTOR('',#15099,10.);
#4236=VECTOR('',#15100,10.);
#4237=VECTOR('',#15101,10.);
#4238=VECTOR('',#15104,10.);
#4239=VECTOR('',#15105,10.);
#4240=VECTOR('',#15108,10.);
#4241=VECTOR('',#15109,10.);
#4242=VECTOR('',#15110,10.);
#4243=VECTOR('',#15111,10.);
#4244=VECTOR('',#15114,10.);
#4245=VECTOR('',#15115,10.);
#4246=VECTOR('',#15116,10.);
#4247=VECTOR('',#15119,10.);
#4248=VECTOR('',#15120,10.);
#4249=VECTOR('',#15121,10.);
#4250=VECTOR('',#15124,10.);
#4251=VECTOR('',#15125,10.);
#4252=VECTOR('',#15128,10.);
#4253=VECTOR('',#15129,10.);
#4254=VECTOR('',#15130,10.);
#4255=VECTOR('',#15131,10.);
#4256=VECTOR('',#15134,10.);
#4257=VECTOR('',#15135,10.);
#4258=VECTOR('',#15136,10.);
#4259=VECTOR('',#15139,10.);
#4260=VECTOR('',#15140,10.);
#4261=VECTOR('',#15141,10.);
#4262=VECTOR('',#15144,10.);
#4263=VECTOR('',#15145,10.);
#4264=VECTOR('',#15148,10.);
#4265=VECTOR('',#15149,10.);
#4266=VECTOR('',#15150,10.);
#4267=VECTOR('',#15151,10.);
#4268=VECTOR('',#15154,10.);
#4269=VECTOR('',#15155,10.);
#4270=VECTOR('',#15156,10.);
#4271=VECTOR('',#15159,10.);
#4272=VECTOR('',#15160,10.);
#4273=VECTOR('',#15161,10.);
#4274=VECTOR('',#15164,10.);
#4275=VECTOR('',#15165,10.);
#4276=VECTOR('',#15168,10.);
#4277=VECTOR('',#15169,10.);
#4278=VECTOR('',#15170,10.);
#4279=VECTOR('',#15171,10.);
#4280=VECTOR('',#15174,10.);
#4281=VECTOR('',#15175,10.);
#4282=VECTOR('',#15176,10.);
#4283=VECTOR('',#15179,10.);
#4284=VECTOR('',#15180,10.);
#4285=VECTOR('',#15181,10.);
#4286=VECTOR('',#15184,10.);
#4287=VECTOR('',#15185,10.);
#4288=VECTOR('',#15188,10.);
#4289=VECTOR('',#15189,10.);
#4290=VECTOR('',#15190,10.);
#4291=VECTOR('',#15191,10.);
#4292=VECTOR('',#15194,10.);
#4293=VECTOR('',#15195,10.);
#4294=VECTOR('',#15196,10.);
#4295=VECTOR('',#15199,10.);
#4296=VECTOR('',#15200,10.);
#4297=VECTOR('',#15201,10.);
#4298=VECTOR('',#15204,10.);
#4299=VECTOR('',#15205,10.);
#4300=VECTOR('',#15208,10.);
#4301=VECTOR('',#15209,10.);
#4302=VECTOR('',#15210,10.);
#4303=VECTOR('',#15211,10.);
#4304=VECTOR('',#15214,10.);
#4305=VECTOR('',#15215,10.);
#4306=VECTOR('',#15216,10.);
#4307=VECTOR('',#15219,10.);
#4308=VECTOR('',#15220,10.);
#4309=VECTOR('',#15221,10.);
#4310=VECTOR('',#15224,10.);
#4311=VECTOR('',#15225,10.);
#4312=VECTOR('',#15228,10.);
#4313=VECTOR('',#15229,10.);
#4314=VECTOR('',#15230,10.);
#4315=VECTOR('',#15231,10.);
#4316=VECTOR('',#15234,10.);
#4317=VECTOR('',#15235,10.);
#4318=VECTOR('',#15236,10.);
#4319=VECTOR('',#15239,10.);
#4320=VECTOR('',#15240,10.);
#4321=VECTOR('',#15241,10.);
#4322=VECTOR('',#15244,10.);
#4323=VECTOR('',#15245,10.);
#4324=VECTOR('',#15248,10.);
#4325=VECTOR('',#15249,10.);
#4326=VECTOR('',#15250,10.);
#4327=VECTOR('',#15251,10.);
#4328=VECTOR('',#15254,10.);
#4329=VECTOR('',#15255,10.);
#4330=VECTOR('',#15256,10.);
#4331=VECTOR('',#15259,10.);
#4332=VECTOR('',#15260,10.);
#4333=VECTOR('',#15261,10.);
#4334=VECTOR('',#15264,10.);
#4335=VECTOR('',#15265,10.);
#4336=VECTOR('',#15268,10.);
#4337=VECTOR('',#15269,10.);
#4338=VECTOR('',#15270,10.);
#4339=VECTOR('',#15271,10.);
#4340=VECTOR('',#15274,10.);
#4341=VECTOR('',#15275,10.);
#4342=VECTOR('',#15276,10.);
#4343=VECTOR('',#15279,10.);
#4344=VECTOR('',#15280,10.);
#4345=VECTOR('',#15281,10.);
#4346=VECTOR('',#15284,10.);
#4347=VECTOR('',#15285,10.);
#4348=VECTOR('',#15290,10.);
#4349=VECTOR('',#15291,10.);
#4350=VECTOR('',#15292,10.);
#4351=VECTOR('',#15293,10.);
#4352=VECTOR('',#15296,10.);
#4353=VECTOR('',#15297,10.);
#4354=VECTOR('',#15298,10.);
#4355=VECTOR('',#15301,10.);
#4356=VECTOR('',#15302,10.);
#4357=VECTOR('',#15303,10.);
#4358=VECTOR('',#15306,10.);
#4359=VECTOR('',#15307,10.);
#4360=VECTOR('',#15310,10.);
#4361=VECTOR('',#15311,10.);
#4362=VECTOR('',#15312,10.);
#4363=VECTOR('',#15313,10.);
#4364=VECTOR('',#15316,10.);
#4365=VECTOR('',#15317,10.);
#4366=VECTOR('',#15318,10.);
#4367=VECTOR('',#15321,10.);
#4368=VECTOR('',#15322,10.);
#4369=VECTOR('',#15323,10.);
#4370=VECTOR('',#15326,10.);
#4371=VECTOR('',#15327,10.);
#4372=VECTOR('',#15330,10.);
#4373=VECTOR('',#15331,10.);
#4374=VECTOR('',#15332,10.);
#4375=VECTOR('',#15333,10.);
#4376=VECTOR('',#15336,10.);
#4377=VECTOR('',#15337,10.);
#4378=VECTOR('',#15338,10.);
#4379=VECTOR('',#15341,10.);
#4380=VECTOR('',#15342,10.);
#4381=VECTOR('',#15343,10.);
#4382=VECTOR('',#15346,10.);
#4383=VECTOR('',#15347,10.);
#4384=VECTOR('',#15352,10.);
#4385=VECTOR('',#15353,10.);
#4386=VECTOR('',#15354,10.);
#4387=VECTOR('',#15355,10.);
#4388=VECTOR('',#15358,10.);
#4389=VECTOR('',#15359,10.);
#4390=VECTOR('',#15360,10.);
#4391=VECTOR('',#15363,10.);
#4392=VECTOR('',#15364,10.);
#4393=VECTOR('',#15365,10.);
#4394=VECTOR('',#15368,10.);
#4395=VECTOR('',#15369,10.);
#4396=VECTOR('',#15372,10.);
#4397=VECTOR('',#15373,10.);
#4398=VECTOR('',#15374,10.);
#4399=VECTOR('',#15375,10.);
#4400=VECTOR('',#15378,10.);
#4401=VECTOR('',#15379,10.);
#4402=VECTOR('',#15380,10.);
#4403=VECTOR('',#15383,10.);
#4404=VECTOR('',#15384,10.);
#4405=VECTOR('',#15385,10.);
#4406=VECTOR('',#15388,10.);
#4407=VECTOR('',#15389,10.);
#4408=VECTOR('',#15392,10.);
#4409=VECTOR('',#15393,10.);
#4410=VECTOR('',#15394,10.);
#4411=VECTOR('',#15395,10.);
#4412=VECTOR('',#15398,10.);
#4413=VECTOR('',#15399,10.);
#4414=VECTOR('',#15400,10.);
#4415=VECTOR('',#15403,10.);
#4416=VECTOR('',#15404,10.);
#4417=VECTOR('',#15405,10.);
#4418=VECTOR('',#15408,10.);
#4419=VECTOR('',#15409,10.);
#4420=VECTOR('',#15414,10.);
#4421=VECTOR('',#15415,10.);
#4422=VECTOR('',#15416,10.);
#4423=VECTOR('',#15417,10.);
#4424=VECTOR('',#15420,10.);
#4425=VECTOR('',#15421,10.);
#4426=VECTOR('',#15422,10.);
#4427=VECTOR('',#15425,10.);
#4428=VECTOR('',#15426,10.);
#4429=VECTOR('',#15427,10.);
#4430=VECTOR('',#15430,10.);
#4431=VECTOR('',#15431,10.);
#4432=VECTOR('',#15434,10.);
#4433=VECTOR('',#15435,10.);
#4434=VECTOR('',#15436,10.);
#4435=VECTOR('',#15437,10.);
#4436=VECTOR('',#15440,10.);
#4437=VECTOR('',#15441,10.);
#4438=VECTOR('',#15442,10.);
#4439=VECTOR('',#15445,10.);
#4440=VECTOR('',#15446,10.);
#4441=VECTOR('',#15447,10.);
#4442=VECTOR('',#15450,10.);
#4443=VECTOR('',#15451,10.);
#4444=VECTOR('',#15454,10.);
#4445=VECTOR('',#15455,10.);
#4446=VECTOR('',#15456,10.);
#4447=VECTOR('',#15457,10.);
#4448=VECTOR('',#15460,10.);
#4449=VECTOR('',#15461,10.);
#4450=VECTOR('',#15462,10.);
#4451=VECTOR('',#15465,10.);
#4452=VECTOR('',#15466,10.);
#4453=VECTOR('',#15467,10.);
#4454=VECTOR('',#15470,10.);
#4455=VECTOR('',#15471,10.);
#4456=VECTOR('',#15474,10.);
#4457=VECTOR('',#15475,10.);
#4458=VECTOR('',#15476,10.);
#4459=VECTOR('',#15477,10.);
#4460=VECTOR('',#15480,10.);
#4461=VECTOR('',#15481,10.);
#4462=VECTOR('',#15482,10.);
#4463=VECTOR('',#15485,10.);
#4464=VECTOR('',#15486,10.);
#4465=VECTOR('',#15487,10.);
#4466=VECTOR('',#15490,10.);
#4467=VECTOR('',#15491,10.);
#4468=VECTOR('',#15494,10.);
#4469=VECTOR('',#15495,10.);
#4470=VECTOR('',#15496,10.);
#4471=VECTOR('',#15497,10.);
#4472=VECTOR('',#15500,10.);
#4473=VECTOR('',#15501,10.);
#4474=VECTOR('',#15502,10.);
#4475=VECTOR('',#15505,10.);
#4476=VECTOR('',#15506,10.);
#4477=VECTOR('',#15507,10.);
#4478=VECTOR('',#15510,10.);
#4479=VECTOR('',#15511,10.);
#4480=VECTOR('',#15514,10.);
#4481=VECTOR('',#15515,10.);
#4482=VECTOR('',#15516,10.);
#4483=VECTOR('',#15517,10.);
#4484=VECTOR('',#15520,10.);
#4485=VECTOR('',#15521,10.);
#4486=VECTOR('',#15522,10.);
#4487=VECTOR('',#15525,10.);
#4488=VECTOR('',#15526,10.);
#4489=VECTOR('',#15527,10.);
#4490=VECTOR('',#15530,10.);
#4491=VECTOR('',#15531,10.);
#4492=VECTOR('',#15536,10.);
#4493=VECTOR('',#15537,10.);
#4494=VECTOR('',#15538,10.);
#4495=VECTOR('',#15539,10.);
#4496=VECTOR('',#15542,10.);
#4497=VECTOR('',#15543,10.);
#4498=VECTOR('',#15544,10.);
#4499=VECTOR('',#15547,10.);
#4500=VECTOR('',#15548,10.);
#4501=VECTOR('',#15549,10.);
#4502=VECTOR('',#15552,10.);
#4503=VECTOR('',#15553,10.);
#4504=VECTOR('',#15556,10.);
#4505=VECTOR('',#15557,10.);
#4506=VECTOR('',#15558,10.);
#4507=VECTOR('',#15559,10.);
#4508=VECTOR('',#15562,10.);
#4509=VECTOR('',#15563,10.);
#4510=VECTOR('',#15564,10.);
#4511=VECTOR('',#15567,10.);
#4512=VECTOR('',#15568,10.);
#4513=VECTOR('',#15569,10.);
#4514=VECTOR('',#15572,10.);
#4515=VECTOR('',#15573,10.);
#4516=VECTOR('',#15578,10.);
#4517=VECTOR('',#15579,10.);
#4518=VECTOR('',#15580,10.);
#4519=VECTOR('',#15581,10.);
#4520=VECTOR('',#15584,10.);
#4521=VECTOR('',#15585,10.);
#4522=VECTOR('',#15586,10.);
#4523=VECTOR('',#15589,10.);
#4524=VECTOR('',#15590,10.);
#4525=VECTOR('',#15591,10.);
#4526=VECTOR('',#15594,10.);
#4527=VECTOR('',#15595,10.);
#4528=VECTOR('',#15598,10.);
#4529=VECTOR('',#15599,10.);
#4530=VECTOR('',#15600,10.);
#4531=VECTOR('',#15601,10.);
#4532=VECTOR('',#15604,10.);
#4533=VECTOR('',#15605,10.);
#4534=VECTOR('',#15606,10.);
#4535=VECTOR('',#15609,10.);
#4536=VECTOR('',#15610,10.);
#4537=VECTOR('',#15611,10.);
#4538=VECTOR('',#15614,10.);
#4539=VECTOR('',#15615,10.);
#4540=VECTOR('',#15618,10.);
#4541=VECTOR('',#15619,10.);
#4542=VECTOR('',#15620,10.);
#4543=VECTOR('',#15621,10.);
#4544=VECTOR('',#15624,10.);
#4545=VECTOR('',#15625,10.);
#4546=VECTOR('',#15626,10.);
#4547=VECTOR('',#15629,10.);
#4548=VECTOR('',#15630,10.);
#4549=VECTOR('',#15631,10.);
#4550=VECTOR('',#15634,10.);
#4551=VECTOR('',#15635,10.);
#4552=VECTOR('',#15638,10.);
#4553=VECTOR('',#15639,10.);
#4554=VECTOR('',#15640,10.);
#4555=VECTOR('',#15641,10.);
#4556=VECTOR('',#15644,10.);
#4557=VECTOR('',#15645,10.);
#4558=VECTOR('',#15646,10.);
#4559=VECTOR('',#15649,10.);
#4560=VECTOR('',#15650,10.);
#4561=VECTOR('',#15651,10.);
#4562=VECTOR('',#15654,10.);
#4563=VECTOR('',#15655,10.);
#4564=VECTOR('',#15660,10.);
#4565=VECTOR('',#15661,10.);
#4566=VECTOR('',#15662,10.);
#4567=VECTOR('',#15663,10.);
#4568=VECTOR('',#15666,10.);
#4569=VECTOR('',#15667,10.);
#4570=VECTOR('',#15668,10.);
#4571=VECTOR('',#15671,10.);
#4572=VECTOR('',#15672,10.);
#4573=VECTOR('',#15673,10.);
#4574=VECTOR('',#15676,10.);
#4575=VECTOR('',#15677,10.);
#4576=VECTOR('',#15680,10.);
#4577=VECTOR('',#15681,10.);
#4578=VECTOR('',#15682,10.);
#4579=VECTOR('',#15683,10.);
#4580=VECTOR('',#15686,10.);
#4581=VECTOR('',#15687,10.);
#4582=VECTOR('',#15688,10.);
#4583=VECTOR('',#15691,10.);
#4584=VECTOR('',#15692,10.);
#4585=VECTOR('',#15693,10.);
#4586=VECTOR('',#15696,10.);
#4587=VECTOR('',#15697,10.);
#4588=VECTOR('',#15702,10.);
#4589=VECTOR('',#15703,10.);
#4590=VECTOR('',#15704,10.);
#4591=VECTOR('',#15705,10.);
#4592=VECTOR('',#15708,10.);
#4593=VECTOR('',#15709,10.);
#4594=VECTOR('',#15710,10.);
#4595=VECTOR('',#15713,10.);
#4596=VECTOR('',#15714,10.);
#4597=VECTOR('',#15715,10.);
#4598=VECTOR('',#15718,10.);
#4599=VECTOR('',#15719,10.);
#4600=VECTOR('',#15724,10.);
#4601=VECTOR('',#15725,10.);
#4602=VECTOR('',#15726,10.);
#4603=VECTOR('',#15727,10.);
#4604=VECTOR('',#15730,10.);
#4605=VECTOR('',#15731,10.);
#4606=VECTOR('',#15732,10.);
#4607=VECTOR('',#15735,10.);
#4608=VECTOR('',#15736,10.);
#4609=VECTOR('',#15737,10.);
#4610=VECTOR('',#15740,10.);
#4611=VECTOR('',#15741,10.);
#4612=VECTOR('',#15744,10.);
#4613=VECTOR('',#15745,10.);
#4614=VECTOR('',#15746,10.);
#4615=VECTOR('',#15747,10.);
#4616=VECTOR('',#15750,10.);
#4617=VECTOR('',#15751,10.);
#4618=VECTOR('',#15752,10.);
#4619=VECTOR('',#15755,10.);
#4620=VECTOR('',#15756,10.);
#4621=VECTOR('',#15757,10.);
#4622=VECTOR('',#15760,10.);
#4623=VECTOR('',#15761,10.);
#4624=VECTOR('',#15764,10.);
#4625=VECTOR('',#15765,10.);
#4626=VECTOR('',#15766,10.);
#4627=VECTOR('',#15767,10.);
#4628=VECTOR('',#15770,10.);
#4629=VECTOR('',#15771,10.);
#4630=VECTOR('',#15772,10.);
#4631=VECTOR('',#15775,10.);
#4632=VECTOR('',#15776,10.);
#4633=VECTOR('',#15777,10.);
#4634=VECTOR('',#15780,10.);
#4635=VECTOR('',#15781,10.);
#4636=VECTOR('',#15784,10.);
#4637=VECTOR('',#15785,10.);
#4638=VECTOR('',#15786,10.);
#4639=VECTOR('',#15787,10.);
#4640=VECTOR('',#15790,10.);
#4641=VECTOR('',#15791,10.);
#4642=VECTOR('',#15792,10.);
#4643=VECTOR('',#15795,10.);
#4644=VECTOR('',#15796,10.);
#4645=VECTOR('',#15797,10.);
#4646=VECTOR('',#15800,10.);
#4647=VECTOR('',#15801,10.);
#4648=VECTOR('',#15804,10.);
#4649=VECTOR('',#15805,10.);
#4650=VECTOR('',#15806,10.);
#4651=VECTOR('',#15807,10.);
#4652=VECTOR('',#15810,10.);
#4653=VECTOR('',#15811,10.);
#4654=VECTOR('',#15812,10.);
#4655=VECTOR('',#15815,10.);
#4656=VECTOR('',#15816,10.);
#4657=VECTOR('',#15817,10.);
#4658=VECTOR('',#15820,10.);
#4659=VECTOR('',#15821,10.);
#4660=VECTOR('',#15826,10.);
#4661=VECTOR('',#15827,10.);
#4662=VECTOR('',#15828,10.);
#4663=VECTOR('',#15829,10.);
#4664=VECTOR('',#15832,10.);
#4665=VECTOR('',#15833,10.);
#4666=VECTOR('',#15834,10.);
#4667=VECTOR('',#15837,10.);
#4668=VECTOR('',#15838,10.);
#4669=VECTOR('',#15839,10.);
#4670=VECTOR('',#15842,10.);
#4671=VECTOR('',#15843,10.);
#4672=VECTOR('',#15846,10.);
#4673=VECTOR('',#15847,10.);
#4674=VECTOR('',#15848,10.);
#4675=VECTOR('',#15849,10.);
#4676=VECTOR('',#15852,10.);
#4677=VECTOR('',#15853,10.);
#4678=VECTOR('',#15854,10.);
#4679=VECTOR('',#15857,10.);
#4680=VECTOR('',#15858,10.);
#4681=VECTOR('',#15859,10.);
#4682=VECTOR('',#15862,10.);
#4683=VECTOR('',#15863,10.);
#4684=VECTOR('',#15866,10.);
#4685=VECTOR('',#15867,10.);
#4686=VECTOR('',#15868,10.);
#4687=VECTOR('',#15869,10.);
#4688=VECTOR('',#15872,10.);
#4689=VECTOR('',#15873,10.);
#4690=VECTOR('',#15874,10.);
#4691=VECTOR('',#15877,10.);
#4692=VECTOR('',#15878,10.);
#4693=VECTOR('',#15879,10.);
#4694=VECTOR('',#15882,10.);
#4695=VECTOR('',#15883,10.);
#4696=VECTOR('',#15886,10.);
#4697=VECTOR('',#15887,10.);
#4698=VECTOR('',#15888,10.);
#4699=VECTOR('',#15889,10.);
#4700=VECTOR('',#15892,10.);
#4701=VECTOR('',#15893,10.);
#4702=VECTOR('',#15894,10.);
#4703=VECTOR('',#15897,10.);
#4704=VECTOR('',#15898,10.);
#4705=VECTOR('',#15899,10.);
#4706=VECTOR('',#15902,10.);
#4707=VECTOR('',#15903,10.);
#4708=VECTOR('',#15906,10.);
#4709=VECTOR('',#15907,10.);
#4710=VECTOR('',#15908,10.);
#4711=VECTOR('',#15909,10.);
#4712=VECTOR('',#15912,10.);
#4713=VECTOR('',#15913,10.);
#4714=VECTOR('',#15914,10.);
#4715=VECTOR('',#15917,10.);
#4716=VECTOR('',#15918,10.);
#4717=VECTOR('',#15919,10.);
#4718=VECTOR('',#15922,10.);
#4719=VECTOR('',#15923,10.);
#4720=VECTOR('',#15928,10.);
#4721=VECTOR('',#15929,10.);
#4722=VECTOR('',#15930,10.);
#4723=VECTOR('',#15931,10.);
#4724=VECTOR('',#15934,10.);
#4725=VECTOR('',#15935,10.);
#4726=VECTOR('',#15936,10.);
#4727=VECTOR('',#15939,10.);
#4728=VECTOR('',#15940,10.);
#4729=VECTOR('',#15941,10.);
#4730=VECTOR('',#15944,10.);
#4731=VECTOR('',#15945,10.);
#4732=VECTOR('',#15948,10.);
#4733=VECTOR('',#15949,10.);
#4734=VECTOR('',#15950,10.);
#4735=VECTOR('',#15951,10.);
#4736=VECTOR('',#15954,10.);
#4737=VECTOR('',#15955,10.);
#4738=VECTOR('',#15956,10.);
#4739=VECTOR('',#15959,10.);
#4740=VECTOR('',#15960,10.);
#4741=VECTOR('',#15961,10.);
#4742=VECTOR('',#15964,10.);
#4743=VECTOR('',#15965,10.);
#4744=VECTOR('',#15968,10.);
#4745=VECTOR('',#15969,10.);
#4746=VECTOR('',#15970,10.);
#4747=VECTOR('',#15971,10.);
#4748=VECTOR('',#15974,10.);
#4749=VECTOR('',#15975,10.);
#4750=VECTOR('',#15976,10.);
#4751=VECTOR('',#15979,10.);
#4752=VECTOR('',#15980,10.);
#4753=VECTOR('',#15981,10.);
#4754=VECTOR('',#15984,10.);
#4755=VECTOR('',#15985,10.);
#4756=VECTOR('',#15990,10.);
#4757=VECTOR('',#15991,10.);
#4758=VECTOR('',#15992,10.);
#4759=VECTOR('',#15993,10.);
#4760=VECTOR('',#15996,10.);
#4761=VECTOR('',#15997,10.);
#4762=VECTOR('',#15998,10.);
#4763=VECTOR('',#16001,10.);
#4764=VECTOR('',#16002,10.);
#4765=VECTOR('',#16003,10.);
#4766=VECTOR('',#16006,10.);
#4767=VECTOR('',#16007,10.);
#4768=VECTOR('',#16012,10.);
#4769=VECTOR('',#16013,10.);
#4770=VECTOR('',#16014,10.);
#4771=VECTOR('',#16015,10.);
#4772=VECTOR('',#16018,10.);
#4773=VECTOR('',#16019,10.);
#4774=VECTOR('',#16020,10.);
#4775=VECTOR('',#16023,10.);
#4776=VECTOR('',#16024,10.);
#4777=VECTOR('',#16025,10.);
#4778=VECTOR('',#16028,10.);
#4779=VECTOR('',#16029,10.);
#4780=VECTOR('',#16032,10.);
#4781=VECTOR('',#16033,10.);
#4782=VECTOR('',#16034,10.);
#4783=VECTOR('',#16035,10.);
#4784=VECTOR('',#16038,10.);
#4785=VECTOR('',#16039,10.);
#4786=VECTOR('',#16040,10.);
#4787=VECTOR('',#16043,10.);
#4788=VECTOR('',#16044,10.);
#4789=VECTOR('',#16045,10.);
#4790=VECTOR('',#16048,10.);
#4791=VECTOR('',#16049,10.);
#4792=VECTOR('',#16054,10.);
#4793=VECTOR('',#16055,10.);
#4794=VECTOR('',#16056,10.);
#4795=VECTOR('',#16057,10.);
#4796=VECTOR('',#16060,10.);
#4797=VECTOR('',#16061,10.);
#4798=VECTOR('',#16062,10.);
#4799=VECTOR('',#16065,10.);
#4800=VECTOR('',#16066,10.);
#4801=VECTOR('',#16067,10.);
#4802=VECTOR('',#16070,10.);
#4803=VECTOR('',#16071,10.);
#4804=VECTOR('',#16074,10.);
#4805=VECTOR('',#16075,10.);
#4806=VECTOR('',#16076,10.);
#4807=VECTOR('',#16077,10.);
#4808=VECTOR('',#16080,10.);
#4809=VECTOR('',#16081,10.);
#4810=VECTOR('',#16082,10.);
#4811=VECTOR('',#16085,10.);
#4812=VECTOR('',#16086,10.);
#4813=VECTOR('',#16087,10.);
#4814=VECTOR('',#16090,10.);
#4815=VECTOR('',#16091,10.);
#4816=VECTOR('',#16094,10.);
#4817=VECTOR('',#16095,10.);
#4818=VECTOR('',#16096,10.);
#4819=VECTOR('',#16097,10.);
#4820=VECTOR('',#16100,10.);
#4821=VECTOR('',#16101,10.);
#4822=VECTOR('',#16102,10.);
#4823=VECTOR('',#16105,10.);
#4824=VECTOR('',#16106,10.);
#4825=VECTOR('',#16107,10.);
#4826=VECTOR('',#16110,10.);
#4827=VECTOR('',#16111,10.);
#4828=VECTOR('',#16114,10.);
#4829=VECTOR('',#16115,10.);
#4830=VECTOR('',#16116,10.);
#4831=VECTOR('',#16117,10.);
#4832=VECTOR('',#16120,10.);
#4833=VECTOR('',#16121,10.);
#4834=VECTOR('',#16122,10.);
#4835=VECTOR('',#16125,10.);
#4836=VECTOR('',#16126,10.);
#4837=VECTOR('',#16127,10.);
#4838=VECTOR('',#16130,10.);
#4839=VECTOR('',#16131,10.);
#4840=VECTOR('',#16134,10.);
#4841=VECTOR('',#16135,10.);
#4842=VECTOR('',#16136,10.);
#4843=VECTOR('',#16137,10.);
#4844=VECTOR('',#16140,10.);
#4845=VECTOR('',#16141,10.);
#4846=VECTOR('',#16142,10.);
#4847=VECTOR('',#16145,10.);
#4848=VECTOR('',#16146,10.);
#4849=VECTOR('',#16147,10.);
#4850=VECTOR('',#16150,10.);
#4851=VECTOR('',#16151,10.);
#4852=VECTOR('',#16154,10.);
#4853=VECTOR('',#16155,10.);
#4854=VECTOR('',#16156,10.);
#4855=VECTOR('',#16157,10.);
#4856=VECTOR('',#16160,10.);
#4857=VECTOR('',#16161,10.);
#4858=VECTOR('',#16162,10.);
#4859=VECTOR('',#16165,10.);
#4860=VECTOR('',#16166,10.);
#4861=VECTOR('',#16167,10.);
#4862=VECTOR('',#16170,10.);
#4863=VECTOR('',#16171,10.);
#4864=VECTOR('',#16174,10.);
#4865=VECTOR('',#16175,10.);
#4866=VECTOR('',#16176,10.);
#4867=VECTOR('',#16177,10.);
#4868=VECTOR('',#16180,10.);
#4869=VECTOR('',#16181,10.);
#4870=VECTOR('',#16182,10.);
#4871=VECTOR('',#16185,10.);
#4872=VECTOR('',#16186,10.);
#4873=VECTOR('',#16187,10.);
#4874=VECTOR('',#16190,10.);
#4875=VECTOR('',#16191,10.);
#4876=VECTOR('',#16194,10.);
#4877=VECTOR('',#16195,10.);
#4878=VECTOR('',#16196,10.);
#4879=VECTOR('',#16197,10.);
#4880=VECTOR('',#16200,10.);
#4881=VECTOR('',#16201,10.);
#4882=VECTOR('',#16202,10.);
#4883=VECTOR('',#16205,10.);
#4884=VECTOR('',#16206,10.);
#4885=VECTOR('',#16207,10.);
#4886=VECTOR('',#16210,10.);
#4887=VECTOR('',#16211,10.);
#4888=VECTOR('',#16214,10.);
#4889=VECTOR('',#16215,10.);
#4890=VECTOR('',#16216,10.);
#4891=VECTOR('',#16217,10.);
#4892=VECTOR('',#16220,10.);
#4893=VECTOR('',#16221,10.);
#4894=VECTOR('',#16222,10.);
#4895=VECTOR('',#16225,10.);
#4896=VECTOR('',#16226,10.);
#4897=VECTOR('',#16227,10.);
#4898=VECTOR('',#16230,10.);
#4899=VECTOR('',#16231,10.);
#4900=VECTOR('',#16236,10.);
#4901=VECTOR('',#16237,10.);
#4902=VECTOR('',#16238,10.);
#4903=VECTOR('',#16239,10.);
#4904=VECTOR('',#16242,10.);
#4905=VECTOR('',#16243,10.);
#4906=VECTOR('',#16244,10.);
#4907=VECTOR('',#16247,10.);
#4908=VECTOR('',#16248,10.);
#4909=VECTOR('',#16249,10.);
#4910=VECTOR('',#16252,10.);
#4911=VECTOR('',#16253,10.);
#4912=VECTOR('',#16256,10.);
#4913=VECTOR('',#16257,10.);
#4914=VECTOR('',#16258,10.);
#4915=VECTOR('',#16259,10.);
#4916=VECTOR('',#16262,10.);
#4917=VECTOR('',#16263,10.);
#4918=VECTOR('',#16264,10.);
#4919=VECTOR('',#16267,10.);
#4920=VECTOR('',#16268,10.);
#4921=VECTOR('',#16269,10.);
#4922=VECTOR('',#16272,10.);
#4923=VECTOR('',#16273,10.);
#4924=VECTOR('',#16276,10.);
#4925=VECTOR('',#16277,10.);
#4926=VECTOR('',#16278,10.);
#4927=VECTOR('',#16279,10.);
#4928=VECTOR('',#16282,10.);
#4929=VECTOR('',#16283,10.);
#4930=VECTOR('',#16284,10.);
#4931=VECTOR('',#16287,10.);
#4932=VECTOR('',#16288,10.);
#4933=VECTOR('',#16289,10.);
#4934=VECTOR('',#16292,10.);
#4935=VECTOR('',#16293,10.);
#4936=VECTOR('',#16296,10.);
#4937=VECTOR('',#16297,10.);
#4938=VECTOR('',#16298,10.);
#4939=VECTOR('',#16299,10.);
#4940=VECTOR('',#16302,10.);
#4941=VECTOR('',#16303,10.);
#4942=VECTOR('',#16304,10.);
#4943=VECTOR('',#16307,10.);
#4944=VECTOR('',#16308,10.);
#4945=VECTOR('',#16309,10.);
#4946=VECTOR('',#16312,10.);
#4947=VECTOR('',#16313,10.);
#4948=VECTOR('',#16316,10.);
#4949=VECTOR('',#16317,10.);
#4950=VECTOR('',#16318,10.);
#4951=VECTOR('',#16319,10.);
#4952=VECTOR('',#16322,10.);
#4953=VECTOR('',#16323,10.);
#4954=VECTOR('',#16324,10.);
#4955=VECTOR('',#16327,10.);
#4956=VECTOR('',#16328,10.);
#4957=VECTOR('',#16329,10.);
#4958=VECTOR('',#16332,10.);
#4959=VECTOR('',#16333,10.);
#4960=VECTOR('',#16336,10.);
#4961=VECTOR('',#16337,10.);
#4962=VECTOR('',#16338,10.);
#4963=VECTOR('',#16339,10.);
#4964=VECTOR('',#16342,10.);
#4965=VECTOR('',#16343,10.);
#4966=VECTOR('',#16344,10.);
#4967=VECTOR('',#16347,10.);
#4968=VECTOR('',#16348,10.);
#4969=VECTOR('',#16349,10.);
#4970=VECTOR('',#16352,10.);
#4971=VECTOR('',#16353,10.);
#4972=VECTOR('',#16356,10.);
#4973=VECTOR('',#16357,10.);
#4974=VECTOR('',#16358,10.);
#4975=VECTOR('',#16359,10.);
#4976=VECTOR('',#16362,10.);
#4977=VECTOR('',#16363,10.);
#4978=VECTOR('',#16364,10.);
#4979=VECTOR('',#16367,10.);
#4980=VECTOR('',#16368,10.);
#4981=VECTOR('',#16369,10.);
#4982=VECTOR('',#16372,10.);
#4983=VECTOR('',#16373,10.);
#4984=VECTOR('',#16378,10.);
#4985=VECTOR('',#16379,10.);
#4986=VECTOR('',#16380,10.);
#4987=VECTOR('',#16381,10.);
#4988=VECTOR('',#16384,10.);
#4989=VECTOR('',#16385,10.);
#4990=VECTOR('',#16386,10.);
#4991=VECTOR('',#16389,10.);
#4992=VECTOR('',#16390,10.);
#4993=VECTOR('',#16391,10.);
#4994=VECTOR('',#16394,10.);
#4995=VECTOR('',#16395,10.);
#4996=VECTOR('',#16398,10.);
#4997=VECTOR('',#16399,10.);
#4998=VECTOR('',#16400,10.);
#4999=VECTOR('',#16401,10.);
#5000=VECTOR('',#16404,10.);
#5001=VECTOR('',#16405,10.);
#5002=VECTOR('',#16406,10.);
#5003=VECTOR('',#16409,10.);
#5004=VECTOR('',#16410,10.);
#5005=VECTOR('',#16411,10.);
#5006=VECTOR('',#16414,10.);
#5007=VECTOR('',#16415,10.);
#5008=VECTOR('',#16418,10.);
#5009=VECTOR('',#16419,10.);
#5010=VECTOR('',#16420,10.);
#5011=VECTOR('',#16421,10.);
#5012=VECTOR('',#16424,10.);
#5013=VECTOR('',#16425,10.);
#5014=VECTOR('',#16426,10.);
#5015=VECTOR('',#16429,10.);
#5016=VECTOR('',#16430,10.);
#5017=VECTOR('',#16431,10.);
#5018=VECTOR('',#16434,10.);
#5019=VECTOR('',#16435,10.);
#5020=VECTOR('',#16440,10.);
#5021=VECTOR('',#16441,10.);
#5022=VECTOR('',#16442,10.);
#5023=VECTOR('',#16443,10.);
#5024=VECTOR('',#16446,10.);
#5025=VECTOR('',#16447,10.);
#5026=VECTOR('',#16448,10.);
#5027=VECTOR('',#16451,10.);
#5028=VECTOR('',#16452,10.);
#5029=VECTOR('',#16453,10.);
#5030=VECTOR('',#16456,10.);
#5031=VECTOR('',#16457,10.);
#5032=VECTOR('',#16460,10.);
#5033=VECTOR('',#16461,10.);
#5034=VECTOR('',#16462,10.);
#5035=VECTOR('',#16463,10.);
#5036=VECTOR('',#16466,10.);
#5037=VECTOR('',#16467,10.);
#5038=VECTOR('',#16468,10.);
#5039=VECTOR('',#16471,10.);
#5040=VECTOR('',#16472,10.);
#5041=VECTOR('',#16473,10.);
#5042=VECTOR('',#16476,10.);
#5043=VECTOR('',#16477,10.);
#5044=VECTOR('',#16480,10.);
#5045=VECTOR('',#16481,10.);
#5046=VECTOR('',#16482,10.);
#5047=VECTOR('',#16483,10.);
#5048=VECTOR('',#16486,10.);
#5049=VECTOR('',#16487,10.);
#5050=VECTOR('',#16488,10.);
#5051=VECTOR('',#16491,10.);
#5052=VECTOR('',#16492,10.);
#5053=VECTOR('',#16493,10.);
#5054=VECTOR('',#16496,10.);
#5055=VECTOR('',#16497,10.);
#5056=VECTOR('',#16502,10.);
#5057=VECTOR('',#16503,10.);
#5058=VECTOR('',#16504,10.);
#5059=VECTOR('',#16505,10.);
#5060=VECTOR('',#16508,10.);
#5061=VECTOR('',#16509,10.);
#5062=VECTOR('',#16510,10.);
#5063=VECTOR('',#16513,10.);
#5064=VECTOR('',#16514,10.);
#5065=VECTOR('',#16515,10.);
#5066=VECTOR('',#16518,10.);
#5067=VECTOR('',#16519,10.);
#5068=VECTOR('',#16522,10.);
#5069=VECTOR('',#16523,10.);
#5070=VECTOR('',#16524,10.);
#5071=VECTOR('',#16525,10.);
#5072=VECTOR('',#16528,10.);
#5073=VECTOR('',#16529,10.);
#5074=VECTOR('',#16530,10.);
#5075=VECTOR('',#16533,10.);
#5076=VECTOR('',#16534,10.);
#5077=VECTOR('',#16535,10.);
#5078=VECTOR('',#16538,10.);
#5079=VECTOR('',#16539,10.);
#5080=VECTOR('',#16544,10.);
#5081=VECTOR('',#16545,10.);
#5082=VECTOR('',#16546,10.);
#5083=VECTOR('',#16547,10.);
#5084=VECTOR('',#16550,10.);
#5085=VECTOR('',#16551,10.);
#5086=VECTOR('',#16552,10.);
#5087=VECTOR('',#16555,10.);
#5088=VECTOR('',#16556,10.);
#5089=VECTOR('',#16557,10.);
#5090=VECTOR('',#16560,10.);
#5091=VECTOR('',#16561,10.);
#5092=VECTOR('',#16564,10.);
#5093=VECTOR('',#16565,10.);
#5094=VECTOR('',#16566,10.);
#5095=VECTOR('',#16567,10.);
#5096=VECTOR('',#16570,10.);
#5097=VECTOR('',#16571,10.);
#5098=VECTOR('',#16572,10.);
#5099=VECTOR('',#16575,10.);
#5100=VECTOR('',#16576,10.);
#5101=VECTOR('',#16577,10.);
#5102=VECTOR('',#16580,10.);
#5103=VECTOR('',#16581,10.);
#5104=VECTOR('',#16584,10.);
#5105=VECTOR('',#16585,10.);
#5106=VECTOR('',#16586,10.);
#5107=VECTOR('',#16587,10.);
#5108=VECTOR('',#16590,10.);
#5109=VECTOR('',#16591,10.);
#5110=VECTOR('',#16592,10.);
#5111=VECTOR('',#16595,10.);
#5112=VECTOR('',#16596,10.);
#5113=VECTOR('',#16597,10.);
#5114=VECTOR('',#16600,10.);
#5115=VECTOR('',#16601,10.);
#5116=VECTOR('',#16606,10.);
#5117=VECTOR('',#16607,10.);
#5118=VECTOR('',#16608,10.);
#5119=VECTOR('',#16609,10.);
#5120=VECTOR('',#16612,10.);
#5121=VECTOR('',#16613,10.);
#5122=VECTOR('',#16614,10.);
#5123=VECTOR('',#16617,10.);
#5124=VECTOR('',#16618,10.);
#5125=VECTOR('',#16619,10.);
#5126=VECTOR('',#16622,10.);
#5127=VECTOR('',#16623,10.);
#5128=VECTOR('',#16626,10.);
#5129=VECTOR('',#16627,10.);
#5130=VECTOR('',#16628,10.);
#5131=VECTOR('',#16629,10.);
#5132=VECTOR('',#16632,10.);
#5133=VECTOR('',#16633,10.);
#5134=VECTOR('',#16634,10.);
#5135=VECTOR('',#16637,10.);
#5136=VECTOR('',#16638,10.);
#5137=VECTOR('',#16639,10.);
#5138=VECTOR('',#16642,10.);
#5139=VECTOR('',#16643,10.);
#5140=VECTOR('',#16646,10.);
#5141=VECTOR('',#16647,10.);
#5142=VECTOR('',#16648,10.);
#5143=VECTOR('',#16649,10.);
#5144=VECTOR('',#16652,10.);
#5145=VECTOR('',#16653,10.);
#5146=VECTOR('',#16654,10.);
#5147=VECTOR('',#16657,10.);
#5148=VECTOR('',#16658,10.);
#5149=VECTOR('',#16659,10.);
#5150=VECTOR('',#16662,10.);
#5151=VECTOR('',#16663,10.);
#5152=VECTOR('',#16666,10.);
#5153=VECTOR('',#16667,10.);
#5154=VECTOR('',#16668,10.);
#5155=VECTOR('',#16669,10.);
#5156=VECTOR('',#16672,10.);
#5157=VECTOR('',#16673,10.);
#5158=VECTOR('',#16674,10.);
#5159=VECTOR('',#16677,10.);
#5160=VECTOR('',#16678,10.);
#5161=VECTOR('',#16679,10.);
#5162=VECTOR('',#16682,10.);
#5163=VECTOR('',#16683,10.);
#5164=VECTOR('',#16686,10.);
#5165=VECTOR('',#16687,10.);
#5166=VECTOR('',#16688,10.);
#5167=VECTOR('',#16689,10.);
#5168=VECTOR('',#16692,10.);
#5169=VECTOR('',#16693,10.);
#5170=VECTOR('',#16694,10.);
#5171=VECTOR('',#16697,10.);
#5172=VECTOR('',#16698,10.);
#5173=VECTOR('',#16699,10.);
#5174=VECTOR('',#16702,10.);
#5175=VECTOR('',#16703,10.);
#5176=VECTOR('',#16708,10.);
#5177=VECTOR('',#16709,10.);
#5178=VECTOR('',#16710,10.);
#5179=VECTOR('',#16711,10.);
#5180=VECTOR('',#16714,10.);
#5181=VECTOR('',#16715,10.);
#5182=VECTOR('',#16716,10.);
#5183=VECTOR('',#16719,10.);
#5184=VECTOR('',#16720,10.);
#5185=VECTOR('',#16721,10.);
#5186=VECTOR('',#16724,10.);
#5187=VECTOR('',#16725,10.);
#5188=VECTOR('',#16728,10.);
#5189=VECTOR('',#16729,10.);
#5190=VECTOR('',#16730,10.);
#5191=VECTOR('',#16731,10.);
#5192=VECTOR('',#16734,10.);
#5193=VECTOR('',#16735,10.);
#5194=VECTOR('',#16736,10.);
#5195=VECTOR('',#16739,10.);
#5196=VECTOR('',#16740,10.);
#5197=VECTOR('',#16741,10.);
#5198=VECTOR('',#16744,10.);
#5199=VECTOR('',#16745,10.);
#5200=VECTOR('',#16748,10.);
#5201=VECTOR('',#16749,10.);
#5202=VECTOR('',#16750,10.);
#5203=VECTOR('',#16751,10.);
#5204=VECTOR('',#16754,10.);
#5205=VECTOR('',#16755,10.);
#5206=VECTOR('',#16756,10.);
#5207=VECTOR('',#16759,10.);
#5208=VECTOR('',#16760,10.);
#5209=VECTOR('',#16761,10.);
#5210=VECTOR('',#16764,10.);
#5211=VECTOR('',#16765,10.);
#5212=VECTOR('',#16770,10.);
#5213=VECTOR('',#16771,10.);
#5214=VECTOR('',#16772,10.);
#5215=VECTOR('',#16773,10.);
#5216=VECTOR('',#16776,10.);
#5217=VECTOR('',#16777,10.);
#5218=VECTOR('',#16778,10.);
#5219=VECTOR('',#16781,10.);
#5220=VECTOR('',#16782,10.);
#5221=VECTOR('',#16783,10.);
#5222=VECTOR('',#16786,10.);
#5223=VECTOR('',#16787,10.);
#5224=VECTOR('',#16790,10.);
#5225=VECTOR('',#16791,10.);
#5226=VECTOR('',#16792,10.);
#5227=VECTOR('',#16793,10.);
#5228=VECTOR('',#16796,10.);
#5229=VECTOR('',#16797,10.);
#5230=VECTOR('',#16798,10.);
#5231=VECTOR('',#16801,10.);
#5232=VECTOR('',#16802,10.);
#5233=VECTOR('',#16803,10.);
#5234=VECTOR('',#16806,10.);
#5235=VECTOR('',#16807,10.);
#5236=VECTOR('',#16810,10.);
#5237=VECTOR('',#16811,10.);
#5238=VECTOR('',#16812,10.);
#5239=VECTOR('',#16813,10.);
#5240=VECTOR('',#16816,10.);
#5241=VECTOR('',#16817,10.);
#5242=VECTOR('',#16818,10.);
#5243=VECTOR('',#16821,10.);
#5244=VECTOR('',#16822,10.);
#5245=VECTOR('',#16823,10.);
#5246=VECTOR('',#16826,10.);
#5247=VECTOR('',#16827,10.);
#5248=VECTOR('',#16830,10.);
#5249=VECTOR('',#16831,10.);
#5250=VECTOR('',#16832,10.);
#5251=VECTOR('',#16833,10.);
#5252=VECTOR('',#16836,10.);
#5253=VECTOR('',#16837,10.);
#5254=VECTOR('',#16838,10.);
#5255=VECTOR('',#16841,10.);
#5256=VECTOR('',#16842,10.);
#5257=VECTOR('',#16843,10.);
#5258=VECTOR('',#16846,10.);
#5259=VECTOR('',#16847,10.);
#5260=VECTOR('',#16850,10.);
#5261=VECTOR('',#16851,10.);
#5262=VECTOR('',#16852,10.);
#5263=VECTOR('',#16853,10.);
#5264=VECTOR('',#16856,10.);
#5265=VECTOR('',#16857,10.);
#5266=VECTOR('',#16858,10.);
#5267=VECTOR('',#16861,10.);
#5268=VECTOR('',#16862,10.);
#5269=VECTOR('',#16863,10.);
#5270=VECTOR('',#16866,10.);
#5271=VECTOR('',#16867,10.);
#5272=VECTOR('',#16872,10.);
#5273=VECTOR('',#16873,10.);
#5274=VECTOR('',#16874,10.);
#5275=VECTOR('',#16875,10.);
#5276=VECTOR('',#16878,10.);
#5277=VECTOR('',#16879,10.);
#5278=VECTOR('',#16880,10.);
#5279=VECTOR('',#16883,10.);
#5280=VECTOR('',#16884,10.);
#5281=VECTOR('',#16885,10.);
#5282=VECTOR('',#16888,10.);
#5283=VECTOR('',#16889,10.);
#5284=VECTOR('',#16892,10.);
#5285=VECTOR('',#16893,10.);
#5286=VECTOR('',#16894,10.);
#5287=VECTOR('',#16895,10.);
#5288=VECTOR('',#16898,10.);
#5289=VECTOR('',#16899,10.);
#5290=VECTOR('',#16900,10.);
#5291=VECTOR('',#16903,10.);
#5292=VECTOR('',#16904,10.);
#5293=VECTOR('',#16905,10.);
#5294=VECTOR('',#16908,10.);
#5295=VECTOR('',#16909,10.);
#5296=VECTOR('',#16914,10.);
#5297=VECTOR('',#16915,10.);
#5298=VECTOR('',#16916,10.);
#5299=VECTOR('',#16917,10.);
#5300=VECTOR('',#16920,10.);
#5301=VECTOR('',#16921,10.);
#5302=VECTOR('',#16922,10.);
#5303=VECTOR('',#16925,10.);
#5304=VECTOR('',#16926,10.);
#5305=VECTOR('',#16927,10.);
#5306=VECTOR('',#16930,10.);
#5307=VECTOR('',#16931,10.);
#5308=VECTOR('',#16934,10.);
#5309=VECTOR('',#16935,10.);
#5310=VECTOR('',#16936,10.);
#5311=VECTOR('',#16937,10.);
#5312=VECTOR('',#16940,10.);
#5313=VECTOR('',#16941,10.);
#5314=VECTOR('',#16942,10.);
#5315=VECTOR('',#16945,10.);
#5316=VECTOR('',#16946,10.);
#5317=VECTOR('',#16947,10.);
#5318=VECTOR('',#16950,10.);
#5319=VECTOR('',#16951,10.);
#5320=VECTOR('',#16954,10.);
#5321=VECTOR('',#16955,10.);
#5322=VECTOR('',#16956,10.);
#5323=VECTOR('',#16957,10.);
#5324=VECTOR('',#16960,10.);
#5325=VECTOR('',#16961,10.);
#5326=VECTOR('',#16962,10.);
#5327=VECTOR('',#16965,10.);
#5328=VECTOR('',#16966,10.);
#5329=VECTOR('',#16967,10.);
#5330=VECTOR('',#16970,10.);
#5331=VECTOR('',#16971,10.);
#5332=VECTOR('',#16974,10.);
#5333=VECTOR('',#16975,10.);
#5334=VECTOR('',#16976,10.);
#5335=VECTOR('',#16977,10.);
#5336=VECTOR('',#16980,10.);
#5337=VECTOR('',#16981,10.);
#5338=VECTOR('',#16982,10.);
#5339=VECTOR('',#16985,10.);
#5340=VECTOR('',#16986,10.);
#5341=VECTOR('',#16987,10.);
#5342=VECTOR('',#16990,10.);
#5343=VECTOR('',#16991,10.);
#5344=VECTOR('',#16996,10.);
#5345=VECTOR('',#16997,10.);
#5346=VECTOR('',#16998,10.);
#5347=VECTOR('',#16999,10.);
#5348=VECTOR('',#17002,10.);
#5349=VECTOR('',#17003,10.);
#5350=VECTOR('',#17004,10.);
#5351=VECTOR('',#17007,10.);
#5352=VECTOR('',#17008,10.);
#5353=VECTOR('',#17009,10.);
#5354=VECTOR('',#17012,10.);
#5355=VECTOR('',#17013,10.);
#5356=VECTOR('',#17018,10.);
#5357=VECTOR('',#17019,10.);
#5358=VECTOR('',#17020,10.);
#5359=VECTOR('',#17021,10.);
#5360=VECTOR('',#17024,10.);
#5361=VECTOR('',#17025,10.);
#5362=VECTOR('',#17026,10.);
#5363=VECTOR('',#17029,10.);
#5364=VECTOR('',#17030,10.);
#5365=VECTOR('',#17031,10.);
#5366=VECTOR('',#17034,10.);
#5367=VECTOR('',#17035,10.);
#5368=VECTOR('',#17038,10.);
#5369=VECTOR('',#17039,10.);
#5370=VECTOR('',#17040,10.);
#5371=VECTOR('',#17041,10.);
#5372=VECTOR('',#17044,10.);
#5373=VECTOR('',#17045,10.);
#5374=VECTOR('',#17046,10.);
#5375=VECTOR('',#17049,10.);
#5376=VECTOR('',#17050,10.);
#5377=VECTOR('',#17051,10.);
#5378=VECTOR('',#17054,10.);
#5379=VECTOR('',#17055,10.);
#5380=VECTOR('',#17058,10.);
#5381=VECTOR('',#17059,10.);
#5382=VECTOR('',#17060,10.);
#5383=VECTOR('',#17061,10.);
#5384=VECTOR('',#17064,10.);
#5385=VECTOR('',#17065,10.);
#5386=VECTOR('',#17066,10.);
#5387=VECTOR('',#17069,10.);
#5388=VECTOR('',#17070,10.);
#5389=VECTOR('',#17071,10.);
#5390=VECTOR('',#17074,10.);
#5391=VECTOR('',#17075,10.);
#5392=VECTOR('',#17078,10.);
#5393=VECTOR('',#17079,10.);
#5394=VECTOR('',#17080,10.);
#5395=VECTOR('',#17081,10.);
#5396=VECTOR('',#17084,10.);
#5397=VECTOR('',#17085,10.);
#5398=VECTOR('',#17086,10.);
#5399=VECTOR('',#17089,10.);
#5400=VECTOR('',#17090,10.);
#5401=VECTOR('',#17091,10.);
#5402=VECTOR('',#17094,10.);
#5403=VECTOR('',#17095,10.);
#5404=VECTOR('',#17098,10.);
#5405=VECTOR('',#17099,10.);
#5406=VECTOR('',#17102,10.);
#5407=VECTOR('',#17105,10.);
#5408=VECTOR('',#17106,10.);
#5409=VECTOR('',#17109,10.);
#5410=VECTOR('',#17112,10.);
#5411=VECTOR('',#17113,10.);
#5412=VECTOR('',#17116,10.);
#5413=VECTOR('',#17119,10.);
#5414=VECTOR('',#17120,10.);
#5415=VECTOR('',#17123,10.);
#5416=VECTOR('',#17126,10.);
#5417=VECTOR('',#17129,10.);
#5418=VECTOR('',#17132,10.);
#5419=VECTOR('',#17133,10.);
#5420=VECTOR('',#17138,10.);
#5421=VECTOR('',#17147,10.);
#5422=VECTOR('',#17152,10.);
#5423=VERTEX_POINT('',#17159);
#5424=VERTEX_POINT('',#17160);
#5425=VERTEX_POINT('',#17162);
#5426=VERTEX_POINT('',#17164);
#5427=VERTEX_POINT('',#17168);
#5428=VERTEX_POINT('',#17170);
#5429=VERTEX_POINT('',#17174);
#5430=VERTEX_POINT('',#17176);
#5431=VERTEX_POINT('',#17184);
#5432=VERTEX_POINT('',#17185);
#5433=VERTEX_POINT('',#17187);
#5434=VERTEX_POINT('',#17189);
#5435=VERTEX_POINT('',#17193);
#5436=VERTEX_POINT('',#17195);
#5437=VERTEX_POINT('',#17199);
#5438=VERTEX_POINT('',#17201);
#5439=VERTEX_POINT('',#17209);
#5440=VERTEX_POINT('',#17210);
#5441=VERTEX_POINT('',#17212);
#5442=VERTEX_POINT('',#17214);
#5443=VERTEX_POINT('',#17218);
#5444=VERTEX_POINT('',#17220);
#5445=VERTEX_POINT('',#17224);
#5446=VERTEX_POINT('',#17226);
#5447=VERTEX_POINT('',#17234);
#5448=VERTEX_POINT('',#17235);
#5449=VERTEX_POINT('',#17237);
#5450=VERTEX_POINT('',#17239);
#5451=VERTEX_POINT('',#17243);
#5452=VERTEX_POINT('',#17245);
#5453=VERTEX_POINT('',#17249);
#5454=VERTEX_POINT('',#17251);
#5455=VERTEX_POINT('',#17259);
#5456=VERTEX_POINT('',#17260);
#5457=VERTEX_POINT('',#17262);
#5458=VERTEX_POINT('',#17264);
#5459=VERTEX_POINT('',#17268);
#5460=VERTEX_POINT('',#17270);
#5461=VERTEX_POINT('',#17274);
#5462=VERTEX_POINT('',#17276);
#5463=VERTEX_POINT('',#17278);
#5464=VERTEX_POINT('',#17280);
#5465=VERTEX_POINT('',#17282);
#5466=VERTEX_POINT('',#17284);
#5467=VERTEX_POINT('',#17286);
#5468=VERTEX_POINT('',#17288);
#5469=VERTEX_POINT('',#17290);
#5470=VERTEX_POINT('',#17292);
#5471=VERTEX_POINT('',#17294);
#5472=VERTEX_POINT('',#17296);
#5473=VERTEX_POINT('',#17298);
#5474=VERTEX_POINT('',#17300);
#5475=VERTEX_POINT('',#17302);
#5476=VERTEX_POINT('',#17304);
#5477=VERTEX_POINT('',#17306);
#5478=VERTEX_POINT('',#17308);
#5479=VERTEX_POINT('',#17310);
#5480=VERTEX_POINT('',#17312);
#5481=VERTEX_POINT('',#17314);
#5482=VERTEX_POINT('',#17316);
#5483=VERTEX_POINT('',#17318);
#5484=VERTEX_POINT('',#17320);
#5485=VERTEX_POINT('',#17322);
#5486=VERTEX_POINT('',#17326);
#5487=VERTEX_POINT('',#17328);
#5488=VERTEX_POINT('',#17332);
#5489=VERTEX_POINT('',#17336);
#5490=VERTEX_POINT('',#17338);
#5491=VERTEX_POINT('',#17344);
#5492=VERTEX_POINT('',#17348);
#5493=VERTEX_POINT('',#17350);
#5494=VERTEX_POINT('',#17352);
#5495=VERTEX_POINT('',#17354);
#5496=VERTEX_POINT('',#17356);
#5497=VERTEX_POINT('',#17358);
#5498=VERTEX_POINT('',#17360);
#5499=VERTEX_POINT('',#17362);
#5500=VERTEX_POINT('',#17364);
#5501=VERTEX_POINT('',#17366);
#5502=VERTEX_POINT('',#17368);
#5503=VERTEX_POINT('',#17370);
#5504=VERTEX_POINT('',#17372);
#5505=VERTEX_POINT('',#17374);
#5506=VERTEX_POINT('',#17376);
#5507=VERTEX_POINT('',#17378);
#5508=VERTEX_POINT('',#17380);
#5509=VERTEX_POINT('',#17382);
#5510=VERTEX_POINT('',#17384);
#5511=VERTEX_POINT('',#17389);
#5512=VERTEX_POINT('',#17390);
#5513=VERTEX_POINT('',#17392);
#5514=VERTEX_POINT('',#17394);
#5515=VERTEX_POINT('',#17398);
#5516=VERTEX_POINT('',#17400);
#5517=VERTEX_POINT('',#17404);
#5518=VERTEX_POINT('',#17406);
#5519=VERTEX_POINT('',#17414);
#5520=VERTEX_POINT('',#17415);
#5521=VERTEX_POINT('',#17417);
#5522=VERTEX_POINT('',#17419);
#5523=VERTEX_POINT('',#17423);
#5524=VERTEX_POINT('',#17425);
#5525=VERTEX_POINT('',#17429);
#5526=VERTEX_POINT('',#17431);
#5527=VERTEX_POINT('',#17438);
#5528=VERTEX_POINT('',#17439);
#5529=VERTEX_POINT('',#17441);
#5530=VERTEX_POINT('',#17443);
#5531=VERTEX_POINT('',#17447);
#5532=VERTEX_POINT('',#17449);
#5533=VERTEX_POINT('',#17453);
#5534=VERTEX_POINT('',#17455);
#5535=VERTEX_POINT('',#17463);
#5536=VERTEX_POINT('',#17464);
#5537=VERTEX_POINT('',#17466);
#5538=VERTEX_POINT('',#17468);
#5539=VERTEX_POINT('',#17472);
#5540=VERTEX_POINT('',#17474);
#5541=VERTEX_POINT('',#17478);
#5542=VERTEX_POINT('',#17480);
#5543=VERTEX_POINT('',#17488);
#5544=VERTEX_POINT('',#17489);
#5545=VERTEX_POINT('',#17491);
#5546=VERTEX_POINT('',#17493);
#5547=VERTEX_POINT('',#17497);
#5548=VERTEX_POINT('',#17499);
#5549=VERTEX_POINT('',#17503);
#5550=VERTEX_POINT('',#17505);
#5551=VERTEX_POINT('',#17512);
#5552=VERTEX_POINT('',#17513);
#5553=VERTEX_POINT('',#17515);
#5554=VERTEX_POINT('',#17517);
#5555=VERTEX_POINT('',#17521);
#5556=VERTEX_POINT('',#17523);
#5557=VERTEX_POINT('',#17527);
#5558=VERTEX_POINT('',#17529);
#5559=VERTEX_POINT('',#17536);
#5560=VERTEX_POINT('',#17537);
#5561=VERTEX_POINT('',#17539);
#5562=VERTEX_POINT('',#17541);
#5563=VERTEX_POINT('',#17545);
#5564=VERTEX_POINT('',#17547);
#5565=VERTEX_POINT('',#17551);
#5566=VERTEX_POINT('',#17553);
#5567=VERTEX_POINT('',#17560);
#5568=VERTEX_POINT('',#17561);
#5569=VERTEX_POINT('',#17563);
#5570=VERTEX_POINT('',#17565);
#5571=VERTEX_POINT('',#17569);
#5572=VERTEX_POINT('',#17571);
#5573=VERTEX_POINT('',#17575);
#5574=VERTEX_POINT('',#17577);
#5575=VERTEX_POINT('',#17584);
#5576=VERTEX_POINT('',#17585);
#5577=VERTEX_POINT('',#17587);
#5578=VERTEX_POINT('',#17589);
#5579=VERTEX_POINT('',#17593);
#5580=VERTEX_POINT('',#17595);
#5581=VERTEX_POINT('',#17599);
#5582=VERTEX_POINT('',#17601);
#5583=VERTEX_POINT('',#17608);
#5584=VERTEX_POINT('',#17609);
#5585=VERTEX_POINT('',#17611);
#5586=VERTEX_POINT('',#17613);
#5587=VERTEX_POINT('',#17617);
#5588=VERTEX_POINT('',#17619);
#5589=VERTEX_POINT('',#17623);
#5590=VERTEX_POINT('',#17625);
#5591=VERTEX_POINT('',#17632);
#5592=VERTEX_POINT('',#17633);
#5593=VERTEX_POINT('',#17635);
#5594=VERTEX_POINT('',#17637);
#5595=VERTEX_POINT('',#17641);
#5596=VERTEX_POINT('',#17643);
#5597=VERTEX_POINT('',#17647);
#5598=VERTEX_POINT('',#17649);
#5599=VERTEX_POINT('',#17657);
#5600=VERTEX_POINT('',#17658);
#5601=VERTEX_POINT('',#17660);
#5602=VERTEX_POINT('',#17662);
#5603=VERTEX_POINT('',#17666);
#5604=VERTEX_POINT('',#17668);
#5605=VERTEX_POINT('',#17672);
#5606=VERTEX_POINT('',#17674);
#5607=VERTEX_POINT('',#17681);
#5608=VERTEX_POINT('',#17682);
#5609=VERTEX_POINT('',#17684);
#5610=VERTEX_POINT('',#17686);
#5611=VERTEX_POINT('',#17690);
#5612=VERTEX_POINT('',#17692);
#5613=VERTEX_POINT('',#17696);
#5614=VERTEX_POINT('',#17698);
#5615=VERTEX_POINT('',#17705);
#5616=VERTEX_POINT('',#17706);
#5617=VERTEX_POINT('',#17708);
#5618=VERTEX_POINT('',#17710);
#5619=VERTEX_POINT('',#17714);
#5620=VERTEX_POINT('',#17716);
#5621=VERTEX_POINT('',#17720);
#5622=VERTEX_POINT('',#17722);
#5623=VERTEX_POINT('',#17729);
#5624=VERTEX_POINT('',#17730);
#5625=VERTEX_POINT('',#17732);
#5626=VERTEX_POINT('',#17734);
#5627=VERTEX_POINT('',#17738);
#5628=VERTEX_POINT('',#17740);
#5629=VERTEX_POINT('',#17744);
#5630=VERTEX_POINT('',#17746);
#5631=VERTEX_POINT('',#17753);
#5632=VERTEX_POINT('',#17754);
#5633=VERTEX_POINT('',#17756);
#5634=VERTEX_POINT('',#17758);
#5635=VERTEX_POINT('',#17762);
#5636=VERTEX_POINT('',#17764);
#5637=VERTEX_POINT('',#17768);
#5638=VERTEX_POINT('',#17770);
#5639=VERTEX_POINT('',#17777);
#5640=VERTEX_POINT('',#17778);
#5641=VERTEX_POINT('',#17780);
#5642=VERTEX_POINT('',#17782);
#5643=VERTEX_POINT('',#17786);
#5644=VERTEX_POINT('',#17788);
#5645=VERTEX_POINT('',#17792);
#5646=VERTEX_POINT('',#17794);
#5647=VERTEX_POINT('',#17801);
#5648=VERTEX_POINT('',#17802);
#5649=VERTEX_POINT('',#17804);
#5650=VERTEX_POINT('',#17806);
#5651=VERTEX_POINT('',#17810);
#5652=VERTEX_POINT('',#17812);
#5653=VERTEX_POINT('',#17816);
#5654=VERTEX_POINT('',#17818);
#5655=VERTEX_POINT('',#17826);
#5656=VERTEX_POINT('',#17827);
#5657=VERTEX_POINT('',#17829);
#5658=VERTEX_POINT('',#17831);
#5659=VERTEX_POINT('',#17835);
#5660=VERTEX_POINT('',#17837);
#5661=VERTEX_POINT('',#17841);
#5662=VERTEX_POINT('',#17843);
#5663=VERTEX_POINT('',#17850);
#5664=VERTEX_POINT('',#17851);
#5665=VERTEX_POINT('',#17853);
#5666=VERTEX_POINT('',#17855);
#5667=VERTEX_POINT('',#17859);
#5668=VERTEX_POINT('',#17861);
#5669=VERTEX_POINT('',#17865);
#5670=VERTEX_POINT('',#17867);
#5671=VERTEX_POINT('',#17874);
#5672=VERTEX_POINT('',#17875);
#5673=VERTEX_POINT('',#17877);
#5674=VERTEX_POINT('',#17879);
#5675=VERTEX_POINT('',#17883);
#5676=VERTEX_POINT('',#17885);
#5677=VERTEX_POINT('',#17889);
#5678=VERTEX_POINT('',#17891);
#5679=VERTEX_POINT('',#17899);
#5680=VERTEX_POINT('',#17900);
#5681=VERTEX_POINT('',#17902);
#5682=VERTEX_POINT('',#17904);
#5683=VERTEX_POINT('',#17908);
#5684=VERTEX_POINT('',#17910);
#5685=VERTEX_POINT('',#17914);
#5686=VERTEX_POINT('',#17916);
#5687=VERTEX_POINT('',#17923);
#5688=VERTEX_POINT('',#17924);
#5689=VERTEX_POINT('',#17926);
#5690=VERTEX_POINT('',#17928);
#5691=VERTEX_POINT('',#17932);
#5692=VERTEX_POINT('',#17934);
#5693=VERTEX_POINT('',#17938);
#5694=VERTEX_POINT('',#17940);
#5695=VERTEX_POINT('',#17948);
#5696=VERTEX_POINT('',#17949);
#5697=VERTEX_POINT('',#17951);
#5698=VERTEX_POINT('',#17953);
#5699=VERTEX_POINT('',#17957);
#5700=VERTEX_POINT('',#17959);
#5701=VERTEX_POINT('',#17963);
#5702=VERTEX_POINT('',#17965);
#5703=VERTEX_POINT('',#17972);
#5704=VERTEX_POINT('',#17973);
#5705=VERTEX_POINT('',#17975);
#5706=VERTEX_POINT('',#17977);
#5707=VERTEX_POINT('',#17981);
#5708=VERTEX_POINT('',#17983);
#5709=VERTEX_POINT('',#17987);
#5710=VERTEX_POINT('',#17989);
#5711=VERTEX_POINT('',#17997);
#5712=VERTEX_POINT('',#17998);
#5713=VERTEX_POINT('',#18000);
#5714=VERTEX_POINT('',#18002);
#5715=VERTEX_POINT('',#18006);
#5716=VERTEX_POINT('',#18008);
#5717=VERTEX_POINT('',#18012);
#5718=VERTEX_POINT('',#18014);
#5719=VERTEX_POINT('',#18021);
#5720=VERTEX_POINT('',#18022);
#5721=VERTEX_POINT('',#18024);
#5722=VERTEX_POINT('',#18026);
#5723=VERTEX_POINT('',#18030);
#5724=VERTEX_POINT('',#18032);
#5725=VERTEX_POINT('',#18036);
#5726=VERTEX_POINT('',#18038);
#5727=VERTEX_POINT('',#18046);
#5728=VERTEX_POINT('',#18047);
#5729=VERTEX_POINT('',#18049);
#5730=VERTEX_POINT('',#18051);
#5731=VERTEX_POINT('',#18055);
#5732=VERTEX_POINT('',#18057);
#5733=VERTEX_POINT('',#18061);
#5734=VERTEX_POINT('',#18063);
#5735=VERTEX_POINT('',#18070);
#5736=VERTEX_POINT('',#18071);
#5737=VERTEX_POINT('',#18073);
#5738=VERTEX_POINT('',#18075);
#5739=VERTEX_POINT('',#18079);
#5740=VERTEX_POINT('',#18081);
#5741=VERTEX_POINT('',#18085);
#5742=VERTEX_POINT('',#18087);
#5743=VERTEX_POINT('',#18094);
#5744=VERTEX_POINT('',#18095);
#5745=VERTEX_POINT('',#18097);
#5746=VERTEX_POINT('',#18099);
#5747=VERTEX_POINT('',#18103);
#5748=VERTEX_POINT('',#18105);
#5749=VERTEX_POINT('',#18109);
#5750=VERTEX_POINT('',#18111);
#5751=VERTEX_POINT('',#18119);
#5752=VERTEX_POINT('',#18120);
#5753=VERTEX_POINT('',#18122);
#5754=VERTEX_POINT('',#18124);
#5755=VERTEX_POINT('',#18128);
#5756=VERTEX_POINT('',#18130);
#5757=VERTEX_POINT('',#18134);
#5758=VERTEX_POINT('',#18136);
#5759=VERTEX_POINT('',#18144);
#5760=VERTEX_POINT('',#18145);
#5761=VERTEX_POINT('',#18147);
#5762=VERTEX_POINT('',#18149);
#5763=VERTEX_POINT('',#18153);
#5764=VERTEX_POINT('',#18155);
#5765=VERTEX_POINT('',#18159);
#5766=VERTEX_POINT('',#18161);
#5767=VERTEX_POINT('',#18168);
#5768=VERTEX_POINT('',#18169);
#5769=VERTEX_POINT('',#18171);
#5770=VERTEX_POINT('',#18173);
#5771=VERTEX_POINT('',#18177);
#5772=VERTEX_POINT('',#18179);
#5773=VERTEX_POINT('',#18183);
#5774=VERTEX_POINT('',#18185);
#5775=VERTEX_POINT('',#18192);
#5776=VERTEX_POINT('',#18193);
#5777=VERTEX_POINT('',#18195);
#5778=VERTEX_POINT('',#18197);
#5779=VERTEX_POINT('',#18201);
#5780=VERTEX_POINT('',#18203);
#5781=VERTEX_POINT('',#18207);
#5782=VERTEX_POINT('',#18209);
#5783=VERTEX_POINT('',#18216);
#5784=VERTEX_POINT('',#18217);
#5785=VERTEX_POINT('',#18219);
#5786=VERTEX_POINT('',#18221);
#5787=VERTEX_POINT('',#18225);
#5788=VERTEX_POINT('',#18227);
#5789=VERTEX_POINT('',#18231);
#5790=VERTEX_POINT('',#18233);
#5791=VERTEX_POINT('',#18240);
#5792=VERTEX_POINT('',#18241);
#5793=VERTEX_POINT('',#18243);
#5794=VERTEX_POINT('',#18245);
#5795=VERTEX_POINT('',#18249);
#5796=VERTEX_POINT('',#18251);
#5797=VERTEX_POINT('',#18255);
#5798=VERTEX_POINT('',#18257);
#5799=VERTEX_POINT('',#18265);
#5800=VERTEX_POINT('',#18266);
#5801=VERTEX_POINT('',#18268);
#5802=VERTEX_POINT('',#18270);
#5803=VERTEX_POINT('',#18274);
#5804=VERTEX_POINT('',#18276);
#5805=VERTEX_POINT('',#18280);
#5806=VERTEX_POINT('',#18282);
#5807=VERTEX_POINT('',#18290);
#5808=VERTEX_POINT('',#18291);
#5809=VERTEX_POINT('',#18293);
#5810=VERTEX_POINT('',#18295);
#5811=VERTEX_POINT('',#18299);
#5812=VERTEX_POINT('',#18301);
#5813=VERTEX_POINT('',#18305);
#5814=VERTEX_POINT('',#18307);
#5815=VERTEX_POINT('',#18315);
#5816=VERTEX_POINT('',#18316);
#5817=VERTEX_POINT('',#18318);
#5818=VERTEX_POINT('',#18320);
#5819=VERTEX_POINT('',#18324);
#5820=VERTEX_POINT('',#18326);
#5821=VERTEX_POINT('',#18330);
#5822=VERTEX_POINT('',#18332);
#5823=VERTEX_POINT('',#18339);
#5824=VERTEX_POINT('',#18340);
#5825=VERTEX_POINT('',#18342);
#5826=VERTEX_POINT('',#18344);
#5827=VERTEX_POINT('',#18348);
#5828=VERTEX_POINT('',#18350);
#5829=VERTEX_POINT('',#18354);
#5830=VERTEX_POINT('',#18356);
#5831=VERTEX_POINT('',#18363);
#5832=VERTEX_POINT('',#18364);
#5833=VERTEX_POINT('',#18366);
#5834=VERTEX_POINT('',#18368);
#5835=VERTEX_POINT('',#18372);
#5836=VERTEX_POINT('',#18374);
#5837=VERTEX_POINT('',#18378);
#5838=VERTEX_POINT('',#18380);
#5839=VERTEX_POINT('',#18388);
#5840=VERTEX_POINT('',#18389);
#5841=VERTEX_POINT('',#18391);
#5842=VERTEX_POINT('',#18393);
#5843=VERTEX_POINT('',#18397);
#5844=VERTEX_POINT('',#18399);
#5845=VERTEX_POINT('',#18403);
#5846=VERTEX_POINT('',#18405);
#5847=VERTEX_POINT('',#18412);
#5848=VERTEX_POINT('',#18413);
#5849=VERTEX_POINT('',#18415);
#5850=VERTEX_POINT('',#18417);
#5851=VERTEX_POINT('',#18421);
#5852=VERTEX_POINT('',#18423);
#5853=VERTEX_POINT('',#18427);
#5854=VERTEX_POINT('',#18429);
#5855=VERTEX_POINT('',#18436);
#5856=VERTEX_POINT('',#18437);
#5857=VERTEX_POINT('',#18439);
#5858=VERTEX_POINT('',#18441);
#5859=VERTEX_POINT('',#18445);
#5860=VERTEX_POINT('',#18447);
#5861=VERTEX_POINT('',#18451);
#5862=VERTEX_POINT('',#18453);
#5863=VERTEX_POINT('',#18460);
#5864=VERTEX_POINT('',#18461);
#5865=VERTEX_POINT('',#18463);
#5866=VERTEX_POINT('',#18465);
#5867=VERTEX_POINT('',#18469);
#5868=VERTEX_POINT('',#18471);
#5869=VERTEX_POINT('',#18475);
#5870=VERTEX_POINT('',#18477);
#5871=VERTEX_POINT('',#18484);
#5872=VERTEX_POINT('',#18485);
#5873=VERTEX_POINT('',#18487);
#5874=VERTEX_POINT('',#18489);
#5875=VERTEX_POINT('',#18493);
#5876=VERTEX_POINT('',#18495);
#5877=VERTEX_POINT('',#18499);
#5878=VERTEX_POINT('',#18501);
#5879=VERTEX_POINT('',#18508);
#5880=VERTEX_POINT('',#18509);
#5881=VERTEX_POINT('',#18511);
#5882=VERTEX_POINT('',#18513);
#5883=VERTEX_POINT('',#18517);
#5884=VERTEX_POINT('',#18519);
#5885=VERTEX_POINT('',#18523);
#5886=VERTEX_POINT('',#18525);
#5887=VERTEX_POINT('',#18532);
#5888=VERTEX_POINT('',#18533);
#5889=VERTEX_POINT('',#18535);
#5890=VERTEX_POINT('',#18537);
#5891=VERTEX_POINT('',#18541);
#5892=VERTEX_POINT('',#18543);
#5893=VERTEX_POINT('',#18547);
#5894=VERTEX_POINT('',#18549);
#5895=VERTEX_POINT('',#18556);
#5896=VERTEX_POINT('',#18557);
#5897=VERTEX_POINT('',#18559);
#5898=VERTEX_POINT('',#18561);
#5899=VERTEX_POINT('',#18565);
#5900=VERTEX_POINT('',#18567);
#5901=VERTEX_POINT('',#18571);
#5902=VERTEX_POINT('',#18573);
#5903=VERTEX_POINT('',#18580);
#5904=VERTEX_POINT('',#18581);
#5905=VERTEX_POINT('',#18583);
#5906=VERTEX_POINT('',#18585);
#5907=VERTEX_POINT('',#18589);
#5908=VERTEX_POINT('',#18591);
#5909=VERTEX_POINT('',#18595);
#5910=VERTEX_POINT('',#18597);
#5911=VERTEX_POINT('',#18604);
#5912=VERTEX_POINT('',#18605);
#5913=VERTEX_POINT('',#18607);
#5914=VERTEX_POINT('',#18609);
#5915=VERTEX_POINT('',#18613);
#5916=VERTEX_POINT('',#18615);
#5917=VERTEX_POINT('',#18619);
#5918=VERTEX_POINT('',#18621);
#5919=VERTEX_POINT('',#18628);
#5920=VERTEX_POINT('',#18629);
#5921=VERTEX_POINT('',#18631);
#5922=VERTEX_POINT('',#18633);
#5923=VERTEX_POINT('',#18637);
#5924=VERTEX_POINT('',#18639);
#5925=VERTEX_POINT('',#18643);
#5926=VERTEX_POINT('',#18645);
#5927=VERTEX_POINT('',#18653);
#5928=VERTEX_POINT('',#18654);
#5929=VERTEX_POINT('',#18656);
#5930=VERTEX_POINT('',#18658);
#5931=VERTEX_POINT('',#18662);
#5932=VERTEX_POINT('',#18664);
#5933=VERTEX_POINT('',#18668);
#5934=VERTEX_POINT('',#18670);
#5935=VERTEX_POINT('',#18677);
#5936=VERTEX_POINT('',#18678);
#5937=VERTEX_POINT('',#18680);
#5938=VERTEX_POINT('',#18682);
#5939=VERTEX_POINT('',#18686);
#5940=VERTEX_POINT('',#18688);
#5941=VERTEX_POINT('',#18692);
#5942=VERTEX_POINT('',#18694);
#5943=VERTEX_POINT('',#18701);
#5944=VERTEX_POINT('',#18702);
#5945=VERTEX_POINT('',#18704);
#5946=VERTEX_POINT('',#18706);
#5947=VERTEX_POINT('',#18710);
#5948=VERTEX_POINT('',#18712);
#5949=VERTEX_POINT('',#18716);
#5950=VERTEX_POINT('',#18718);
#5951=VERTEX_POINT('',#18726);
#5952=VERTEX_POINT('',#18727);
#5953=VERTEX_POINT('',#18729);
#5954=VERTEX_POINT('',#18731);
#5955=VERTEX_POINT('',#18735);
#5956=VERTEX_POINT('',#18737);
#5957=VERTEX_POINT('',#18741);
#5958=VERTEX_POINT('',#18743);
#5959=VERTEX_POINT('',#18750);
#5960=VERTEX_POINT('',#18751);
#5961=VERTEX_POINT('',#18753);
#5962=VERTEX_POINT('',#18755);
#5963=VERTEX_POINT('',#18759);
#5964=VERTEX_POINT('',#18761);
#5965=VERTEX_POINT('',#18765);
#5966=VERTEX_POINT('',#18767);
#5967=VERTEX_POINT('',#18774);
#5968=VERTEX_POINT('',#18775);
#5969=VERTEX_POINT('',#18777);
#5970=VERTEX_POINT('',#18779);
#5971=VERTEX_POINT('',#18783);
#5972=VERTEX_POINT('',#18785);
#5973=VERTEX_POINT('',#18789);
#5974=VERTEX_POINT('',#18791);
#5975=VERTEX_POINT('',#18799);
#5976=VERTEX_POINT('',#18800);
#5977=VERTEX_POINT('',#18802);
#5978=VERTEX_POINT('',#18804);
#5979=VERTEX_POINT('',#18808);
#5980=VERTEX_POINT('',#18810);
#5981=VERTEX_POINT('',#18814);
#5982=VERTEX_POINT('',#18816);
#5983=VERTEX_POINT('',#18823);
#5984=VERTEX_POINT('',#18824);
#5985=VERTEX_POINT('',#18826);
#5986=VERTEX_POINT('',#18828);
#5987=VERTEX_POINT('',#18832);
#5988=VERTEX_POINT('',#18834);
#5989=VERTEX_POINT('',#18838);
#5990=VERTEX_POINT('',#18840);
#5991=VERTEX_POINT('',#18847);
#5992=VERTEX_POINT('',#18848);
#5993=VERTEX_POINT('',#18850);
#5994=VERTEX_POINT('',#18852);
#5995=VERTEX_POINT('',#18856);
#5996=VERTEX_POINT('',#18858);
#5997=VERTEX_POINT('',#18862);
#5998=VERTEX_POINT('',#18864);
#5999=VERTEX_POINT('',#18871);
#6000=VERTEX_POINT('',#18872);
#6001=VERTEX_POINT('',#18874);
#6002=VERTEX_POINT('',#18876);
#6003=VERTEX_POINT('',#18880);
#6004=VERTEX_POINT('',#18882);
#6005=VERTEX_POINT('',#18886);
#6006=VERTEX_POINT('',#18888);
#6007=VERTEX_POINT('',#18895);
#6008=VERTEX_POINT('',#18896);
#6009=VERTEX_POINT('',#18898);
#6010=VERTEX_POINT('',#18900);
#6011=VERTEX_POINT('',#18904);
#6012=VERTEX_POINT('',#18906);
#6013=VERTEX_POINT('',#18910);
#6014=VERTEX_POINT('',#18912);
#6015=VERTEX_POINT('',#18919);
#6016=VERTEX_POINT('',#18920);
#6017=VERTEX_POINT('',#18922);
#6018=VERTEX_POINT('',#18924);
#6019=VERTEX_POINT('',#18928);
#6020=VERTEX_POINT('',#18930);
#6021=VERTEX_POINT('',#18934);
#6022=VERTEX_POINT('',#18936);
#6023=VERTEX_POINT('',#18944);
#6024=VERTEX_POINT('',#18945);
#6025=VERTEX_POINT('',#18947);
#6026=VERTEX_POINT('',#18949);
#6027=VERTEX_POINT('',#18953);
#6028=VERTEX_POINT('',#18955);
#6029=VERTEX_POINT('',#18959);
#6030=VERTEX_POINT('',#18961);
#6031=VERTEX_POINT('',#18968);
#6032=VERTEX_POINT('',#18969);
#6033=VERTEX_POINT('',#18971);
#6034=VERTEX_POINT('',#18973);
#6035=VERTEX_POINT('',#18977);
#6036=VERTEX_POINT('',#18979);
#6037=VERTEX_POINT('',#18983);
#6038=VERTEX_POINT('',#18985);
#6039=VERTEX_POINT('',#18993);
#6040=VERTEX_POINT('',#18994);
#6041=VERTEX_POINT('',#18996);
#6042=VERTEX_POINT('',#18998);
#6043=VERTEX_POINT('',#19002);
#6044=VERTEX_POINT('',#19004);
#6045=VERTEX_POINT('',#19008);
#6046=VERTEX_POINT('',#19010);
#6047=VERTEX_POINT('',#19017);
#6048=VERTEX_POINT('',#19018);
#6049=VERTEX_POINT('',#19020);
#6050=VERTEX_POINT('',#19022);
#6051=VERTEX_POINT('',#19026);
#6052=VERTEX_POINT('',#19028);
#6053=VERTEX_POINT('',#19032);
#6054=VERTEX_POINT('',#19034);
#6055=VERTEX_POINT('',#19041);
#6056=VERTEX_POINT('',#19042);
#6057=VERTEX_POINT('',#19044);
#6058=VERTEX_POINT('',#19046);
#6059=VERTEX_POINT('',#19050);
#6060=VERTEX_POINT('',#19052);
#6061=VERTEX_POINT('',#19056);
#6062=VERTEX_POINT('',#19058);
#6063=VERTEX_POINT('',#19065);
#6064=VERTEX_POINT('',#19066);
#6065=VERTEX_POINT('',#19068);
#6066=VERTEX_POINT('',#19070);
#6067=VERTEX_POINT('',#19074);
#6068=VERTEX_POINT('',#19076);
#6069=VERTEX_POINT('',#19080);
#6070=VERTEX_POINT('',#19082);
#6071=VERTEX_POINT('',#19090);
#6072=VERTEX_POINT('',#19091);
#6073=VERTEX_POINT('',#19093);
#6074=VERTEX_POINT('',#19095);
#6075=VERTEX_POINT('',#19099);
#6076=VERTEX_POINT('',#19101);
#6077=VERTEX_POINT('',#19105);
#6078=VERTEX_POINT('',#19107);
#6079=VERTEX_POINT('',#19114);
#6080=VERTEX_POINT('',#19115);
#6081=VERTEX_POINT('',#19117);
#6082=VERTEX_POINT('',#19119);
#6083=VERTEX_POINT('',#19123);
#6084=VERTEX_POINT('',#19125);
#6085=VERTEX_POINT('',#19129);
#6086=VERTEX_POINT('',#19131);
#6087=VERTEX_POINT('',#19139);
#6088=VERTEX_POINT('',#19140);
#6089=VERTEX_POINT('',#19142);
#6090=VERTEX_POINT('',#19144);
#6091=VERTEX_POINT('',#19148);
#6092=VERTEX_POINT('',#19150);
#6093=VERTEX_POINT('',#19154);
#6094=VERTEX_POINT('',#19156);
#6095=VERTEX_POINT('',#19164);
#6096=VERTEX_POINT('',#19165);
#6097=VERTEX_POINT('',#19167);
#6098=VERTEX_POINT('',#19169);
#6099=VERTEX_POINT('',#19173);
#6100=VERTEX_POINT('',#19175);
#6101=VERTEX_POINT('',#19179);
#6102=VERTEX_POINT('',#19181);
#6103=VERTEX_POINT('',#19188);
#6104=VERTEX_POINT('',#19189);
#6105=VERTEX_POINT('',#19191);
#6106=VERTEX_POINT('',#19193);
#6107=VERTEX_POINT('',#19197);
#6108=VERTEX_POINT('',#19199);
#6109=VERTEX_POINT('',#19203);
#6110=VERTEX_POINT('',#19205);
#6111=VERTEX_POINT('',#19212);
#6112=VERTEX_POINT('',#19213);
#6113=VERTEX_POINT('',#19215);
#6114=VERTEX_POINT('',#19217);
#6115=VERTEX_POINT('',#19221);
#6116=VERTEX_POINT('',#19223);
#6117=VERTEX_POINT('',#19227);
#6118=VERTEX_POINT('',#19229);
#6119=VERTEX_POINT('',#19236);
#6120=VERTEX_POINT('',#19237);
#6121=VERTEX_POINT('',#19239);
#6122=VERTEX_POINT('',#19241);
#6123=VERTEX_POINT('',#19245);
#6124=VERTEX_POINT('',#19247);
#6125=VERTEX_POINT('',#19251);
#6126=VERTEX_POINT('',#19253);
#6127=VERTEX_POINT('',#19260);
#6128=VERTEX_POINT('',#19261);
#6129=VERTEX_POINT('',#19263);
#6130=VERTEX_POINT('',#19265);
#6131=VERTEX_POINT('',#19269);
#6132=VERTEX_POINT('',#19271);
#6133=VERTEX_POINT('',#19275);
#6134=VERTEX_POINT('',#19277);
#6135=VERTEX_POINT('',#19285);
#6136=VERTEX_POINT('',#19286);
#6137=VERTEX_POINT('',#19288);
#6138=VERTEX_POINT('',#19290);
#6139=VERTEX_POINT('',#19294);
#6140=VERTEX_POINT('',#19296);
#6141=VERTEX_POINT('',#19300);
#6142=VERTEX_POINT('',#19302);
#6143=VERTEX_POINT('',#19309);
#6144=VERTEX_POINT('',#19310);
#6145=VERTEX_POINT('',#19312);
#6146=VERTEX_POINT('',#19314);
#6147=VERTEX_POINT('',#19318);
#6148=VERTEX_POINT('',#19320);
#6149=VERTEX_POINT('',#19324);
#6150=VERTEX_POINT('',#19326);
#6151=VERTEX_POINT('',#19333);
#6152=VERTEX_POINT('',#19334);
#6153=VERTEX_POINT('',#19336);
#6154=VERTEX_POINT('',#19338);
#6155=VERTEX_POINT('',#19342);
#6156=VERTEX_POINT('',#19344);
#6157=VERTEX_POINT('',#19348);
#6158=VERTEX_POINT('',#19350);
#6159=VERTEX_POINT('',#19357);
#6160=VERTEX_POINT('',#19358);
#6161=VERTEX_POINT('',#19360);
#6162=VERTEX_POINT('',#19362);
#6163=VERTEX_POINT('',#19366);
#6164=VERTEX_POINT('',#19368);
#6165=VERTEX_POINT('',#19372);
#6166=VERTEX_POINT('',#19374);
#6167=VERTEX_POINT('',#19381);
#6168=VERTEX_POINT('',#19382);
#6169=VERTEX_POINT('',#19384);
#6170=VERTEX_POINT('',#19386);
#6171=VERTEX_POINT('',#19390);
#6172=VERTEX_POINT('',#19392);
#6173=VERTEX_POINT('',#19396);
#6174=VERTEX_POINT('',#19398);
#6175=VERTEX_POINT('',#19406);
#6176=VERTEX_POINT('',#19407);
#6177=VERTEX_POINT('',#19409);
#6178=VERTEX_POINT('',#19411);
#6179=VERTEX_POINT('',#19415);
#6180=VERTEX_POINT('',#19417);
#6181=VERTEX_POINT('',#19421);
#6182=VERTEX_POINT('',#19423);
#6183=VERTEX_POINT('',#19430);
#6184=VERTEX_POINT('',#19431);
#6185=VERTEX_POINT('',#19433);
#6186=VERTEX_POINT('',#19435);
#6187=VERTEX_POINT('',#19439);
#6188=VERTEX_POINT('',#19441);
#6189=VERTEX_POINT('',#19445);
#6190=VERTEX_POINT('',#19447);
#6191=VERTEX_POINT('',#19454);
#6192=VERTEX_POINT('',#19455);
#6193=VERTEX_POINT('',#19457);
#6194=VERTEX_POINT('',#19459);
#6195=VERTEX_POINT('',#19463);
#6196=VERTEX_POINT('',#19465);
#6197=VERTEX_POINT('',#19469);
#6198=VERTEX_POINT('',#19471);
#6199=VERTEX_POINT('',#19479);
#6200=VERTEX_POINT('',#19480);
#6201=VERTEX_POINT('',#19482);
#6202=VERTEX_POINT('',#19484);
#6203=VERTEX_POINT('',#19488);
#6204=VERTEX_POINT('',#19490);
#6205=VERTEX_POINT('',#19494);
#6206=VERTEX_POINT('',#19496);
#6207=VERTEX_POINT('',#19504);
#6208=VERTEX_POINT('',#19505);
#6209=VERTEX_POINT('',#19507);
#6210=VERTEX_POINT('',#19509);
#6211=VERTEX_POINT('',#19513);
#6212=VERTEX_POINT('',#19515);
#6213=VERTEX_POINT('',#19519);
#6214=VERTEX_POINT('',#19521);
#6215=VERTEX_POINT('',#19528);
#6216=VERTEX_POINT('',#19529);
#6217=VERTEX_POINT('',#19531);
#6218=VERTEX_POINT('',#19533);
#6219=VERTEX_POINT('',#19537);
#6220=VERTEX_POINT('',#19539);
#6221=VERTEX_POINT('',#19543);
#6222=VERTEX_POINT('',#19545);
#6223=VERTEX_POINT('',#19553);
#6224=VERTEX_POINT('',#19554);
#6225=VERTEX_POINT('',#19556);
#6226=VERTEX_POINT('',#19558);
#6227=VERTEX_POINT('',#19562);
#6228=VERTEX_POINT('',#19564);
#6229=VERTEX_POINT('',#19568);
#6230=VERTEX_POINT('',#19570);
#6231=VERTEX_POINT('',#19577);
#6232=VERTEX_POINT('',#19578);
#6233=VERTEX_POINT('',#19580);
#6234=VERTEX_POINT('',#19582);
#6235=VERTEX_POINT('',#19586);
#6236=VERTEX_POINT('',#19588);
#6237=VERTEX_POINT('',#19592);
#6238=VERTEX_POINT('',#19594);
#6239=VERTEX_POINT('',#19601);
#6240=VERTEX_POINT('',#19602);
#6241=VERTEX_POINT('',#19604);
#6242=VERTEX_POINT('',#19606);
#6243=VERTEX_POINT('',#19610);
#6244=VERTEX_POINT('',#19612);
#6245=VERTEX_POINT('',#19616);
#6246=VERTEX_POINT('',#19618);
#6247=VERTEX_POINT('',#19625);
#6248=VERTEX_POINT('',#19626);
#6249=VERTEX_POINT('',#19628);
#6250=VERTEX_POINT('',#19630);
#6251=VERTEX_POINT('',#19634);
#6252=VERTEX_POINT('',#19636);
#6253=VERTEX_POINT('',#19640);
#6254=VERTEX_POINT('',#19642);
#6255=VERTEX_POINT('',#19649);
#6256=VERTEX_POINT('',#19650);
#6257=VERTEX_POINT('',#19652);
#6258=VERTEX_POINT('',#19654);
#6259=VERTEX_POINT('',#19658);
#6260=VERTEX_POINT('',#19660);
#6261=VERTEX_POINT('',#19664);
#6262=VERTEX_POINT('',#19666);
#6263=VERTEX_POINT('',#19673);
#6264=VERTEX_POINT('',#19674);
#6265=VERTEX_POINT('',#19676);
#6266=VERTEX_POINT('',#19678);
#6267=VERTEX_POINT('',#19682);
#6268=VERTEX_POINT('',#19684);
#6269=VERTEX_POINT('',#19688);
#6270=VERTEX_POINT('',#19690);
#6271=VERTEX_POINT('',#19697);
#6272=VERTEX_POINT('',#19698);
#6273=VERTEX_POINT('',#19700);
#6274=VERTEX_POINT('',#19702);
#6275=VERTEX_POINT('',#19706);
#6276=VERTEX_POINT('',#19708);
#6277=VERTEX_POINT('',#19712);
#6278=VERTEX_POINT('',#19714);
#6279=VERTEX_POINT('',#19721);
#6280=VERTEX_POINT('',#19722);
#6281=VERTEX_POINT('',#19724);
#6282=VERTEX_POINT('',#19726);
#6283=VERTEX_POINT('',#19730);
#6284=VERTEX_POINT('',#19732);
#6285=VERTEX_POINT('',#19736);
#6286=VERTEX_POINT('',#19738);
#6287=VERTEX_POINT('',#19745);
#6288=VERTEX_POINT('',#19746);
#6289=VERTEX_POINT('',#19748);
#6290=VERTEX_POINT('',#19750);
#6291=VERTEX_POINT('',#19754);
#6292=VERTEX_POINT('',#19756);
#6293=VERTEX_POINT('',#19760);
#6294=VERTEX_POINT('',#19762);
#6295=VERTEX_POINT('',#19770);
#6296=VERTEX_POINT('',#19771);
#6297=VERTEX_POINT('',#19773);
#6298=VERTEX_POINT('',#19775);
#6299=VERTEX_POINT('',#19779);
#6300=VERTEX_POINT('',#19781);
#6301=VERTEX_POINT('',#19785);
#6302=VERTEX_POINT('',#19787);
#6303=VERTEX_POINT('',#19794);
#6304=VERTEX_POINT('',#19795);
#6305=VERTEX_POINT('',#19797);
#6306=VERTEX_POINT('',#19799);
#6307=VERTEX_POINT('',#19803);
#6308=VERTEX_POINT('',#19805);
#6309=VERTEX_POINT('',#19809);
#6310=VERTEX_POINT('',#19811);
#6311=VERTEX_POINT('',#19818);
#6312=VERTEX_POINT('',#19819);
#6313=VERTEX_POINT('',#19821);
#6314=VERTEX_POINT('',#19823);
#6315=VERTEX_POINT('',#19827);
#6316=VERTEX_POINT('',#19829);
#6317=VERTEX_POINT('',#19833);
#6318=VERTEX_POINT('',#19835);
#6319=VERTEX_POINT('',#19842);
#6320=VERTEX_POINT('',#19843);
#6321=VERTEX_POINT('',#19845);
#6322=VERTEX_POINT('',#19847);
#6323=VERTEX_POINT('',#19851);
#6324=VERTEX_POINT('',#19853);
#6325=VERTEX_POINT('',#19857);
#6326=VERTEX_POINT('',#19859);
#6327=VERTEX_POINT('',#19866);
#6328=VERTEX_POINT('',#19867);
#6329=VERTEX_POINT('',#19869);
#6330=VERTEX_POINT('',#19871);
#6331=VERTEX_POINT('',#19875);
#6332=VERTEX_POINT('',#19877);
#6333=VERTEX_POINT('',#19881);
#6334=VERTEX_POINT('',#19883);
#6335=VERTEX_POINT('',#19890);
#6336=VERTEX_POINT('',#19891);
#6337=VERTEX_POINT('',#19893);
#6338=VERTEX_POINT('',#19895);
#6339=VERTEX_POINT('',#19899);
#6340=VERTEX_POINT('',#19901);
#6341=VERTEX_POINT('',#19905);
#6342=VERTEX_POINT('',#19907);
#6343=VERTEX_POINT('',#19914);
#6344=VERTEX_POINT('',#19915);
#6345=VERTEX_POINT('',#19917);
#6346=VERTEX_POINT('',#19919);
#6347=VERTEX_POINT('',#19923);
#6348=VERTEX_POINT('',#19925);
#6349=VERTEX_POINT('',#19929);
#6350=VERTEX_POINT('',#19931);
#6351=VERTEX_POINT('',#19939);
#6352=VERTEX_POINT('',#19940);
#6353=VERTEX_POINT('',#19942);
#6354=VERTEX_POINT('',#19944);
#6355=VERTEX_POINT('',#19948);
#6356=VERTEX_POINT('',#19950);
#6357=VERTEX_POINT('',#19954);
#6358=VERTEX_POINT('',#19956);
#6359=VERTEX_POINT('',#19963);
#6360=VERTEX_POINT('',#19964);
#6361=VERTEX_POINT('',#19966);
#6362=VERTEX_POINT('',#19968);
#6363=VERTEX_POINT('',#19972);
#6364=VERTEX_POINT('',#19974);
#6365=VERTEX_POINT('',#19978);
#6366=VERTEX_POINT('',#19980);
#6367=VERTEX_POINT('',#19987);
#6368=VERTEX_POINT('',#19988);
#6369=VERTEX_POINT('',#19990);
#6370=VERTEX_POINT('',#19992);
#6371=VERTEX_POINT('',#19996);
#6372=VERTEX_POINT('',#19998);
#6373=VERTEX_POINT('',#20002);
#6374=VERTEX_POINT('',#20004);
#6375=VERTEX_POINT('',#20012);
#6376=VERTEX_POINT('',#20013);
#6377=VERTEX_POINT('',#20015);
#6378=VERTEX_POINT('',#20017);
#6379=VERTEX_POINT('',#20021);
#6380=VERTEX_POINT('',#20023);
#6381=VERTEX_POINT('',#20027);
#6382=VERTEX_POINT('',#20029);
#6383=VERTEX_POINT('',#20036);
#6384=VERTEX_POINT('',#20037);
#6385=VERTEX_POINT('',#20039);
#6386=VERTEX_POINT('',#20041);
#6387=VERTEX_POINT('',#20045);
#6388=VERTEX_POINT('',#20047);
#6389=VERTEX_POINT('',#20051);
#6390=VERTEX_POINT('',#20053);
#6391=VERTEX_POINT('',#20060);
#6392=VERTEX_POINT('',#20061);
#6393=VERTEX_POINT('',#20063);
#6394=VERTEX_POINT('',#20065);
#6395=VERTEX_POINT('',#20069);
#6396=VERTEX_POINT('',#20071);
#6397=VERTEX_POINT('',#20075);
#6398=VERTEX_POINT('',#20077);
#6399=VERTEX_POINT('',#20085);
#6400=VERTEX_POINT('',#20086);
#6401=VERTEX_POINT('',#20088);
#6402=VERTEX_POINT('',#20090);
#6403=VERTEX_POINT('',#20094);
#6404=VERTEX_POINT('',#20096);
#6405=VERTEX_POINT('',#20100);
#6406=VERTEX_POINT('',#20102);
#6407=VERTEX_POINT('',#20109);
#6408=VERTEX_POINT('',#20110);
#6409=VERTEX_POINT('',#20112);
#6410=VERTEX_POINT('',#20114);
#6411=VERTEX_POINT('',#20118);
#6412=VERTEX_POINT('',#20120);
#6413=VERTEX_POINT('',#20124);
#6414=VERTEX_POINT('',#20126);
#6415=VERTEX_POINT('',#20134);
#6416=VERTEX_POINT('',#20135);
#6417=VERTEX_POINT('',#20137);
#6418=VERTEX_POINT('',#20139);
#6419=VERTEX_POINT('',#20143);
#6420=VERTEX_POINT('',#20145);
#6421=VERTEX_POINT('',#20149);
#6422=VERTEX_POINT('',#20151);
#6423=VERTEX_POINT('',#20158);
#6424=VERTEX_POINT('',#20159);
#6425=VERTEX_POINT('',#20161);
#6426=VERTEX_POINT('',#20163);
#6427=VERTEX_POINT('',#20167);
#6428=VERTEX_POINT('',#20169);
#6429=VERTEX_POINT('',#20173);
#6430=VERTEX_POINT('',#20175);
#6431=VERTEX_POINT('',#20182);
#6432=VERTEX_POINT('',#20183);
#6433=VERTEX_POINT('',#20185);
#6434=VERTEX_POINT('',#20187);
#6435=VERTEX_POINT('',#20191);
#6436=VERTEX_POINT('',#20193);
#6437=VERTEX_POINT('',#20197);
#6438=VERTEX_POINT('',#20199);
#6439=VERTEX_POINT('',#20207);
#6440=VERTEX_POINT('',#20208);
#6441=VERTEX_POINT('',#20210);
#6442=VERTEX_POINT('',#20212);
#6443=VERTEX_POINT('',#20216);
#6444=VERTEX_POINT('',#20218);
#6445=VERTEX_POINT('',#20222);
#6446=VERTEX_POINT('',#20224);
#6447=VERTEX_POINT('',#20231);
#6448=VERTEX_POINT('',#20232);
#6449=VERTEX_POINT('',#20234);
#6450=VERTEX_POINT('',#20236);
#6451=VERTEX_POINT('',#20240);
#6452=VERTEX_POINT('',#20242);
#6453=VERTEX_POINT('',#20246);
#6454=VERTEX_POINT('',#20248);
#6455=VERTEX_POINT('',#20255);
#6456=VERTEX_POINT('',#20256);
#6457=VERTEX_POINT('',#20258);
#6458=VERTEX_POINT('',#20260);
#6459=VERTEX_POINT('',#20264);
#6460=VERTEX_POINT('',#20266);
#6461=VERTEX_POINT('',#20270);
#6462=VERTEX_POINT('',#20272);
#6463=VERTEX_POINT('',#20279);
#6464=VERTEX_POINT('',#20280);
#6465=VERTEX_POINT('',#20282);
#6466=VERTEX_POINT('',#20284);
#6467=VERTEX_POINT('',#20288);
#6468=VERTEX_POINT('',#20290);
#6469=VERTEX_POINT('',#20294);
#6470=VERTEX_POINT('',#20296);
#6471=VERTEX_POINT('',#20303);
#6472=VERTEX_POINT('',#20304);
#6473=VERTEX_POINT('',#20306);
#6474=VERTEX_POINT('',#20308);
#6475=VERTEX_POINT('',#20312);
#6476=VERTEX_POINT('',#20314);
#6477=VERTEX_POINT('',#20318);
#6478=VERTEX_POINT('',#20320);
#6479=VERTEX_POINT('',#20328);
#6480=VERTEX_POINT('',#20329);
#6481=VERTEX_POINT('',#20331);
#6482=VERTEX_POINT('',#20333);
#6483=VERTEX_POINT('',#20337);
#6484=VERTEX_POINT('',#20339);
#6485=VERTEX_POINT('',#20343);
#6486=VERTEX_POINT('',#20345);
#6487=VERTEX_POINT('',#20352);
#6488=VERTEX_POINT('',#20353);
#6489=VERTEX_POINT('',#20355);
#6490=VERTEX_POINT('',#20357);
#6491=VERTEX_POINT('',#20361);
#6492=VERTEX_POINT('',#20363);
#6493=VERTEX_POINT('',#20367);
#6494=VERTEX_POINT('',#20369);
#6495=VERTEX_POINT('',#20376);
#6496=VERTEX_POINT('',#20377);
#6497=VERTEX_POINT('',#20379);
#6498=VERTEX_POINT('',#20381);
#6499=VERTEX_POINT('',#20385);
#6500=VERTEX_POINT('',#20387);
#6501=VERTEX_POINT('',#20391);
#6502=VERTEX_POINT('',#20393);
#6503=VERTEX_POINT('',#20401);
#6504=VERTEX_POINT('',#20402);
#6505=VERTEX_POINT('',#20404);
#6506=VERTEX_POINT('',#20406);
#6507=VERTEX_POINT('',#20410);
#6508=VERTEX_POINT('',#20412);
#6509=VERTEX_POINT('',#20416);
#6510=VERTEX_POINT('',#20418);
#6511=VERTEX_POINT('',#20425);
#6512=VERTEX_POINT('',#20426);
#6513=VERTEX_POINT('',#20428);
#6514=VERTEX_POINT('',#20430);
#6515=VERTEX_POINT('',#20434);
#6516=VERTEX_POINT('',#20436);
#6517=VERTEX_POINT('',#20440);
#6518=VERTEX_POINT('',#20442);
#6519=VERTEX_POINT('',#20449);
#6520=VERTEX_POINT('',#20450);
#6521=VERTEX_POINT('',#20452);
#6522=VERTEX_POINT('',#20454);
#6523=VERTEX_POINT('',#20458);
#6524=VERTEX_POINT('',#20460);
#6525=VERTEX_POINT('',#20464);
#6526=VERTEX_POINT('',#20466);
#6527=VERTEX_POINT('',#20473);
#6528=VERTEX_POINT('',#20474);
#6529=VERTEX_POINT('',#20476);
#6530=VERTEX_POINT('',#20478);
#6531=VERTEX_POINT('',#20482);
#6532=VERTEX_POINT('',#20484);
#6533=VERTEX_POINT('',#20488);
#6534=VERTEX_POINT('',#20490);
#6535=VERTEX_POINT('',#20497);
#6536=VERTEX_POINT('',#20498);
#6537=VERTEX_POINT('',#20500);
#6538=VERTEX_POINT('',#20502);
#6539=VERTEX_POINT('',#20506);
#6540=VERTEX_POINT('',#20508);
#6541=VERTEX_POINT('',#20512);
#6542=VERTEX_POINT('',#20514);
#6543=VERTEX_POINT('',#20522);
#6544=VERTEX_POINT('',#20523);
#6545=VERTEX_POINT('',#20525);
#6546=VERTEX_POINT('',#20527);
#6547=VERTEX_POINT('',#20531);
#6548=VERTEX_POINT('',#20533);
#6549=VERTEX_POINT('',#20537);
#6550=VERTEX_POINT('',#20539);
#6551=VERTEX_POINT('',#20546);
#6552=VERTEX_POINT('',#20547);
#6553=VERTEX_POINT('',#20549);
#6554=VERTEX_POINT('',#20551);
#6555=VERTEX_POINT('',#20555);
#6556=VERTEX_POINT('',#20557);
#6557=VERTEX_POINT('',#20561);
#6558=VERTEX_POINT('',#20563);
#6559=VERTEX_POINT('',#20571);
#6560=VERTEX_POINT('',#20572);
#6561=VERTEX_POINT('',#20574);
#6562=VERTEX_POINT('',#20576);
#6563=VERTEX_POINT('',#20580);
#6564=VERTEX_POINT('',#20582);
#6565=VERTEX_POINT('',#20586);
#6566=VERTEX_POINT('',#20588);
#6567=VERTEX_POINT('',#20595);
#6568=VERTEX_POINT('',#20596);
#6569=VERTEX_POINT('',#20598);
#6570=VERTEX_POINT('',#20600);
#6571=VERTEX_POINT('',#20604);
#6572=VERTEX_POINT('',#20606);
#6573=VERTEX_POINT('',#20610);
#6574=VERTEX_POINT('',#20612);
#6575=VERTEX_POINT('',#20619);
#6576=VERTEX_POINT('',#20620);
#6577=VERTEX_POINT('',#20622);
#6578=VERTEX_POINT('',#20624);
#6579=VERTEX_POINT('',#20628);
#6580=VERTEX_POINT('',#20630);
#6581=VERTEX_POINT('',#20634);
#6582=VERTEX_POINT('',#20636);
#6583=VERTEX_POINT('',#20643);
#6584=VERTEX_POINT('',#20644);
#6585=VERTEX_POINT('',#20646);
#6586=VERTEX_POINT('',#20648);
#6587=VERTEX_POINT('',#20652);
#6588=VERTEX_POINT('',#20654);
#6589=VERTEX_POINT('',#20658);
#6590=VERTEX_POINT('',#20660);
#6591=VERTEX_POINT('',#20668);
#6592=VERTEX_POINT('',#20669);
#6593=VERTEX_POINT('',#20671);
#6594=VERTEX_POINT('',#20673);
#6595=VERTEX_POINT('',#20677);
#6596=VERTEX_POINT('',#20679);
#6597=VERTEX_POINT('',#20683);
#6598=VERTEX_POINT('',#20685);
#6599=VERTEX_POINT('',#20693);
#6600=VERTEX_POINT('',#20694);
#6601=VERTEX_POINT('',#20696);
#6602=VERTEX_POINT('',#20698);
#6603=VERTEX_POINT('',#20702);
#6604=VERTEX_POINT('',#20704);
#6605=VERTEX_POINT('',#20708);
#6606=VERTEX_POINT('',#20710);
#6607=VERTEX_POINT('',#20717);
#6608=VERTEX_POINT('',#20718);
#6609=VERTEX_POINT('',#20720);
#6610=VERTEX_POINT('',#20722);
#6611=VERTEX_POINT('',#20726);
#6612=VERTEX_POINT('',#20728);
#6613=VERTEX_POINT('',#20732);
#6614=VERTEX_POINT('',#20734);
#6615=VERTEX_POINT('',#20741);
#6616=VERTEX_POINT('',#20742);
#6617=VERTEX_POINT('',#20744);
#6618=VERTEX_POINT('',#20746);
#6619=VERTEX_POINT('',#20750);
#6620=VERTEX_POINT('',#20752);
#6621=VERTEX_POINT('',#20756);
#6622=VERTEX_POINT('',#20758);
#6623=VERTEX_POINT('',#20765);
#6624=VERTEX_POINT('',#20766);
#6625=VERTEX_POINT('',#20768);
#6626=VERTEX_POINT('',#20770);
#6627=VERTEX_POINT('',#20774);
#6628=VERTEX_POINT('',#20776);
#6629=VERTEX_POINT('',#20780);
#6630=VERTEX_POINT('',#20782);
#6631=EDGE_CURVE('',#5423,#5424,#1815,.T.);
#6632=EDGE_CURVE('',#5425,#5423,#1816,.T.);
#6633=EDGE_CURVE('',#5426,#5425,#1817,.T.);
#6634=EDGE_CURVE('',#5426,#5424,#1818,.T.);
#6635=EDGE_CURVE('',#5424,#5427,#1819,.T.);
#6636=EDGE_CURVE('',#5428,#5426,#1820,.T.);
#6637=EDGE_CURVE('',#5428,#5427,#1821,.T.);
#6638=EDGE_CURVE('',#5427,#5429,#1822,.T.);
#6639=EDGE_CURVE('',#5430,#5428,#1823,.T.);
#6640=EDGE_CURVE('',#5430,#5429,#1824,.T.);
#6641=EDGE_CURVE('',#5429,#5423,#1825,.T.);
#6642=EDGE_CURVE('',#5425,#5430,#1826,.T.);
#6643=EDGE_CURVE('',#5431,#5432,#1827,.T.);
#6644=EDGE_CURVE('',#5433,#5431,#1828,.T.);
#6645=EDGE_CURVE('',#5434,#5433,#1829,.T.);
#6646=EDGE_CURVE('',#5434,#5432,#1830,.T.);
#6647=EDGE_CURVE('',#5432,#5435,#1831,.T.);
#6648=EDGE_CURVE('',#5436,#5434,#1832,.T.);
#6649=EDGE_CURVE('',#5436,#5435,#1833,.T.);
#6650=EDGE_CURVE('',#5435,#5437,#1834,.T.);
#6651=EDGE_CURVE('',#5438,#5436,#1835,.T.);
#6652=EDGE_CURVE('',#5438,#5437,#1836,.T.);
#6653=EDGE_CURVE('',#5437,#5431,#1837,.T.);
#6654=EDGE_CURVE('',#5433,#5438,#1838,.T.);
#6655=EDGE_CURVE('',#5439,#5440,#1839,.T.);
#6656=EDGE_CURVE('',#5439,#5441,#1840,.T.);
#6657=EDGE_CURVE('',#5442,#5441,#1841,.T.);
#6658=EDGE_CURVE('',#5440,#5442,#1842,.T.);
#6659=EDGE_CURVE('',#5440,#5443,#1843,.T.);
#6660=EDGE_CURVE('',#5444,#5442,#1844,.T.);
#6661=EDGE_CURVE('',#5443,#5444,#1845,.T.);
#6662=EDGE_CURVE('',#5443,#5445,#1846,.T.);
#6663=EDGE_CURVE('',#5446,#5444,#1847,.T.);
#6664=EDGE_CURVE('',#5445,#5446,#1848,.T.);
#6665=EDGE_CURVE('',#5445,#5439,#1849,.T.);
#6666=EDGE_CURVE('',#5441,#5446,#1850,.T.);
#6667=EDGE_CURVE('',#5447,#5448,#1851,.T.);
#6668=EDGE_CURVE('',#5447,#5449,#1852,.T.);
#6669=EDGE_CURVE('',#5450,#5449,#1853,.T.);
#6670=EDGE_CURVE('',#5448,#5450,#1854,.T.);
#6671=EDGE_CURVE('',#5448,#5451,#1855,.T.);
#6672=EDGE_CURVE('',#5452,#5450,#1856,.T.);
#6673=EDGE_CURVE('',#5451,#5452,#1857,.T.);
#6674=EDGE_CURVE('',#5451,#5453,#1858,.T.);
#6675=EDGE_CURVE('',#5454,#5452,#1859,.T.);
#6676=EDGE_CURVE('',#5453,#5454,#1860,.T.);
#6677=EDGE_CURVE('',#5453,#5447,#1861,.T.);
#6678=EDGE_CURVE('',#5449,#5454,#1862,.T.);
#6679=EDGE_CURVE('',#5455,#5456,#259,.T.);
#6680=EDGE_CURVE('',#5456,#5457,#1863,.T.);
#6681=EDGE_CURVE('',#5457,#5458,#260,.T.);
#6682=EDGE_CURVE('',#5458,#5455,#1864,.T.);
#6683=EDGE_CURVE('',#5459,#5456,#1865,.T.);
#6684=EDGE_CURVE('',#5460,#5459,#1866,.T.);
#6685=EDGE_CURVE('',#5457,#5460,#1867,.T.);
#6686=EDGE_CURVE('',#5455,#5461,#1868,.T.);
#6687=EDGE_CURVE('',#5462,#5461,#261,.T.);
#6688=EDGE_CURVE('',#5462,#5463,#1869,.T.);
#6689=EDGE_CURVE('',#5464,#5463,#262,.T.);
#6690=EDGE_CURVE('',#5464,#5465,#1870,.T.);
#6691=EDGE_CURVE('',#5466,#5465,#263,.T.);
#6692=EDGE_CURVE('',#5466,#5467,#1871,.T.);
#6693=EDGE_CURVE('',#5467,#5468,#1872,.T.);
#6694=EDGE_CURVE('',#5469,#5468,#1873,.T.);
#6695=EDGE_CURVE('',#5470,#5469,#1874,.T.);
#6696=EDGE_CURVE('',#5471,#5470,#1875,.T.);
#6697=EDGE_CURVE('',#5472,#5471,#1876,.T.);
#6698=EDGE_CURVE('',#5473,#5472,#1877,.T.);
#6699=EDGE_CURVE('',#5474,#5473,#1878,.T.);
#6700=EDGE_CURVE('',#5475,#5474,#1879,.T.);
#6701=EDGE_CURVE('',#5476,#5475,#1880,.T.);
#6702=EDGE_CURVE('',#5477,#5476,#1881,.T.);
#6703=EDGE_CURVE('',#5478,#5477,#1882,.T.);
#6704=EDGE_CURVE('',#5479,#5478,#1883,.T.);
#6705=EDGE_CURVE('',#5480,#5479,#1884,.T.);
#6706=EDGE_CURVE('',#5481,#5480,#1885,.T.);
#6707=EDGE_CURVE('',#5482,#5481,#1886,.T.);
#6708=EDGE_CURVE('',#5483,#5482,#1887,.T.);
#6709=EDGE_CURVE('',#5484,#5483,#1888,.T.);
#6710=EDGE_CURVE('',#5485,#5484,#1889,.T.);
#6711=EDGE_CURVE('',#5485,#5459,#1890,.T.);
#6712=EDGE_CURVE('',#5465,#5486,#1891,.T.);
#6713=EDGE_CURVE('',#5486,#5487,#264,.T.);
#6714=EDGE_CURVE('',#5487,#5466,#1892,.T.);
#6715=EDGE_CURVE('',#5488,#5464,#1893,.T.);
#6716=EDGE_CURVE('',#5486,#5488,#1894,.T.);
#6717=EDGE_CURVE('',#5461,#5489,#1895,.T.);
#6718=EDGE_CURVE('',#5489,#5490,#265,.T.);
#6719=EDGE_CURVE('',#5490,#5462,#1896,.T.);
#6720=EDGE_CURVE('',#5489,#5458,#1897,.T.);
#6721=EDGE_CURVE('',#5463,#5491,#1898,.T.);
#6722=EDGE_CURVE('',#5491,#5488,#266,.T.);
#6723=EDGE_CURVE('',#5460,#5492,#1899,.T.);
#6724=EDGE_CURVE('',#5493,#5492,#1900,.T.);
#6725=EDGE_CURVE('',#5493,#5494,#1901,.T.);
#6726=EDGE_CURVE('',#5494,#5495,#1902,.T.);
#6727=EDGE_CURVE('',#5495,#5496,#1903,.T.);
#6728=EDGE_CURVE('',#5497,#5496,#1904,.T.);
#6729=EDGE_CURVE('',#5497,#5498,#1905,.T.);
#6730=EDGE_CURVE('',#5498,#5499,#1906,.T.);
#6731=EDGE_CURVE('',#5499,#5500,#1907,.T.);
#6732=EDGE_CURVE('',#5501,#5500,#1908,.T.);
#6733=EDGE_CURVE('',#5501,#5502,#1909,.T.);
#6734=EDGE_CURVE('',#5502,#5503,#1910,.T.);
#6735=EDGE_CURVE('',#5503,#5504,#1911,.T.);
#6736=EDGE_CURVE('',#5505,#5504,#1912,.T.);
#6737=EDGE_CURVE('',#5505,#5506,#1913,.T.);
#6738=EDGE_CURVE('',#5506,#5507,#1914,.T.);
#6739=EDGE_CURVE('',#5507,#5508,#1915,.T.);
#6740=EDGE_CURVE('',#5509,#5508,#1916,.T.);
#6741=EDGE_CURVE('',#5509,#5510,#1917,.T.);
#6742=EDGE_CURVE('',#5510,#5487,#1918,.T.);
#6743=EDGE_CURVE('',#5491,#5490,#1919,.T.);
#6744=EDGE_CURVE('',#5511,#5512,#1920,.T.);
#6745=EDGE_CURVE('',#5511,#5513,#1921,.T.);
#6746=EDGE_CURVE('',#5513,#5514,#1922,.T.);
#6747=EDGE_CURVE('',#5512,#5514,#1923,.T.);
#6748=EDGE_CURVE('',#5515,#5511,#1924,.T.);
#6749=EDGE_CURVE('',#5515,#5516,#1925,.T.);
#6750=EDGE_CURVE('',#5516,#5513,#1926,.T.);
#6751=EDGE_CURVE('',#5517,#5515,#1927,.T.);
#6752=EDGE_CURVE('',#5517,#5518,#1928,.T.);
#6753=EDGE_CURVE('',#5518,#5516,#1929,.T.);
#6754=EDGE_CURVE('',#5512,#5517,#1930,.T.);
#6755=EDGE_CURVE('',#5514,#5518,#1931,.T.);
#6756=EDGE_CURVE('',#5519,#5520,#1932,.T.);
#6757=EDGE_CURVE('',#5521,#5519,#1933,.T.);
#6758=EDGE_CURVE('',#5522,#5521,#1934,.T.);
#6759=EDGE_CURVE('',#5522,#5520,#1935,.T.);
#6760=EDGE_CURVE('',#5520,#5523,#1936,.T.);
#6761=EDGE_CURVE('',#5524,#5522,#1937,.T.);
#6762=EDGE_CURVE('',#5524,#5523,#1938,.T.);
#6763=EDGE_CURVE('',#5523,#5525,#1939,.T.);
#6764=EDGE_CURVE('',#5526,#5524,#1940,.T.);
#6765=EDGE_CURVE('',#5526,#5525,#1941,.T.);
#6766=EDGE_CURVE('',#5525,#5519,#1942,.T.);
#6767=EDGE_CURVE('',#5521,#5526,#1943,.T.);
#6768=EDGE_CURVE('',#5527,#5528,#1944,.T.);
#6769=EDGE_CURVE('',#5527,#5529,#1945,.T.);
#6770=EDGE_CURVE('',#5529,#5530,#1946,.T.);
#6771=EDGE_CURVE('',#5528,#5530,#1947,.T.);
#6772=EDGE_CURVE('',#5531,#5527,#1948,.T.);
#6773=EDGE_CURVE('',#5531,#5532,#1949,.T.);
#6774=EDGE_CURVE('',#5532,#5529,#1950,.T.);
#6775=EDGE_CURVE('',#5533,#5531,#1951,.T.);
#6776=EDGE_CURVE('',#5533,#5534,#1952,.T.);
#6777=EDGE_CURVE('',#5534,#5532,#1953,.T.);
#6778=EDGE_CURVE('',#5528,#5533,#1954,.T.);
#6779=EDGE_CURVE('',#5530,#5534,#1955,.T.);
#6780=EDGE_CURVE('',#5535,#5536,#1956,.T.);
#6781=EDGE_CURVE('',#5535,#5537,#1957,.T.);
#6782=EDGE_CURVE('',#5537,#5538,#1958,.T.);
#6783=EDGE_CURVE('',#5536,#5538,#1959,.T.);
#6784=EDGE_CURVE('',#5539,#5535,#1960,.T.);
#6785=EDGE_CURVE('',#5539,#5540,#1961,.T.);
#6786=EDGE_CURVE('',#5540,#5537,#1962,.T.);
#6787=EDGE_CURVE('',#5541,#5539,#1963,.T.);
#6788=EDGE_CURVE('',#5541,#5542,#1964,.T.);
#6789=EDGE_CURVE('',#5542,#5540,#1965,.T.);
#6790=EDGE_CURVE('',#5536,#5541,#1966,.T.);
#6791=EDGE_CURVE('',#5538,#5542,#1967,.T.);
#6792=EDGE_CURVE('',#5543,#5544,#1968,.T.);
#6793=EDGE_CURVE('',#5545,#5543,#1969,.T.);
#6794=EDGE_CURVE('',#5546,#5545,#1970,.T.);
#6795=EDGE_CURVE('',#5546,#5544,#1971,.T.);
#6796=EDGE_CURVE('',#5544,#5547,#1972,.T.);
#6797=EDGE_CURVE('',#5548,#5546,#1973,.T.);
#6798=EDGE_CURVE('',#5548,#5547,#1974,.T.);
#6799=EDGE_CURVE('',#5547,#5549,#1975,.T.);
#6800=EDGE_CURVE('',#5550,#5548,#1976,.T.);
#6801=EDGE_CURVE('',#5550,#5549,#1977,.T.);
#6802=EDGE_CURVE('',#5549,#5543,#1978,.T.);
#6803=EDGE_CURVE('',#5545,#5550,#1979,.T.);
#6804=EDGE_CURVE('',#5551,#5552,#1980,.T.);
#6805=EDGE_CURVE('',#5553,#5551,#1981,.T.);
#6806=EDGE_CURVE('',#5554,#5553,#1982,.T.);
#6807=EDGE_CURVE('',#5554,#5552,#1983,.T.);
#6808=EDGE_CURVE('',#5552,#5555,#1984,.T.);
#6809=EDGE_CURVE('',#5556,#5554,#1985,.T.);
#6810=EDGE_CURVE('',#5556,#5555,#1986,.T.);
#6811=EDGE_CURVE('',#5555,#5557,#1987,.T.);
#6812=EDGE_CURVE('',#5558,#5556,#1988,.T.);
#6813=EDGE_CURVE('',#5558,#5557,#1989,.T.);
#6814=EDGE_CURVE('',#5557,#5551,#1990,.T.);
#6815=EDGE_CURVE('',#5553,#5558,#1991,.T.);
#6816=EDGE_CURVE('',#5559,#5560,#1992,.T.);
#6817=EDGE_CURVE('',#5561,#5559,#1993,.T.);
#6818=EDGE_CURVE('',#5562,#5561,#1994,.T.);
#6819=EDGE_CURVE('',#5562,#5560,#1995,.T.);
#6820=EDGE_CURVE('',#5560,#5563,#1996,.T.);
#6821=EDGE_CURVE('',#5564,#5562,#1997,.T.);
#6822=EDGE_CURVE('',#5564,#5563,#1998,.T.);
#6823=EDGE_CURVE('',#5563,#5565,#1999,.T.);
#6824=EDGE_CURVE('',#5566,#5564,#2000,.T.);
#6825=EDGE_CURVE('',#5566,#5565,#2001,.T.);
#6826=EDGE_CURVE('',#5565,#5559,#2002,.T.);
#6827=EDGE_CURVE('',#5561,#5566,#2003,.T.);
#6828=EDGE_CURVE('',#5567,#5568,#2004,.T.);
#6829=EDGE_CURVE('',#5569,#5567,#2005,.T.);
#6830=EDGE_CURVE('',#5570,#5569,#2006,.T.);
#6831=EDGE_CURVE('',#5570,#5568,#2007,.T.);
#6832=EDGE_CURVE('',#5568,#5571,#2008,.T.);
#6833=EDGE_CURVE('',#5572,#5570,#2009,.T.);
#6834=EDGE_CURVE('',#5572,#5571,#2010,.T.);
#6835=EDGE_CURVE('',#5571,#5573,#2011,.T.);
#6836=EDGE_CURVE('',#5574,#5572,#2012,.T.);
#6837=EDGE_CURVE('',#5574,#5573,#2013,.T.);
#6838=EDGE_CURVE('',#5573,#5567,#2014,.T.);
#6839=EDGE_CURVE('',#5569,#5574,#2015,.T.);
#6840=EDGE_CURVE('',#5575,#5576,#2016,.T.);
#6841=EDGE_CURVE('',#5577,#5575,#2017,.T.);
#6842=EDGE_CURVE('',#5578,#5577,#2018,.T.);
#6843=EDGE_CURVE('',#5578,#5576,#2019,.T.);
#6844=EDGE_CURVE('',#5576,#5579,#2020,.T.);
#6845=EDGE_CURVE('',#5580,#5578,#2021,.T.);
#6846=EDGE_CURVE('',#5580,#5579,#2022,.T.);
#6847=EDGE_CURVE('',#5579,#5581,#2023,.T.);
#6848=EDGE_CURVE('',#5582,#5580,#2024,.T.);
#6849=EDGE_CURVE('',#5582,#5581,#2025,.T.);
#6850=EDGE_CURVE('',#5581,#5575,#2026,.T.);
#6851=EDGE_CURVE('',#5577,#5582,#2027,.T.);
#6852=EDGE_CURVE('',#5583,#5584,#2028,.T.);
#6853=EDGE_CURVE('',#5585,#5583,#2029,.T.);
#6854=EDGE_CURVE('',#5586,#5585,#2030,.T.);
#6855=EDGE_CURVE('',#5586,#5584,#2031,.T.);
#6856=EDGE_CURVE('',#5584,#5587,#2032,.T.);
#6857=EDGE_CURVE('',#5588,#5586,#2033,.T.);
#6858=EDGE_CURVE('',#5588,#5587,#2034,.T.);
#6859=EDGE_CURVE('',#5587,#5589,#2035,.T.);
#6860=EDGE_CURVE('',#5590,#5588,#2036,.T.);
#6861=EDGE_CURVE('',#5590,#5589,#2037,.T.);
#6862=EDGE_CURVE('',#5589,#5583,#2038,.T.);
#6863=EDGE_CURVE('',#5585,#5590,#2039,.T.);
#6864=EDGE_CURVE('',#5591,#5592,#2040,.T.);
#6865=EDGE_CURVE('',#5591,#5593,#2041,.T.);
#6866=EDGE_CURVE('',#5593,#5594,#2042,.T.);
#6867=EDGE_CURVE('',#5592,#5594,#2043,.T.);
#6868=EDGE_CURVE('',#5595,#5591,#2044,.T.);
#6869=EDGE_CURVE('',#5595,#5596,#2045,.T.);
#6870=EDGE_CURVE('',#5596,#5593,#2046,.T.);
#6871=EDGE_CURVE('',#5597,#5595,#2047,.T.);
#6872=EDGE_CURVE('',#5597,#5598,#2048,.T.);
#6873=EDGE_CURVE('',#5598,#5596,#2049,.T.);
#6874=EDGE_CURVE('',#5592,#5597,#2050,.T.);
#6875=EDGE_CURVE('',#5594,#5598,#2051,.T.);
#6876=EDGE_CURVE('',#5599,#5600,#2052,.T.);
#6877=EDGE_CURVE('',#5601,#5599,#2053,.T.);
#6878=EDGE_CURVE('',#5602,#5601,#2054,.T.);
#6879=EDGE_CURVE('',#5602,#5600,#2055,.T.);
#6880=EDGE_CURVE('',#5600,#5603,#2056,.T.);
#6881=EDGE_CURVE('',#5604,#5602,#2057,.T.);
#6882=EDGE_CURVE('',#5604,#5603,#2058,.T.);
#6883=EDGE_CURVE('',#5603,#5605,#2059,.T.);
#6884=EDGE_CURVE('',#5606,#5604,#2060,.T.);
#6885=EDGE_CURVE('',#5606,#5605,#2061,.T.);
#6886=EDGE_CURVE('',#5605,#5599,#2062,.T.);
#6887=EDGE_CURVE('',#5601,#5606,#2063,.T.);
#6888=EDGE_CURVE('',#5607,#5608,#2064,.T.);
#6889=EDGE_CURVE('',#5609,#5607,#2065,.T.);
#6890=EDGE_CURVE('',#5610,#5609,#2066,.T.);
#6891=EDGE_CURVE('',#5610,#5608,#2067,.T.);
#6892=EDGE_CURVE('',#5608,#5611,#2068,.T.);
#6893=EDGE_CURVE('',#5612,#5610,#2069,.T.);
#6894=EDGE_CURVE('',#5612,#5611,#2070,.T.);
#6895=EDGE_CURVE('',#5611,#5613,#2071,.T.);
#6896=EDGE_CURVE('',#5614,#5612,#2072,.T.);
#6897=EDGE_CURVE('',#5614,#5613,#2073,.T.);
#6898=EDGE_CURVE('',#5613,#5607,#2074,.T.);
#6899=EDGE_CURVE('',#5609,#5614,#2075,.T.);
#6900=EDGE_CURVE('',#5615,#5616,#2076,.T.);
#6901=EDGE_CURVE('',#5617,#5615,#2077,.T.);
#6902=EDGE_CURVE('',#5618,#5617,#2078,.T.);
#6903=EDGE_CURVE('',#5618,#5616,#2079,.T.);
#6904=EDGE_CURVE('',#5616,#5619,#2080,.T.);
#6905=EDGE_CURVE('',#5620,#5618,#2081,.T.);
#6906=EDGE_CURVE('',#5620,#5619,#2082,.T.);
#6907=EDGE_CURVE('',#5619,#5621,#2083,.T.);
#6908=EDGE_CURVE('',#5622,#5620,#2084,.T.);
#6909=EDGE_CURVE('',#5622,#5621,#2085,.T.);
#6910=EDGE_CURVE('',#5621,#5615,#2086,.T.);
#6911=EDGE_CURVE('',#5617,#5622,#2087,.T.);
#6912=EDGE_CURVE('',#5623,#5624,#2088,.T.);
#6913=EDGE_CURVE('',#5625,#5623,#2089,.T.);
#6914=EDGE_CURVE('',#5626,#5625,#2090,.T.);
#6915=EDGE_CURVE('',#5626,#5624,#2091,.T.);
#6916=EDGE_CURVE('',#5624,#5627,#2092,.T.);
#6917=EDGE_CURVE('',#5628,#5626,#2093,.T.);
#6918=EDGE_CURVE('',#5628,#5627,#2094,.T.);
#6919=EDGE_CURVE('',#5627,#5629,#2095,.T.);
#6920=EDGE_CURVE('',#5630,#5628,#2096,.T.);
#6921=EDGE_CURVE('',#5630,#5629,#2097,.T.);
#6922=EDGE_CURVE('',#5629,#5623,#2098,.T.);
#6923=EDGE_CURVE('',#5625,#5630,#2099,.T.);
#6924=EDGE_CURVE('',#5631,#5632,#2100,.T.);
#6925=EDGE_CURVE('',#5633,#5631,#2101,.T.);
#6926=EDGE_CURVE('',#5634,#5633,#2102,.T.);
#6927=EDGE_CURVE('',#5634,#5632,#2103,.T.);
#6928=EDGE_CURVE('',#5632,#5635,#2104,.T.);
#6929=EDGE_CURVE('',#5636,#5634,#2105,.T.);
#6930=EDGE_CURVE('',#5636,#5635,#2106,.T.);
#6931=EDGE_CURVE('',#5635,#5637,#2107,.T.);
#6932=EDGE_CURVE('',#5638,#5636,#2108,.T.);
#6933=EDGE_CURVE('',#5638,#5637,#2109,.T.);
#6934=EDGE_CURVE('',#5637,#5631,#2110,.T.);
#6935=EDGE_CURVE('',#5633,#5638,#2111,.T.);
#6936=EDGE_CURVE('',#5639,#5640,#2112,.T.);
#6937=EDGE_CURVE('',#5641,#5639,#2113,.T.);
#6938=EDGE_CURVE('',#5642,#5641,#2114,.T.);
#6939=EDGE_CURVE('',#5642,#5640,#2115,.T.);
#6940=EDGE_CURVE('',#5640,#5643,#2116,.T.);
#6941=EDGE_CURVE('',#5644,#5642,#2117,.T.);
#6942=EDGE_CURVE('',#5644,#5643,#2118,.T.);
#6943=EDGE_CURVE('',#5643,#5645,#2119,.T.);
#6944=EDGE_CURVE('',#5646,#5644,#2120,.T.);
#6945=EDGE_CURVE('',#5646,#5645,#2121,.T.);
#6946=EDGE_CURVE('',#5645,#5639,#2122,.T.);
#6947=EDGE_CURVE('',#5641,#5646,#2123,.T.);
#6948=EDGE_CURVE('',#5647,#5648,#2124,.T.);
#6949=EDGE_CURVE('',#5647,#5649,#2125,.T.);
#6950=EDGE_CURVE('',#5649,#5650,#2126,.T.);
#6951=EDGE_CURVE('',#5648,#5650,#2127,.T.);
#6952=EDGE_CURVE('',#5651,#5647,#2128,.T.);
#6953=EDGE_CURVE('',#5651,#5652,#2129,.T.);
#6954=EDGE_CURVE('',#5652,#5649,#2130,.T.);
#6955=EDGE_CURVE('',#5653,#5651,#2131,.T.);
#6956=EDGE_CURVE('',#5653,#5654,#2132,.T.);
#6957=EDGE_CURVE('',#5654,#5652,#2133,.T.);
#6958=EDGE_CURVE('',#5648,#5653,#2134,.T.);
#6959=EDGE_CURVE('',#5650,#5654,#2135,.T.);
#6960=EDGE_CURVE('',#5655,#5656,#2136,.T.);
#6961=EDGE_CURVE('',#5657,#5655,#2137,.T.);
#6962=EDGE_CURVE('',#5658,#5657,#2138,.T.);
#6963=EDGE_CURVE('',#5658,#5656,#2139,.T.);
#6964=EDGE_CURVE('',#5656,#5659,#2140,.T.);
#6965=EDGE_CURVE('',#5660,#5658,#2141,.T.);
#6966=EDGE_CURVE('',#5660,#5659,#2142,.T.);
#6967=EDGE_CURVE('',#5659,#5661,#2143,.T.);
#6968=EDGE_CURVE('',#5662,#5660,#2144,.T.);
#6969=EDGE_CURVE('',#5662,#5661,#2145,.T.);
#6970=EDGE_CURVE('',#5661,#5655,#2146,.T.);
#6971=EDGE_CURVE('',#5657,#5662,#2147,.T.);
#6972=EDGE_CURVE('',#5663,#5664,#2148,.T.);
#6973=EDGE_CURVE('',#5665,#5663,#2149,.T.);
#6974=EDGE_CURVE('',#5666,#5665,#2150,.T.);
#6975=EDGE_CURVE('',#5666,#5664,#2151,.T.);
#6976=EDGE_CURVE('',#5664,#5667,#2152,.T.);
#6977=EDGE_CURVE('',#5668,#5666,#2153,.T.);
#6978=EDGE_CURVE('',#5668,#5667,#2154,.T.);
#6979=EDGE_CURVE('',#5667,#5669,#2155,.T.);
#6980=EDGE_CURVE('',#5670,#5668,#2156,.T.);
#6981=EDGE_CURVE('',#5670,#5669,#2157,.T.);
#6982=EDGE_CURVE('',#5669,#5663,#2158,.T.);
#6983=EDGE_CURVE('',#5665,#5670,#2159,.T.);
#6984=EDGE_CURVE('',#5671,#5672,#2160,.T.);
#6985=EDGE_CURVE('',#5671,#5673,#2161,.T.);
#6986=EDGE_CURVE('',#5673,#5674,#2162,.T.);
#6987=EDGE_CURVE('',#5672,#5674,#2163,.T.);
#6988=EDGE_CURVE('',#5675,#5671,#2164,.T.);
#6989=EDGE_CURVE('',#5675,#5676,#2165,.T.);
#6990=EDGE_CURVE('',#5676,#5673,#2166,.T.);
#6991=EDGE_CURVE('',#5677,#5675,#2167,.T.);
#6992=EDGE_CURVE('',#5677,#5678,#2168,.T.);
#6993=EDGE_CURVE('',#5678,#5676,#2169,.T.);
#6994=EDGE_CURVE('',#5672,#5677,#2170,.T.);
#6995=EDGE_CURVE('',#5674,#5678,#2171,.T.);
#6996=EDGE_CURVE('',#5679,#5680,#2172,.T.);
#6997=EDGE_CURVE('',#5681,#5679,#2173,.T.);
#6998=EDGE_CURVE('',#5682,#5681,#2174,.T.);
#6999=EDGE_CURVE('',#5682,#5680,#2175,.T.);
#7000=EDGE_CURVE('',#5680,#5683,#2176,.T.);
#7001=EDGE_CURVE('',#5684,#5682,#2177,.T.);
#7002=EDGE_CURVE('',#5684,#5683,#2178,.T.);
#7003=EDGE_CURVE('',#5683,#5685,#2179,.T.);
#7004=EDGE_CURVE('',#5686,#5684,#2180,.T.);
#7005=EDGE_CURVE('',#5686,#5685,#2181,.T.);
#7006=EDGE_CURVE('',#5685,#5679,#2182,.T.);
#7007=EDGE_CURVE('',#5681,#5686,#2183,.T.);
#7008=EDGE_CURVE('',#5687,#5688,#2184,.T.);
#7009=EDGE_CURVE('',#5687,#5689,#2185,.T.);
#7010=EDGE_CURVE('',#5689,#5690,#2186,.T.);
#7011=EDGE_CURVE('',#5688,#5690,#2187,.T.);
#7012=EDGE_CURVE('',#5691,#5687,#2188,.T.);
#7013=EDGE_CURVE('',#5691,#5692,#2189,.T.);
#7014=EDGE_CURVE('',#5692,#5689,#2190,.T.);
#7015=EDGE_CURVE('',#5693,#5691,#2191,.T.);
#7016=EDGE_CURVE('',#5693,#5694,#2192,.T.);
#7017=EDGE_CURVE('',#5694,#5692,#2193,.T.);
#7018=EDGE_CURVE('',#5688,#5693,#2194,.T.);
#7019=EDGE_CURVE('',#5690,#5694,#2195,.T.);
#7020=EDGE_CURVE('',#5695,#5696,#2196,.T.);
#7021=EDGE_CURVE('',#5697,#5695,#2197,.T.);
#7022=EDGE_CURVE('',#5698,#5697,#2198,.T.);
#7023=EDGE_CURVE('',#5698,#5696,#2199,.T.);
#7024=EDGE_CURVE('',#5696,#5699,#2200,.T.);
#7025=EDGE_CURVE('',#5700,#5698,#2201,.T.);
#7026=EDGE_CURVE('',#5700,#5699,#2202,.T.);
#7027=EDGE_CURVE('',#5699,#5701,#2203,.T.);
#7028=EDGE_CURVE('',#5702,#5700,#2204,.T.);
#7029=EDGE_CURVE('',#5702,#5701,#2205,.T.);
#7030=EDGE_CURVE('',#5701,#5695,#2206,.T.);
#7031=EDGE_CURVE('',#5697,#5702,#2207,.T.);
#7032=EDGE_CURVE('',#5703,#5704,#2208,.T.);
#7033=EDGE_CURVE('',#5703,#5705,#2209,.T.);
#7034=EDGE_CURVE('',#5705,#5706,#2210,.T.);
#7035=EDGE_CURVE('',#5704,#5706,#2211,.T.);
#7036=EDGE_CURVE('',#5707,#5703,#2212,.T.);
#7037=EDGE_CURVE('',#5707,#5708,#2213,.T.);
#7038=EDGE_CURVE('',#5708,#5705,#2214,.T.);
#7039=EDGE_CURVE('',#5709,#5707,#2215,.T.);
#7040=EDGE_CURVE('',#5709,#5710,#2216,.T.);
#7041=EDGE_CURVE('',#5710,#5708,#2217,.T.);
#7042=EDGE_CURVE('',#5704,#5709,#2218,.T.);
#7043=EDGE_CURVE('',#5706,#5710,#2219,.T.);
#7044=EDGE_CURVE('',#5711,#5712,#2220,.T.);
#7045=EDGE_CURVE('',#5713,#5711,#2221,.T.);
#7046=EDGE_CURVE('',#5714,#5713,#2222,.T.);
#7047=EDGE_CURVE('',#5714,#5712,#2223,.T.);
#7048=EDGE_CURVE('',#5712,#5715,#2224,.T.);
#7049=EDGE_CURVE('',#5716,#5714,#2225,.T.);
#7050=EDGE_CURVE('',#5716,#5715,#2226,.T.);
#7051=EDGE_CURVE('',#5715,#5717,#2227,.T.);
#7052=EDGE_CURVE('',#5718,#5716,#2228,.T.);
#7053=EDGE_CURVE('',#5718,#5717,#2229,.T.);
#7054=EDGE_CURVE('',#5717,#5711,#2230,.T.);
#7055=EDGE_CURVE('',#5713,#5718,#2231,.T.);
#7056=EDGE_CURVE('',#5719,#5720,#2232,.T.);
#7057=EDGE_CURVE('',#5719,#5721,#2233,.T.);
#7058=EDGE_CURVE('',#5721,#5722,#2234,.T.);
#7059=EDGE_CURVE('',#5720,#5722,#2235,.T.);
#7060=EDGE_CURVE('',#5723,#5719,#2236,.T.);
#7061=EDGE_CURVE('',#5723,#5724,#2237,.T.);
#7062=EDGE_CURVE('',#5724,#5721,#2238,.T.);
#7063=EDGE_CURVE('',#5725,#5723,#2239,.T.);
#7064=EDGE_CURVE('',#5725,#5726,#2240,.T.);
#7065=EDGE_CURVE('',#5726,#5724,#2241,.T.);
#7066=EDGE_CURVE('',#5720,#5725,#2242,.T.);
#7067=EDGE_CURVE('',#5722,#5726,#2243,.T.);
#7068=EDGE_CURVE('',#5727,#5728,#2244,.T.);
#7069=EDGE_CURVE('',#5729,#5727,#2245,.T.);
#7070=EDGE_CURVE('',#5730,#5729,#2246,.T.);
#7071=EDGE_CURVE('',#5730,#5728,#2247,.T.);
#7072=EDGE_CURVE('',#5728,#5731,#2248,.T.);
#7073=EDGE_CURVE('',#5732,#5730,#2249,.T.);
#7074=EDGE_CURVE('',#5732,#5731,#2250,.T.);
#7075=EDGE_CURVE('',#5731,#5733,#2251,.T.);
#7076=EDGE_CURVE('',#5734,#5732,#2252,.T.);
#7077=EDGE_CURVE('',#5734,#5733,#2253,.T.);
#7078=EDGE_CURVE('',#5733,#5727,#2254,.T.);
#7079=EDGE_CURVE('',#5729,#5734,#2255,.T.);
#7080=EDGE_CURVE('',#5735,#5736,#2256,.T.);
#7081=EDGE_CURVE('',#5737,#5735,#2257,.T.);
#7082=EDGE_CURVE('',#5738,#5737,#2258,.T.);
#7083=EDGE_CURVE('',#5738,#5736,#2259,.T.);
#7084=EDGE_CURVE('',#5736,#5739,#2260,.T.);
#7085=EDGE_CURVE('',#5740,#5738,#2261,.T.);
#7086=EDGE_CURVE('',#5740,#5739,#2262,.T.);
#7087=EDGE_CURVE('',#5739,#5741,#2263,.T.);
#7088=EDGE_CURVE('',#5742,#5740,#2264,.T.);
#7089=EDGE_CURVE('',#5742,#5741,#2265,.T.);
#7090=EDGE_CURVE('',#5741,#5735,#2266,.T.);
#7091=EDGE_CURVE('',#5737,#5742,#2267,.T.);
#7092=EDGE_CURVE('',#5743,#5744,#2268,.T.);
#7093=EDGE_CURVE('',#5743,#5745,#2269,.T.);
#7094=EDGE_CURVE('',#5745,#5746,#2270,.T.);
#7095=EDGE_CURVE('',#5744,#5746,#2271,.T.);
#7096=EDGE_CURVE('',#5747,#5743,#2272,.T.);
#7097=EDGE_CURVE('',#5747,#5748,#2273,.T.);
#7098=EDGE_CURVE('',#5748,#5745,#2274,.T.);
#7099=EDGE_CURVE('',#5749,#5747,#2275,.T.);
#7100=EDGE_CURVE('',#5749,#5750,#2276,.T.);
#7101=EDGE_CURVE('',#5750,#5748,#2277,.T.);
#7102=EDGE_CURVE('',#5744,#5749,#2278,.T.);
#7103=EDGE_CURVE('',#5746,#5750,#2279,.T.);
#7104=EDGE_CURVE('',#5751,#5752,#2280,.T.);
#7105=EDGE_CURVE('',#5751,#5753,#2281,.T.);
#7106=EDGE_CURVE('',#5753,#5754,#2282,.T.);
#7107=EDGE_CURVE('',#5752,#5754,#2283,.T.);
#7108=EDGE_CURVE('',#5755,#5751,#2284,.T.);
#7109=EDGE_CURVE('',#5755,#5756,#2285,.T.);
#7110=EDGE_CURVE('',#5756,#5753,#2286,.T.);
#7111=EDGE_CURVE('',#5757,#5755,#2287,.T.);
#7112=EDGE_CURVE('',#5757,#5758,#2288,.T.);
#7113=EDGE_CURVE('',#5758,#5756,#2289,.T.);
#7114=EDGE_CURVE('',#5752,#5757,#2290,.T.);
#7115=EDGE_CURVE('',#5754,#5758,#2291,.T.);
#7116=EDGE_CURVE('',#5759,#5760,#2292,.T.);
#7117=EDGE_CURVE('',#5761,#5759,#2293,.T.);
#7118=EDGE_CURVE('',#5762,#5761,#2294,.T.);
#7119=EDGE_CURVE('',#5762,#5760,#2295,.T.);
#7120=EDGE_CURVE('',#5760,#5763,#2296,.T.);
#7121=EDGE_CURVE('',#5764,#5762,#2297,.T.);
#7122=EDGE_CURVE('',#5764,#5763,#2298,.T.);
#7123=EDGE_CURVE('',#5763,#5765,#2299,.T.);
#7124=EDGE_CURVE('',#5766,#5764,#2300,.T.);
#7125=EDGE_CURVE('',#5766,#5765,#2301,.T.);
#7126=EDGE_CURVE('',#5765,#5759,#2302,.T.);
#7127=EDGE_CURVE('',#5761,#5766,#2303,.T.);
#7128=EDGE_CURVE('',#5767,#5768,#2304,.T.);
#7129=EDGE_CURVE('',#5769,#5767,#2305,.T.);
#7130=EDGE_CURVE('',#5770,#5769,#2306,.T.);
#7131=EDGE_CURVE('',#5770,#5768,#2307,.T.);
#7132=EDGE_CURVE('',#5768,#5771,#2308,.T.);
#7133=EDGE_CURVE('',#5772,#5770,#2309,.T.);
#7134=EDGE_CURVE('',#5772,#5771,#2310,.T.);
#7135=EDGE_CURVE('',#5771,#5773,#2311,.T.);
#7136=EDGE_CURVE('',#5774,#5772,#2312,.T.);
#7137=EDGE_CURVE('',#5774,#5773,#2313,.T.);
#7138=EDGE_CURVE('',#5773,#5767,#2314,.T.);
#7139=EDGE_CURVE('',#5769,#5774,#2315,.T.);
#7140=EDGE_CURVE('',#5775,#5776,#2316,.T.);
#7141=EDGE_CURVE('',#5777,#5775,#2317,.T.);
#7142=EDGE_CURVE('',#5778,#5777,#2318,.T.);
#7143=EDGE_CURVE('',#5778,#5776,#2319,.T.);
#7144=EDGE_CURVE('',#5776,#5779,#2320,.T.);
#7145=EDGE_CURVE('',#5780,#5778,#2321,.T.);
#7146=EDGE_CURVE('',#5780,#5779,#2322,.T.);
#7147=EDGE_CURVE('',#5779,#5781,#2323,.T.);
#7148=EDGE_CURVE('',#5782,#5780,#2324,.T.);
#7149=EDGE_CURVE('',#5782,#5781,#2325,.T.);
#7150=EDGE_CURVE('',#5781,#5775,#2326,.T.);
#7151=EDGE_CURVE('',#5777,#5782,#2327,.T.);
#7152=EDGE_CURVE('',#5783,#5784,#2328,.T.);
#7153=EDGE_CURVE('',#5785,#5783,#2329,.T.);
#7154=EDGE_CURVE('',#5786,#5785,#2330,.T.);
#7155=EDGE_CURVE('',#5786,#5784,#2331,.T.);
#7156=EDGE_CURVE('',#5784,#5787,#2332,.T.);
#7157=EDGE_CURVE('',#5788,#5786,#2333,.T.);
#7158=EDGE_CURVE('',#5788,#5787,#2334,.T.);
#7159=EDGE_CURVE('',#5787,#5789,#2335,.T.);
#7160=EDGE_CURVE('',#5790,#5788,#2336,.T.);
#7161=EDGE_CURVE('',#5790,#5789,#2337,.T.);
#7162=EDGE_CURVE('',#5789,#5783,#2338,.T.);
#7163=EDGE_CURVE('',#5785,#5790,#2339,.T.);
#7164=EDGE_CURVE('',#5791,#5792,#2340,.T.);
#7165=EDGE_CURVE('',#5791,#5793,#2341,.T.);
#7166=EDGE_CURVE('',#5793,#5794,#2342,.T.);
#7167=EDGE_CURVE('',#5792,#5794,#2343,.T.);
#7168=EDGE_CURVE('',#5795,#5791,#2344,.T.);
#7169=EDGE_CURVE('',#5795,#5796,#2345,.T.);
#7170=EDGE_CURVE('',#5796,#5793,#2346,.T.);
#7171=EDGE_CURVE('',#5797,#5795,#2347,.T.);
#7172=EDGE_CURVE('',#5797,#5798,#2348,.T.);
#7173=EDGE_CURVE('',#5798,#5796,#2349,.T.);
#7174=EDGE_CURVE('',#5792,#5797,#2350,.T.);
#7175=EDGE_CURVE('',#5794,#5798,#2351,.T.);
#7176=EDGE_CURVE('',#5799,#5800,#2352,.T.);
#7177=EDGE_CURVE('',#5799,#5801,#2353,.T.);
#7178=EDGE_CURVE('',#5801,#5802,#2354,.T.);
#7179=EDGE_CURVE('',#5800,#5802,#2355,.T.);
#7180=EDGE_CURVE('',#5803,#5799,#2356,.T.);
#7181=EDGE_CURVE('',#5803,#5804,#2357,.T.);
#7182=EDGE_CURVE('',#5804,#5801,#2358,.T.);
#7183=EDGE_CURVE('',#5805,#5803,#2359,.T.);
#7184=EDGE_CURVE('',#5805,#5806,#2360,.T.);
#7185=EDGE_CURVE('',#5806,#5804,#2361,.T.);
#7186=EDGE_CURVE('',#5800,#5805,#2362,.T.);
#7187=EDGE_CURVE('',#5802,#5806,#2363,.T.);
#7188=EDGE_CURVE('',#5807,#5808,#2364,.T.);
#7189=EDGE_CURVE('',#5807,#5809,#2365,.T.);
#7190=EDGE_CURVE('',#5809,#5810,#2366,.T.);
#7191=EDGE_CURVE('',#5808,#5810,#2367,.T.);
#7192=EDGE_CURVE('',#5811,#5807,#2368,.T.);
#7193=EDGE_CURVE('',#5811,#5812,#2369,.T.);
#7194=EDGE_CURVE('',#5812,#5809,#2370,.T.);
#7195=EDGE_CURVE('',#5813,#5811,#2371,.T.);
#7196=EDGE_CURVE('',#5813,#5814,#2372,.T.);
#7197=EDGE_CURVE('',#5814,#5812,#2373,.T.);
#7198=EDGE_CURVE('',#5808,#5813,#2374,.T.);
#7199=EDGE_CURVE('',#5810,#5814,#2375,.T.);
#7200=EDGE_CURVE('',#5815,#5816,#2376,.T.);
#7201=EDGE_CURVE('',#5817,#5815,#2377,.T.);
#7202=EDGE_CURVE('',#5818,#5817,#2378,.T.);
#7203=EDGE_CURVE('',#5818,#5816,#2379,.T.);
#7204=EDGE_CURVE('',#5816,#5819,#2380,.T.);
#7205=EDGE_CURVE('',#5820,#5818,#2381,.T.);
#7206=EDGE_CURVE('',#5820,#5819,#2382,.T.);
#7207=EDGE_CURVE('',#5819,#5821,#2383,.T.);
#7208=EDGE_CURVE('',#5822,#5820,#2384,.T.);
#7209=EDGE_CURVE('',#5822,#5821,#2385,.T.);
#7210=EDGE_CURVE('',#5821,#5815,#2386,.T.);
#7211=EDGE_CURVE('',#5817,#5822,#2387,.T.);
#7212=EDGE_CURVE('',#5823,#5824,#2388,.T.);
#7213=EDGE_CURVE('',#5825,#5823,#2389,.T.);
#7214=EDGE_CURVE('',#5826,#5825,#2390,.T.);
#7215=EDGE_CURVE('',#5826,#5824,#2391,.T.);
#7216=EDGE_CURVE('',#5824,#5827,#2392,.T.);
#7217=EDGE_CURVE('',#5828,#5826,#2393,.T.);
#7218=EDGE_CURVE('',#5828,#5827,#2394,.T.);
#7219=EDGE_CURVE('',#5827,#5829,#2395,.T.);
#7220=EDGE_CURVE('',#5830,#5828,#2396,.T.);
#7221=EDGE_CURVE('',#5830,#5829,#2397,.T.);
#7222=EDGE_CURVE('',#5829,#5823,#2398,.T.);
#7223=EDGE_CURVE('',#5825,#5830,#2399,.T.);
#7224=EDGE_CURVE('',#5831,#5832,#2400,.T.);
#7225=EDGE_CURVE('',#5831,#5833,#2401,.T.);
#7226=EDGE_CURVE('',#5833,#5834,#2402,.T.);
#7227=EDGE_CURVE('',#5832,#5834,#2403,.T.);
#7228=EDGE_CURVE('',#5835,#5831,#2404,.T.);
#7229=EDGE_CURVE('',#5835,#5836,#2405,.T.);
#7230=EDGE_CURVE('',#5836,#5833,#2406,.T.);
#7231=EDGE_CURVE('',#5837,#5835,#2407,.T.);
#7232=EDGE_CURVE('',#5837,#5838,#2408,.T.);
#7233=EDGE_CURVE('',#5838,#5836,#2409,.T.);
#7234=EDGE_CURVE('',#5832,#5837,#2410,.T.);
#7235=EDGE_CURVE('',#5834,#5838,#2411,.T.);
#7236=EDGE_CURVE('',#5839,#5840,#2412,.T.);
#7237=EDGE_CURVE('',#5841,#5839,#2413,.T.);
#7238=EDGE_CURVE('',#5842,#5841,#2414,.T.);
#7239=EDGE_CURVE('',#5842,#5840,#2415,.T.);
#7240=EDGE_CURVE('',#5840,#5843,#2416,.T.);
#7241=EDGE_CURVE('',#5844,#5842,#2417,.T.);
#7242=EDGE_CURVE('',#5844,#5843,#2418,.T.);
#7243=EDGE_CURVE('',#5843,#5845,#2419,.T.);
#7244=EDGE_CURVE('',#5846,#5844,#2420,.T.);
#7245=EDGE_CURVE('',#5846,#5845,#2421,.T.);
#7246=EDGE_CURVE('',#5845,#5839,#2422,.T.);
#7247=EDGE_CURVE('',#5841,#5846,#2423,.T.);
#7248=EDGE_CURVE('',#5847,#5848,#2424,.T.);
#7249=EDGE_CURVE('',#5849,#5847,#2425,.T.);
#7250=EDGE_CURVE('',#5850,#5849,#2426,.T.);
#7251=EDGE_CURVE('',#5850,#5848,#2427,.T.);
#7252=EDGE_CURVE('',#5848,#5851,#2428,.T.);
#7253=EDGE_CURVE('',#5852,#5850,#2429,.T.);
#7254=EDGE_CURVE('',#5852,#5851,#2430,.T.);
#7255=EDGE_CURVE('',#5851,#5853,#2431,.T.);
#7256=EDGE_CURVE('',#5854,#5852,#2432,.T.);
#7257=EDGE_CURVE('',#5854,#5853,#2433,.T.);
#7258=EDGE_CURVE('',#5853,#5847,#2434,.T.);
#7259=EDGE_CURVE('',#5849,#5854,#2435,.T.);
#7260=EDGE_CURVE('',#5855,#5856,#2436,.T.);
#7261=EDGE_CURVE('',#5857,#5855,#2437,.T.);
#7262=EDGE_CURVE('',#5858,#5857,#2438,.T.);
#7263=EDGE_CURVE('',#5858,#5856,#2439,.T.);
#7264=EDGE_CURVE('',#5856,#5859,#2440,.T.);
#7265=EDGE_CURVE('',#5860,#5858,#2441,.T.);
#7266=EDGE_CURVE('',#5860,#5859,#2442,.T.);
#7267=EDGE_CURVE('',#5859,#5861,#2443,.T.);
#7268=EDGE_CURVE('',#5862,#5860,#2444,.T.);
#7269=EDGE_CURVE('',#5862,#5861,#2445,.T.);
#7270=EDGE_CURVE('',#5861,#5855,#2446,.T.);
#7271=EDGE_CURVE('',#5857,#5862,#2447,.T.);
#7272=EDGE_CURVE('',#5863,#5864,#2448,.T.);
#7273=EDGE_CURVE('',#5865,#5863,#2449,.T.);
#7274=EDGE_CURVE('',#5866,#5865,#2450,.T.);
#7275=EDGE_CURVE('',#5866,#5864,#2451,.T.);
#7276=EDGE_CURVE('',#5864,#5867,#2452,.T.);
#7277=EDGE_CURVE('',#5868,#5866,#2453,.T.);
#7278=EDGE_CURVE('',#5868,#5867,#2454,.T.);
#7279=EDGE_CURVE('',#5867,#5869,#2455,.T.);
#7280=EDGE_CURVE('',#5870,#5868,#2456,.T.);
#7281=EDGE_CURVE('',#5870,#5869,#2457,.T.);
#7282=EDGE_CURVE('',#5869,#5863,#2458,.T.);
#7283=EDGE_CURVE('',#5865,#5870,#2459,.T.);
#7284=EDGE_CURVE('',#5871,#5872,#2460,.T.);
#7285=EDGE_CURVE('',#5873,#5871,#2461,.T.);
#7286=EDGE_CURVE('',#5874,#5873,#2462,.T.);
#7287=EDGE_CURVE('',#5874,#5872,#2463,.T.);
#7288=EDGE_CURVE('',#5872,#5875,#2464,.T.);
#7289=EDGE_CURVE('',#5876,#5874,#2465,.T.);
#7290=EDGE_CURVE('',#5876,#5875,#2466,.T.);
#7291=EDGE_CURVE('',#5875,#5877,#2467,.T.);
#7292=EDGE_CURVE('',#5878,#5876,#2468,.T.);
#7293=EDGE_CURVE('',#5878,#5877,#2469,.T.);
#7294=EDGE_CURVE('',#5877,#5871,#2470,.T.);
#7295=EDGE_CURVE('',#5873,#5878,#2471,.T.);
#7296=EDGE_CURVE('',#5879,#5880,#2472,.T.);
#7297=EDGE_CURVE('',#5881,#5879,#2473,.T.);
#7298=EDGE_CURVE('',#5882,#5881,#2474,.T.);
#7299=EDGE_CURVE('',#5882,#5880,#2475,.T.);
#7300=EDGE_CURVE('',#5880,#5883,#2476,.T.);
#7301=EDGE_CURVE('',#5884,#5882,#2477,.T.);
#7302=EDGE_CURVE('',#5884,#5883,#2478,.T.);
#7303=EDGE_CURVE('',#5883,#5885,#2479,.T.);
#7304=EDGE_CURVE('',#5886,#5884,#2480,.T.);
#7305=EDGE_CURVE('',#5886,#5885,#2481,.T.);
#7306=EDGE_CURVE('',#5885,#5879,#2482,.T.);
#7307=EDGE_CURVE('',#5881,#5886,#2483,.T.);
#7308=EDGE_CURVE('',#5887,#5888,#2484,.T.);
#7309=EDGE_CURVE('',#5889,#5887,#2485,.T.);
#7310=EDGE_CURVE('',#5890,#5889,#2486,.T.);
#7311=EDGE_CURVE('',#5890,#5888,#2487,.T.);
#7312=EDGE_CURVE('',#5888,#5891,#2488,.T.);
#7313=EDGE_CURVE('',#5892,#5890,#2489,.T.);
#7314=EDGE_CURVE('',#5892,#5891,#2490,.T.);
#7315=EDGE_CURVE('',#5891,#5893,#2491,.T.);
#7316=EDGE_CURVE('',#5894,#5892,#2492,.T.);
#7317=EDGE_CURVE('',#5894,#5893,#2493,.T.);
#7318=EDGE_CURVE('',#5893,#5887,#2494,.T.);
#7319=EDGE_CURVE('',#5889,#5894,#2495,.T.);
#7320=EDGE_CURVE('',#5895,#5896,#2496,.T.);
#7321=EDGE_CURVE('',#5897,#5895,#2497,.T.);
#7322=EDGE_CURVE('',#5898,#5897,#2498,.T.);
#7323=EDGE_CURVE('',#5898,#5896,#2499,.T.);
#7324=EDGE_CURVE('',#5896,#5899,#2500,.T.);
#7325=EDGE_CURVE('',#5900,#5898,#2501,.T.);
#7326=EDGE_CURVE('',#5900,#5899,#2502,.T.);
#7327=EDGE_CURVE('',#5899,#5901,#2503,.T.);
#7328=EDGE_CURVE('',#5902,#5900,#2504,.T.);
#7329=EDGE_CURVE('',#5902,#5901,#2505,.T.);
#7330=EDGE_CURVE('',#5901,#5895,#2506,.T.);
#7331=EDGE_CURVE('',#5897,#5902,#2507,.T.);
#7332=EDGE_CURVE('',#5903,#5904,#2508,.T.);
#7333=EDGE_CURVE('',#5905,#5903,#2509,.T.);
#7334=EDGE_CURVE('',#5906,#5905,#2510,.T.);
#7335=EDGE_CURVE('',#5906,#5904,#2511,.T.);
#7336=EDGE_CURVE('',#5904,#5907,#2512,.T.);
#7337=EDGE_CURVE('',#5908,#5906,#2513,.T.);
#7338=EDGE_CURVE('',#5908,#5907,#2514,.T.);
#7339=EDGE_CURVE('',#5907,#5909,#2515,.T.);
#7340=EDGE_CURVE('',#5910,#5908,#2516,.T.);
#7341=EDGE_CURVE('',#5910,#5909,#2517,.T.);
#7342=EDGE_CURVE('',#5909,#5903,#2518,.T.);
#7343=EDGE_CURVE('',#5905,#5910,#2519,.T.);
#7344=EDGE_CURVE('',#5911,#5912,#2520,.T.);
#7345=EDGE_CURVE('',#5913,#5911,#2521,.T.);
#7346=EDGE_CURVE('',#5914,#5913,#2522,.T.);
#7347=EDGE_CURVE('',#5914,#5912,#2523,.T.);
#7348=EDGE_CURVE('',#5912,#5915,#2524,.T.);
#7349=EDGE_CURVE('',#5916,#5914,#2525,.T.);
#7350=EDGE_CURVE('',#5916,#5915,#2526,.T.);
#7351=EDGE_CURVE('',#5915,#5917,#2527,.T.);
#7352=EDGE_CURVE('',#5918,#5916,#2528,.T.);
#7353=EDGE_CURVE('',#5918,#5917,#2529,.T.);
#7354=EDGE_CURVE('',#5917,#5911,#2530,.T.);
#7355=EDGE_CURVE('',#5913,#5918,#2531,.T.);
#7356=EDGE_CURVE('',#5919,#5920,#2532,.T.);
#7357=EDGE_CURVE('',#5919,#5921,#2533,.T.);
#7358=EDGE_CURVE('',#5921,#5922,#2534,.T.);
#7359=EDGE_CURVE('',#5920,#5922,#2535,.T.);
#7360=EDGE_CURVE('',#5923,#5919,#2536,.T.);
#7361=EDGE_CURVE('',#5923,#5924,#2537,.T.);
#7362=EDGE_CURVE('',#5924,#5921,#2538,.T.);
#7363=EDGE_CURVE('',#5925,#5923,#2539,.T.);
#7364=EDGE_CURVE('',#5925,#5926,#2540,.T.);
#7365=EDGE_CURVE('',#5926,#5924,#2541,.T.);
#7366=EDGE_CURVE('',#5920,#5925,#2542,.T.);
#7367=EDGE_CURVE('',#5922,#5926,#2543,.T.);
#7368=EDGE_CURVE('',#5927,#5928,#2544,.T.);
#7369=EDGE_CURVE('',#5929,#5927,#2545,.T.);
#7370=EDGE_CURVE('',#5930,#5929,#2546,.T.);
#7371=EDGE_CURVE('',#5930,#5928,#2547,.T.);
#7372=EDGE_CURVE('',#5928,#5931,#2548,.T.);
#7373=EDGE_CURVE('',#5932,#5930,#2549,.T.);
#7374=EDGE_CURVE('',#5932,#5931,#2550,.T.);
#7375=EDGE_CURVE('',#5931,#5933,#2551,.T.);
#7376=EDGE_CURVE('',#5934,#5932,#2552,.T.);
#7377=EDGE_CURVE('',#5934,#5933,#2553,.T.);
#7378=EDGE_CURVE('',#5933,#5927,#2554,.T.);
#7379=EDGE_CURVE('',#5929,#5934,#2555,.T.);
#7380=EDGE_CURVE('',#5935,#5936,#2556,.T.);
#7381=EDGE_CURVE('',#5937,#5935,#2557,.T.);
#7382=EDGE_CURVE('',#5938,#5937,#2558,.T.);
#7383=EDGE_CURVE('',#5938,#5936,#2559,.T.);
#7384=EDGE_CURVE('',#5936,#5939,#2560,.T.);
#7385=EDGE_CURVE('',#5940,#5938,#2561,.T.);
#7386=EDGE_CURVE('',#5940,#5939,#2562,.T.);
#7387=EDGE_CURVE('',#5939,#5941,#2563,.T.);
#7388=EDGE_CURVE('',#5942,#5940,#2564,.T.);
#7389=EDGE_CURVE('',#5942,#5941,#2565,.T.);
#7390=EDGE_CURVE('',#5941,#5935,#2566,.T.);
#7391=EDGE_CURVE('',#5937,#5942,#2567,.T.);
#7392=EDGE_CURVE('',#5943,#5944,#2568,.T.);
#7393=EDGE_CURVE('',#5943,#5945,#2569,.T.);
#7394=EDGE_CURVE('',#5945,#5946,#2570,.T.);
#7395=EDGE_CURVE('',#5944,#5946,#2571,.T.);
#7396=EDGE_CURVE('',#5947,#5943,#2572,.T.);
#7397=EDGE_CURVE('',#5947,#5948,#2573,.T.);
#7398=EDGE_CURVE('',#5948,#5945,#2574,.T.);
#7399=EDGE_CURVE('',#5949,#5947,#2575,.T.);
#7400=EDGE_CURVE('',#5949,#5950,#2576,.T.);
#7401=EDGE_CURVE('',#5950,#5948,#2577,.T.);
#7402=EDGE_CURVE('',#5944,#5949,#2578,.T.);
#7403=EDGE_CURVE('',#5946,#5950,#2579,.T.);
#7404=EDGE_CURVE('',#5951,#5952,#2580,.T.);
#7405=EDGE_CURVE('',#5953,#5951,#2581,.T.);
#7406=EDGE_CURVE('',#5954,#5953,#2582,.T.);
#7407=EDGE_CURVE('',#5954,#5952,#2583,.T.);
#7408=EDGE_CURVE('',#5952,#5955,#2584,.T.);
#7409=EDGE_CURVE('',#5956,#5954,#2585,.T.);
#7410=EDGE_CURVE('',#5956,#5955,#2586,.T.);
#7411=EDGE_CURVE('',#5955,#5957,#2587,.T.);
#7412=EDGE_CURVE('',#5958,#5956,#2588,.T.);
#7413=EDGE_CURVE('',#5958,#5957,#2589,.T.);
#7414=EDGE_CURVE('',#5957,#5951,#2590,.T.);
#7415=EDGE_CURVE('',#5953,#5958,#2591,.T.);
#7416=EDGE_CURVE('',#5959,#5960,#2592,.T.);
#7417=EDGE_CURVE('',#5961,#5959,#2593,.T.);
#7418=EDGE_CURVE('',#5962,#5961,#2594,.T.);
#7419=EDGE_CURVE('',#5962,#5960,#2595,.T.);
#7420=EDGE_CURVE('',#5960,#5963,#2596,.T.);
#7421=EDGE_CURVE('',#5964,#5962,#2597,.T.);
#7422=EDGE_CURVE('',#5964,#5963,#2598,.T.);
#7423=EDGE_CURVE('',#5963,#5965,#2599,.T.);
#7424=EDGE_CURVE('',#5966,#5964,#2600,.T.);
#7425=EDGE_CURVE('',#5966,#5965,#2601,.T.);
#7426=EDGE_CURVE('',#5965,#5959,#2602,.T.);
#7427=EDGE_CURVE('',#5961,#5966,#2603,.T.);
#7428=EDGE_CURVE('',#5967,#5968,#2604,.T.);
#7429=EDGE_CURVE('',#5967,#5969,#2605,.T.);
#7430=EDGE_CURVE('',#5969,#5970,#2606,.T.);
#7431=EDGE_CURVE('',#5968,#5970,#2607,.T.);
#7432=EDGE_CURVE('',#5971,#5967,#2608,.T.);
#7433=EDGE_CURVE('',#5971,#5972,#2609,.T.);
#7434=EDGE_CURVE('',#5972,#5969,#2610,.T.);
#7435=EDGE_CURVE('',#5973,#5971,#2611,.T.);
#7436=EDGE_CURVE('',#5973,#5974,#2612,.T.);
#7437=EDGE_CURVE('',#5974,#5972,#2613,.T.);
#7438=EDGE_CURVE('',#5968,#5973,#2614,.T.);
#7439=EDGE_CURVE('',#5970,#5974,#2615,.T.);
#7440=EDGE_CURVE('',#5975,#5976,#2616,.T.);
#7441=EDGE_CURVE('',#5977,#5975,#2617,.T.);
#7442=EDGE_CURVE('',#5978,#5977,#2618,.T.);
#7443=EDGE_CURVE('',#5978,#5976,#2619,.T.);
#7444=EDGE_CURVE('',#5976,#5979,#2620,.T.);
#7445=EDGE_CURVE('',#5980,#5978,#2621,.T.);
#7446=EDGE_CURVE('',#5980,#5979,#2622,.T.);
#7447=EDGE_CURVE('',#5979,#5981,#2623,.T.);
#7448=EDGE_CURVE('',#5982,#5980,#2624,.T.);
#7449=EDGE_CURVE('',#5982,#5981,#2625,.T.);
#7450=EDGE_CURVE('',#5981,#5975,#2626,.T.);
#7451=EDGE_CURVE('',#5977,#5982,#2627,.T.);
#7452=EDGE_CURVE('',#5983,#5984,#2628,.T.);
#7453=EDGE_CURVE('',#5985,#5983,#2629,.T.);
#7454=EDGE_CURVE('',#5986,#5985,#2630,.T.);
#7455=EDGE_CURVE('',#5986,#5984,#2631,.T.);
#7456=EDGE_CURVE('',#5984,#5987,#2632,.T.);
#7457=EDGE_CURVE('',#5988,#5986,#2633,.T.);
#7458=EDGE_CURVE('',#5988,#5987,#2634,.T.);
#7459=EDGE_CURVE('',#5987,#5989,#2635,.T.);
#7460=EDGE_CURVE('',#5990,#5988,#2636,.T.);
#7461=EDGE_CURVE('',#5990,#5989,#2637,.T.);
#7462=EDGE_CURVE('',#5989,#5983,#2638,.T.);
#7463=EDGE_CURVE('',#5985,#5990,#2639,.T.);
#7464=EDGE_CURVE('',#5991,#5992,#2640,.T.);
#7465=EDGE_CURVE('',#5993,#5991,#2641,.T.);
#7466=EDGE_CURVE('',#5994,#5993,#2642,.T.);
#7467=EDGE_CURVE('',#5994,#5992,#2643,.T.);
#7468=EDGE_CURVE('',#5992,#5995,#2644,.T.);
#7469=EDGE_CURVE('',#5996,#5994,#2645,.T.);
#7470=EDGE_CURVE('',#5996,#5995,#2646,.T.);
#7471=EDGE_CURVE('',#5995,#5997,#2647,.T.);
#7472=EDGE_CURVE('',#5998,#5996,#2648,.T.);
#7473=EDGE_CURVE('',#5998,#5997,#2649,.T.);
#7474=EDGE_CURVE('',#5997,#5991,#2650,.T.);
#7475=EDGE_CURVE('',#5993,#5998,#2651,.T.);
#7476=EDGE_CURVE('',#5999,#6000,#2652,.T.);
#7477=EDGE_CURVE('',#6001,#5999,#2653,.T.);
#7478=EDGE_CURVE('',#6002,#6001,#2654,.T.);
#7479=EDGE_CURVE('',#6002,#6000,#2655,.T.);
#7480=EDGE_CURVE('',#6000,#6003,#2656,.T.);
#7481=EDGE_CURVE('',#6004,#6002,#2657,.T.);
#7482=EDGE_CURVE('',#6004,#6003,#2658,.T.);
#7483=EDGE_CURVE('',#6003,#6005,#2659,.T.);
#7484=EDGE_CURVE('',#6006,#6004,#2660,.T.);
#7485=EDGE_CURVE('',#6006,#6005,#2661,.T.);
#7486=EDGE_CURVE('',#6005,#5999,#2662,.T.);
#7487=EDGE_CURVE('',#6001,#6006,#2663,.T.);
#7488=EDGE_CURVE('',#6007,#6008,#2664,.T.);
#7489=EDGE_CURVE('',#6009,#6007,#2665,.T.);
#7490=EDGE_CURVE('',#6010,#6009,#2666,.T.);
#7491=EDGE_CURVE('',#6010,#6008,#2667,.T.);
#7492=EDGE_CURVE('',#6008,#6011,#2668,.T.);
#7493=EDGE_CURVE('',#6012,#6010,#2669,.T.);
#7494=EDGE_CURVE('',#6012,#6011,#2670,.T.);
#7495=EDGE_CURVE('',#6011,#6013,#2671,.T.);
#7496=EDGE_CURVE('',#6014,#6012,#2672,.T.);
#7497=EDGE_CURVE('',#6014,#6013,#2673,.T.);
#7498=EDGE_CURVE('',#6013,#6007,#2674,.T.);
#7499=EDGE_CURVE('',#6009,#6014,#2675,.T.);
#7500=EDGE_CURVE('',#6015,#6016,#2676,.T.);
#7501=EDGE_CURVE('',#6015,#6017,#2677,.T.);
#7502=EDGE_CURVE('',#6017,#6018,#2678,.T.);
#7503=EDGE_CURVE('',#6016,#6018,#2679,.T.);
#7504=EDGE_CURVE('',#6019,#6015,#2680,.T.);
#7505=EDGE_CURVE('',#6019,#6020,#2681,.T.);
#7506=EDGE_CURVE('',#6020,#6017,#2682,.T.);
#7507=EDGE_CURVE('',#6021,#6019,#2683,.T.);
#7508=EDGE_CURVE('',#6021,#6022,#2684,.T.);
#7509=EDGE_CURVE('',#6022,#6020,#2685,.T.);
#7510=EDGE_CURVE('',#6016,#6021,#2686,.T.);
#7511=EDGE_CURVE('',#6018,#6022,#2687,.T.);
#7512=EDGE_CURVE('',#6023,#6024,#2688,.T.);
#7513=EDGE_CURVE('',#6025,#6023,#2689,.T.);
#7514=EDGE_CURVE('',#6026,#6025,#2690,.T.);
#7515=EDGE_CURVE('',#6026,#6024,#2691,.T.);
#7516=EDGE_CURVE('',#6024,#6027,#2692,.T.);
#7517=EDGE_CURVE('',#6028,#6026,#2693,.T.);
#7518=EDGE_CURVE('',#6028,#6027,#2694,.T.);
#7519=EDGE_CURVE('',#6027,#6029,#2695,.T.);
#7520=EDGE_CURVE('',#6030,#6028,#2696,.T.);
#7521=EDGE_CURVE('',#6030,#6029,#2697,.T.);
#7522=EDGE_CURVE('',#6029,#6023,#2698,.T.);
#7523=EDGE_CURVE('',#6025,#6030,#2699,.T.);
#7524=EDGE_CURVE('',#6031,#6032,#2700,.T.);
#7525=EDGE_CURVE('',#6031,#6033,#2701,.T.);
#7526=EDGE_CURVE('',#6033,#6034,#2702,.T.);
#7527=EDGE_CURVE('',#6032,#6034,#2703,.T.);
#7528=EDGE_CURVE('',#6035,#6031,#2704,.T.);
#7529=EDGE_CURVE('',#6035,#6036,#2705,.T.);
#7530=EDGE_CURVE('',#6036,#6033,#2706,.T.);
#7531=EDGE_CURVE('',#6037,#6035,#2707,.T.);
#7532=EDGE_CURVE('',#6037,#6038,#2708,.T.);
#7533=EDGE_CURVE('',#6038,#6036,#2709,.T.);
#7534=EDGE_CURVE('',#6032,#6037,#2710,.T.);
#7535=EDGE_CURVE('',#6034,#6038,#2711,.T.);
#7536=EDGE_CURVE('',#6039,#6040,#2712,.T.);
#7537=EDGE_CURVE('',#6041,#6039,#2713,.T.);
#7538=EDGE_CURVE('',#6042,#6041,#2714,.T.);
#7539=EDGE_CURVE('',#6042,#6040,#2715,.T.);
#7540=EDGE_CURVE('',#6040,#6043,#2716,.T.);
#7541=EDGE_CURVE('',#6044,#6042,#2717,.T.);
#7542=EDGE_CURVE('',#6044,#6043,#2718,.T.);
#7543=EDGE_CURVE('',#6043,#6045,#2719,.T.);
#7544=EDGE_CURVE('',#6046,#6044,#2720,.T.);
#7545=EDGE_CURVE('',#6046,#6045,#2721,.T.);
#7546=EDGE_CURVE('',#6045,#6039,#2722,.T.);
#7547=EDGE_CURVE('',#6041,#6046,#2723,.T.);
#7548=EDGE_CURVE('',#6047,#6048,#2724,.T.);
#7549=EDGE_CURVE('',#6049,#6047,#2725,.T.);
#7550=EDGE_CURVE('',#6050,#6049,#2726,.T.);
#7551=EDGE_CURVE('',#6050,#6048,#2727,.T.);
#7552=EDGE_CURVE('',#6048,#6051,#2728,.T.);
#7553=EDGE_CURVE('',#6052,#6050,#2729,.T.);
#7554=EDGE_CURVE('',#6052,#6051,#2730,.T.);
#7555=EDGE_CURVE('',#6051,#6053,#2731,.T.);
#7556=EDGE_CURVE('',#6054,#6052,#2732,.T.);
#7557=EDGE_CURVE('',#6054,#6053,#2733,.T.);
#7558=EDGE_CURVE('',#6053,#6047,#2734,.T.);
#7559=EDGE_CURVE('',#6049,#6054,#2735,.T.);
#7560=EDGE_CURVE('',#6055,#6056,#2736,.T.);
#7561=EDGE_CURVE('',#6057,#6055,#2737,.T.);
#7562=EDGE_CURVE('',#6058,#6057,#2738,.T.);
#7563=EDGE_CURVE('',#6058,#6056,#2739,.T.);
#7564=EDGE_CURVE('',#6056,#6059,#2740,.T.);
#7565=EDGE_CURVE('',#6060,#6058,#2741,.T.);
#7566=EDGE_CURVE('',#6060,#6059,#2742,.T.);
#7567=EDGE_CURVE('',#6059,#6061,#2743,.T.);
#7568=EDGE_CURVE('',#6062,#6060,#2744,.T.);
#7569=EDGE_CURVE('',#6062,#6061,#2745,.T.);
#7570=EDGE_CURVE('',#6061,#6055,#2746,.T.);
#7571=EDGE_CURVE('',#6057,#6062,#2747,.T.);
#7572=EDGE_CURVE('',#6063,#6064,#2748,.T.);
#7573=EDGE_CURVE('',#6063,#6065,#2749,.T.);
#7574=EDGE_CURVE('',#6065,#6066,#2750,.T.);
#7575=EDGE_CURVE('',#6064,#6066,#2751,.T.);
#7576=EDGE_CURVE('',#6067,#6063,#2752,.T.);
#7577=EDGE_CURVE('',#6067,#6068,#2753,.T.);
#7578=EDGE_CURVE('',#6068,#6065,#2754,.T.);
#7579=EDGE_CURVE('',#6069,#6067,#2755,.T.);
#7580=EDGE_CURVE('',#6069,#6070,#2756,.T.);
#7581=EDGE_CURVE('',#6070,#6068,#2757,.T.);
#7582=EDGE_CURVE('',#6064,#6069,#2758,.T.);
#7583=EDGE_CURVE('',#6066,#6070,#2759,.T.);
#7584=EDGE_CURVE('',#6071,#6072,#2760,.T.);
#7585=EDGE_CURVE('',#6073,#6071,#2761,.T.);
#7586=EDGE_CURVE('',#6074,#6073,#2762,.T.);
#7587=EDGE_CURVE('',#6074,#6072,#2763,.T.);
#7588=EDGE_CURVE('',#6072,#6075,#2764,.T.);
#7589=EDGE_CURVE('',#6076,#6074,#2765,.T.);
#7590=EDGE_CURVE('',#6076,#6075,#2766,.T.);
#7591=EDGE_CURVE('',#6075,#6077,#2767,.T.);
#7592=EDGE_CURVE('',#6078,#6076,#2768,.T.);
#7593=EDGE_CURVE('',#6078,#6077,#2769,.T.);
#7594=EDGE_CURVE('',#6077,#6071,#2770,.T.);
#7595=EDGE_CURVE('',#6073,#6078,#2771,.T.);
#7596=EDGE_CURVE('',#6079,#6080,#2772,.T.);
#7597=EDGE_CURVE('',#6079,#6081,#2773,.T.);
#7598=EDGE_CURVE('',#6081,#6082,#2774,.T.);
#7599=EDGE_CURVE('',#6080,#6082,#2775,.T.);
#7600=EDGE_CURVE('',#6083,#6079,#2776,.T.);
#7601=EDGE_CURVE('',#6083,#6084,#2777,.T.);
#7602=EDGE_CURVE('',#6084,#6081,#2778,.T.);
#7603=EDGE_CURVE('',#6085,#6083,#2779,.T.);
#7604=EDGE_CURVE('',#6085,#6086,#2780,.T.);
#7605=EDGE_CURVE('',#6086,#6084,#2781,.T.);
#7606=EDGE_CURVE('',#6080,#6085,#2782,.T.);
#7607=EDGE_CURVE('',#6082,#6086,#2783,.T.);
#7608=EDGE_CURVE('',#6087,#6088,#2784,.T.);
#7609=EDGE_CURVE('',#6087,#6089,#2785,.T.);
#7610=EDGE_CURVE('',#6089,#6090,#2786,.T.);
#7611=EDGE_CURVE('',#6088,#6090,#2787,.T.);
#7612=EDGE_CURVE('',#6091,#6087,#2788,.T.);
#7613=EDGE_CURVE('',#6091,#6092,#2789,.T.);
#7614=EDGE_CURVE('',#6092,#6089,#2790,.T.);
#7615=EDGE_CURVE('',#6093,#6091,#2791,.T.);
#7616=EDGE_CURVE('',#6093,#6094,#2792,.T.);
#7617=EDGE_CURVE('',#6094,#6092,#2793,.T.);
#7618=EDGE_CURVE('',#6088,#6093,#2794,.T.);
#7619=EDGE_CURVE('',#6090,#6094,#2795,.T.);
#7620=EDGE_CURVE('',#6095,#6096,#2796,.T.);
#7621=EDGE_CURVE('',#6097,#6095,#2797,.T.);
#7622=EDGE_CURVE('',#6098,#6097,#2798,.T.);
#7623=EDGE_CURVE('',#6098,#6096,#2799,.T.);
#7624=EDGE_CURVE('',#6096,#6099,#2800,.T.);
#7625=EDGE_CURVE('',#6100,#6098,#2801,.T.);
#7626=EDGE_CURVE('',#6100,#6099,#2802,.T.);
#7627=EDGE_CURVE('',#6099,#6101,#2803,.T.);
#7628=EDGE_CURVE('',#6102,#6100,#2804,.T.);
#7629=EDGE_CURVE('',#6102,#6101,#2805,.T.);
#7630=EDGE_CURVE('',#6101,#6095,#2806,.T.);
#7631=EDGE_CURVE('',#6097,#6102,#2807,.T.);
#7632=EDGE_CURVE('',#6103,#6104,#2808,.T.);
#7633=EDGE_CURVE('',#6105,#6103,#2809,.T.);
#7634=EDGE_CURVE('',#6106,#6105,#2810,.T.);
#7635=EDGE_CURVE('',#6106,#6104,#2811,.T.);
#7636=EDGE_CURVE('',#6104,#6107,#2812,.T.);
#7637=EDGE_CURVE('',#6108,#6106,#2813,.T.);
#7638=EDGE_CURVE('',#6108,#6107,#2814,.T.);
#7639=EDGE_CURVE('',#6107,#6109,#2815,.T.);
#7640=EDGE_CURVE('',#6110,#6108,#2816,.T.);
#7641=EDGE_CURVE('',#6110,#6109,#2817,.T.);
#7642=EDGE_CURVE('',#6109,#6103,#2818,.T.);
#7643=EDGE_CURVE('',#6105,#6110,#2819,.T.);
#7644=EDGE_CURVE('',#6111,#6112,#2820,.T.);
#7645=EDGE_CURVE('',#6113,#6111,#2821,.T.);
#7646=EDGE_CURVE('',#6114,#6113,#2822,.T.);
#7647=EDGE_CURVE('',#6114,#6112,#2823,.T.);
#7648=EDGE_CURVE('',#6112,#6115,#2824,.T.);
#7649=EDGE_CURVE('',#6116,#6114,#2825,.T.);
#7650=EDGE_CURVE('',#6116,#6115,#2826,.T.);
#7651=EDGE_CURVE('',#6115,#6117,#2827,.T.);
#7652=EDGE_CURVE('',#6118,#6116,#2828,.T.);
#7653=EDGE_CURVE('',#6118,#6117,#2829,.T.);
#7654=EDGE_CURVE('',#6117,#6111,#2830,.T.);
#7655=EDGE_CURVE('',#6113,#6118,#2831,.T.);
#7656=EDGE_CURVE('',#6119,#6120,#2832,.T.);
#7657=EDGE_CURVE('',#6121,#6119,#2833,.T.);
#7658=EDGE_CURVE('',#6122,#6121,#2834,.T.);
#7659=EDGE_CURVE('',#6122,#6120,#2835,.T.);
#7660=EDGE_CURVE('',#6120,#6123,#2836,.T.);
#7661=EDGE_CURVE('',#6124,#6122,#2837,.T.);
#7662=EDGE_CURVE('',#6124,#6123,#2838,.T.);
#7663=EDGE_CURVE('',#6123,#6125,#2839,.T.);
#7664=EDGE_CURVE('',#6126,#6124,#2840,.T.);
#7665=EDGE_CURVE('',#6126,#6125,#2841,.T.);
#7666=EDGE_CURVE('',#6125,#6119,#2842,.T.);
#7667=EDGE_CURVE('',#6121,#6126,#2843,.T.);
#7668=EDGE_CURVE('',#6127,#6128,#2844,.T.);
#7669=EDGE_CURVE('',#6127,#6129,#2845,.T.);
#7670=EDGE_CURVE('',#6129,#6130,#2846,.T.);
#7671=EDGE_CURVE('',#6128,#6130,#2847,.T.);
#7672=EDGE_CURVE('',#6131,#6127,#2848,.T.);
#7673=EDGE_CURVE('',#6131,#6132,#2849,.T.);
#7674=EDGE_CURVE('',#6132,#6129,#2850,.T.);
#7675=EDGE_CURVE('',#6133,#6131,#2851,.T.);
#7676=EDGE_CURVE('',#6133,#6134,#2852,.T.);
#7677=EDGE_CURVE('',#6134,#6132,#2853,.T.);
#7678=EDGE_CURVE('',#6128,#6133,#2854,.T.);
#7679=EDGE_CURVE('',#6130,#6134,#2855,.T.);
#7680=EDGE_CURVE('',#6135,#6136,#2856,.T.);
#7681=EDGE_CURVE('',#6137,#6135,#2857,.T.);
#7682=EDGE_CURVE('',#6138,#6137,#2858,.T.);
#7683=EDGE_CURVE('',#6138,#6136,#2859,.T.);
#7684=EDGE_CURVE('',#6136,#6139,#2860,.T.);
#7685=EDGE_CURVE('',#6140,#6138,#2861,.T.);
#7686=EDGE_CURVE('',#6140,#6139,#2862,.T.);
#7687=EDGE_CURVE('',#6139,#6141,#2863,.T.);
#7688=EDGE_CURVE('',#6142,#6140,#2864,.T.);
#7689=EDGE_CURVE('',#6142,#6141,#2865,.T.);
#7690=EDGE_CURVE('',#6141,#6135,#2866,.T.);
#7691=EDGE_CURVE('',#6137,#6142,#2867,.T.);
#7692=EDGE_CURVE('',#6143,#6144,#2868,.T.);
#7693=EDGE_CURVE('',#6145,#6143,#2869,.T.);
#7694=EDGE_CURVE('',#6146,#6145,#2870,.T.);
#7695=EDGE_CURVE('',#6146,#6144,#2871,.T.);
#7696=EDGE_CURVE('',#6144,#6147,#2872,.T.);
#7697=EDGE_CURVE('',#6148,#6146,#2873,.T.);
#7698=EDGE_CURVE('',#6148,#6147,#2874,.T.);
#7699=EDGE_CURVE('',#6147,#6149,#2875,.T.);
#7700=EDGE_CURVE('',#6150,#6148,#2876,.T.);
#7701=EDGE_CURVE('',#6150,#6149,#2877,.T.);
#7702=EDGE_CURVE('',#6149,#6143,#2878,.T.);
#7703=EDGE_CURVE('',#6145,#6150,#2879,.T.);
#7704=EDGE_CURVE('',#6151,#6152,#2880,.T.);
#7705=EDGE_CURVE('',#6153,#6151,#2881,.T.);
#7706=EDGE_CURVE('',#6154,#6153,#2882,.T.);
#7707=EDGE_CURVE('',#6154,#6152,#2883,.T.);
#7708=EDGE_CURVE('',#6152,#6155,#2884,.T.);
#7709=EDGE_CURVE('',#6156,#6154,#2885,.T.);
#7710=EDGE_CURVE('',#6156,#6155,#2886,.T.);
#7711=EDGE_CURVE('',#6155,#6157,#2887,.T.);
#7712=EDGE_CURVE('',#6158,#6156,#2888,.T.);
#7713=EDGE_CURVE('',#6158,#6157,#2889,.T.);
#7714=EDGE_CURVE('',#6157,#6151,#2890,.T.);
#7715=EDGE_CURVE('',#6153,#6158,#2891,.T.);
#7716=EDGE_CURVE('',#6159,#6160,#2892,.T.);
#7717=EDGE_CURVE('',#6161,#6159,#2893,.T.);
#7718=EDGE_CURVE('',#6162,#6161,#2894,.T.);
#7719=EDGE_CURVE('',#6162,#6160,#2895,.T.);
#7720=EDGE_CURVE('',#6160,#6163,#2896,.T.);
#7721=EDGE_CURVE('',#6164,#6162,#2897,.T.);
#7722=EDGE_CURVE('',#6164,#6163,#2898,.T.);
#7723=EDGE_CURVE('',#6163,#6165,#2899,.T.);
#7724=EDGE_CURVE('',#6166,#6164,#2900,.T.);
#7725=EDGE_CURVE('',#6166,#6165,#2901,.T.);
#7726=EDGE_CURVE('',#6165,#6159,#2902,.T.);
#7727=EDGE_CURVE('',#6161,#6166,#2903,.T.);
#7728=EDGE_CURVE('',#6167,#6168,#2904,.T.);
#7729=EDGE_CURVE('',#6167,#6169,#2905,.T.);
#7730=EDGE_CURVE('',#6169,#6170,#2906,.T.);
#7731=EDGE_CURVE('',#6168,#6170,#2907,.T.);
#7732=EDGE_CURVE('',#6171,#6167,#2908,.T.);
#7733=EDGE_CURVE('',#6171,#6172,#2909,.T.);
#7734=EDGE_CURVE('',#6172,#6169,#2910,.T.);
#7735=EDGE_CURVE('',#6173,#6171,#2911,.T.);
#7736=EDGE_CURVE('',#6173,#6174,#2912,.T.);
#7737=EDGE_CURVE('',#6174,#6172,#2913,.T.);
#7738=EDGE_CURVE('',#6168,#6173,#2914,.T.);
#7739=EDGE_CURVE('',#6170,#6174,#2915,.T.);
#7740=EDGE_CURVE('',#6175,#6176,#2916,.T.);
#7741=EDGE_CURVE('',#6177,#6175,#2917,.T.);
#7742=EDGE_CURVE('',#6178,#6177,#2918,.T.);
#7743=EDGE_CURVE('',#6178,#6176,#2919,.T.);
#7744=EDGE_CURVE('',#6176,#6179,#2920,.T.);
#7745=EDGE_CURVE('',#6180,#6178,#2921,.T.);
#7746=EDGE_CURVE('',#6180,#6179,#2922,.T.);
#7747=EDGE_CURVE('',#6179,#6181,#2923,.T.);
#7748=EDGE_CURVE('',#6182,#6180,#2924,.T.);
#7749=EDGE_CURVE('',#6182,#6181,#2925,.T.);
#7750=EDGE_CURVE('',#6181,#6175,#2926,.T.);
#7751=EDGE_CURVE('',#6177,#6182,#2927,.T.);
#7752=EDGE_CURVE('',#6183,#6184,#2928,.T.);
#7753=EDGE_CURVE('',#6185,#6183,#2929,.T.);
#7754=EDGE_CURVE('',#6186,#6185,#2930,.T.);
#7755=EDGE_CURVE('',#6186,#6184,#2931,.T.);
#7756=EDGE_CURVE('',#6184,#6187,#2932,.T.);
#7757=EDGE_CURVE('',#6188,#6186,#2933,.T.);
#7758=EDGE_CURVE('',#6188,#6187,#2934,.T.);
#7759=EDGE_CURVE('',#6187,#6189,#2935,.T.);
#7760=EDGE_CURVE('',#6190,#6188,#2936,.T.);
#7761=EDGE_CURVE('',#6190,#6189,#2937,.T.);
#7762=EDGE_CURVE('',#6189,#6183,#2938,.T.);
#7763=EDGE_CURVE('',#6185,#6190,#2939,.T.);
#7764=EDGE_CURVE('',#6191,#6192,#2940,.T.);
#7765=EDGE_CURVE('',#6191,#6193,#2941,.T.);
#7766=EDGE_CURVE('',#6193,#6194,#2942,.T.);
#7767=EDGE_CURVE('',#6192,#6194,#2943,.T.);
#7768=EDGE_CURVE('',#6195,#6191,#2944,.T.);
#7769=EDGE_CURVE('',#6195,#6196,#2945,.T.);
#7770=EDGE_CURVE('',#6196,#6193,#2946,.T.);
#7771=EDGE_CURVE('',#6197,#6195,#2947,.T.);
#7772=EDGE_CURVE('',#6197,#6198,#2948,.T.);
#7773=EDGE_CURVE('',#6198,#6196,#2949,.T.);
#7774=EDGE_CURVE('',#6192,#6197,#2950,.T.);
#7775=EDGE_CURVE('',#6194,#6198,#2951,.T.);
#7776=EDGE_CURVE('',#6199,#6200,#2952,.T.);
#7777=EDGE_CURVE('',#6199,#6201,#2953,.T.);
#7778=EDGE_CURVE('',#6201,#6202,#2954,.T.);
#7779=EDGE_CURVE('',#6200,#6202,#2955,.T.);
#7780=EDGE_CURVE('',#6203,#6199,#2956,.T.);
#7781=EDGE_CURVE('',#6203,#6204,#2957,.T.);
#7782=EDGE_CURVE('',#6204,#6201,#2958,.T.);
#7783=EDGE_CURVE('',#6205,#6203,#2959,.T.);
#7784=EDGE_CURVE('',#6205,#6206,#2960,.T.);
#7785=EDGE_CURVE('',#6206,#6204,#2961,.T.);
#7786=EDGE_CURVE('',#6200,#6205,#2962,.T.);
#7787=EDGE_CURVE('',#6202,#6206,#2963,.T.);
#7788=EDGE_CURVE('',#6207,#6208,#2964,.T.);
#7789=EDGE_CURVE('',#6209,#6207,#2965,.T.);
#7790=EDGE_CURVE('',#6210,#6209,#2966,.T.);
#7791=EDGE_CURVE('',#6210,#6208,#2967,.T.);
#7792=EDGE_CURVE('',#6208,#6211,#2968,.T.);
#7793=EDGE_CURVE('',#6212,#6210,#2969,.T.);
#7794=EDGE_CURVE('',#6212,#6211,#2970,.T.);
#7795=EDGE_CURVE('',#6211,#6213,#2971,.T.);
#7796=EDGE_CURVE('',#6214,#6212,#2972,.T.);
#7797=EDGE_CURVE('',#6214,#6213,#2973,.T.);
#7798=EDGE_CURVE('',#6213,#6207,#2974,.T.);
#7799=EDGE_CURVE('',#6209,#6214,#2975,.T.);
#7800=EDGE_CURVE('',#6215,#6216,#2976,.T.);
#7801=EDGE_CURVE('',#6215,#6217,#2977,.T.);
#7802=EDGE_CURVE('',#6217,#6218,#2978,.T.);
#7803=EDGE_CURVE('',#6216,#6218,#2979,.T.);
#7804=EDGE_CURVE('',#6219,#6215,#2980,.T.);
#7805=EDGE_CURVE('',#6219,#6220,#2981,.T.);
#7806=EDGE_CURVE('',#6220,#6217,#2982,.T.);
#7807=EDGE_CURVE('',#6221,#6219,#2983,.T.);
#7808=EDGE_CURVE('',#6221,#6222,#2984,.T.);
#7809=EDGE_CURVE('',#6222,#6220,#2985,.T.);
#7810=EDGE_CURVE('',#6216,#6221,#2986,.T.);
#7811=EDGE_CURVE('',#6218,#6222,#2987,.T.);
#7812=EDGE_CURVE('',#6223,#6224,#2988,.T.);
#7813=EDGE_CURVE('',#6225,#6223,#2989,.T.);
#7814=EDGE_CURVE('',#6226,#6225,#2990,.T.);
#7815=EDGE_CURVE('',#6226,#6224,#2991,.T.);
#7816=EDGE_CURVE('',#6224,#6227,#2992,.T.);
#7817=EDGE_CURVE('',#6228,#6226,#2993,.T.);
#7818=EDGE_CURVE('',#6228,#6227,#2994,.T.);
#7819=EDGE_CURVE('',#6227,#6229,#2995,.T.);
#7820=EDGE_CURVE('',#6230,#6228,#2996,.T.);
#7821=EDGE_CURVE('',#6230,#6229,#2997,.T.);
#7822=EDGE_CURVE('',#6229,#6223,#2998,.T.);
#7823=EDGE_CURVE('',#6225,#6230,#2999,.T.);
#7824=EDGE_CURVE('',#6231,#6232,#3000,.T.);
#7825=EDGE_CURVE('',#6233,#6231,#3001,.T.);
#7826=EDGE_CURVE('',#6234,#6233,#3002,.T.);
#7827=EDGE_CURVE('',#6234,#6232,#3003,.T.);
#7828=EDGE_CURVE('',#6232,#6235,#3004,.T.);
#7829=EDGE_CURVE('',#6236,#6234,#3005,.T.);
#7830=EDGE_CURVE('',#6236,#6235,#3006,.T.);
#7831=EDGE_CURVE('',#6235,#6237,#3007,.T.);
#7832=EDGE_CURVE('',#6238,#6236,#3008,.T.);
#7833=EDGE_CURVE('',#6238,#6237,#3009,.T.);
#7834=EDGE_CURVE('',#6237,#6231,#3010,.T.);
#7835=EDGE_CURVE('',#6233,#6238,#3011,.T.);
#7836=EDGE_CURVE('',#6239,#6240,#3012,.T.);
#7837=EDGE_CURVE('',#6241,#6239,#3013,.T.);
#7838=EDGE_CURVE('',#6242,#6241,#3014,.T.);
#7839=EDGE_CURVE('',#6242,#6240,#3015,.T.);
#7840=EDGE_CURVE('',#6240,#6243,#3016,.T.);
#7841=EDGE_CURVE('',#6244,#6242,#3017,.T.);
#7842=EDGE_CURVE('',#6244,#6243,#3018,.T.);
#7843=EDGE_CURVE('',#6243,#6245,#3019,.T.);
#7844=EDGE_CURVE('',#6246,#6244,#3020,.T.);
#7845=EDGE_CURVE('',#6246,#6245,#3021,.T.);
#7846=EDGE_CURVE('',#6245,#6239,#3022,.T.);
#7847=EDGE_CURVE('',#6241,#6246,#3023,.T.);
#7848=EDGE_CURVE('',#6247,#6248,#3024,.T.);
#7849=EDGE_CURVE('',#6249,#6247,#3025,.T.);
#7850=EDGE_CURVE('',#6250,#6249,#3026,.T.);
#7851=EDGE_CURVE('',#6250,#6248,#3027,.T.);
#7852=EDGE_CURVE('',#6248,#6251,#3028,.T.);
#7853=EDGE_CURVE('',#6252,#6250,#3029,.T.);
#7854=EDGE_CURVE('',#6252,#6251,#3030,.T.);
#7855=EDGE_CURVE('',#6251,#6253,#3031,.T.);
#7856=EDGE_CURVE('',#6254,#6252,#3032,.T.);
#7857=EDGE_CURVE('',#6254,#6253,#3033,.T.);
#7858=EDGE_CURVE('',#6253,#6247,#3034,.T.);
#7859=EDGE_CURVE('',#6249,#6254,#3035,.T.);
#7860=EDGE_CURVE('',#6255,#6256,#3036,.T.);
#7861=EDGE_CURVE('',#6257,#6255,#3037,.T.);
#7862=EDGE_CURVE('',#6258,#6257,#3038,.T.);
#7863=EDGE_CURVE('',#6258,#6256,#3039,.T.);
#7864=EDGE_CURVE('',#6256,#6259,#3040,.T.);
#7865=EDGE_CURVE('',#6260,#6258,#3041,.T.);
#7866=EDGE_CURVE('',#6260,#6259,#3042,.T.);
#7867=EDGE_CURVE('',#6259,#6261,#3043,.T.);
#7868=EDGE_CURVE('',#6262,#6260,#3044,.T.);
#7869=EDGE_CURVE('',#6262,#6261,#3045,.T.);
#7870=EDGE_CURVE('',#6261,#6255,#3046,.T.);
#7871=EDGE_CURVE('',#6257,#6262,#3047,.T.);
#7872=EDGE_CURVE('',#6263,#6264,#3048,.T.);
#7873=EDGE_CURVE('',#6265,#6263,#3049,.T.);
#7874=EDGE_CURVE('',#6266,#6265,#3050,.T.);
#7875=EDGE_CURVE('',#6266,#6264,#3051,.T.);
#7876=EDGE_CURVE('',#6264,#6267,#3052,.T.);
#7877=EDGE_CURVE('',#6268,#6266,#3053,.T.);
#7878=EDGE_CURVE('',#6268,#6267,#3054,.T.);
#7879=EDGE_CURVE('',#6267,#6269,#3055,.T.);
#7880=EDGE_CURVE('',#6270,#6268,#3056,.T.);
#7881=EDGE_CURVE('',#6270,#6269,#3057,.T.);
#7882=EDGE_CURVE('',#6269,#6263,#3058,.T.);
#7883=EDGE_CURVE('',#6265,#6270,#3059,.T.);
#7884=EDGE_CURVE('',#6271,#6272,#3060,.T.);
#7885=EDGE_CURVE('',#6273,#6271,#3061,.T.);
#7886=EDGE_CURVE('',#6274,#6273,#3062,.T.);
#7887=EDGE_CURVE('',#6274,#6272,#3063,.T.);
#7888=EDGE_CURVE('',#6272,#6275,#3064,.T.);
#7889=EDGE_CURVE('',#6276,#6274,#3065,.T.);
#7890=EDGE_CURVE('',#6276,#6275,#3066,.T.);
#7891=EDGE_CURVE('',#6275,#6277,#3067,.T.);
#7892=EDGE_CURVE('',#6278,#6276,#3068,.T.);
#7893=EDGE_CURVE('',#6278,#6277,#3069,.T.);
#7894=EDGE_CURVE('',#6277,#6271,#3070,.T.);
#7895=EDGE_CURVE('',#6273,#6278,#3071,.T.);
#7896=EDGE_CURVE('',#6279,#6280,#3072,.T.);
#7897=EDGE_CURVE('',#6281,#6279,#3073,.T.);
#7898=EDGE_CURVE('',#6282,#6281,#3074,.T.);
#7899=EDGE_CURVE('',#6282,#6280,#3075,.T.);
#7900=EDGE_CURVE('',#6280,#6283,#3076,.T.);
#7901=EDGE_CURVE('',#6284,#6282,#3077,.T.);
#7902=EDGE_CURVE('',#6284,#6283,#3078,.T.);
#7903=EDGE_CURVE('',#6283,#6285,#3079,.T.);
#7904=EDGE_CURVE('',#6286,#6284,#3080,.T.);
#7905=EDGE_CURVE('',#6286,#6285,#3081,.T.);
#7906=EDGE_CURVE('',#6285,#6279,#3082,.T.);
#7907=EDGE_CURVE('',#6281,#6286,#3083,.T.);
#7908=EDGE_CURVE('',#6287,#6288,#3084,.T.);
#7909=EDGE_CURVE('',#6287,#6289,#3085,.T.);
#7910=EDGE_CURVE('',#6289,#6290,#3086,.T.);
#7911=EDGE_CURVE('',#6288,#6290,#3087,.T.);
#7912=EDGE_CURVE('',#6291,#6287,#3088,.T.);
#7913=EDGE_CURVE('',#6291,#6292,#3089,.T.);
#7914=EDGE_CURVE('',#6292,#6289,#3090,.T.);
#7915=EDGE_CURVE('',#6293,#6291,#3091,.T.);
#7916=EDGE_CURVE('',#6293,#6294,#3092,.T.);
#7917=EDGE_CURVE('',#6294,#6292,#3093,.T.);
#7918=EDGE_CURVE('',#6288,#6293,#3094,.T.);
#7919=EDGE_CURVE('',#6290,#6294,#3095,.T.);
#7920=EDGE_CURVE('',#6295,#6296,#3096,.T.);
#7921=EDGE_CURVE('',#6297,#6295,#3097,.T.);
#7922=EDGE_CURVE('',#6298,#6297,#3098,.T.);
#7923=EDGE_CURVE('',#6298,#6296,#3099,.T.);
#7924=EDGE_CURVE('',#6296,#6299,#3100,.T.);
#7925=EDGE_CURVE('',#6300,#6298,#3101,.T.);
#7926=EDGE_CURVE('',#6300,#6299,#3102,.T.);
#7927=EDGE_CURVE('',#6299,#6301,#3103,.T.);
#7928=EDGE_CURVE('',#6302,#6300,#3104,.T.);
#7929=EDGE_CURVE('',#6302,#6301,#3105,.T.);
#7930=EDGE_CURVE('',#6301,#6295,#3106,.T.);
#7931=EDGE_CURVE('',#6297,#6302,#3107,.T.);
#7932=EDGE_CURVE('',#6303,#6304,#3108,.T.);
#7933=EDGE_CURVE('',#6305,#6303,#3109,.T.);
#7934=EDGE_CURVE('',#6306,#6305,#3110,.T.);
#7935=EDGE_CURVE('',#6306,#6304,#3111,.T.);
#7936=EDGE_CURVE('',#6304,#6307,#3112,.T.);
#7937=EDGE_CURVE('',#6308,#6306,#3113,.T.);
#7938=EDGE_CURVE('',#6308,#6307,#3114,.T.);
#7939=EDGE_CURVE('',#6307,#6309,#3115,.T.);
#7940=EDGE_CURVE('',#6310,#6308,#3116,.T.);
#7941=EDGE_CURVE('',#6310,#6309,#3117,.T.);
#7942=EDGE_CURVE('',#6309,#6303,#3118,.T.);
#7943=EDGE_CURVE('',#6305,#6310,#3119,.T.);
#7944=EDGE_CURVE('',#6311,#6312,#3120,.T.);
#7945=EDGE_CURVE('',#6313,#6311,#3121,.T.);
#7946=EDGE_CURVE('',#6314,#6313,#3122,.T.);
#7947=EDGE_CURVE('',#6314,#6312,#3123,.T.);
#7948=EDGE_CURVE('',#6312,#6315,#3124,.T.);
#7949=EDGE_CURVE('',#6316,#6314,#3125,.T.);
#7950=EDGE_CURVE('',#6316,#6315,#3126,.T.);
#7951=EDGE_CURVE('',#6315,#6317,#3127,.T.);
#7952=EDGE_CURVE('',#6318,#6316,#3128,.T.);
#7953=EDGE_CURVE('',#6318,#6317,#3129,.T.);
#7954=EDGE_CURVE('',#6317,#6311,#3130,.T.);
#7955=EDGE_CURVE('',#6313,#6318,#3131,.T.);
#7956=EDGE_CURVE('',#6319,#6320,#3132,.T.);
#7957=EDGE_CURVE('',#6321,#6319,#3133,.T.);
#7958=EDGE_CURVE('',#6322,#6321,#3134,.T.);
#7959=EDGE_CURVE('',#6322,#6320,#3135,.T.);
#7960=EDGE_CURVE('',#6320,#6323,#3136,.T.);
#7961=EDGE_CURVE('',#6324,#6322,#3137,.T.);
#7962=EDGE_CURVE('',#6324,#6323,#3138,.T.);
#7963=EDGE_CURVE('',#6323,#6325,#3139,.T.);
#7964=EDGE_CURVE('',#6326,#6324,#3140,.T.);
#7965=EDGE_CURVE('',#6326,#6325,#3141,.T.);
#7966=EDGE_CURVE('',#6325,#6319,#3142,.T.);
#7967=EDGE_CURVE('',#6321,#6326,#3143,.T.);
#7968=EDGE_CURVE('',#6327,#6328,#3144,.T.);
#7969=EDGE_CURVE('',#6329,#6327,#3145,.T.);
#7970=EDGE_CURVE('',#6330,#6329,#3146,.T.);
#7971=EDGE_CURVE('',#6330,#6328,#3147,.T.);
#7972=EDGE_CURVE('',#6328,#6331,#3148,.T.);
#7973=EDGE_CURVE('',#6332,#6330,#3149,.T.);
#7974=EDGE_CURVE('',#6332,#6331,#3150,.T.);
#7975=EDGE_CURVE('',#6331,#6333,#3151,.T.);
#7976=EDGE_CURVE('',#6334,#6332,#3152,.T.);
#7977=EDGE_CURVE('',#6334,#6333,#3153,.T.);
#7978=EDGE_CURVE('',#6333,#6327,#3154,.T.);
#7979=EDGE_CURVE('',#6329,#6334,#3155,.T.);
#7980=EDGE_CURVE('',#6335,#6336,#3156,.T.);
#7981=EDGE_CURVE('',#6337,#6335,#3157,.T.);
#7982=EDGE_CURVE('',#6338,#6337,#3158,.T.);
#7983=EDGE_CURVE('',#6338,#6336,#3159,.T.);
#7984=EDGE_CURVE('',#6336,#6339,#3160,.T.);
#7985=EDGE_CURVE('',#6340,#6338,#3161,.T.);
#7986=EDGE_CURVE('',#6340,#6339,#3162,.T.);
#7987=EDGE_CURVE('',#6339,#6341,#3163,.T.);
#7988=EDGE_CURVE('',#6342,#6340,#3164,.T.);
#7989=EDGE_CURVE('',#6342,#6341,#3165,.T.);
#7990=EDGE_CURVE('',#6341,#6335,#3166,.T.);
#7991=EDGE_CURVE('',#6337,#6342,#3167,.T.);
#7992=EDGE_CURVE('',#6343,#6344,#3168,.T.);
#7993=EDGE_CURVE('',#6343,#6345,#3169,.T.);
#7994=EDGE_CURVE('',#6345,#6346,#3170,.T.);
#7995=EDGE_CURVE('',#6344,#6346,#3171,.T.);
#7996=EDGE_CURVE('',#6347,#6343,#3172,.T.);
#7997=EDGE_CURVE('',#6347,#6348,#3173,.T.);
#7998=EDGE_CURVE('',#6348,#6345,#3174,.T.);
#7999=EDGE_CURVE('',#6349,#6347,#3175,.T.);
#8000=EDGE_CURVE('',#6349,#6350,#3176,.T.);
#8001=EDGE_CURVE('',#6350,#6348,#3177,.T.);
#8002=EDGE_CURVE('',#6344,#6349,#3178,.T.);
#8003=EDGE_CURVE('',#6346,#6350,#3179,.T.);
#8004=EDGE_CURVE('',#6351,#6352,#3180,.T.);
#8005=EDGE_CURVE('',#6353,#6351,#3181,.T.);
#8006=EDGE_CURVE('',#6354,#6353,#3182,.T.);
#8007=EDGE_CURVE('',#6354,#6352,#3183,.T.);
#8008=EDGE_CURVE('',#6352,#6355,#3184,.T.);
#8009=EDGE_CURVE('',#6356,#6354,#3185,.T.);
#8010=EDGE_CURVE('',#6356,#6355,#3186,.T.);
#8011=EDGE_CURVE('',#6355,#6357,#3187,.T.);
#8012=EDGE_CURVE('',#6358,#6356,#3188,.T.);
#8013=EDGE_CURVE('',#6358,#6357,#3189,.T.);
#8014=EDGE_CURVE('',#6357,#6351,#3190,.T.);
#8015=EDGE_CURVE('',#6353,#6358,#3191,.T.);
#8016=EDGE_CURVE('',#6359,#6360,#3192,.T.);
#8017=EDGE_CURVE('',#6361,#6359,#3193,.T.);
#8018=EDGE_CURVE('',#6362,#6361,#3194,.T.);
#8019=EDGE_CURVE('',#6362,#6360,#3195,.T.);
#8020=EDGE_CURVE('',#6360,#6363,#3196,.T.);
#8021=EDGE_CURVE('',#6364,#6362,#3197,.T.);
#8022=EDGE_CURVE('',#6364,#6363,#3198,.T.);
#8023=EDGE_CURVE('',#6363,#6365,#3199,.T.);
#8024=EDGE_CURVE('',#6366,#6364,#3200,.T.);
#8025=EDGE_CURVE('',#6366,#6365,#3201,.T.);
#8026=EDGE_CURVE('',#6365,#6359,#3202,.T.);
#8027=EDGE_CURVE('',#6361,#6366,#3203,.T.);
#8028=EDGE_CURVE('',#6367,#6368,#3204,.T.);
#8029=EDGE_CURVE('',#6367,#6369,#3205,.T.);
#8030=EDGE_CURVE('',#6369,#6370,#3206,.T.);
#8031=EDGE_CURVE('',#6368,#6370,#3207,.T.);
#8032=EDGE_CURVE('',#6371,#6367,#3208,.T.);
#8033=EDGE_CURVE('',#6371,#6372,#3209,.T.);
#8034=EDGE_CURVE('',#6372,#6369,#3210,.T.);
#8035=EDGE_CURVE('',#6373,#6371,#3211,.T.);
#8036=EDGE_CURVE('',#6373,#6374,#3212,.T.);
#8037=EDGE_CURVE('',#6374,#6372,#3213,.T.);
#8038=EDGE_CURVE('',#6368,#6373,#3214,.T.);
#8039=EDGE_CURVE('',#6370,#6374,#3215,.T.);
#8040=EDGE_CURVE('',#6375,#6376,#3216,.T.);
#8041=EDGE_CURVE('',#6377,#6375,#3217,.T.);
#8042=EDGE_CURVE('',#6378,#6377,#3218,.T.);
#8043=EDGE_CURVE('',#6378,#6376,#3219,.T.);
#8044=EDGE_CURVE('',#6376,#6379,#3220,.T.);
#8045=EDGE_CURVE('',#6380,#6378,#3221,.T.);
#8046=EDGE_CURVE('',#6380,#6379,#3222,.T.);
#8047=EDGE_CURVE('',#6379,#6381,#3223,.T.);
#8048=EDGE_CURVE('',#6382,#6380,#3224,.T.);
#8049=EDGE_CURVE('',#6382,#6381,#3225,.T.);
#8050=EDGE_CURVE('',#6381,#6375,#3226,.T.);
#8051=EDGE_CURVE('',#6377,#6382,#3227,.T.);
#8052=EDGE_CURVE('',#6383,#6384,#3228,.T.);
#8053=EDGE_CURVE('',#6385,#6383,#3229,.T.);
#8054=EDGE_CURVE('',#6386,#6385,#3230,.T.);
#8055=EDGE_CURVE('',#6386,#6384,#3231,.T.);
#8056=EDGE_CURVE('',#6384,#6387,#3232,.T.);
#8057=EDGE_CURVE('',#6388,#6386,#3233,.T.);
#8058=EDGE_CURVE('',#6388,#6387,#3234,.T.);
#8059=EDGE_CURVE('',#6387,#6389,#3235,.T.);
#8060=EDGE_CURVE('',#6390,#6388,#3236,.T.);
#8061=EDGE_CURVE('',#6390,#6389,#3237,.T.);
#8062=EDGE_CURVE('',#6389,#6383,#3238,.T.);
#8063=EDGE_CURVE('',#6385,#6390,#3239,.T.);
#8064=EDGE_CURVE('',#6391,#6392,#3240,.T.);
#8065=EDGE_CURVE('',#6391,#6393,#3241,.T.);
#8066=EDGE_CURVE('',#6393,#6394,#3242,.T.);
#8067=EDGE_CURVE('',#6392,#6394,#3243,.T.);
#8068=EDGE_CURVE('',#6395,#6391,#3244,.T.);
#8069=EDGE_CURVE('',#6395,#6396,#3245,.T.);
#8070=EDGE_CURVE('',#6396,#6393,#3246,.T.);
#8071=EDGE_CURVE('',#6397,#6395,#3247,.T.);
#8072=EDGE_CURVE('',#6397,#6398,#3248,.T.);
#8073=EDGE_CURVE('',#6398,#6396,#3249,.T.);
#8074=EDGE_CURVE('',#6392,#6397,#3250,.T.);
#8075=EDGE_CURVE('',#6394,#6398,#3251,.T.);
#8076=EDGE_CURVE('',#6399,#6400,#3252,.T.);
#8077=EDGE_CURVE('',#6401,#6399,#3253,.T.);
#8078=EDGE_CURVE('',#6402,#6401,#3254,.T.);
#8079=EDGE_CURVE('',#6402,#6400,#3255,.T.);
#8080=EDGE_CURVE('',#6400,#6403,#3256,.T.);
#8081=EDGE_CURVE('',#6404,#6402,#3257,.T.);
#8082=EDGE_CURVE('',#6404,#6403,#3258,.T.);
#8083=EDGE_CURVE('',#6403,#6405,#3259,.T.);
#8084=EDGE_CURVE('',#6406,#6404,#3260,.T.);
#8085=EDGE_CURVE('',#6406,#6405,#3261,.T.);
#8086=EDGE_CURVE('',#6405,#6399,#3262,.T.);
#8087=EDGE_CURVE('',#6401,#6406,#3263,.T.);
#8088=EDGE_CURVE('',#6407,#6408,#3264,.T.);
#8089=EDGE_CURVE('',#6407,#6409,#3265,.T.);
#8090=EDGE_CURVE('',#6409,#6410,#3266,.T.);
#8091=EDGE_CURVE('',#6408,#6410,#3267,.T.);
#8092=EDGE_CURVE('',#6411,#6407,#3268,.T.);
#8093=EDGE_CURVE('',#6411,#6412,#3269,.T.);
#8094=EDGE_CURVE('',#6412,#6409,#3270,.T.);
#8095=EDGE_CURVE('',#6413,#6411,#3271,.T.);
#8096=EDGE_CURVE('',#6413,#6414,#3272,.T.);
#8097=EDGE_CURVE('',#6414,#6412,#3273,.T.);
#8098=EDGE_CURVE('',#6408,#6413,#3274,.T.);
#8099=EDGE_CURVE('',#6410,#6414,#3275,.T.);
#8100=EDGE_CURVE('',#6415,#6416,#3276,.T.);
#8101=EDGE_CURVE('',#6417,#6415,#3277,.T.);
#8102=EDGE_CURVE('',#6418,#6417,#3278,.T.);
#8103=EDGE_CURVE('',#6418,#6416,#3279,.T.);
#8104=EDGE_CURVE('',#6416,#6419,#3280,.T.);
#8105=EDGE_CURVE('',#6420,#6418,#3281,.T.);
#8106=EDGE_CURVE('',#6420,#6419,#3282,.T.);
#8107=EDGE_CURVE('',#6419,#6421,#3283,.T.);
#8108=EDGE_CURVE('',#6422,#6420,#3284,.T.);
#8109=EDGE_CURVE('',#6422,#6421,#3285,.T.);
#8110=EDGE_CURVE('',#6421,#6415,#3286,.T.);
#8111=EDGE_CURVE('',#6417,#6422,#3287,.T.);
#8112=EDGE_CURVE('',#6423,#6424,#3288,.T.);
#8113=EDGE_CURVE('',#6425,#6423,#3289,.T.);
#8114=EDGE_CURVE('',#6426,#6425,#3290,.T.);
#8115=EDGE_CURVE('',#6426,#6424,#3291,.T.);
#8116=EDGE_CURVE('',#6424,#6427,#3292,.T.);
#8117=EDGE_CURVE('',#6428,#6426,#3293,.T.);
#8118=EDGE_CURVE('',#6428,#6427,#3294,.T.);
#8119=EDGE_CURVE('',#6427,#6429,#3295,.T.);
#8120=EDGE_CURVE('',#6430,#6428,#3296,.T.);
#8121=EDGE_CURVE('',#6430,#6429,#3297,.T.);
#8122=EDGE_CURVE('',#6429,#6423,#3298,.T.);
#8123=EDGE_CURVE('',#6425,#6430,#3299,.T.);
#8124=EDGE_CURVE('',#6431,#6432,#3300,.T.);
#8125=EDGE_CURVE('',#6431,#6433,#3301,.T.);
#8126=EDGE_CURVE('',#6433,#6434,#3302,.T.);
#8127=EDGE_CURVE('',#6432,#6434,#3303,.T.);
#8128=EDGE_CURVE('',#6435,#6431,#3304,.T.);
#8129=EDGE_CURVE('',#6435,#6436,#3305,.T.);
#8130=EDGE_CURVE('',#6436,#6433,#3306,.T.);
#8131=EDGE_CURVE('',#6437,#6435,#3307,.T.);
#8132=EDGE_CURVE('',#6437,#6438,#3308,.T.);
#8133=EDGE_CURVE('',#6438,#6436,#3309,.T.);
#8134=EDGE_CURVE('',#6432,#6437,#3310,.T.);
#8135=EDGE_CURVE('',#6434,#6438,#3311,.T.);
#8136=EDGE_CURVE('',#6439,#6440,#3312,.T.);
#8137=EDGE_CURVE('',#6441,#6439,#3313,.T.);
#8138=EDGE_CURVE('',#6442,#6441,#3314,.T.);
#8139=EDGE_CURVE('',#6442,#6440,#3315,.T.);
#8140=EDGE_CURVE('',#6440,#6443,#3316,.T.);
#8141=EDGE_CURVE('',#6444,#6442,#3317,.T.);
#8142=EDGE_CURVE('',#6444,#6443,#3318,.T.);
#8143=EDGE_CURVE('',#6443,#6445,#3319,.T.);
#8144=EDGE_CURVE('',#6446,#6444,#3320,.T.);
#8145=EDGE_CURVE('',#6446,#6445,#3321,.T.);
#8146=EDGE_CURVE('',#6445,#6439,#3322,.T.);
#8147=EDGE_CURVE('',#6441,#6446,#3323,.T.);
#8148=EDGE_CURVE('',#6447,#6448,#3324,.T.);
#8149=EDGE_CURVE('',#6449,#6447,#3325,.T.);
#8150=EDGE_CURVE('',#6450,#6449,#3326,.T.);
#8151=EDGE_CURVE('',#6450,#6448,#3327,.T.);
#8152=EDGE_CURVE('',#6448,#6451,#3328,.T.);
#8153=EDGE_CURVE('',#6452,#6450,#3329,.T.);
#8154=EDGE_CURVE('',#6452,#6451,#3330,.T.);
#8155=EDGE_CURVE('',#6451,#6453,#3331,.T.);
#8156=EDGE_CURVE('',#6454,#6452,#3332,.T.);
#8157=EDGE_CURVE('',#6454,#6453,#3333,.T.);
#8158=EDGE_CURVE('',#6453,#6447,#3334,.T.);
#8159=EDGE_CURVE('',#6449,#6454,#3335,.T.);
#8160=EDGE_CURVE('',#6455,#6456,#3336,.T.);
#8161=EDGE_CURVE('',#6457,#6455,#3337,.T.);
#8162=EDGE_CURVE('',#6458,#6457,#3338,.T.);
#8163=EDGE_CURVE('',#6458,#6456,#3339,.T.);
#8164=EDGE_CURVE('',#6456,#6459,#3340,.T.);
#8165=EDGE_CURVE('',#6460,#6458,#3341,.T.);
#8166=EDGE_CURVE('',#6460,#6459,#3342,.T.);
#8167=EDGE_CURVE('',#6459,#6461,#3343,.T.);
#8168=EDGE_CURVE('',#6462,#6460,#3344,.T.);
#8169=EDGE_CURVE('',#6462,#6461,#3345,.T.);
#8170=EDGE_CURVE('',#6461,#6455,#3346,.T.);
#8171=EDGE_CURVE('',#6457,#6462,#3347,.T.);
#8172=EDGE_CURVE('',#6463,#6464,#3348,.T.);
#8173=EDGE_CURVE('',#6465,#6463,#3349,.T.);
#8174=EDGE_CURVE('',#6466,#6465,#3350,.T.);
#8175=EDGE_CURVE('',#6466,#6464,#3351,.T.);
#8176=EDGE_CURVE('',#6464,#6467,#3352,.T.);
#8177=EDGE_CURVE('',#6468,#6466,#3353,.T.);
#8178=EDGE_CURVE('',#6468,#6467,#3354,.T.);
#8179=EDGE_CURVE('',#6467,#6469,#3355,.T.);
#8180=EDGE_CURVE('',#6470,#6468,#3356,.T.);
#8181=EDGE_CURVE('',#6470,#6469,#3357,.T.);
#8182=EDGE_CURVE('',#6469,#6463,#3358,.T.);
#8183=EDGE_CURVE('',#6465,#6470,#3359,.T.);
#8184=EDGE_CURVE('',#6471,#6472,#3360,.T.);
#8185=EDGE_CURVE('',#6471,#6473,#3361,.T.);
#8186=EDGE_CURVE('',#6473,#6474,#3362,.T.);
#8187=EDGE_CURVE('',#6472,#6474,#3363,.T.);
#8188=EDGE_CURVE('',#6475,#6471,#3364,.T.);
#8189=EDGE_CURVE('',#6475,#6476,#3365,.T.);
#8190=EDGE_CURVE('',#6476,#6473,#3366,.T.);
#8191=EDGE_CURVE('',#6477,#6475,#3367,.T.);
#8192=EDGE_CURVE('',#6477,#6478,#3368,.T.);
#8193=EDGE_CURVE('',#6478,#6476,#3369,.T.);
#8194=EDGE_CURVE('',#6472,#6477,#3370,.T.);
#8195=EDGE_CURVE('',#6474,#6478,#3371,.T.);
#8196=EDGE_CURVE('',#6479,#6480,#3372,.T.);
#8197=EDGE_CURVE('',#6481,#6479,#3373,.T.);
#8198=EDGE_CURVE('',#6482,#6481,#3374,.T.);
#8199=EDGE_CURVE('',#6482,#6480,#3375,.T.);
#8200=EDGE_CURVE('',#6480,#6483,#3376,.T.);
#8201=EDGE_CURVE('',#6484,#6482,#3377,.T.);
#8202=EDGE_CURVE('',#6484,#6483,#3378,.T.);
#8203=EDGE_CURVE('',#6483,#6485,#3379,.T.);
#8204=EDGE_CURVE('',#6486,#6484,#3380,.T.);
#8205=EDGE_CURVE('',#6486,#6485,#3381,.T.);
#8206=EDGE_CURVE('',#6485,#6479,#3382,.T.);
#8207=EDGE_CURVE('',#6481,#6486,#3383,.T.);
#8208=EDGE_CURVE('',#6487,#6488,#3384,.T.);
#8209=EDGE_CURVE('',#6489,#6487,#3385,.T.);
#8210=EDGE_CURVE('',#6490,#6489,#3386,.T.);
#8211=EDGE_CURVE('',#6490,#6488,#3387,.T.);
#8212=EDGE_CURVE('',#6488,#6491,#3388,.T.);
#8213=EDGE_CURVE('',#6492,#6490,#3389,.T.);
#8214=EDGE_CURVE('',#6492,#6491,#3390,.T.);
#8215=EDGE_CURVE('',#6491,#6493,#3391,.T.);
#8216=EDGE_CURVE('',#6494,#6492,#3392,.T.);
#8217=EDGE_CURVE('',#6494,#6493,#3393,.T.);
#8218=EDGE_CURVE('',#6493,#6487,#3394,.T.);
#8219=EDGE_CURVE('',#6489,#6494,#3395,.T.);
#8220=EDGE_CURVE('',#6495,#6496,#3396,.T.);
#8221=EDGE_CURVE('',#6495,#6497,#3397,.T.);
#8222=EDGE_CURVE('',#6497,#6498,#3398,.T.);
#8223=EDGE_CURVE('',#6496,#6498,#3399,.T.);
#8224=EDGE_CURVE('',#6499,#6495,#3400,.T.);
#8225=EDGE_CURVE('',#6499,#6500,#3401,.T.);
#8226=EDGE_CURVE('',#6500,#6497,#3402,.T.);
#8227=EDGE_CURVE('',#6501,#6499,#3403,.T.);
#8228=EDGE_CURVE('',#6501,#6502,#3404,.T.);
#8229=EDGE_CURVE('',#6502,#6500,#3405,.T.);
#8230=EDGE_CURVE('',#6496,#6501,#3406,.T.);
#8231=EDGE_CURVE('',#6498,#6502,#3407,.T.);
#8232=EDGE_CURVE('',#6503,#6504,#3408,.T.);
#8233=EDGE_CURVE('',#6505,#6503,#3409,.T.);
#8234=EDGE_CURVE('',#6506,#6505,#3410,.T.);
#8235=EDGE_CURVE('',#6506,#6504,#3411,.T.);
#8236=EDGE_CURVE('',#6504,#6507,#3412,.T.);
#8237=EDGE_CURVE('',#6508,#6506,#3413,.T.);
#8238=EDGE_CURVE('',#6508,#6507,#3414,.T.);
#8239=EDGE_CURVE('',#6507,#6509,#3415,.T.);
#8240=EDGE_CURVE('',#6510,#6508,#3416,.T.);
#8241=EDGE_CURVE('',#6510,#6509,#3417,.T.);
#8242=EDGE_CURVE('',#6509,#6503,#3418,.T.);
#8243=EDGE_CURVE('',#6505,#6510,#3419,.T.);
#8244=EDGE_CURVE('',#6511,#6512,#3420,.T.);
#8245=EDGE_CURVE('',#6513,#6511,#3421,.T.);
#8246=EDGE_CURVE('',#6514,#6513,#3422,.T.);
#8247=EDGE_CURVE('',#6514,#6512,#3423,.T.);
#8248=EDGE_CURVE('',#6512,#6515,#3424,.T.);
#8249=EDGE_CURVE('',#6516,#6514,#3425,.T.);
#8250=EDGE_CURVE('',#6516,#6515,#3426,.T.);
#8251=EDGE_CURVE('',#6515,#6517,#3427,.T.);
#8252=EDGE_CURVE('',#6518,#6516,#3428,.T.);
#8253=EDGE_CURVE('',#6518,#6517,#3429,.T.);
#8254=EDGE_CURVE('',#6517,#6511,#3430,.T.);
#8255=EDGE_CURVE('',#6513,#6518,#3431,.T.);
#8256=EDGE_CURVE('',#6519,#6520,#3432,.T.);
#8257=EDGE_CURVE('',#6521,#6519,#3433,.T.);
#8258=EDGE_CURVE('',#6522,#6521,#3434,.T.);
#8259=EDGE_CURVE('',#6522,#6520,#3435,.T.);
#8260=EDGE_CURVE('',#6520,#6523,#3436,.T.);
#8261=EDGE_CURVE('',#6524,#6522,#3437,.T.);
#8262=EDGE_CURVE('',#6524,#6523,#3438,.T.);
#8263=EDGE_CURVE('',#6523,#6525,#3439,.T.);
#8264=EDGE_CURVE('',#6526,#6524,#3440,.T.);
#8265=EDGE_CURVE('',#6526,#6525,#3441,.T.);
#8266=EDGE_CURVE('',#6525,#6519,#3442,.T.);
#8267=EDGE_CURVE('',#6521,#6526,#3443,.T.);
#8268=EDGE_CURVE('',#6527,#6528,#3444,.T.);
#8269=EDGE_CURVE('',#6529,#6527,#3445,.T.);
#8270=EDGE_CURVE('',#6530,#6529,#3446,.T.);
#8271=EDGE_CURVE('',#6530,#6528,#3447,.T.);
#8272=EDGE_CURVE('',#6528,#6531,#3448,.T.);
#8273=EDGE_CURVE('',#6532,#6530,#3449,.T.);
#8274=EDGE_CURVE('',#6532,#6531,#3450,.T.);
#8275=EDGE_CURVE('',#6531,#6533,#3451,.T.);
#8276=EDGE_CURVE('',#6534,#6532,#3452,.T.);
#8277=EDGE_CURVE('',#6534,#6533,#3453,.T.);
#8278=EDGE_CURVE('',#6533,#6527,#3454,.T.);
#8279=EDGE_CURVE('',#6529,#6534,#3455,.T.);
#8280=EDGE_CURVE('',#6535,#6536,#3456,.T.);
#8281=EDGE_CURVE('',#6535,#6537,#3457,.T.);
#8282=EDGE_CURVE('',#6537,#6538,#3458,.T.);
#8283=EDGE_CURVE('',#6536,#6538,#3459,.T.);
#8284=EDGE_CURVE('',#6539,#6535,#3460,.T.);
#8285=EDGE_CURVE('',#6539,#6540,#3461,.T.);
#8286=EDGE_CURVE('',#6540,#6537,#3462,.T.);
#8287=EDGE_CURVE('',#6541,#6539,#3463,.T.);
#8288=EDGE_CURVE('',#6541,#6542,#3464,.T.);
#8289=EDGE_CURVE('',#6542,#6540,#3465,.T.);
#8290=EDGE_CURVE('',#6536,#6541,#3466,.T.);
#8291=EDGE_CURVE('',#6538,#6542,#3467,.T.);
#8292=EDGE_CURVE('',#6543,#6544,#3468,.T.);
#8293=EDGE_CURVE('',#6545,#6543,#3469,.T.);
#8294=EDGE_CURVE('',#6546,#6545,#3470,.T.);
#8295=EDGE_CURVE('',#6546,#6544,#3471,.T.);
#8296=EDGE_CURVE('',#6544,#6547,#3472,.T.);
#8297=EDGE_CURVE('',#6548,#6546,#3473,.T.);
#8298=EDGE_CURVE('',#6548,#6547,#3474,.T.);
#8299=EDGE_CURVE('',#6547,#6549,#3475,.T.);
#8300=EDGE_CURVE('',#6550,#6548,#3476,.T.);
#8301=EDGE_CURVE('',#6550,#6549,#3477,.T.);
#8302=EDGE_CURVE('',#6549,#6543,#3478,.T.);
#8303=EDGE_CURVE('',#6545,#6550,#3479,.T.);
#8304=EDGE_CURVE('',#6551,#6552,#3480,.T.);
#8305=EDGE_CURVE('',#6551,#6553,#3481,.T.);
#8306=EDGE_CURVE('',#6553,#6554,#3482,.T.);
#8307=EDGE_CURVE('',#6552,#6554,#3483,.T.);
#8308=EDGE_CURVE('',#6555,#6551,#3484,.T.);
#8309=EDGE_CURVE('',#6555,#6556,#3485,.T.);
#8310=EDGE_CURVE('',#6556,#6553,#3486,.T.);
#8311=EDGE_CURVE('',#6557,#6555,#3487,.T.);
#8312=EDGE_CURVE('',#6557,#6558,#3488,.T.);
#8313=EDGE_CURVE('',#6558,#6556,#3489,.T.);
#8314=EDGE_CURVE('',#6552,#6557,#3490,.T.);
#8315=EDGE_CURVE('',#6554,#6558,#3491,.T.);
#8316=EDGE_CURVE('',#6559,#6560,#3492,.T.);
#8317=EDGE_CURVE('',#6561,#6559,#3493,.T.);
#8318=EDGE_CURVE('',#6562,#6561,#3494,.T.);
#8319=EDGE_CURVE('',#6562,#6560,#3495,.T.);
#8320=EDGE_CURVE('',#6560,#6563,#3496,.T.);
#8321=EDGE_CURVE('',#6564,#6562,#3497,.T.);
#8322=EDGE_CURVE('',#6564,#6563,#3498,.T.);
#8323=EDGE_CURVE('',#6563,#6565,#3499,.T.);
#8324=EDGE_CURVE('',#6566,#6564,#3500,.T.);
#8325=EDGE_CURVE('',#6566,#6565,#3501,.T.);
#8326=EDGE_CURVE('',#6565,#6559,#3502,.T.);
#8327=EDGE_CURVE('',#6561,#6566,#3503,.T.);
#8328=EDGE_CURVE('',#6567,#6568,#3504,.T.);
#8329=EDGE_CURVE('',#6569,#6567,#3505,.T.);
#8330=EDGE_CURVE('',#6570,#6569,#3506,.T.);
#8331=EDGE_CURVE('',#6570,#6568,#3507,.T.);
#8332=EDGE_CURVE('',#6568,#6571,#3508,.T.);
#8333=EDGE_CURVE('',#6572,#6570,#3509,.T.);
#8334=EDGE_CURVE('',#6572,#6571,#3510,.T.);
#8335=EDGE_CURVE('',#6571,#6573,#3511,.T.);
#8336=EDGE_CURVE('',#6574,#6572,#3512,.T.);
#8337=EDGE_CURVE('',#6574,#6573,#3513,.T.);
#8338=EDGE_CURVE('',#6573,#6567,#3514,.T.);
#8339=EDGE_CURVE('',#6569,#6574,#3515,.T.);
#8340=EDGE_CURVE('',#6575,#6576,#3516,.T.);
#8341=EDGE_CURVE('',#6577,#6575,#3517,.T.);
#8342=EDGE_CURVE('',#6578,#6577,#3518,.T.);
#8343=EDGE_CURVE('',#6578,#6576,#3519,.T.);
#8344=EDGE_CURVE('',#6576,#6579,#3520,.T.);
#8345=EDGE_CURVE('',#6580,#6578,#3521,.T.);
#8346=EDGE_CURVE('',#6580,#6579,#3522,.T.);
#8347=EDGE_CURVE('',#6579,#6581,#3523,.T.);
#8348=EDGE_CURVE('',#6582,#6580,#3524,.T.);
#8349=EDGE_CURVE('',#6582,#6581,#3525,.T.);
#8350=EDGE_CURVE('',#6581,#6575,#3526,.T.);
#8351=EDGE_CURVE('',#6577,#6582,#3527,.T.);
#8352=EDGE_CURVE('',#6583,#6584,#3528,.T.);
#8353=EDGE_CURVE('',#6583,#6585,#3529,.T.);
#8354=EDGE_CURVE('',#6585,#6586,#3530,.T.);
#8355=EDGE_CURVE('',#6584,#6586,#3531,.T.);
#8356=EDGE_CURVE('',#6587,#6583,#3532,.T.);
#8357=EDGE_CURVE('',#6587,#6588,#3533,.T.);
#8358=EDGE_CURVE('',#6588,#6585,#3534,.T.);
#8359=EDGE_CURVE('',#6589,#6587,#3535,.T.);
#8360=EDGE_CURVE('',#6589,#6590,#3536,.T.);
#8361=EDGE_CURVE('',#6590,#6588,#3537,.T.);
#8362=EDGE_CURVE('',#6584,#6589,#3538,.T.);
#8363=EDGE_CURVE('',#6586,#6590,#3539,.T.);
#8364=EDGE_CURVE('',#6591,#6592,#3540,.T.);
#8365=EDGE_CURVE('',#6591,#6593,#3541,.T.);
#8366=EDGE_CURVE('',#6593,#6594,#3542,.T.);
#8367=EDGE_CURVE('',#6592,#6594,#3543,.T.);
#8368=EDGE_CURVE('',#6595,#6591,#3544,.T.);
#8369=EDGE_CURVE('',#6595,#6596,#3545,.T.);
#8370=EDGE_CURVE('',#6596,#6593,#3546,.T.);
#8371=EDGE_CURVE('',#6597,#6595,#3547,.T.);
#8372=EDGE_CURVE('',#6597,#6598,#3548,.T.);
#8373=EDGE_CURVE('',#6598,#6596,#3549,.T.);
#8374=EDGE_CURVE('',#6592,#6597,#3550,.T.);
#8375=EDGE_CURVE('',#6594,#6598,#3551,.T.);
#8376=EDGE_CURVE('',#6599,#6600,#3552,.T.);
#8377=EDGE_CURVE('',#6601,#6599,#3553,.T.);
#8378=EDGE_CURVE('',#6602,#6601,#3554,.T.);
#8379=EDGE_CURVE('',#6602,#6600,#3555,.T.);
#8380=EDGE_CURVE('',#6600,#6603,#3556,.T.);
#8381=EDGE_CURVE('',#6604,#6602,#3557,.T.);
#8382=EDGE_CURVE('',#6604,#6603,#3558,.T.);
#8383=EDGE_CURVE('',#6603,#6605,#3559,.T.);
#8384=EDGE_CURVE('',#6606,#6604,#3560,.T.);
#8385=EDGE_CURVE('',#6606,#6605,#3561,.T.);
#8386=EDGE_CURVE('',#6605,#6599,#3562,.T.);
#8387=EDGE_CURVE('',#6601,#6606,#3563,.T.);
#8388=EDGE_CURVE('',#6607,#6608,#3564,.T.);
#8389=EDGE_CURVE('',#6609,#6607,#3565,.T.);
#8390=EDGE_CURVE('',#6610,#6609,#3566,.T.);
#8391=EDGE_CURVE('',#6610,#6608,#3567,.T.);
#8392=EDGE_CURVE('',#6608,#6611,#3568,.T.);
#8393=EDGE_CURVE('',#6612,#6610,#3569,.T.);
#8394=EDGE_CURVE('',#6612,#6611,#3570,.T.);
#8395=EDGE_CURVE('',#6611,#6613,#3571,.T.);
#8396=EDGE_CURVE('',#6614,#6612,#3572,.T.);
#8397=EDGE_CURVE('',#6614,#6613,#3573,.T.);
#8398=EDGE_CURVE('',#6613,#6607,#3574,.T.);
#8399=EDGE_CURVE('',#6609,#6614,#3575,.T.);
#8400=EDGE_CURVE('',#6615,#6616,#3576,.T.);
#8401=EDGE_CURVE('',#6617,#6615,#3577,.T.);
#8402=EDGE_CURVE('',#6618,#6617,#3578,.T.);
#8403=EDGE_CURVE('',#6618,#6616,#3579,.T.);
#8404=EDGE_CURVE('',#6616,#6619,#3580,.T.);
#8405=EDGE_CURVE('',#6620,#6618,#3581,.T.);
#8406=EDGE_CURVE('',#6620,#6619,#3582,.T.);
#8407=EDGE_CURVE('',#6619,#6621,#3583,.T.);
#8408=EDGE_CURVE('',#6622,#6620,#3584,.T.);
#8409=EDGE_CURVE('',#6622,#6621,#3585,.T.);
#8410=EDGE_CURVE('',#6621,#6615,#3586,.T.);
#8411=EDGE_CURVE('',#6617,#6622,#3587,.T.);
#8412=EDGE_CURVE('',#6623,#6624,#3588,.T.);
#8413=EDGE_CURVE('',#6625,#6623,#3589,.T.);
#8414=EDGE_CURVE('',#6626,#6625,#3590,.T.);
#8415=EDGE_CURVE('',#6626,#6624,#3591,.T.);
#8416=EDGE_CURVE('',#6624,#6627,#3592,.T.);
#8417=EDGE_CURVE('',#6628,#6626,#3593,.T.);
#8418=EDGE_CURVE('',#6628,#6627,#3594,.T.);
#8419=EDGE_CURVE('',#6627,#6629,#3595,.T.);
#8420=EDGE_CURVE('',#6630,#6628,#3596,.T.);
#8421=EDGE_CURVE('',#6630,#6629,#3597,.T.);
#8422=EDGE_CURVE('',#6629,#6623,#3598,.T.);
#8423=EDGE_CURVE('',#6625,#6630,#3599,.T.);
#8424=EDGE_CURVE('',#5470,#5507,#3600,.T.);
#8425=EDGE_CURVE('',#5508,#5469,#3601,.T.);
#8426=EDGE_CURVE('',#5471,#5506,#3602,.T.);
#8427=EDGE_CURVE('',#5478,#5499,#3603,.T.);
#8428=EDGE_CURVE('',#5500,#5477,#3604,.T.);
#8429=EDGE_CURVE('',#5479,#5498,#3605,.T.);
#8430=EDGE_CURVE('',#5482,#5495,#3606,.T.);
#8431=EDGE_CURVE('',#5496,#5481,#3607,.T.);
#8432=EDGE_CURVE('',#5483,#5494,#3608,.T.);
#8433=EDGE_CURVE('',#5474,#5503,#3609,.T.);
#8434=EDGE_CURVE('',#5504,#5473,#3610,.T.);
#8435=EDGE_CURVE('',#5472,#5505,#3611,.T.);
#8436=EDGE_CURVE('',#5480,#5497,#3612,.T.);
#8437=EDGE_CURVE('',#5484,#5493,#3613,.T.);
#8438=EDGE_CURVE('',#5476,#5501,#3614,.T.);
#8439=EDGE_CURVE('',#5475,#5502,#3615,.T.);
#8440=EDGE_CURVE('',#5509,#5468,#3616,.T.);
#8441=EDGE_CURVE('',#5485,#5492,#3617,.T.);
#8442=EDGE_CURVE('',#5510,#5467,#3618,.T.);
#8443=ORIENTED_EDGE('',*,*,#6631,.F.);
#8444=ORIENTED_EDGE('',*,*,#6632,.F.);
#8445=ORIENTED_EDGE('',*,*,#6633,.F.);
#8446=ORIENTED_EDGE('',*,*,#6634,.T.);
#8447=ORIENTED_EDGE('',*,*,#6635,.F.);
#8448=ORIENTED_EDGE('',*,*,#6634,.F.);
#8449=ORIENTED_EDGE('',*,*,#6636,.F.);
#8450=ORIENTED_EDGE('',*,*,#6637,.T.);
#8451=ORIENTED_EDGE('',*,*,#6638,.F.);
#8452=ORIENTED_EDGE('',*,*,#6637,.F.);
#8453=ORIENTED_EDGE('',*,*,#6639,.F.);
#8454=ORIENTED_EDGE('',*,*,#6640,.T.);
#8455=ORIENTED_EDGE('',*,*,#6641,.F.);
#8456=ORIENTED_EDGE('',*,*,#6640,.F.);
#8457=ORIENTED_EDGE('',*,*,#6642,.F.);
#8458=ORIENTED_EDGE('',*,*,#6632,.T.);
#8459=ORIENTED_EDGE('',*,*,#6636,.T.);
#8460=ORIENTED_EDGE('',*,*,#6633,.T.);
#8461=ORIENTED_EDGE('',*,*,#6642,.T.);
#8462=ORIENTED_EDGE('',*,*,#6639,.T.);
#8463=ORIENTED_EDGE('',*,*,#6643,.F.);
#8464=ORIENTED_EDGE('',*,*,#6644,.F.);
#8465=ORIENTED_EDGE('',*,*,#6645,.F.);
#8466=ORIENTED_EDGE('',*,*,#6646,.T.);
#8467=ORIENTED_EDGE('',*,*,#6647,.F.);
#8468=ORIENTED_EDGE('',*,*,#6646,.F.);
#8469=ORIENTED_EDGE('',*,*,#6648,.F.);
#8470=ORIENTED_EDGE('',*,*,#6649,.T.);
#8471=ORIENTED_EDGE('',*,*,#6650,.F.);
#8472=ORIENTED_EDGE('',*,*,#6649,.F.);
#8473=ORIENTED_EDGE('',*,*,#6651,.F.);
#8474=ORIENTED_EDGE('',*,*,#6652,.T.);
#8475=ORIENTED_EDGE('',*,*,#6653,.F.);
#8476=ORIENTED_EDGE('',*,*,#6652,.F.);
#8477=ORIENTED_EDGE('',*,*,#6654,.F.);
#8478=ORIENTED_EDGE('',*,*,#6644,.T.);
#8479=ORIENTED_EDGE('',*,*,#6648,.T.);
#8480=ORIENTED_EDGE('',*,*,#6645,.T.);
#8481=ORIENTED_EDGE('',*,*,#6654,.T.);
#8482=ORIENTED_EDGE('',*,*,#6651,.T.);
#8483=ORIENTED_EDGE('',*,*,#6655,.F.);
#8484=ORIENTED_EDGE('',*,*,#6656,.T.);
#8485=ORIENTED_EDGE('',*,*,#6657,.F.);
#8486=ORIENTED_EDGE('',*,*,#6658,.F.);
#8487=ORIENTED_EDGE('',*,*,#6659,.F.);
#8488=ORIENTED_EDGE('',*,*,#6658,.T.);
#8489=ORIENTED_EDGE('',*,*,#6660,.F.);
#8490=ORIENTED_EDGE('',*,*,#6661,.F.);
#8491=ORIENTED_EDGE('',*,*,#6662,.F.);
#8492=ORIENTED_EDGE('',*,*,#6661,.T.);
#8493=ORIENTED_EDGE('',*,*,#6663,.F.);
#8494=ORIENTED_EDGE('',*,*,#6664,.F.);
#8495=ORIENTED_EDGE('',*,*,#6665,.F.);
#8496=ORIENTED_EDGE('',*,*,#6664,.T.);
#8497=ORIENTED_EDGE('',*,*,#6666,.F.);
#8498=ORIENTED_EDGE('',*,*,#6656,.F.);
#8499=ORIENTED_EDGE('',*,*,#6666,.T.);
#8500=ORIENTED_EDGE('',*,*,#6663,.T.);
#8501=ORIENTED_EDGE('',*,*,#6660,.T.);
#8502=ORIENTED_EDGE('',*,*,#6657,.T.);
#8503=ORIENTED_EDGE('',*,*,#6667,.F.);
#8504=ORIENTED_EDGE('',*,*,#6668,.T.);
#8505=ORIENTED_EDGE('',*,*,#6669,.F.);
#8506=ORIENTED_EDGE('',*,*,#6670,.F.);
#8507=ORIENTED_EDGE('',*,*,#6671,.F.);
#8508=ORIENTED_EDGE('',*,*,#6670,.T.);
#8509=ORIENTED_EDGE('',*,*,#6672,.F.);
#8510=ORIENTED_EDGE('',*,*,#6673,.F.);
#8511=ORIENTED_EDGE('',*,*,#6674,.F.);
#8512=ORIENTED_EDGE('',*,*,#6673,.T.);
#8513=ORIENTED_EDGE('',*,*,#6675,.F.);
#8514=ORIENTED_EDGE('',*,*,#6676,.F.);
#8515=ORIENTED_EDGE('',*,*,#6677,.F.);
#8516=ORIENTED_EDGE('',*,*,#6676,.T.);
#8517=ORIENTED_EDGE('',*,*,#6678,.F.);
#8518=ORIENTED_EDGE('',*,*,#6668,.F.);
#8519=ORIENTED_EDGE('',*,*,#6678,.T.);
#8520=ORIENTED_EDGE('',*,*,#6675,.T.);
#8521=ORIENTED_EDGE('',*,*,#6672,.T.);
#8522=ORIENTED_EDGE('',*,*,#6669,.T.);
#8523=ORIENTED_EDGE('',*,*,#6679,.T.);
#8524=ORIENTED_EDGE('',*,*,#6680,.T.);
#8525=ORIENTED_EDGE('',*,*,#6681,.T.);
#8526=ORIENTED_EDGE('',*,*,#6682,.T.);
#8527=ORIENTED_EDGE('',*,*,#6680,.F.);
#8528=ORIENTED_EDGE('',*,*,#6683,.F.);
#8529=ORIENTED_EDGE('',*,*,#6684,.F.);
#8530=ORIENTED_EDGE('',*,*,#6685,.F.);
#8531=ORIENTED_EDGE('',*,*,#6679,.F.);
#8532=ORIENTED_EDGE('',*,*,#6686,.T.);
#8533=ORIENTED_EDGE('',*,*,#6687,.F.);
#8534=ORIENTED_EDGE('',*,*,#6688,.T.);
#8535=ORIENTED_EDGE('',*,*,#6689,.F.);
#8536=ORIENTED_EDGE('',*,*,#6690,.T.);
#8537=ORIENTED_EDGE('',*,*,#6691,.F.);
#8538=ORIENTED_EDGE('',*,*,#6692,.T.);
#8539=ORIENTED_EDGE('',*,*,#6693,.T.);
#8540=ORIENTED_EDGE('',*,*,#6694,.F.);
#8541=ORIENTED_EDGE('',*,*,#6695,.F.);
#8542=ORIENTED_EDGE('',*,*,#6696,.F.);
#8543=ORIENTED_EDGE('',*,*,#6697,.F.);
#8544=ORIENTED_EDGE('',*,*,#6698,.F.);
#8545=ORIENTED_EDGE('',*,*,#6699,.F.);
#8546=ORIENTED_EDGE('',*,*,#6700,.F.);
#8547=ORIENTED_EDGE('',*,*,#6701,.F.);
#8548=ORIENTED_EDGE('',*,*,#6702,.F.);
#8549=ORIENTED_EDGE('',*,*,#6703,.F.);
#8550=ORIENTED_EDGE('',*,*,#6704,.F.);
#8551=ORIENTED_EDGE('',*,*,#6705,.F.);
#8552=ORIENTED_EDGE('',*,*,#6706,.F.);
#8553=ORIENTED_EDGE('',*,*,#6707,.F.);
#8554=ORIENTED_EDGE('',*,*,#6708,.F.);
#8555=ORIENTED_EDGE('',*,*,#6709,.F.);
#8556=ORIENTED_EDGE('',*,*,#6710,.F.);
#8557=ORIENTED_EDGE('',*,*,#6711,.T.);
#8558=ORIENTED_EDGE('',*,*,#6683,.T.);
#8559=ORIENTED_EDGE('',*,*,#6638,.T.);
#8560=ORIENTED_EDGE('',*,*,#6641,.T.);
#8561=ORIENTED_EDGE('',*,*,#6631,.T.);
#8562=ORIENTED_EDGE('',*,*,#6635,.T.);
#8563=ORIENTED_EDGE('',*,*,#6650,.T.);
#8564=ORIENTED_EDGE('',*,*,#6653,.T.);
#8565=ORIENTED_EDGE('',*,*,#6643,.T.);
#8566=ORIENTED_EDGE('',*,*,#6647,.T.);
#8567=ORIENTED_EDGE('',*,*,#6691,.T.);
#8568=ORIENTED_EDGE('',*,*,#6712,.T.);
#8569=ORIENTED_EDGE('',*,*,#6713,.T.);
#8570=ORIENTED_EDGE('',*,*,#6714,.T.);
#8571=ORIENTED_EDGE('',*,*,#6712,.F.);
#8572=ORIENTED_EDGE('',*,*,#6690,.F.);
#8573=ORIENTED_EDGE('',*,*,#6715,.F.);
#8574=ORIENTED_EDGE('',*,*,#6716,.F.);
#8575=ORIENTED_EDGE('',*,*,#6687,.T.);
#8576=ORIENTED_EDGE('',*,*,#6717,.T.);
#8577=ORIENTED_EDGE('',*,*,#6718,.T.);
#8578=ORIENTED_EDGE('',*,*,#6719,.T.);
#8579=ORIENTED_EDGE('',*,*,#6682,.F.);
#8580=ORIENTED_EDGE('',*,*,#6720,.F.);
#8581=ORIENTED_EDGE('',*,*,#6717,.F.);
#8582=ORIENTED_EDGE('',*,*,#6686,.F.);
#8583=ORIENTED_EDGE('',*,*,#6689,.T.);
#8584=ORIENTED_EDGE('',*,*,#6721,.T.);
#8585=ORIENTED_EDGE('',*,*,#6722,.T.);
#8586=ORIENTED_EDGE('',*,*,#6715,.T.);
#8587=ORIENTED_EDGE('',*,*,#6681,.F.);
#8588=ORIENTED_EDGE('',*,*,#6685,.T.);
#8589=ORIENTED_EDGE('',*,*,#6723,.T.);
#8590=ORIENTED_EDGE('',*,*,#6724,.F.);
#8591=ORIENTED_EDGE('',*,*,#6725,.T.);
#8592=ORIENTED_EDGE('',*,*,#6726,.T.);
#8593=ORIENTED_EDGE('',*,*,#6727,.T.);
#8594=ORIENTED_EDGE('',*,*,#6728,.F.);
#8595=ORIENTED_EDGE('',*,*,#6729,.T.);
#8596=ORIENTED_EDGE('',*,*,#6730,.T.);
#8597=ORIENTED_EDGE('',*,*,#6731,.T.);
#8598=ORIENTED_EDGE('',*,*,#6732,.F.);
#8599=ORIENTED_EDGE('',*,*,#6733,.T.);
#8600=ORIENTED_EDGE('',*,*,#6734,.T.);
#8601=ORIENTED_EDGE('',*,*,#6735,.T.);
#8602=ORIENTED_EDGE('',*,*,#6736,.F.);
#8603=ORIENTED_EDGE('',*,*,#6737,.T.);
#8604=ORIENTED_EDGE('',*,*,#6738,.T.);
#8605=ORIENTED_EDGE('',*,*,#6739,.T.);
#8606=ORIENTED_EDGE('',*,*,#6740,.F.);
#8607=ORIENTED_EDGE('',*,*,#6741,.T.);
#8608=ORIENTED_EDGE('',*,*,#6742,.T.);
#8609=ORIENTED_EDGE('',*,*,#6713,.F.);
#8610=ORIENTED_EDGE('',*,*,#6716,.T.);
#8611=ORIENTED_EDGE('',*,*,#6722,.F.);
#8612=ORIENTED_EDGE('',*,*,#6743,.T.);
#8613=ORIENTED_EDGE('',*,*,#6718,.F.);
#8614=ORIENTED_EDGE('',*,*,#6720,.T.);
#8615=ORIENTED_EDGE('',*,*,#6655,.T.);
#8616=ORIENTED_EDGE('',*,*,#6659,.T.);
#8617=ORIENTED_EDGE('',*,*,#6662,.T.);
#8618=ORIENTED_EDGE('',*,*,#6665,.T.);
#8619=ORIENTED_EDGE('',*,*,#6667,.T.);
#8620=ORIENTED_EDGE('',*,*,#6671,.T.);
#8621=ORIENTED_EDGE('',*,*,#6674,.T.);
#8622=ORIENTED_EDGE('',*,*,#6677,.T.);
#8623=ORIENTED_EDGE('',*,*,#6744,.F.);
#8624=ORIENTED_EDGE('',*,*,#6745,.T.);
#8625=ORIENTED_EDGE('',*,*,#6746,.T.);
#8626=ORIENTED_EDGE('',*,*,#6747,.F.);
#8627=ORIENTED_EDGE('',*,*,#6748,.F.);
#8628=ORIENTED_EDGE('',*,*,#6749,.T.);
#8629=ORIENTED_EDGE('',*,*,#6750,.T.);
#8630=ORIENTED_EDGE('',*,*,#6745,.F.);
#8631=ORIENTED_EDGE('',*,*,#6751,.F.);
#8632=ORIENTED_EDGE('',*,*,#6752,.T.);
#8633=ORIENTED_EDGE('',*,*,#6753,.T.);
#8634=ORIENTED_EDGE('',*,*,#6749,.F.);
#8635=ORIENTED_EDGE('',*,*,#6754,.F.);
#8636=ORIENTED_EDGE('',*,*,#6747,.T.);
#8637=ORIENTED_EDGE('',*,*,#6755,.T.);
#8638=ORIENTED_EDGE('',*,*,#6752,.F.);
#8639=ORIENTED_EDGE('',*,*,#6755,.F.);
#8640=ORIENTED_EDGE('',*,*,#6746,.F.);
#8641=ORIENTED_EDGE('',*,*,#6750,.F.);
#8642=ORIENTED_EDGE('',*,*,#6753,.F.);
#8643=ORIENTED_EDGE('',*,*,#6756,.F.);
#8644=ORIENTED_EDGE('',*,*,#6757,.F.);
#8645=ORIENTED_EDGE('',*,*,#6758,.F.);
#8646=ORIENTED_EDGE('',*,*,#6759,.T.);
#8647=ORIENTED_EDGE('',*,*,#6760,.F.);
#8648=ORIENTED_EDGE('',*,*,#6759,.F.);
#8649=ORIENTED_EDGE('',*,*,#6761,.F.);
#8650=ORIENTED_EDGE('',*,*,#6762,.T.);
#8651=ORIENTED_EDGE('',*,*,#6763,.F.);
#8652=ORIENTED_EDGE('',*,*,#6762,.F.);
#8653=ORIENTED_EDGE('',*,*,#6764,.F.);
#8654=ORIENTED_EDGE('',*,*,#6765,.T.);
#8655=ORIENTED_EDGE('',*,*,#6766,.F.);
#8656=ORIENTED_EDGE('',*,*,#6765,.F.);
#8657=ORIENTED_EDGE('',*,*,#6767,.F.);
#8658=ORIENTED_EDGE('',*,*,#6757,.T.);
#8659=ORIENTED_EDGE('',*,*,#6768,.F.);
#8660=ORIENTED_EDGE('',*,*,#6769,.T.);
#8661=ORIENTED_EDGE('',*,*,#6770,.T.);
#8662=ORIENTED_EDGE('',*,*,#6771,.F.);
#8663=ORIENTED_EDGE('',*,*,#6772,.F.);
#8664=ORIENTED_EDGE('',*,*,#6773,.T.);
#8665=ORIENTED_EDGE('',*,*,#6774,.T.);
#8666=ORIENTED_EDGE('',*,*,#6769,.F.);
#8667=ORIENTED_EDGE('',*,*,#6775,.F.);
#8668=ORIENTED_EDGE('',*,*,#6776,.T.);
#8669=ORIENTED_EDGE('',*,*,#6777,.T.);
#8670=ORIENTED_EDGE('',*,*,#6773,.F.);
#8671=ORIENTED_EDGE('',*,*,#6778,.F.);
#8672=ORIENTED_EDGE('',*,*,#6771,.T.);
#8673=ORIENTED_EDGE('',*,*,#6779,.T.);
#8674=ORIENTED_EDGE('',*,*,#6776,.F.);
#8675=ORIENTED_EDGE('',*,*,#6779,.F.);
#8676=ORIENTED_EDGE('',*,*,#6770,.F.);
#8677=ORIENTED_EDGE('',*,*,#6774,.F.);
#8678=ORIENTED_EDGE('',*,*,#6777,.F.);
#8679=ORIENTED_EDGE('',*,*,#6780,.F.);
#8680=ORIENTED_EDGE('',*,*,#6781,.T.);
#8681=ORIENTED_EDGE('',*,*,#6782,.T.);
#8682=ORIENTED_EDGE('',*,*,#6783,.F.);
#8683=ORIENTED_EDGE('',*,*,#6784,.F.);
#8684=ORIENTED_EDGE('',*,*,#6785,.T.);
#8685=ORIENTED_EDGE('',*,*,#6786,.T.);
#8686=ORIENTED_EDGE('',*,*,#6781,.F.);
#8687=ORIENTED_EDGE('',*,*,#6787,.F.);
#8688=ORIENTED_EDGE('',*,*,#6788,.T.);
#8689=ORIENTED_EDGE('',*,*,#6789,.T.);
#8690=ORIENTED_EDGE('',*,*,#6785,.F.);
#8691=ORIENTED_EDGE('',*,*,#6790,.F.);
#8692=ORIENTED_EDGE('',*,*,#6783,.T.);
#8693=ORIENTED_EDGE('',*,*,#6791,.T.);
#8694=ORIENTED_EDGE('',*,*,#6788,.F.);
#8695=ORIENTED_EDGE('',*,*,#6791,.F.);
#8696=ORIENTED_EDGE('',*,*,#6782,.F.);
#8697=ORIENTED_EDGE('',*,*,#6786,.F.);
#8698=ORIENTED_EDGE('',*,*,#6789,.F.);
#8699=ORIENTED_EDGE('',*,*,#6792,.F.);
#8700=ORIENTED_EDGE('',*,*,#6793,.F.);
#8701=ORIENTED_EDGE('',*,*,#6794,.F.);
#8702=ORIENTED_EDGE('',*,*,#6795,.T.);
#8703=ORIENTED_EDGE('',*,*,#6796,.F.);
#8704=ORIENTED_EDGE('',*,*,#6795,.F.);
#8705=ORIENTED_EDGE('',*,*,#6797,.F.);
#8706=ORIENTED_EDGE('',*,*,#6798,.T.);
#8707=ORIENTED_EDGE('',*,*,#6799,.F.);
#8708=ORIENTED_EDGE('',*,*,#6798,.F.);
#8709=ORIENTED_EDGE('',*,*,#6800,.F.);
#8710=ORIENTED_EDGE('',*,*,#6801,.T.);
#8711=ORIENTED_EDGE('',*,*,#6802,.F.);
#8712=ORIENTED_EDGE('',*,*,#6801,.F.);
#8713=ORIENTED_EDGE('',*,*,#6803,.F.);
#8714=ORIENTED_EDGE('',*,*,#6793,.T.);
#8715=ORIENTED_EDGE('',*,*,#6804,.F.);
#8716=ORIENTED_EDGE('',*,*,#6805,.F.);
#8717=ORIENTED_EDGE('',*,*,#6806,.F.);
#8718=ORIENTED_EDGE('',*,*,#6807,.T.);
#8719=ORIENTED_EDGE('',*,*,#6808,.F.);
#8720=ORIENTED_EDGE('',*,*,#6807,.F.);
#8721=ORIENTED_EDGE('',*,*,#6809,.F.);
#8722=ORIENTED_EDGE('',*,*,#6810,.T.);
#8723=ORIENTED_EDGE('',*,*,#6811,.F.);
#8724=ORIENTED_EDGE('',*,*,#6810,.F.);
#8725=ORIENTED_EDGE('',*,*,#6812,.F.);
#8726=ORIENTED_EDGE('',*,*,#6813,.T.);
#8727=ORIENTED_EDGE('',*,*,#6814,.F.);
#8728=ORIENTED_EDGE('',*,*,#6813,.F.);
#8729=ORIENTED_EDGE('',*,*,#6815,.F.);
#8730=ORIENTED_EDGE('',*,*,#6805,.T.);
#8731=ORIENTED_EDGE('',*,*,#6816,.F.);
#8732=ORIENTED_EDGE('',*,*,#6817,.F.);
#8733=ORIENTED_EDGE('',*,*,#6818,.F.);
#8734=ORIENTED_EDGE('',*,*,#6819,.T.);
#8735=ORIENTED_EDGE('',*,*,#6820,.F.);
#8736=ORIENTED_EDGE('',*,*,#6819,.F.);
#8737=ORIENTED_EDGE('',*,*,#6821,.F.);
#8738=ORIENTED_EDGE('',*,*,#6822,.T.);
#8739=ORIENTED_EDGE('',*,*,#6823,.F.);
#8740=ORIENTED_EDGE('',*,*,#6822,.F.);
#8741=ORIENTED_EDGE('',*,*,#6824,.F.);
#8742=ORIENTED_EDGE('',*,*,#6825,.T.);
#8743=ORIENTED_EDGE('',*,*,#6826,.F.);
#8744=ORIENTED_EDGE('',*,*,#6825,.F.);
#8745=ORIENTED_EDGE('',*,*,#6827,.F.);
#8746=ORIENTED_EDGE('',*,*,#6817,.T.);
#8747=ORIENTED_EDGE('',*,*,#6828,.F.);
#8748=ORIENTED_EDGE('',*,*,#6829,.F.);
#8749=ORIENTED_EDGE('',*,*,#6830,.F.);
#8750=ORIENTED_EDGE('',*,*,#6831,.T.);
#8751=ORIENTED_EDGE('',*,*,#6832,.F.);
#8752=ORIENTED_EDGE('',*,*,#6831,.F.);
#8753=ORIENTED_EDGE('',*,*,#6833,.F.);
#8754=ORIENTED_EDGE('',*,*,#6834,.T.);
#8755=ORIENTED_EDGE('',*,*,#6835,.F.);
#8756=ORIENTED_EDGE('',*,*,#6834,.F.);
#8757=ORIENTED_EDGE('',*,*,#6836,.F.);
#8758=ORIENTED_EDGE('',*,*,#6837,.T.);
#8759=ORIENTED_EDGE('',*,*,#6838,.F.);
#8760=ORIENTED_EDGE('',*,*,#6837,.F.);
#8761=ORIENTED_EDGE('',*,*,#6839,.F.);
#8762=ORIENTED_EDGE('',*,*,#6829,.T.);
#8763=ORIENTED_EDGE('',*,*,#6840,.F.);
#8764=ORIENTED_EDGE('',*,*,#6841,.F.);
#8765=ORIENTED_EDGE('',*,*,#6842,.F.);
#8766=ORIENTED_EDGE('',*,*,#6843,.T.);
#8767=ORIENTED_EDGE('',*,*,#6844,.F.);
#8768=ORIENTED_EDGE('',*,*,#6843,.F.);
#8769=ORIENTED_EDGE('',*,*,#6845,.F.);
#8770=ORIENTED_EDGE('',*,*,#6846,.T.);
#8771=ORIENTED_EDGE('',*,*,#6847,.F.);
#8772=ORIENTED_EDGE('',*,*,#6846,.F.);
#8773=ORIENTED_EDGE('',*,*,#6848,.F.);
#8774=ORIENTED_EDGE('',*,*,#6849,.T.);
#8775=ORIENTED_EDGE('',*,*,#6850,.F.);
#8776=ORIENTED_EDGE('',*,*,#6849,.F.);
#8777=ORIENTED_EDGE('',*,*,#6851,.F.);
#8778=ORIENTED_EDGE('',*,*,#6841,.T.);
#8779=ORIENTED_EDGE('',*,*,#6852,.F.);
#8780=ORIENTED_EDGE('',*,*,#6853,.F.);
#8781=ORIENTED_EDGE('',*,*,#6854,.F.);
#8782=ORIENTED_EDGE('',*,*,#6855,.T.);
#8783=ORIENTED_EDGE('',*,*,#6856,.F.);
#8784=ORIENTED_EDGE('',*,*,#6855,.F.);
#8785=ORIENTED_EDGE('',*,*,#6857,.F.);
#8786=ORIENTED_EDGE('',*,*,#6858,.T.);
#8787=ORIENTED_EDGE('',*,*,#6859,.F.);
#8788=ORIENTED_EDGE('',*,*,#6858,.F.);
#8789=ORIENTED_EDGE('',*,*,#6860,.F.);
#8790=ORIENTED_EDGE('',*,*,#6861,.T.);
#8791=ORIENTED_EDGE('',*,*,#6862,.F.);
#8792=ORIENTED_EDGE('',*,*,#6861,.F.);
#8793=ORIENTED_EDGE('',*,*,#6863,.F.);
#8794=ORIENTED_EDGE('',*,*,#6853,.T.);
#8795=ORIENTED_EDGE('',*,*,#6864,.F.);
#8796=ORIENTED_EDGE('',*,*,#6865,.T.);
#8797=ORIENTED_EDGE('',*,*,#6866,.T.);
#8798=ORIENTED_EDGE('',*,*,#6867,.F.);
#8799=ORIENTED_EDGE('',*,*,#6868,.F.);
#8800=ORIENTED_EDGE('',*,*,#6869,.T.);
#8801=ORIENTED_EDGE('',*,*,#6870,.T.);
#8802=ORIENTED_EDGE('',*,*,#6865,.F.);
#8803=ORIENTED_EDGE('',*,*,#6871,.F.);
#8804=ORIENTED_EDGE('',*,*,#6872,.T.);
#8805=ORIENTED_EDGE('',*,*,#6873,.T.);
#8806=ORIENTED_EDGE('',*,*,#6869,.F.);
#8807=ORIENTED_EDGE('',*,*,#6874,.F.);
#8808=ORIENTED_EDGE('',*,*,#6867,.T.);
#8809=ORIENTED_EDGE('',*,*,#6875,.T.);
#8810=ORIENTED_EDGE('',*,*,#6872,.F.);
#8811=ORIENTED_EDGE('',*,*,#6875,.F.);
#8812=ORIENTED_EDGE('',*,*,#6866,.F.);
#8813=ORIENTED_EDGE('',*,*,#6870,.F.);
#8814=ORIENTED_EDGE('',*,*,#6873,.F.);
#8815=ORIENTED_EDGE('',*,*,#6876,.F.);
#8816=ORIENTED_EDGE('',*,*,#6877,.F.);
#8817=ORIENTED_EDGE('',*,*,#6878,.F.);
#8818=ORIENTED_EDGE('',*,*,#6879,.T.);
#8819=ORIENTED_EDGE('',*,*,#6880,.F.);
#8820=ORIENTED_EDGE('',*,*,#6879,.F.);
#8821=ORIENTED_EDGE('',*,*,#6881,.F.);
#8822=ORIENTED_EDGE('',*,*,#6882,.T.);
#8823=ORIENTED_EDGE('',*,*,#6883,.F.);
#8824=ORIENTED_EDGE('',*,*,#6882,.F.);
#8825=ORIENTED_EDGE('',*,*,#6884,.F.);
#8826=ORIENTED_EDGE('',*,*,#6885,.T.);
#8827=ORIENTED_EDGE('',*,*,#6886,.F.);
#8828=ORIENTED_EDGE('',*,*,#6885,.F.);
#8829=ORIENTED_EDGE('',*,*,#6887,.F.);
#8830=ORIENTED_EDGE('',*,*,#6877,.T.);
#8831=ORIENTED_EDGE('',*,*,#6888,.F.);
#8832=ORIENTED_EDGE('',*,*,#6889,.F.);
#8833=ORIENTED_EDGE('',*,*,#6890,.F.);
#8834=ORIENTED_EDGE('',*,*,#6891,.T.);
#8835=ORIENTED_EDGE('',*,*,#6892,.F.);
#8836=ORIENTED_EDGE('',*,*,#6891,.F.);
#8837=ORIENTED_EDGE('',*,*,#6893,.F.);
#8838=ORIENTED_EDGE('',*,*,#6894,.T.);
#8839=ORIENTED_EDGE('',*,*,#6895,.F.);
#8840=ORIENTED_EDGE('',*,*,#6894,.F.);
#8841=ORIENTED_EDGE('',*,*,#6896,.F.);
#8842=ORIENTED_EDGE('',*,*,#6897,.T.);
#8843=ORIENTED_EDGE('',*,*,#6898,.F.);
#8844=ORIENTED_EDGE('',*,*,#6897,.F.);
#8845=ORIENTED_EDGE('',*,*,#6899,.F.);
#8846=ORIENTED_EDGE('',*,*,#6889,.T.);
#8847=ORIENTED_EDGE('',*,*,#6900,.F.);
#8848=ORIENTED_EDGE('',*,*,#6901,.F.);
#8849=ORIENTED_EDGE('',*,*,#6902,.F.);
#8850=ORIENTED_EDGE('',*,*,#6903,.T.);
#8851=ORIENTED_EDGE('',*,*,#6904,.F.);
#8852=ORIENTED_EDGE('',*,*,#6903,.F.);
#8853=ORIENTED_EDGE('',*,*,#6905,.F.);
#8854=ORIENTED_EDGE('',*,*,#6906,.T.);
#8855=ORIENTED_EDGE('',*,*,#6907,.F.);
#8856=ORIENTED_EDGE('',*,*,#6906,.F.);
#8857=ORIENTED_EDGE('',*,*,#6908,.F.);
#8858=ORIENTED_EDGE('',*,*,#6909,.T.);
#8859=ORIENTED_EDGE('',*,*,#6910,.F.);
#8860=ORIENTED_EDGE('',*,*,#6909,.F.);
#8861=ORIENTED_EDGE('',*,*,#6911,.F.);
#8862=ORIENTED_EDGE('',*,*,#6901,.T.);
#8863=ORIENTED_EDGE('',*,*,#6912,.F.);
#8864=ORIENTED_EDGE('',*,*,#6913,.F.);
#8865=ORIENTED_EDGE('',*,*,#6914,.F.);
#8866=ORIENTED_EDGE('',*,*,#6915,.T.);
#8867=ORIENTED_EDGE('',*,*,#6916,.F.);
#8868=ORIENTED_EDGE('',*,*,#6915,.F.);
#8869=ORIENTED_EDGE('',*,*,#6917,.F.);
#8870=ORIENTED_EDGE('',*,*,#6918,.T.);
#8871=ORIENTED_EDGE('',*,*,#6919,.F.);
#8872=ORIENTED_EDGE('',*,*,#6918,.F.);
#8873=ORIENTED_EDGE('',*,*,#6920,.F.);
#8874=ORIENTED_EDGE('',*,*,#6921,.T.);
#8875=ORIENTED_EDGE('',*,*,#6922,.F.);
#8876=ORIENTED_EDGE('',*,*,#6921,.F.);
#8877=ORIENTED_EDGE('',*,*,#6923,.F.);
#8878=ORIENTED_EDGE('',*,*,#6913,.T.);
#8879=ORIENTED_EDGE('',*,*,#6924,.F.);
#8880=ORIENTED_EDGE('',*,*,#6925,.F.);
#8881=ORIENTED_EDGE('',*,*,#6926,.F.);
#8882=ORIENTED_EDGE('',*,*,#6927,.T.);
#8883=ORIENTED_EDGE('',*,*,#6928,.F.);
#8884=ORIENTED_EDGE('',*,*,#6927,.F.);
#8885=ORIENTED_EDGE('',*,*,#6929,.F.);
#8886=ORIENTED_EDGE('',*,*,#6930,.T.);
#8887=ORIENTED_EDGE('',*,*,#6931,.F.);
#8888=ORIENTED_EDGE('',*,*,#6930,.F.);
#8889=ORIENTED_EDGE('',*,*,#6932,.F.);
#8890=ORIENTED_EDGE('',*,*,#6933,.T.);
#8891=ORIENTED_EDGE('',*,*,#6934,.F.);
#8892=ORIENTED_EDGE('',*,*,#6933,.F.);
#8893=ORIENTED_EDGE('',*,*,#6935,.F.);
#8894=ORIENTED_EDGE('',*,*,#6925,.T.);
#8895=ORIENTED_EDGE('',*,*,#6936,.F.);
#8896=ORIENTED_EDGE('',*,*,#6937,.F.);
#8897=ORIENTED_EDGE('',*,*,#6938,.F.);
#8898=ORIENTED_EDGE('',*,*,#6939,.T.);
#8899=ORIENTED_EDGE('',*,*,#6940,.F.);
#8900=ORIENTED_EDGE('',*,*,#6939,.F.);
#8901=ORIENTED_EDGE('',*,*,#6941,.F.);
#8902=ORIENTED_EDGE('',*,*,#6942,.T.);
#8903=ORIENTED_EDGE('',*,*,#6943,.F.);
#8904=ORIENTED_EDGE('',*,*,#6942,.F.);
#8905=ORIENTED_EDGE('',*,*,#6944,.F.);
#8906=ORIENTED_EDGE('',*,*,#6945,.T.);
#8907=ORIENTED_EDGE('',*,*,#6946,.F.);
#8908=ORIENTED_EDGE('',*,*,#6945,.F.);
#8909=ORIENTED_EDGE('',*,*,#6947,.F.);
#8910=ORIENTED_EDGE('',*,*,#6937,.T.);
#8911=ORIENTED_EDGE('',*,*,#6948,.F.);
#8912=ORIENTED_EDGE('',*,*,#6949,.T.);
#8913=ORIENTED_EDGE('',*,*,#6950,.T.);
#8914=ORIENTED_EDGE('',*,*,#6951,.F.);
#8915=ORIENTED_EDGE('',*,*,#6952,.F.);
#8916=ORIENTED_EDGE('',*,*,#6953,.T.);
#8917=ORIENTED_EDGE('',*,*,#6954,.T.);
#8918=ORIENTED_EDGE('',*,*,#6949,.F.);
#8919=ORIENTED_EDGE('',*,*,#6955,.F.);
#8920=ORIENTED_EDGE('',*,*,#6956,.T.);
#8921=ORIENTED_EDGE('',*,*,#6957,.T.);
#8922=ORIENTED_EDGE('',*,*,#6953,.F.);
#8923=ORIENTED_EDGE('',*,*,#6958,.F.);
#8924=ORIENTED_EDGE('',*,*,#6951,.T.);
#8925=ORIENTED_EDGE('',*,*,#6959,.T.);
#8926=ORIENTED_EDGE('',*,*,#6956,.F.);
#8927=ORIENTED_EDGE('',*,*,#6959,.F.);
#8928=ORIENTED_EDGE('',*,*,#6950,.F.);
#8929=ORIENTED_EDGE('',*,*,#6954,.F.);
#8930=ORIENTED_EDGE('',*,*,#6957,.F.);
#8931=ORIENTED_EDGE('',*,*,#6960,.F.);
#8932=ORIENTED_EDGE('',*,*,#6961,.F.);
#8933=ORIENTED_EDGE('',*,*,#6962,.F.);
#8934=ORIENTED_EDGE('',*,*,#6963,.T.);
#8935=ORIENTED_EDGE('',*,*,#6964,.F.);
#8936=ORIENTED_EDGE('',*,*,#6963,.F.);
#8937=ORIENTED_EDGE('',*,*,#6965,.F.);
#8938=ORIENTED_EDGE('',*,*,#6966,.T.);
#8939=ORIENTED_EDGE('',*,*,#6967,.F.);
#8940=ORIENTED_EDGE('',*,*,#6966,.F.);
#8941=ORIENTED_EDGE('',*,*,#6968,.F.);
#8942=ORIENTED_EDGE('',*,*,#6969,.T.);
#8943=ORIENTED_EDGE('',*,*,#6970,.F.);
#8944=ORIENTED_EDGE('',*,*,#6969,.F.);
#8945=ORIENTED_EDGE('',*,*,#6971,.F.);
#8946=ORIENTED_EDGE('',*,*,#6961,.T.);
#8947=ORIENTED_EDGE('',*,*,#6972,.F.);
#8948=ORIENTED_EDGE('',*,*,#6973,.F.);
#8949=ORIENTED_EDGE('',*,*,#6974,.F.);
#8950=ORIENTED_EDGE('',*,*,#6975,.T.);
#8951=ORIENTED_EDGE('',*,*,#6976,.F.);
#8952=ORIENTED_EDGE('',*,*,#6975,.F.);
#8953=ORIENTED_EDGE('',*,*,#6977,.F.);
#8954=ORIENTED_EDGE('',*,*,#6978,.T.);
#8955=ORIENTED_EDGE('',*,*,#6979,.F.);
#8956=ORIENTED_EDGE('',*,*,#6978,.F.);
#8957=ORIENTED_EDGE('',*,*,#6980,.F.);
#8958=ORIENTED_EDGE('',*,*,#6981,.T.);
#8959=ORIENTED_EDGE('',*,*,#6982,.F.);
#8960=ORIENTED_EDGE('',*,*,#6981,.F.);
#8961=ORIENTED_EDGE('',*,*,#6983,.F.);
#8962=ORIENTED_EDGE('',*,*,#6973,.T.);
#8963=ORIENTED_EDGE('',*,*,#6984,.F.);
#8964=ORIENTED_EDGE('',*,*,#6985,.T.);
#8965=ORIENTED_EDGE('',*,*,#6986,.T.);
#8966=ORIENTED_EDGE('',*,*,#6987,.F.);
#8967=ORIENTED_EDGE('',*,*,#6988,.F.);
#8968=ORIENTED_EDGE('',*,*,#6989,.T.);
#8969=ORIENTED_EDGE('',*,*,#6990,.T.);
#8970=ORIENTED_EDGE('',*,*,#6985,.F.);
#8971=ORIENTED_EDGE('',*,*,#6991,.F.);
#8972=ORIENTED_EDGE('',*,*,#6992,.T.);
#8973=ORIENTED_EDGE('',*,*,#6993,.T.);
#8974=ORIENTED_EDGE('',*,*,#6989,.F.);
#8975=ORIENTED_EDGE('',*,*,#6994,.F.);
#8976=ORIENTED_EDGE('',*,*,#6987,.T.);
#8977=ORIENTED_EDGE('',*,*,#6995,.T.);
#8978=ORIENTED_EDGE('',*,*,#6992,.F.);
#8979=ORIENTED_EDGE('',*,*,#6995,.F.);
#8980=ORIENTED_EDGE('',*,*,#6986,.F.);
#8981=ORIENTED_EDGE('',*,*,#6990,.F.);
#8982=ORIENTED_EDGE('',*,*,#6993,.F.);
#8983=ORIENTED_EDGE('',*,*,#6996,.F.);
#8984=ORIENTED_EDGE('',*,*,#6997,.F.);
#8985=ORIENTED_EDGE('',*,*,#6998,.F.);
#8986=ORIENTED_EDGE('',*,*,#6999,.T.);
#8987=ORIENTED_EDGE('',*,*,#7000,.F.);
#8988=ORIENTED_EDGE('',*,*,#6999,.F.);
#8989=ORIENTED_EDGE('',*,*,#7001,.F.);
#8990=ORIENTED_EDGE('',*,*,#7002,.T.);
#8991=ORIENTED_EDGE('',*,*,#7003,.F.);
#8992=ORIENTED_EDGE('',*,*,#7002,.F.);
#8993=ORIENTED_EDGE('',*,*,#7004,.F.);
#8994=ORIENTED_EDGE('',*,*,#7005,.T.);
#8995=ORIENTED_EDGE('',*,*,#7006,.F.);
#8996=ORIENTED_EDGE('',*,*,#7005,.F.);
#8997=ORIENTED_EDGE('',*,*,#7007,.F.);
#8998=ORIENTED_EDGE('',*,*,#6997,.T.);
#8999=ORIENTED_EDGE('',*,*,#7008,.F.);
#9000=ORIENTED_EDGE('',*,*,#7009,.T.);
#9001=ORIENTED_EDGE('',*,*,#7010,.T.);
#9002=ORIENTED_EDGE('',*,*,#7011,.F.);
#9003=ORIENTED_EDGE('',*,*,#7012,.F.);
#9004=ORIENTED_EDGE('',*,*,#7013,.T.);
#9005=ORIENTED_EDGE('',*,*,#7014,.T.);
#9006=ORIENTED_EDGE('',*,*,#7009,.F.);
#9007=ORIENTED_EDGE('',*,*,#7015,.F.);
#9008=ORIENTED_EDGE('',*,*,#7016,.T.);
#9009=ORIENTED_EDGE('',*,*,#7017,.T.);
#9010=ORIENTED_EDGE('',*,*,#7013,.F.);
#9011=ORIENTED_EDGE('',*,*,#7018,.F.);
#9012=ORIENTED_EDGE('',*,*,#7011,.T.);
#9013=ORIENTED_EDGE('',*,*,#7019,.T.);
#9014=ORIENTED_EDGE('',*,*,#7016,.F.);
#9015=ORIENTED_EDGE('',*,*,#7019,.F.);
#9016=ORIENTED_EDGE('',*,*,#7010,.F.);
#9017=ORIENTED_EDGE('',*,*,#7014,.F.);
#9018=ORIENTED_EDGE('',*,*,#7017,.F.);
#9019=ORIENTED_EDGE('',*,*,#7020,.F.);
#9020=ORIENTED_EDGE('',*,*,#7021,.F.);
#9021=ORIENTED_EDGE('',*,*,#7022,.F.);
#9022=ORIENTED_EDGE('',*,*,#7023,.T.);
#9023=ORIENTED_EDGE('',*,*,#7024,.F.);
#9024=ORIENTED_EDGE('',*,*,#7023,.F.);
#9025=ORIENTED_EDGE('',*,*,#7025,.F.);
#9026=ORIENTED_EDGE('',*,*,#7026,.T.);
#9027=ORIENTED_EDGE('',*,*,#7027,.F.);
#9028=ORIENTED_EDGE('',*,*,#7026,.F.);
#9029=ORIENTED_EDGE('',*,*,#7028,.F.);
#9030=ORIENTED_EDGE('',*,*,#7029,.T.);
#9031=ORIENTED_EDGE('',*,*,#7030,.F.);
#9032=ORIENTED_EDGE('',*,*,#7029,.F.);
#9033=ORIENTED_EDGE('',*,*,#7031,.F.);
#9034=ORIENTED_EDGE('',*,*,#7021,.T.);
#9035=ORIENTED_EDGE('',*,*,#7032,.F.);
#9036=ORIENTED_EDGE('',*,*,#7033,.T.);
#9037=ORIENTED_EDGE('',*,*,#7034,.T.);
#9038=ORIENTED_EDGE('',*,*,#7035,.F.);
#9039=ORIENTED_EDGE('',*,*,#7036,.F.);
#9040=ORIENTED_EDGE('',*,*,#7037,.T.);
#9041=ORIENTED_EDGE('',*,*,#7038,.T.);
#9042=ORIENTED_EDGE('',*,*,#7033,.F.);
#9043=ORIENTED_EDGE('',*,*,#7039,.F.);
#9044=ORIENTED_EDGE('',*,*,#7040,.T.);
#9045=ORIENTED_EDGE('',*,*,#7041,.T.);
#9046=ORIENTED_EDGE('',*,*,#7037,.F.);
#9047=ORIENTED_EDGE('',*,*,#7042,.F.);
#9048=ORIENTED_EDGE('',*,*,#7035,.T.);
#9049=ORIENTED_EDGE('',*,*,#7043,.T.);
#9050=ORIENTED_EDGE('',*,*,#7040,.F.);
#9051=ORIENTED_EDGE('',*,*,#7043,.F.);
#9052=ORIENTED_EDGE('',*,*,#7034,.F.);
#9053=ORIENTED_EDGE('',*,*,#7038,.F.);
#9054=ORIENTED_EDGE('',*,*,#7041,.F.);
#9055=ORIENTED_EDGE('',*,*,#7044,.F.);
#9056=ORIENTED_EDGE('',*,*,#7045,.F.);
#9057=ORIENTED_EDGE('',*,*,#7046,.F.);
#9058=ORIENTED_EDGE('',*,*,#7047,.T.);
#9059=ORIENTED_EDGE('',*,*,#7048,.F.);
#9060=ORIENTED_EDGE('',*,*,#7047,.F.);
#9061=ORIENTED_EDGE('',*,*,#7049,.F.);
#9062=ORIENTED_EDGE('',*,*,#7050,.T.);
#9063=ORIENTED_EDGE('',*,*,#7051,.F.);
#9064=ORIENTED_EDGE('',*,*,#7050,.F.);
#9065=ORIENTED_EDGE('',*,*,#7052,.F.);
#9066=ORIENTED_EDGE('',*,*,#7053,.T.);
#9067=ORIENTED_EDGE('',*,*,#7054,.F.);
#9068=ORIENTED_EDGE('',*,*,#7053,.F.);
#9069=ORIENTED_EDGE('',*,*,#7055,.F.);
#9070=ORIENTED_EDGE('',*,*,#7045,.T.);
#9071=ORIENTED_EDGE('',*,*,#7056,.F.);
#9072=ORIENTED_EDGE('',*,*,#7057,.T.);
#9073=ORIENTED_EDGE('',*,*,#7058,.T.);
#9074=ORIENTED_EDGE('',*,*,#7059,.F.);
#9075=ORIENTED_EDGE('',*,*,#7060,.F.);
#9076=ORIENTED_EDGE('',*,*,#7061,.T.);
#9077=ORIENTED_EDGE('',*,*,#7062,.T.);
#9078=ORIENTED_EDGE('',*,*,#7057,.F.);
#9079=ORIENTED_EDGE('',*,*,#7063,.F.);
#9080=ORIENTED_EDGE('',*,*,#7064,.T.);
#9081=ORIENTED_EDGE('',*,*,#7065,.T.);
#9082=ORIENTED_EDGE('',*,*,#7061,.F.);
#9083=ORIENTED_EDGE('',*,*,#7066,.F.);
#9084=ORIENTED_EDGE('',*,*,#7059,.T.);
#9085=ORIENTED_EDGE('',*,*,#7067,.T.);
#9086=ORIENTED_EDGE('',*,*,#7064,.F.);
#9087=ORIENTED_EDGE('',*,*,#7067,.F.);
#9088=ORIENTED_EDGE('',*,*,#7058,.F.);
#9089=ORIENTED_EDGE('',*,*,#7062,.F.);
#9090=ORIENTED_EDGE('',*,*,#7065,.F.);
#9091=ORIENTED_EDGE('',*,*,#7068,.F.);
#9092=ORIENTED_EDGE('',*,*,#7069,.F.);
#9093=ORIENTED_EDGE('',*,*,#7070,.F.);
#9094=ORIENTED_EDGE('',*,*,#7071,.T.);
#9095=ORIENTED_EDGE('',*,*,#7072,.F.);
#9096=ORIENTED_EDGE('',*,*,#7071,.F.);
#9097=ORIENTED_EDGE('',*,*,#7073,.F.);
#9098=ORIENTED_EDGE('',*,*,#7074,.T.);
#9099=ORIENTED_EDGE('',*,*,#7075,.F.);
#9100=ORIENTED_EDGE('',*,*,#7074,.F.);
#9101=ORIENTED_EDGE('',*,*,#7076,.F.);
#9102=ORIENTED_EDGE('',*,*,#7077,.T.);
#9103=ORIENTED_EDGE('',*,*,#7078,.F.);
#9104=ORIENTED_EDGE('',*,*,#7077,.F.);
#9105=ORIENTED_EDGE('',*,*,#7079,.F.);
#9106=ORIENTED_EDGE('',*,*,#7069,.T.);
#9107=ORIENTED_EDGE('',*,*,#7080,.F.);
#9108=ORIENTED_EDGE('',*,*,#7081,.F.);
#9109=ORIENTED_EDGE('',*,*,#7082,.F.);
#9110=ORIENTED_EDGE('',*,*,#7083,.T.);
#9111=ORIENTED_EDGE('',*,*,#7084,.F.);
#9112=ORIENTED_EDGE('',*,*,#7083,.F.);
#9113=ORIENTED_EDGE('',*,*,#7085,.F.);
#9114=ORIENTED_EDGE('',*,*,#7086,.T.);
#9115=ORIENTED_EDGE('',*,*,#7087,.F.);
#9116=ORIENTED_EDGE('',*,*,#7086,.F.);
#9117=ORIENTED_EDGE('',*,*,#7088,.F.);
#9118=ORIENTED_EDGE('',*,*,#7089,.T.);
#9119=ORIENTED_EDGE('',*,*,#7090,.F.);
#9120=ORIENTED_EDGE('',*,*,#7089,.F.);
#9121=ORIENTED_EDGE('',*,*,#7091,.F.);
#9122=ORIENTED_EDGE('',*,*,#7081,.T.);
#9123=ORIENTED_EDGE('',*,*,#7092,.F.);
#9124=ORIENTED_EDGE('',*,*,#7093,.T.);
#9125=ORIENTED_EDGE('',*,*,#7094,.T.);
#9126=ORIENTED_EDGE('',*,*,#7095,.F.);
#9127=ORIENTED_EDGE('',*,*,#7096,.F.);
#9128=ORIENTED_EDGE('',*,*,#7097,.T.);
#9129=ORIENTED_EDGE('',*,*,#7098,.T.);
#9130=ORIENTED_EDGE('',*,*,#7093,.F.);
#9131=ORIENTED_EDGE('',*,*,#7099,.F.);
#9132=ORIENTED_EDGE('',*,*,#7100,.T.);
#9133=ORIENTED_EDGE('',*,*,#7101,.T.);
#9134=ORIENTED_EDGE('',*,*,#7097,.F.);
#9135=ORIENTED_EDGE('',*,*,#7102,.F.);
#9136=ORIENTED_EDGE('',*,*,#7095,.T.);
#9137=ORIENTED_EDGE('',*,*,#7103,.T.);
#9138=ORIENTED_EDGE('',*,*,#7100,.F.);
#9139=ORIENTED_EDGE('',*,*,#7103,.F.);
#9140=ORIENTED_EDGE('',*,*,#7094,.F.);
#9141=ORIENTED_EDGE('',*,*,#7098,.F.);
#9142=ORIENTED_EDGE('',*,*,#7101,.F.);
#9143=ORIENTED_EDGE('',*,*,#7104,.F.);
#9144=ORIENTED_EDGE('',*,*,#7105,.T.);
#9145=ORIENTED_EDGE('',*,*,#7106,.T.);
#9146=ORIENTED_EDGE('',*,*,#7107,.F.);
#9147=ORIENTED_EDGE('',*,*,#7108,.F.);
#9148=ORIENTED_EDGE('',*,*,#7109,.T.);
#9149=ORIENTED_EDGE('',*,*,#7110,.T.);
#9150=ORIENTED_EDGE('',*,*,#7105,.F.);
#9151=ORIENTED_EDGE('',*,*,#7111,.F.);
#9152=ORIENTED_EDGE('',*,*,#7112,.T.);
#9153=ORIENTED_EDGE('',*,*,#7113,.T.);
#9154=ORIENTED_EDGE('',*,*,#7109,.F.);
#9155=ORIENTED_EDGE('',*,*,#7114,.F.);
#9156=ORIENTED_EDGE('',*,*,#7107,.T.);
#9157=ORIENTED_EDGE('',*,*,#7115,.T.);
#9158=ORIENTED_EDGE('',*,*,#7112,.F.);
#9159=ORIENTED_EDGE('',*,*,#7115,.F.);
#9160=ORIENTED_EDGE('',*,*,#7106,.F.);
#9161=ORIENTED_EDGE('',*,*,#7110,.F.);
#9162=ORIENTED_EDGE('',*,*,#7113,.F.);
#9163=ORIENTED_EDGE('',*,*,#7116,.F.);
#9164=ORIENTED_EDGE('',*,*,#7117,.F.);
#9165=ORIENTED_EDGE('',*,*,#7118,.F.);
#9166=ORIENTED_EDGE('',*,*,#7119,.T.);
#9167=ORIENTED_EDGE('',*,*,#7120,.F.);
#9168=ORIENTED_EDGE('',*,*,#7119,.F.);
#9169=ORIENTED_EDGE('',*,*,#7121,.F.);
#9170=ORIENTED_EDGE('',*,*,#7122,.T.);
#9171=ORIENTED_EDGE('',*,*,#7123,.F.);
#9172=ORIENTED_EDGE('',*,*,#7122,.F.);
#9173=ORIENTED_EDGE('',*,*,#7124,.F.);
#9174=ORIENTED_EDGE('',*,*,#7125,.T.);
#9175=ORIENTED_EDGE('',*,*,#7126,.F.);
#9176=ORIENTED_EDGE('',*,*,#7125,.F.);
#9177=ORIENTED_EDGE('',*,*,#7127,.F.);
#9178=ORIENTED_EDGE('',*,*,#7117,.T.);
#9179=ORIENTED_EDGE('',*,*,#7128,.F.);
#9180=ORIENTED_EDGE('',*,*,#7129,.F.);
#9181=ORIENTED_EDGE('',*,*,#7130,.F.);
#9182=ORIENTED_EDGE('',*,*,#7131,.T.);
#9183=ORIENTED_EDGE('',*,*,#7132,.F.);
#9184=ORIENTED_EDGE('',*,*,#7131,.F.);
#9185=ORIENTED_EDGE('',*,*,#7133,.F.);
#9186=ORIENTED_EDGE('',*,*,#7134,.T.);
#9187=ORIENTED_EDGE('',*,*,#7135,.F.);
#9188=ORIENTED_EDGE('',*,*,#7134,.F.);
#9189=ORIENTED_EDGE('',*,*,#7136,.F.);
#9190=ORIENTED_EDGE('',*,*,#7137,.T.);
#9191=ORIENTED_EDGE('',*,*,#7138,.F.);
#9192=ORIENTED_EDGE('',*,*,#7137,.F.);
#9193=ORIENTED_EDGE('',*,*,#7139,.F.);
#9194=ORIENTED_EDGE('',*,*,#7129,.T.);
#9195=ORIENTED_EDGE('',*,*,#7140,.F.);
#9196=ORIENTED_EDGE('',*,*,#7141,.F.);
#9197=ORIENTED_EDGE('',*,*,#7142,.F.);
#9198=ORIENTED_EDGE('',*,*,#7143,.T.);
#9199=ORIENTED_EDGE('',*,*,#7144,.F.);
#9200=ORIENTED_EDGE('',*,*,#7143,.F.);
#9201=ORIENTED_EDGE('',*,*,#7145,.F.);
#9202=ORIENTED_EDGE('',*,*,#7146,.T.);
#9203=ORIENTED_EDGE('',*,*,#7147,.F.);
#9204=ORIENTED_EDGE('',*,*,#7146,.F.);
#9205=ORIENTED_EDGE('',*,*,#7148,.F.);
#9206=ORIENTED_EDGE('',*,*,#7149,.T.);
#9207=ORIENTED_EDGE('',*,*,#7150,.F.);
#9208=ORIENTED_EDGE('',*,*,#7149,.F.);
#9209=ORIENTED_EDGE('',*,*,#7151,.F.);
#9210=ORIENTED_EDGE('',*,*,#7141,.T.);
#9211=ORIENTED_EDGE('',*,*,#7152,.F.);
#9212=ORIENTED_EDGE('',*,*,#7153,.F.);
#9213=ORIENTED_EDGE('',*,*,#7154,.F.);
#9214=ORIENTED_EDGE('',*,*,#7155,.T.);
#9215=ORIENTED_EDGE('',*,*,#7156,.F.);
#9216=ORIENTED_EDGE('',*,*,#7155,.F.);
#9217=ORIENTED_EDGE('',*,*,#7157,.F.);
#9218=ORIENTED_EDGE('',*,*,#7158,.T.);
#9219=ORIENTED_EDGE('',*,*,#7159,.F.);
#9220=ORIENTED_EDGE('',*,*,#7158,.F.);
#9221=ORIENTED_EDGE('',*,*,#7160,.F.);
#9222=ORIENTED_EDGE('',*,*,#7161,.T.);
#9223=ORIENTED_EDGE('',*,*,#7162,.F.);
#9224=ORIENTED_EDGE('',*,*,#7161,.F.);
#9225=ORIENTED_EDGE('',*,*,#7163,.F.);
#9226=ORIENTED_EDGE('',*,*,#7153,.T.);
#9227=ORIENTED_EDGE('',*,*,#7164,.F.);
#9228=ORIENTED_EDGE('',*,*,#7165,.T.);
#9229=ORIENTED_EDGE('',*,*,#7166,.T.);
#9230=ORIENTED_EDGE('',*,*,#7167,.F.);
#9231=ORIENTED_EDGE('',*,*,#7168,.F.);
#9232=ORIENTED_EDGE('',*,*,#7169,.T.);
#9233=ORIENTED_EDGE('',*,*,#7170,.T.);
#9234=ORIENTED_EDGE('',*,*,#7165,.F.);
#9235=ORIENTED_EDGE('',*,*,#7171,.F.);
#9236=ORIENTED_EDGE('',*,*,#7172,.T.);
#9237=ORIENTED_EDGE('',*,*,#7173,.T.);
#9238=ORIENTED_EDGE('',*,*,#7169,.F.);
#9239=ORIENTED_EDGE('',*,*,#7174,.F.);
#9240=ORIENTED_EDGE('',*,*,#7167,.T.);
#9241=ORIENTED_EDGE('',*,*,#7175,.T.);
#9242=ORIENTED_EDGE('',*,*,#7172,.F.);
#9243=ORIENTED_EDGE('',*,*,#7175,.F.);
#9244=ORIENTED_EDGE('',*,*,#7166,.F.);
#9245=ORIENTED_EDGE('',*,*,#7170,.F.);
#9246=ORIENTED_EDGE('',*,*,#7173,.F.);
#9247=ORIENTED_EDGE('',*,*,#7176,.F.);
#9248=ORIENTED_EDGE('',*,*,#7177,.T.);
#9249=ORIENTED_EDGE('',*,*,#7178,.T.);
#9250=ORIENTED_EDGE('',*,*,#7179,.F.);
#9251=ORIENTED_EDGE('',*,*,#7180,.F.);
#9252=ORIENTED_EDGE('',*,*,#7181,.T.);
#9253=ORIENTED_EDGE('',*,*,#7182,.T.);
#9254=ORIENTED_EDGE('',*,*,#7177,.F.);
#9255=ORIENTED_EDGE('',*,*,#7183,.F.);
#9256=ORIENTED_EDGE('',*,*,#7184,.T.);
#9257=ORIENTED_EDGE('',*,*,#7185,.T.);
#9258=ORIENTED_EDGE('',*,*,#7181,.F.);
#9259=ORIENTED_EDGE('',*,*,#7186,.F.);
#9260=ORIENTED_EDGE('',*,*,#7179,.T.);
#9261=ORIENTED_EDGE('',*,*,#7187,.T.);
#9262=ORIENTED_EDGE('',*,*,#7184,.F.);
#9263=ORIENTED_EDGE('',*,*,#7187,.F.);
#9264=ORIENTED_EDGE('',*,*,#7178,.F.);
#9265=ORIENTED_EDGE('',*,*,#7182,.F.);
#9266=ORIENTED_EDGE('',*,*,#7185,.F.);
#9267=ORIENTED_EDGE('',*,*,#7188,.F.);
#9268=ORIENTED_EDGE('',*,*,#7189,.T.);
#9269=ORIENTED_EDGE('',*,*,#7190,.T.);
#9270=ORIENTED_EDGE('',*,*,#7191,.F.);
#9271=ORIENTED_EDGE('',*,*,#7192,.F.);
#9272=ORIENTED_EDGE('',*,*,#7193,.T.);
#9273=ORIENTED_EDGE('',*,*,#7194,.T.);
#9274=ORIENTED_EDGE('',*,*,#7189,.F.);
#9275=ORIENTED_EDGE('',*,*,#7195,.F.);
#9276=ORIENTED_EDGE('',*,*,#7196,.T.);
#9277=ORIENTED_EDGE('',*,*,#7197,.T.);
#9278=ORIENTED_EDGE('',*,*,#7193,.F.);
#9279=ORIENTED_EDGE('',*,*,#7198,.F.);
#9280=ORIENTED_EDGE('',*,*,#7191,.T.);
#9281=ORIENTED_EDGE('',*,*,#7199,.T.);
#9282=ORIENTED_EDGE('',*,*,#7196,.F.);
#9283=ORIENTED_EDGE('',*,*,#7199,.F.);
#9284=ORIENTED_EDGE('',*,*,#7190,.F.);
#9285=ORIENTED_EDGE('',*,*,#7194,.F.);
#9286=ORIENTED_EDGE('',*,*,#7197,.F.);
#9287=ORIENTED_EDGE('',*,*,#7200,.F.);
#9288=ORIENTED_EDGE('',*,*,#7201,.F.);
#9289=ORIENTED_EDGE('',*,*,#7202,.F.);
#9290=ORIENTED_EDGE('',*,*,#7203,.T.);
#9291=ORIENTED_EDGE('',*,*,#7204,.F.);
#9292=ORIENTED_EDGE('',*,*,#7203,.F.);
#9293=ORIENTED_EDGE('',*,*,#7205,.F.);
#9294=ORIENTED_EDGE('',*,*,#7206,.T.);
#9295=ORIENTED_EDGE('',*,*,#7207,.F.);
#9296=ORIENTED_EDGE('',*,*,#7206,.F.);
#9297=ORIENTED_EDGE('',*,*,#7208,.F.);
#9298=ORIENTED_EDGE('',*,*,#7209,.T.);
#9299=ORIENTED_EDGE('',*,*,#7210,.F.);
#9300=ORIENTED_EDGE('',*,*,#7209,.F.);
#9301=ORIENTED_EDGE('',*,*,#7211,.F.);
#9302=ORIENTED_EDGE('',*,*,#7201,.T.);
#9303=ORIENTED_EDGE('',*,*,#7212,.F.);
#9304=ORIENTED_EDGE('',*,*,#7213,.F.);
#9305=ORIENTED_EDGE('',*,*,#7214,.F.);
#9306=ORIENTED_EDGE('',*,*,#7215,.T.);
#9307=ORIENTED_EDGE('',*,*,#7216,.F.);
#9308=ORIENTED_EDGE('',*,*,#7215,.F.);
#9309=ORIENTED_EDGE('',*,*,#7217,.F.);
#9310=ORIENTED_EDGE('',*,*,#7218,.T.);
#9311=ORIENTED_EDGE('',*,*,#7219,.F.);
#9312=ORIENTED_EDGE('',*,*,#7218,.F.);
#9313=ORIENTED_EDGE('',*,*,#7220,.F.);
#9314=ORIENTED_EDGE('',*,*,#7221,.T.);
#9315=ORIENTED_EDGE('',*,*,#7222,.F.);
#9316=ORIENTED_EDGE('',*,*,#7221,.F.);
#9317=ORIENTED_EDGE('',*,*,#7223,.F.);
#9318=ORIENTED_EDGE('',*,*,#7213,.T.);
#9319=ORIENTED_EDGE('',*,*,#7224,.F.);
#9320=ORIENTED_EDGE('',*,*,#7225,.T.);
#9321=ORIENTED_EDGE('',*,*,#7226,.T.);
#9322=ORIENTED_EDGE('',*,*,#7227,.F.);
#9323=ORIENTED_EDGE('',*,*,#7228,.F.);
#9324=ORIENTED_EDGE('',*,*,#7229,.T.);
#9325=ORIENTED_EDGE('',*,*,#7230,.T.);
#9326=ORIENTED_EDGE('',*,*,#7225,.F.);
#9327=ORIENTED_EDGE('',*,*,#7231,.F.);
#9328=ORIENTED_EDGE('',*,*,#7232,.T.);
#9329=ORIENTED_EDGE('',*,*,#7233,.T.);
#9330=ORIENTED_EDGE('',*,*,#7229,.F.);
#9331=ORIENTED_EDGE('',*,*,#7234,.F.);
#9332=ORIENTED_EDGE('',*,*,#7227,.T.);
#9333=ORIENTED_EDGE('',*,*,#7235,.T.);
#9334=ORIENTED_EDGE('',*,*,#7232,.F.);
#9335=ORIENTED_EDGE('',*,*,#7235,.F.);
#9336=ORIENTED_EDGE('',*,*,#7226,.F.);
#9337=ORIENTED_EDGE('',*,*,#7230,.F.);
#9338=ORIENTED_EDGE('',*,*,#7233,.F.);
#9339=ORIENTED_EDGE('',*,*,#7236,.F.);
#9340=ORIENTED_EDGE('',*,*,#7237,.F.);
#9341=ORIENTED_EDGE('',*,*,#7238,.F.);
#9342=ORIENTED_EDGE('',*,*,#7239,.T.);
#9343=ORIENTED_EDGE('',*,*,#7240,.F.);
#9344=ORIENTED_EDGE('',*,*,#7239,.F.);
#9345=ORIENTED_EDGE('',*,*,#7241,.F.);
#9346=ORIENTED_EDGE('',*,*,#7242,.T.);
#9347=ORIENTED_EDGE('',*,*,#7243,.F.);
#9348=ORIENTED_EDGE('',*,*,#7242,.F.);
#9349=ORIENTED_EDGE('',*,*,#7244,.F.);
#9350=ORIENTED_EDGE('',*,*,#7245,.T.);
#9351=ORIENTED_EDGE('',*,*,#7246,.F.);
#9352=ORIENTED_EDGE('',*,*,#7245,.F.);
#9353=ORIENTED_EDGE('',*,*,#7247,.F.);
#9354=ORIENTED_EDGE('',*,*,#7237,.T.);
#9355=ORIENTED_EDGE('',*,*,#7248,.F.);
#9356=ORIENTED_EDGE('',*,*,#7249,.F.);
#9357=ORIENTED_EDGE('',*,*,#7250,.F.);
#9358=ORIENTED_EDGE('',*,*,#7251,.T.);
#9359=ORIENTED_EDGE('',*,*,#7252,.F.);
#9360=ORIENTED_EDGE('',*,*,#7251,.F.);
#9361=ORIENTED_EDGE('',*,*,#7253,.F.);
#9362=ORIENTED_EDGE('',*,*,#7254,.T.);
#9363=ORIENTED_EDGE('',*,*,#7255,.F.);
#9364=ORIENTED_EDGE('',*,*,#7254,.F.);
#9365=ORIENTED_EDGE('',*,*,#7256,.F.);
#9366=ORIENTED_EDGE('',*,*,#7257,.T.);
#9367=ORIENTED_EDGE('',*,*,#7258,.F.);
#9368=ORIENTED_EDGE('',*,*,#7257,.F.);
#9369=ORIENTED_EDGE('',*,*,#7259,.F.);
#9370=ORIENTED_EDGE('',*,*,#7249,.T.);
#9371=ORIENTED_EDGE('',*,*,#7260,.F.);
#9372=ORIENTED_EDGE('',*,*,#7261,.F.);
#9373=ORIENTED_EDGE('',*,*,#7262,.F.);
#9374=ORIENTED_EDGE('',*,*,#7263,.T.);
#9375=ORIENTED_EDGE('',*,*,#7264,.F.);
#9376=ORIENTED_EDGE('',*,*,#7263,.F.);
#9377=ORIENTED_EDGE('',*,*,#7265,.F.);
#9378=ORIENTED_EDGE('',*,*,#7266,.T.);
#9379=ORIENTED_EDGE('',*,*,#7267,.F.);
#9380=ORIENTED_EDGE('',*,*,#7266,.F.);
#9381=ORIENTED_EDGE('',*,*,#7268,.F.);
#9382=ORIENTED_EDGE('',*,*,#7269,.T.);
#9383=ORIENTED_EDGE('',*,*,#7270,.F.);
#9384=ORIENTED_EDGE('',*,*,#7269,.F.);
#9385=ORIENTED_EDGE('',*,*,#7271,.F.);
#9386=ORIENTED_EDGE('',*,*,#7261,.T.);
#9387=ORIENTED_EDGE('',*,*,#7272,.F.);
#9388=ORIENTED_EDGE('',*,*,#7273,.F.);
#9389=ORIENTED_EDGE('',*,*,#7274,.F.);
#9390=ORIENTED_EDGE('',*,*,#7275,.T.);
#9391=ORIENTED_EDGE('',*,*,#7276,.F.);
#9392=ORIENTED_EDGE('',*,*,#7275,.F.);
#9393=ORIENTED_EDGE('',*,*,#7277,.F.);
#9394=ORIENTED_EDGE('',*,*,#7278,.T.);
#9395=ORIENTED_EDGE('',*,*,#7279,.F.);
#9396=ORIENTED_EDGE('',*,*,#7278,.F.);
#9397=ORIENTED_EDGE('',*,*,#7280,.F.);
#9398=ORIENTED_EDGE('',*,*,#7281,.T.);
#9399=ORIENTED_EDGE('',*,*,#7282,.F.);
#9400=ORIENTED_EDGE('',*,*,#7281,.F.);
#9401=ORIENTED_EDGE('',*,*,#7283,.F.);
#9402=ORIENTED_EDGE('',*,*,#7273,.T.);
#9403=ORIENTED_EDGE('',*,*,#7284,.F.);
#9404=ORIENTED_EDGE('',*,*,#7285,.F.);
#9405=ORIENTED_EDGE('',*,*,#7286,.F.);
#9406=ORIENTED_EDGE('',*,*,#7287,.T.);
#9407=ORIENTED_EDGE('',*,*,#7288,.F.);
#9408=ORIENTED_EDGE('',*,*,#7287,.F.);
#9409=ORIENTED_EDGE('',*,*,#7289,.F.);
#9410=ORIENTED_EDGE('',*,*,#7290,.T.);
#9411=ORIENTED_EDGE('',*,*,#7291,.F.);
#9412=ORIENTED_EDGE('',*,*,#7290,.F.);
#9413=ORIENTED_EDGE('',*,*,#7292,.F.);
#9414=ORIENTED_EDGE('',*,*,#7293,.T.);
#9415=ORIENTED_EDGE('',*,*,#7294,.F.);
#9416=ORIENTED_EDGE('',*,*,#7293,.F.);
#9417=ORIENTED_EDGE('',*,*,#7295,.F.);
#9418=ORIENTED_EDGE('',*,*,#7285,.T.);
#9419=ORIENTED_EDGE('',*,*,#7296,.F.);
#9420=ORIENTED_EDGE('',*,*,#7297,.F.);
#9421=ORIENTED_EDGE('',*,*,#7298,.F.);
#9422=ORIENTED_EDGE('',*,*,#7299,.T.);
#9423=ORIENTED_EDGE('',*,*,#7300,.F.);
#9424=ORIENTED_EDGE('',*,*,#7299,.F.);
#9425=ORIENTED_EDGE('',*,*,#7301,.F.);
#9426=ORIENTED_EDGE('',*,*,#7302,.T.);
#9427=ORIENTED_EDGE('',*,*,#7303,.F.);
#9428=ORIENTED_EDGE('',*,*,#7302,.F.);
#9429=ORIENTED_EDGE('',*,*,#7304,.F.);
#9430=ORIENTED_EDGE('',*,*,#7305,.T.);
#9431=ORIENTED_EDGE('',*,*,#7306,.F.);
#9432=ORIENTED_EDGE('',*,*,#7305,.F.);
#9433=ORIENTED_EDGE('',*,*,#7307,.F.);
#9434=ORIENTED_EDGE('',*,*,#7297,.T.);
#9435=ORIENTED_EDGE('',*,*,#7308,.F.);
#9436=ORIENTED_EDGE('',*,*,#7309,.F.);
#9437=ORIENTED_EDGE('',*,*,#7310,.F.);
#9438=ORIENTED_EDGE('',*,*,#7311,.T.);
#9439=ORIENTED_EDGE('',*,*,#7312,.F.);
#9440=ORIENTED_EDGE('',*,*,#7311,.F.);
#9441=ORIENTED_EDGE('',*,*,#7313,.F.);
#9442=ORIENTED_EDGE('',*,*,#7314,.T.);
#9443=ORIENTED_EDGE('',*,*,#7315,.F.);
#9444=ORIENTED_EDGE('',*,*,#7314,.F.);
#9445=ORIENTED_EDGE('',*,*,#7316,.F.);
#9446=ORIENTED_EDGE('',*,*,#7317,.T.);
#9447=ORIENTED_EDGE('',*,*,#7318,.F.);
#9448=ORIENTED_EDGE('',*,*,#7317,.F.);
#9449=ORIENTED_EDGE('',*,*,#7319,.F.);
#9450=ORIENTED_EDGE('',*,*,#7309,.T.);
#9451=ORIENTED_EDGE('',*,*,#7320,.F.);
#9452=ORIENTED_EDGE('',*,*,#7321,.F.);
#9453=ORIENTED_EDGE('',*,*,#7322,.F.);
#9454=ORIENTED_EDGE('',*,*,#7323,.T.);
#9455=ORIENTED_EDGE('',*,*,#7324,.F.);
#9456=ORIENTED_EDGE('',*,*,#7323,.F.);
#9457=ORIENTED_EDGE('',*,*,#7325,.F.);
#9458=ORIENTED_EDGE('',*,*,#7326,.T.);
#9459=ORIENTED_EDGE('',*,*,#7327,.F.);
#9460=ORIENTED_EDGE('',*,*,#7326,.F.);
#9461=ORIENTED_EDGE('',*,*,#7328,.F.);
#9462=ORIENTED_EDGE('',*,*,#7329,.T.);
#9463=ORIENTED_EDGE('',*,*,#7330,.F.);
#9464=ORIENTED_EDGE('',*,*,#7329,.F.);
#9465=ORIENTED_EDGE('',*,*,#7331,.F.);
#9466=ORIENTED_EDGE('',*,*,#7321,.T.);
#9467=ORIENTED_EDGE('',*,*,#7332,.F.);
#9468=ORIENTED_EDGE('',*,*,#7333,.F.);
#9469=ORIENTED_EDGE('',*,*,#7334,.F.);
#9470=ORIENTED_EDGE('',*,*,#7335,.T.);
#9471=ORIENTED_EDGE('',*,*,#7336,.F.);
#9472=ORIENTED_EDGE('',*,*,#7335,.F.);
#9473=ORIENTED_EDGE('',*,*,#7337,.F.);
#9474=ORIENTED_EDGE('',*,*,#7338,.T.);
#9475=ORIENTED_EDGE('',*,*,#7339,.F.);
#9476=ORIENTED_EDGE('',*,*,#7338,.F.);
#9477=ORIENTED_EDGE('',*,*,#7340,.F.);
#9478=ORIENTED_EDGE('',*,*,#7341,.T.);
#9479=ORIENTED_EDGE('',*,*,#7342,.F.);
#9480=ORIENTED_EDGE('',*,*,#7341,.F.);
#9481=ORIENTED_EDGE('',*,*,#7343,.F.);
#9482=ORIENTED_EDGE('',*,*,#7333,.T.);
#9483=ORIENTED_EDGE('',*,*,#7344,.F.);
#9484=ORIENTED_EDGE('',*,*,#7345,.F.);
#9485=ORIENTED_EDGE('',*,*,#7346,.F.);
#9486=ORIENTED_EDGE('',*,*,#7347,.T.);
#9487=ORIENTED_EDGE('',*,*,#7348,.F.);
#9488=ORIENTED_EDGE('',*,*,#7347,.F.);
#9489=ORIENTED_EDGE('',*,*,#7349,.F.);
#9490=ORIENTED_EDGE('',*,*,#7350,.T.);
#9491=ORIENTED_EDGE('',*,*,#7351,.F.);
#9492=ORIENTED_EDGE('',*,*,#7350,.F.);
#9493=ORIENTED_EDGE('',*,*,#7352,.F.);
#9494=ORIENTED_EDGE('',*,*,#7353,.T.);
#9495=ORIENTED_EDGE('',*,*,#7354,.F.);
#9496=ORIENTED_EDGE('',*,*,#7353,.F.);
#9497=ORIENTED_EDGE('',*,*,#7355,.F.);
#9498=ORIENTED_EDGE('',*,*,#7345,.T.);
#9499=ORIENTED_EDGE('',*,*,#7356,.F.);
#9500=ORIENTED_EDGE('',*,*,#7357,.T.);
#9501=ORIENTED_EDGE('',*,*,#7358,.T.);
#9502=ORIENTED_EDGE('',*,*,#7359,.F.);
#9503=ORIENTED_EDGE('',*,*,#7360,.F.);
#9504=ORIENTED_EDGE('',*,*,#7361,.T.);
#9505=ORIENTED_EDGE('',*,*,#7362,.T.);
#9506=ORIENTED_EDGE('',*,*,#7357,.F.);
#9507=ORIENTED_EDGE('',*,*,#7363,.F.);
#9508=ORIENTED_EDGE('',*,*,#7364,.T.);
#9509=ORIENTED_EDGE('',*,*,#7365,.T.);
#9510=ORIENTED_EDGE('',*,*,#7361,.F.);
#9511=ORIENTED_EDGE('',*,*,#7366,.F.);
#9512=ORIENTED_EDGE('',*,*,#7359,.T.);
#9513=ORIENTED_EDGE('',*,*,#7367,.T.);
#9514=ORIENTED_EDGE('',*,*,#7364,.F.);
#9515=ORIENTED_EDGE('',*,*,#7367,.F.);
#9516=ORIENTED_EDGE('',*,*,#7358,.F.);
#9517=ORIENTED_EDGE('',*,*,#7362,.F.);
#9518=ORIENTED_EDGE('',*,*,#7365,.F.);
#9519=ORIENTED_EDGE('',*,*,#7368,.F.);
#9520=ORIENTED_EDGE('',*,*,#7369,.F.);
#9521=ORIENTED_EDGE('',*,*,#7370,.F.);
#9522=ORIENTED_EDGE('',*,*,#7371,.T.);
#9523=ORIENTED_EDGE('',*,*,#7372,.F.);
#9524=ORIENTED_EDGE('',*,*,#7371,.F.);
#9525=ORIENTED_EDGE('',*,*,#7373,.F.);
#9526=ORIENTED_EDGE('',*,*,#7374,.T.);
#9527=ORIENTED_EDGE('',*,*,#7375,.F.);
#9528=ORIENTED_EDGE('',*,*,#7374,.F.);
#9529=ORIENTED_EDGE('',*,*,#7376,.F.);
#9530=ORIENTED_EDGE('',*,*,#7377,.T.);
#9531=ORIENTED_EDGE('',*,*,#7378,.F.);
#9532=ORIENTED_EDGE('',*,*,#7377,.F.);
#9533=ORIENTED_EDGE('',*,*,#7379,.F.);
#9534=ORIENTED_EDGE('',*,*,#7369,.T.);
#9535=ORIENTED_EDGE('',*,*,#7380,.F.);
#9536=ORIENTED_EDGE('',*,*,#7381,.F.);
#9537=ORIENTED_EDGE('',*,*,#7382,.F.);
#9538=ORIENTED_EDGE('',*,*,#7383,.T.);
#9539=ORIENTED_EDGE('',*,*,#7384,.F.);
#9540=ORIENTED_EDGE('',*,*,#7383,.F.);
#9541=ORIENTED_EDGE('',*,*,#7385,.F.);
#9542=ORIENTED_EDGE('',*,*,#7386,.T.);
#9543=ORIENTED_EDGE('',*,*,#7387,.F.);
#9544=ORIENTED_EDGE('',*,*,#7386,.F.);
#9545=ORIENTED_EDGE('',*,*,#7388,.F.);
#9546=ORIENTED_EDGE('',*,*,#7389,.T.);
#9547=ORIENTED_EDGE('',*,*,#7390,.F.);
#9548=ORIENTED_EDGE('',*,*,#7389,.F.);
#9549=ORIENTED_EDGE('',*,*,#7391,.F.);
#9550=ORIENTED_EDGE('',*,*,#7381,.T.);
#9551=ORIENTED_EDGE('',*,*,#7392,.F.);
#9552=ORIENTED_EDGE('',*,*,#7393,.T.);
#9553=ORIENTED_EDGE('',*,*,#7394,.T.);
#9554=ORIENTED_EDGE('',*,*,#7395,.F.);
#9555=ORIENTED_EDGE('',*,*,#7396,.F.);
#9556=ORIENTED_EDGE('',*,*,#7397,.T.);
#9557=ORIENTED_EDGE('',*,*,#7398,.T.);
#9558=ORIENTED_EDGE('',*,*,#7393,.F.);
#9559=ORIENTED_EDGE('',*,*,#7399,.F.);
#9560=ORIENTED_EDGE('',*,*,#7400,.T.);
#9561=ORIENTED_EDGE('',*,*,#7401,.T.);
#9562=ORIENTED_EDGE('',*,*,#7397,.F.);
#9563=ORIENTED_EDGE('',*,*,#7402,.F.);
#9564=ORIENTED_EDGE('',*,*,#7395,.T.);
#9565=ORIENTED_EDGE('',*,*,#7403,.T.);
#9566=ORIENTED_EDGE('',*,*,#7400,.F.);
#9567=ORIENTED_EDGE('',*,*,#7403,.F.);
#9568=ORIENTED_EDGE('',*,*,#7394,.F.);
#9569=ORIENTED_EDGE('',*,*,#7398,.F.);
#9570=ORIENTED_EDGE('',*,*,#7401,.F.);
#9571=ORIENTED_EDGE('',*,*,#7404,.F.);
#9572=ORIENTED_EDGE('',*,*,#7405,.F.);
#9573=ORIENTED_EDGE('',*,*,#7406,.F.);
#9574=ORIENTED_EDGE('',*,*,#7407,.T.);
#9575=ORIENTED_EDGE('',*,*,#7408,.F.);
#9576=ORIENTED_EDGE('',*,*,#7407,.F.);
#9577=ORIENTED_EDGE('',*,*,#7409,.F.);
#9578=ORIENTED_EDGE('',*,*,#7410,.T.);
#9579=ORIENTED_EDGE('',*,*,#7411,.F.);
#9580=ORIENTED_EDGE('',*,*,#7410,.F.);
#9581=ORIENTED_EDGE('',*,*,#7412,.F.);
#9582=ORIENTED_EDGE('',*,*,#7413,.T.);
#9583=ORIENTED_EDGE('',*,*,#7414,.F.);
#9584=ORIENTED_EDGE('',*,*,#7413,.F.);
#9585=ORIENTED_EDGE('',*,*,#7415,.F.);
#9586=ORIENTED_EDGE('',*,*,#7405,.T.);
#9587=ORIENTED_EDGE('',*,*,#7416,.F.);
#9588=ORIENTED_EDGE('',*,*,#7417,.F.);
#9589=ORIENTED_EDGE('',*,*,#7418,.F.);
#9590=ORIENTED_EDGE('',*,*,#7419,.T.);
#9591=ORIENTED_EDGE('',*,*,#7420,.F.);
#9592=ORIENTED_EDGE('',*,*,#7419,.F.);
#9593=ORIENTED_EDGE('',*,*,#7421,.F.);
#9594=ORIENTED_EDGE('',*,*,#7422,.T.);
#9595=ORIENTED_EDGE('',*,*,#7423,.F.);
#9596=ORIENTED_EDGE('',*,*,#7422,.F.);
#9597=ORIENTED_EDGE('',*,*,#7424,.F.);
#9598=ORIENTED_EDGE('',*,*,#7425,.T.);
#9599=ORIENTED_EDGE('',*,*,#7426,.F.);
#9600=ORIENTED_EDGE('',*,*,#7425,.F.);
#9601=ORIENTED_EDGE('',*,*,#7427,.F.);
#9602=ORIENTED_EDGE('',*,*,#7417,.T.);
#9603=ORIENTED_EDGE('',*,*,#7428,.F.);
#9604=ORIENTED_EDGE('',*,*,#7429,.T.);
#9605=ORIENTED_EDGE('',*,*,#7430,.T.);
#9606=ORIENTED_EDGE('',*,*,#7431,.F.);
#9607=ORIENTED_EDGE('',*,*,#7432,.F.);
#9608=ORIENTED_EDGE('',*,*,#7433,.T.);
#9609=ORIENTED_EDGE('',*,*,#7434,.T.);
#9610=ORIENTED_EDGE('',*,*,#7429,.F.);
#9611=ORIENTED_EDGE('',*,*,#7435,.F.);
#9612=ORIENTED_EDGE('',*,*,#7436,.T.);
#9613=ORIENTED_EDGE('',*,*,#7437,.T.);
#9614=ORIENTED_EDGE('',*,*,#7433,.F.);
#9615=ORIENTED_EDGE('',*,*,#7438,.F.);
#9616=ORIENTED_EDGE('',*,*,#7431,.T.);
#9617=ORIENTED_EDGE('',*,*,#7439,.T.);
#9618=ORIENTED_EDGE('',*,*,#7436,.F.);
#9619=ORIENTED_EDGE('',*,*,#7439,.F.);
#9620=ORIENTED_EDGE('',*,*,#7430,.F.);
#9621=ORIENTED_EDGE('',*,*,#7434,.F.);
#9622=ORIENTED_EDGE('',*,*,#7437,.F.);
#9623=ORIENTED_EDGE('',*,*,#7440,.F.);
#9624=ORIENTED_EDGE('',*,*,#7441,.F.);
#9625=ORIENTED_EDGE('',*,*,#7442,.F.);
#9626=ORIENTED_EDGE('',*,*,#7443,.T.);
#9627=ORIENTED_EDGE('',*,*,#7444,.F.);
#9628=ORIENTED_EDGE('',*,*,#7443,.F.);
#9629=ORIENTED_EDGE('',*,*,#7445,.F.);
#9630=ORIENTED_EDGE('',*,*,#7446,.T.);
#9631=ORIENTED_EDGE('',*,*,#7447,.F.);
#9632=ORIENTED_EDGE('',*,*,#7446,.F.);
#9633=ORIENTED_EDGE('',*,*,#7448,.F.);
#9634=ORIENTED_EDGE('',*,*,#7449,.T.);
#9635=ORIENTED_EDGE('',*,*,#7450,.F.);
#9636=ORIENTED_EDGE('',*,*,#7449,.F.);
#9637=ORIENTED_EDGE('',*,*,#7451,.F.);
#9638=ORIENTED_EDGE('',*,*,#7441,.T.);
#9639=ORIENTED_EDGE('',*,*,#7452,.F.);
#9640=ORIENTED_EDGE('',*,*,#7453,.F.);
#9641=ORIENTED_EDGE('',*,*,#7454,.F.);
#9642=ORIENTED_EDGE('',*,*,#7455,.T.);
#9643=ORIENTED_EDGE('',*,*,#7456,.F.);
#9644=ORIENTED_EDGE('',*,*,#7455,.F.);
#9645=ORIENTED_EDGE('',*,*,#7457,.F.);
#9646=ORIENTED_EDGE('',*,*,#7458,.T.);
#9647=ORIENTED_EDGE('',*,*,#7459,.F.);
#9648=ORIENTED_EDGE('',*,*,#7458,.F.);
#9649=ORIENTED_EDGE('',*,*,#7460,.F.);
#9650=ORIENTED_EDGE('',*,*,#7461,.T.);
#9651=ORIENTED_EDGE('',*,*,#7462,.F.);
#9652=ORIENTED_EDGE('',*,*,#7461,.F.);
#9653=ORIENTED_EDGE('',*,*,#7463,.F.);
#9654=ORIENTED_EDGE('',*,*,#7453,.T.);
#9655=ORIENTED_EDGE('',*,*,#7464,.F.);
#9656=ORIENTED_EDGE('',*,*,#7465,.F.);
#9657=ORIENTED_EDGE('',*,*,#7466,.F.);
#9658=ORIENTED_EDGE('',*,*,#7467,.T.);
#9659=ORIENTED_EDGE('',*,*,#7468,.F.);
#9660=ORIENTED_EDGE('',*,*,#7467,.F.);
#9661=ORIENTED_EDGE('',*,*,#7469,.F.);
#9662=ORIENTED_EDGE('',*,*,#7470,.T.);
#9663=ORIENTED_EDGE('',*,*,#7471,.F.);
#9664=ORIENTED_EDGE('',*,*,#7470,.F.);
#9665=ORIENTED_EDGE('',*,*,#7472,.F.);
#9666=ORIENTED_EDGE('',*,*,#7473,.T.);
#9667=ORIENTED_EDGE('',*,*,#7474,.F.);
#9668=ORIENTED_EDGE('',*,*,#7473,.F.);
#9669=ORIENTED_EDGE('',*,*,#7475,.F.);
#9670=ORIENTED_EDGE('',*,*,#7465,.T.);
#9671=ORIENTED_EDGE('',*,*,#7476,.F.);
#9672=ORIENTED_EDGE('',*,*,#7477,.F.);
#9673=ORIENTED_EDGE('',*,*,#7478,.F.);
#9674=ORIENTED_EDGE('',*,*,#7479,.T.);
#9675=ORIENTED_EDGE('',*,*,#7480,.F.);
#9676=ORIENTED_EDGE('',*,*,#7479,.F.);
#9677=ORIENTED_EDGE('',*,*,#7481,.F.);
#9678=ORIENTED_EDGE('',*,*,#7482,.T.);
#9679=ORIENTED_EDGE('',*,*,#7483,.F.);
#9680=ORIENTED_EDGE('',*,*,#7482,.F.);
#9681=ORIENTED_EDGE('',*,*,#7484,.F.);
#9682=ORIENTED_EDGE('',*,*,#7485,.T.);
#9683=ORIENTED_EDGE('',*,*,#7486,.F.);
#9684=ORIENTED_EDGE('',*,*,#7485,.F.);
#9685=ORIENTED_EDGE('',*,*,#7487,.F.);
#9686=ORIENTED_EDGE('',*,*,#7477,.T.);
#9687=ORIENTED_EDGE('',*,*,#7488,.F.);
#9688=ORIENTED_EDGE('',*,*,#7489,.F.);
#9689=ORIENTED_EDGE('',*,*,#7490,.F.);
#9690=ORIENTED_EDGE('',*,*,#7491,.T.);
#9691=ORIENTED_EDGE('',*,*,#7492,.F.);
#9692=ORIENTED_EDGE('',*,*,#7491,.F.);
#9693=ORIENTED_EDGE('',*,*,#7493,.F.);
#9694=ORIENTED_EDGE('',*,*,#7494,.T.);
#9695=ORIENTED_EDGE('',*,*,#7495,.F.);
#9696=ORIENTED_EDGE('',*,*,#7494,.F.);
#9697=ORIENTED_EDGE('',*,*,#7496,.F.);
#9698=ORIENTED_EDGE('',*,*,#7497,.T.);
#9699=ORIENTED_EDGE('',*,*,#7498,.F.);
#9700=ORIENTED_EDGE('',*,*,#7497,.F.);
#9701=ORIENTED_EDGE('',*,*,#7499,.F.);
#9702=ORIENTED_EDGE('',*,*,#7489,.T.);
#9703=ORIENTED_EDGE('',*,*,#7500,.F.);
#9704=ORIENTED_EDGE('',*,*,#7501,.T.);
#9705=ORIENTED_EDGE('',*,*,#7502,.T.);
#9706=ORIENTED_EDGE('',*,*,#7503,.F.);
#9707=ORIENTED_EDGE('',*,*,#7504,.F.);
#9708=ORIENTED_EDGE('',*,*,#7505,.T.);
#9709=ORIENTED_EDGE('',*,*,#7506,.T.);
#9710=ORIENTED_EDGE('',*,*,#7501,.F.);
#9711=ORIENTED_EDGE('',*,*,#7507,.F.);
#9712=ORIENTED_EDGE('',*,*,#7508,.T.);
#9713=ORIENTED_EDGE('',*,*,#7509,.T.);
#9714=ORIENTED_EDGE('',*,*,#7505,.F.);
#9715=ORIENTED_EDGE('',*,*,#7510,.F.);
#9716=ORIENTED_EDGE('',*,*,#7503,.T.);
#9717=ORIENTED_EDGE('',*,*,#7511,.T.);
#9718=ORIENTED_EDGE('',*,*,#7508,.F.);
#9719=ORIENTED_EDGE('',*,*,#7511,.F.);
#9720=ORIENTED_EDGE('',*,*,#7502,.F.);
#9721=ORIENTED_EDGE('',*,*,#7506,.F.);
#9722=ORIENTED_EDGE('',*,*,#7509,.F.);
#9723=ORIENTED_EDGE('',*,*,#7512,.F.);
#9724=ORIENTED_EDGE('',*,*,#7513,.F.);
#9725=ORIENTED_EDGE('',*,*,#7514,.F.);
#9726=ORIENTED_EDGE('',*,*,#7515,.T.);
#9727=ORIENTED_EDGE('',*,*,#7516,.F.);
#9728=ORIENTED_EDGE('',*,*,#7515,.F.);
#9729=ORIENTED_EDGE('',*,*,#7517,.F.);
#9730=ORIENTED_EDGE('',*,*,#7518,.T.);
#9731=ORIENTED_EDGE('',*,*,#7519,.F.);
#9732=ORIENTED_EDGE('',*,*,#7518,.F.);
#9733=ORIENTED_EDGE('',*,*,#7520,.F.);
#9734=ORIENTED_EDGE('',*,*,#7521,.T.);
#9735=ORIENTED_EDGE('',*,*,#7522,.F.);
#9736=ORIENTED_EDGE('',*,*,#7521,.F.);
#9737=ORIENTED_EDGE('',*,*,#7523,.F.);
#9738=ORIENTED_EDGE('',*,*,#7513,.T.);
#9739=ORIENTED_EDGE('',*,*,#7524,.F.);
#9740=ORIENTED_EDGE('',*,*,#7525,.T.);
#9741=ORIENTED_EDGE('',*,*,#7526,.T.);
#9742=ORIENTED_EDGE('',*,*,#7527,.F.);
#9743=ORIENTED_EDGE('',*,*,#7528,.F.);
#9744=ORIENTED_EDGE('',*,*,#7529,.T.);
#9745=ORIENTED_EDGE('',*,*,#7530,.T.);
#9746=ORIENTED_EDGE('',*,*,#7525,.F.);
#9747=ORIENTED_EDGE('',*,*,#7531,.F.);
#9748=ORIENTED_EDGE('',*,*,#7532,.T.);
#9749=ORIENTED_EDGE('',*,*,#7533,.T.);
#9750=ORIENTED_EDGE('',*,*,#7529,.F.);
#9751=ORIENTED_EDGE('',*,*,#7534,.F.);
#9752=ORIENTED_EDGE('',*,*,#7527,.T.);
#9753=ORIENTED_EDGE('',*,*,#7535,.T.);
#9754=ORIENTED_EDGE('',*,*,#7532,.F.);
#9755=ORIENTED_EDGE('',*,*,#7535,.F.);
#9756=ORIENTED_EDGE('',*,*,#7526,.F.);
#9757=ORIENTED_EDGE('',*,*,#7530,.F.);
#9758=ORIENTED_EDGE('',*,*,#7533,.F.);
#9759=ORIENTED_EDGE('',*,*,#7536,.F.);
#9760=ORIENTED_EDGE('',*,*,#7537,.F.);
#9761=ORIENTED_EDGE('',*,*,#7538,.F.);
#9762=ORIENTED_EDGE('',*,*,#7539,.T.);
#9763=ORIENTED_EDGE('',*,*,#7540,.F.);
#9764=ORIENTED_EDGE('',*,*,#7539,.F.);
#9765=ORIENTED_EDGE('',*,*,#7541,.F.);
#9766=ORIENTED_EDGE('',*,*,#7542,.T.);
#9767=ORIENTED_EDGE('',*,*,#7543,.F.);
#9768=ORIENTED_EDGE('',*,*,#7542,.F.);
#9769=ORIENTED_EDGE('',*,*,#7544,.F.);
#9770=ORIENTED_EDGE('',*,*,#7545,.T.);
#9771=ORIENTED_EDGE('',*,*,#7546,.F.);
#9772=ORIENTED_EDGE('',*,*,#7545,.F.);
#9773=ORIENTED_EDGE('',*,*,#7547,.F.);
#9774=ORIENTED_EDGE('',*,*,#7537,.T.);
#9775=ORIENTED_EDGE('',*,*,#7548,.F.);
#9776=ORIENTED_EDGE('',*,*,#7549,.F.);
#9777=ORIENTED_EDGE('',*,*,#7550,.F.);
#9778=ORIENTED_EDGE('',*,*,#7551,.T.);
#9779=ORIENTED_EDGE('',*,*,#7552,.F.);
#9780=ORIENTED_EDGE('',*,*,#7551,.F.);
#9781=ORIENTED_EDGE('',*,*,#7553,.F.);
#9782=ORIENTED_EDGE('',*,*,#7554,.T.);
#9783=ORIENTED_EDGE('',*,*,#7555,.F.);
#9784=ORIENTED_EDGE('',*,*,#7554,.F.);
#9785=ORIENTED_EDGE('',*,*,#7556,.F.);
#9786=ORIENTED_EDGE('',*,*,#7557,.T.);
#9787=ORIENTED_EDGE('',*,*,#7558,.F.);
#9788=ORIENTED_EDGE('',*,*,#7557,.F.);
#9789=ORIENTED_EDGE('',*,*,#7559,.F.);
#9790=ORIENTED_EDGE('',*,*,#7549,.T.);
#9791=ORIENTED_EDGE('',*,*,#7560,.F.);
#9792=ORIENTED_EDGE('',*,*,#7561,.F.);
#9793=ORIENTED_EDGE('',*,*,#7562,.F.);
#9794=ORIENTED_EDGE('',*,*,#7563,.T.);
#9795=ORIENTED_EDGE('',*,*,#7564,.F.);
#9796=ORIENTED_EDGE('',*,*,#7563,.F.);
#9797=ORIENTED_EDGE('',*,*,#7565,.F.);
#9798=ORIENTED_EDGE('',*,*,#7566,.T.);
#9799=ORIENTED_EDGE('',*,*,#7567,.F.);
#9800=ORIENTED_EDGE('',*,*,#7566,.F.);
#9801=ORIENTED_EDGE('',*,*,#7568,.F.);
#9802=ORIENTED_EDGE('',*,*,#7569,.T.);
#9803=ORIENTED_EDGE('',*,*,#7570,.F.);
#9804=ORIENTED_EDGE('',*,*,#7569,.F.);
#9805=ORIENTED_EDGE('',*,*,#7571,.F.);
#9806=ORIENTED_EDGE('',*,*,#7561,.T.);
#9807=ORIENTED_EDGE('',*,*,#7572,.F.);
#9808=ORIENTED_EDGE('',*,*,#7573,.T.);
#9809=ORIENTED_EDGE('',*,*,#7574,.T.);
#9810=ORIENTED_EDGE('',*,*,#7575,.F.);
#9811=ORIENTED_EDGE('',*,*,#7576,.F.);
#9812=ORIENTED_EDGE('',*,*,#7577,.T.);
#9813=ORIENTED_EDGE('',*,*,#7578,.T.);
#9814=ORIENTED_EDGE('',*,*,#7573,.F.);
#9815=ORIENTED_EDGE('',*,*,#7579,.F.);
#9816=ORIENTED_EDGE('',*,*,#7580,.T.);
#9817=ORIENTED_EDGE('',*,*,#7581,.T.);
#9818=ORIENTED_EDGE('',*,*,#7577,.F.);
#9819=ORIENTED_EDGE('',*,*,#7582,.F.);
#9820=ORIENTED_EDGE('',*,*,#7575,.T.);
#9821=ORIENTED_EDGE('',*,*,#7583,.T.);
#9822=ORIENTED_EDGE('',*,*,#7580,.F.);
#9823=ORIENTED_EDGE('',*,*,#7583,.F.);
#9824=ORIENTED_EDGE('',*,*,#7574,.F.);
#9825=ORIENTED_EDGE('',*,*,#7578,.F.);
#9826=ORIENTED_EDGE('',*,*,#7581,.F.);
#9827=ORIENTED_EDGE('',*,*,#7584,.F.);
#9828=ORIENTED_EDGE('',*,*,#7585,.F.);
#9829=ORIENTED_EDGE('',*,*,#7586,.F.);
#9830=ORIENTED_EDGE('',*,*,#7587,.T.);
#9831=ORIENTED_EDGE('',*,*,#7588,.F.);
#9832=ORIENTED_EDGE('',*,*,#7587,.F.);
#9833=ORIENTED_EDGE('',*,*,#7589,.F.);
#9834=ORIENTED_EDGE('',*,*,#7590,.T.);
#9835=ORIENTED_EDGE('',*,*,#7591,.F.);
#9836=ORIENTED_EDGE('',*,*,#7590,.F.);
#9837=ORIENTED_EDGE('',*,*,#7592,.F.);
#9838=ORIENTED_EDGE('',*,*,#7593,.T.);
#9839=ORIENTED_EDGE('',*,*,#7594,.F.);
#9840=ORIENTED_EDGE('',*,*,#7593,.F.);
#9841=ORIENTED_EDGE('',*,*,#7595,.F.);
#9842=ORIENTED_EDGE('',*,*,#7585,.T.);
#9843=ORIENTED_EDGE('',*,*,#7596,.F.);
#9844=ORIENTED_EDGE('',*,*,#7597,.T.);
#9845=ORIENTED_EDGE('',*,*,#7598,.T.);
#9846=ORIENTED_EDGE('',*,*,#7599,.F.);
#9847=ORIENTED_EDGE('',*,*,#7600,.F.);
#9848=ORIENTED_EDGE('',*,*,#7601,.T.);
#9849=ORIENTED_EDGE('',*,*,#7602,.T.);
#9850=ORIENTED_EDGE('',*,*,#7597,.F.);
#9851=ORIENTED_EDGE('',*,*,#7603,.F.);
#9852=ORIENTED_EDGE('',*,*,#7604,.T.);
#9853=ORIENTED_EDGE('',*,*,#7605,.T.);
#9854=ORIENTED_EDGE('',*,*,#7601,.F.);
#9855=ORIENTED_EDGE('',*,*,#7606,.F.);
#9856=ORIENTED_EDGE('',*,*,#7599,.T.);
#9857=ORIENTED_EDGE('',*,*,#7607,.T.);
#9858=ORIENTED_EDGE('',*,*,#7604,.F.);
#9859=ORIENTED_EDGE('',*,*,#7607,.F.);
#9860=ORIENTED_EDGE('',*,*,#7598,.F.);
#9861=ORIENTED_EDGE('',*,*,#7602,.F.);
#9862=ORIENTED_EDGE('',*,*,#7605,.F.);
#9863=ORIENTED_EDGE('',*,*,#7608,.F.);
#9864=ORIENTED_EDGE('',*,*,#7609,.T.);
#9865=ORIENTED_EDGE('',*,*,#7610,.T.);
#9866=ORIENTED_EDGE('',*,*,#7611,.F.);
#9867=ORIENTED_EDGE('',*,*,#7612,.F.);
#9868=ORIENTED_EDGE('',*,*,#7613,.T.);
#9869=ORIENTED_EDGE('',*,*,#7614,.T.);
#9870=ORIENTED_EDGE('',*,*,#7609,.F.);
#9871=ORIENTED_EDGE('',*,*,#7615,.F.);
#9872=ORIENTED_EDGE('',*,*,#7616,.T.);
#9873=ORIENTED_EDGE('',*,*,#7617,.T.);
#9874=ORIENTED_EDGE('',*,*,#7613,.F.);
#9875=ORIENTED_EDGE('',*,*,#7618,.F.);
#9876=ORIENTED_EDGE('',*,*,#7611,.T.);
#9877=ORIENTED_EDGE('',*,*,#7619,.T.);
#9878=ORIENTED_EDGE('',*,*,#7616,.F.);
#9879=ORIENTED_EDGE('',*,*,#7619,.F.);
#9880=ORIENTED_EDGE('',*,*,#7610,.F.);
#9881=ORIENTED_EDGE('',*,*,#7614,.F.);
#9882=ORIENTED_EDGE('',*,*,#7617,.F.);
#9883=ORIENTED_EDGE('',*,*,#7620,.F.);
#9884=ORIENTED_EDGE('',*,*,#7621,.F.);
#9885=ORIENTED_EDGE('',*,*,#7622,.F.);
#9886=ORIENTED_EDGE('',*,*,#7623,.T.);
#9887=ORIENTED_EDGE('',*,*,#7624,.F.);
#9888=ORIENTED_EDGE('',*,*,#7623,.F.);
#9889=ORIENTED_EDGE('',*,*,#7625,.F.);
#9890=ORIENTED_EDGE('',*,*,#7626,.T.);
#9891=ORIENTED_EDGE('',*,*,#7627,.F.);
#9892=ORIENTED_EDGE('',*,*,#7626,.F.);
#9893=ORIENTED_EDGE('',*,*,#7628,.F.);
#9894=ORIENTED_EDGE('',*,*,#7629,.T.);
#9895=ORIENTED_EDGE('',*,*,#7630,.F.);
#9896=ORIENTED_EDGE('',*,*,#7629,.F.);
#9897=ORIENTED_EDGE('',*,*,#7631,.F.);
#9898=ORIENTED_EDGE('',*,*,#7621,.T.);
#9899=ORIENTED_EDGE('',*,*,#7632,.F.);
#9900=ORIENTED_EDGE('',*,*,#7633,.F.);
#9901=ORIENTED_EDGE('',*,*,#7634,.F.);
#9902=ORIENTED_EDGE('',*,*,#7635,.T.);
#9903=ORIENTED_EDGE('',*,*,#7636,.F.);
#9904=ORIENTED_EDGE('',*,*,#7635,.F.);
#9905=ORIENTED_EDGE('',*,*,#7637,.F.);
#9906=ORIENTED_EDGE('',*,*,#7638,.T.);
#9907=ORIENTED_EDGE('',*,*,#7639,.F.);
#9908=ORIENTED_EDGE('',*,*,#7638,.F.);
#9909=ORIENTED_EDGE('',*,*,#7640,.F.);
#9910=ORIENTED_EDGE('',*,*,#7641,.T.);
#9911=ORIENTED_EDGE('',*,*,#7642,.F.);
#9912=ORIENTED_EDGE('',*,*,#7641,.F.);
#9913=ORIENTED_EDGE('',*,*,#7643,.F.);
#9914=ORIENTED_EDGE('',*,*,#7633,.T.);
#9915=ORIENTED_EDGE('',*,*,#7644,.F.);
#9916=ORIENTED_EDGE('',*,*,#7645,.F.);
#9917=ORIENTED_EDGE('',*,*,#7646,.F.);
#9918=ORIENTED_EDGE('',*,*,#7647,.T.);
#9919=ORIENTED_EDGE('',*,*,#7648,.F.);
#9920=ORIENTED_EDGE('',*,*,#7647,.F.);
#9921=ORIENTED_EDGE('',*,*,#7649,.F.);
#9922=ORIENTED_EDGE('',*,*,#7650,.T.);
#9923=ORIENTED_EDGE('',*,*,#7651,.F.);
#9924=ORIENTED_EDGE('',*,*,#7650,.F.);
#9925=ORIENTED_EDGE('',*,*,#7652,.F.);
#9926=ORIENTED_EDGE('',*,*,#7653,.T.);
#9927=ORIENTED_EDGE('',*,*,#7654,.F.);
#9928=ORIENTED_EDGE('',*,*,#7653,.F.);
#9929=ORIENTED_EDGE('',*,*,#7655,.F.);
#9930=ORIENTED_EDGE('',*,*,#7645,.T.);
#9931=ORIENTED_EDGE('',*,*,#7656,.F.);
#9932=ORIENTED_EDGE('',*,*,#7657,.F.);
#9933=ORIENTED_EDGE('',*,*,#7658,.F.);
#9934=ORIENTED_EDGE('',*,*,#7659,.T.);
#9935=ORIENTED_EDGE('',*,*,#7660,.F.);
#9936=ORIENTED_EDGE('',*,*,#7659,.F.);
#9937=ORIENTED_EDGE('',*,*,#7661,.F.);
#9938=ORIENTED_EDGE('',*,*,#7662,.T.);
#9939=ORIENTED_EDGE('',*,*,#7663,.F.);
#9940=ORIENTED_EDGE('',*,*,#7662,.F.);
#9941=ORIENTED_EDGE('',*,*,#7664,.F.);
#9942=ORIENTED_EDGE('',*,*,#7665,.T.);
#9943=ORIENTED_EDGE('',*,*,#7666,.F.);
#9944=ORIENTED_EDGE('',*,*,#7665,.F.);
#9945=ORIENTED_EDGE('',*,*,#7667,.F.);
#9946=ORIENTED_EDGE('',*,*,#7657,.T.);
#9947=ORIENTED_EDGE('',*,*,#7668,.F.);
#9948=ORIENTED_EDGE('',*,*,#7669,.T.);
#9949=ORIENTED_EDGE('',*,*,#7670,.T.);
#9950=ORIENTED_EDGE('',*,*,#7671,.F.);
#9951=ORIENTED_EDGE('',*,*,#7672,.F.);
#9952=ORIENTED_EDGE('',*,*,#7673,.T.);
#9953=ORIENTED_EDGE('',*,*,#7674,.T.);
#9954=ORIENTED_EDGE('',*,*,#7669,.F.);
#9955=ORIENTED_EDGE('',*,*,#7675,.F.);
#9956=ORIENTED_EDGE('',*,*,#7676,.T.);
#9957=ORIENTED_EDGE('',*,*,#7677,.T.);
#9958=ORIENTED_EDGE('',*,*,#7673,.F.);
#9959=ORIENTED_EDGE('',*,*,#7678,.F.);
#9960=ORIENTED_EDGE('',*,*,#7671,.T.);
#9961=ORIENTED_EDGE('',*,*,#7679,.T.);
#9962=ORIENTED_EDGE('',*,*,#7676,.F.);
#9963=ORIENTED_EDGE('',*,*,#7679,.F.);
#9964=ORIENTED_EDGE('',*,*,#7670,.F.);
#9965=ORIENTED_EDGE('',*,*,#7674,.F.);
#9966=ORIENTED_EDGE('',*,*,#7677,.F.);
#9967=ORIENTED_EDGE('',*,*,#7680,.F.);
#9968=ORIENTED_EDGE('',*,*,#7681,.F.);
#9969=ORIENTED_EDGE('',*,*,#7682,.F.);
#9970=ORIENTED_EDGE('',*,*,#7683,.T.);
#9971=ORIENTED_EDGE('',*,*,#7684,.F.);
#9972=ORIENTED_EDGE('',*,*,#7683,.F.);
#9973=ORIENTED_EDGE('',*,*,#7685,.F.);
#9974=ORIENTED_EDGE('',*,*,#7686,.T.);
#9975=ORIENTED_EDGE('',*,*,#7687,.F.);
#9976=ORIENTED_EDGE('',*,*,#7686,.F.);
#9977=ORIENTED_EDGE('',*,*,#7688,.F.);
#9978=ORIENTED_EDGE('',*,*,#7689,.T.);
#9979=ORIENTED_EDGE('',*,*,#7690,.F.);
#9980=ORIENTED_EDGE('',*,*,#7689,.F.);
#9981=ORIENTED_EDGE('',*,*,#7691,.F.);
#9982=ORIENTED_EDGE('',*,*,#7681,.T.);
#9983=ORIENTED_EDGE('',*,*,#7692,.F.);
#9984=ORIENTED_EDGE('',*,*,#7693,.F.);
#9985=ORIENTED_EDGE('',*,*,#7694,.F.);
#9986=ORIENTED_EDGE('',*,*,#7695,.T.);
#9987=ORIENTED_EDGE('',*,*,#7696,.F.);
#9988=ORIENTED_EDGE('',*,*,#7695,.F.);
#9989=ORIENTED_EDGE('',*,*,#7697,.F.);
#9990=ORIENTED_EDGE('',*,*,#7698,.T.);
#9991=ORIENTED_EDGE('',*,*,#7699,.F.);
#9992=ORIENTED_EDGE('',*,*,#7698,.F.);
#9993=ORIENTED_EDGE('',*,*,#7700,.F.);
#9994=ORIENTED_EDGE('',*,*,#7701,.T.);
#9995=ORIENTED_EDGE('',*,*,#7702,.F.);
#9996=ORIENTED_EDGE('',*,*,#7701,.F.);
#9997=ORIENTED_EDGE('',*,*,#7703,.F.);
#9998=ORIENTED_EDGE('',*,*,#7693,.T.);
#9999=ORIENTED_EDGE('',*,*,#7704,.F.);
#10000=ORIENTED_EDGE('',*,*,#7705,.F.);
#10001=ORIENTED_EDGE('',*,*,#7706,.F.);
#10002=ORIENTED_EDGE('',*,*,#7707,.T.);
#10003=ORIENTED_EDGE('',*,*,#7708,.F.);
#10004=ORIENTED_EDGE('',*,*,#7707,.F.);
#10005=ORIENTED_EDGE('',*,*,#7709,.F.);
#10006=ORIENTED_EDGE('',*,*,#7710,.T.);
#10007=ORIENTED_EDGE('',*,*,#7711,.F.);
#10008=ORIENTED_EDGE('',*,*,#7710,.F.);
#10009=ORIENTED_EDGE('',*,*,#7712,.F.);
#10010=ORIENTED_EDGE('',*,*,#7713,.T.);
#10011=ORIENTED_EDGE('',*,*,#7714,.F.);
#10012=ORIENTED_EDGE('',*,*,#7713,.F.);
#10013=ORIENTED_EDGE('',*,*,#7715,.F.);
#10014=ORIENTED_EDGE('',*,*,#7705,.T.);
#10015=ORIENTED_EDGE('',*,*,#7716,.F.);
#10016=ORIENTED_EDGE('',*,*,#7717,.F.);
#10017=ORIENTED_EDGE('',*,*,#7718,.F.);
#10018=ORIENTED_EDGE('',*,*,#7719,.T.);
#10019=ORIENTED_EDGE('',*,*,#7720,.F.);
#10020=ORIENTED_EDGE('',*,*,#7719,.F.);
#10021=ORIENTED_EDGE('',*,*,#7721,.F.);
#10022=ORIENTED_EDGE('',*,*,#7722,.T.);
#10023=ORIENTED_EDGE('',*,*,#7723,.F.);
#10024=ORIENTED_EDGE('',*,*,#7722,.F.);
#10025=ORIENTED_EDGE('',*,*,#7724,.F.);
#10026=ORIENTED_EDGE('',*,*,#7725,.T.);
#10027=ORIENTED_EDGE('',*,*,#7726,.F.);
#10028=ORIENTED_EDGE('',*,*,#7725,.F.);
#10029=ORIENTED_EDGE('',*,*,#7727,.F.);
#10030=ORIENTED_EDGE('',*,*,#7717,.T.);
#10031=ORIENTED_EDGE('',*,*,#7728,.F.);
#10032=ORIENTED_EDGE('',*,*,#7729,.T.);
#10033=ORIENTED_EDGE('',*,*,#7730,.T.);
#10034=ORIENTED_EDGE('',*,*,#7731,.F.);
#10035=ORIENTED_EDGE('',*,*,#7732,.F.);
#10036=ORIENTED_EDGE('',*,*,#7733,.T.);
#10037=ORIENTED_EDGE('',*,*,#7734,.T.);
#10038=ORIENTED_EDGE('',*,*,#7729,.F.);
#10039=ORIENTED_EDGE('',*,*,#7735,.F.);
#10040=ORIENTED_EDGE('',*,*,#7736,.T.);
#10041=ORIENTED_EDGE('',*,*,#7737,.T.);
#10042=ORIENTED_EDGE('',*,*,#7733,.F.);
#10043=ORIENTED_EDGE('',*,*,#7738,.F.);
#10044=ORIENTED_EDGE('',*,*,#7731,.T.);
#10045=ORIENTED_EDGE('',*,*,#7739,.T.);
#10046=ORIENTED_EDGE('',*,*,#7736,.F.);
#10047=ORIENTED_EDGE('',*,*,#7739,.F.);
#10048=ORIENTED_EDGE('',*,*,#7730,.F.);
#10049=ORIENTED_EDGE('',*,*,#7734,.F.);
#10050=ORIENTED_EDGE('',*,*,#7737,.F.);
#10051=ORIENTED_EDGE('',*,*,#7740,.F.);
#10052=ORIENTED_EDGE('',*,*,#7741,.F.);
#10053=ORIENTED_EDGE('',*,*,#7742,.F.);
#10054=ORIENTED_EDGE('',*,*,#7743,.T.);
#10055=ORIENTED_EDGE('',*,*,#7744,.F.);
#10056=ORIENTED_EDGE('',*,*,#7743,.F.);
#10057=ORIENTED_EDGE('',*,*,#7745,.F.);
#10058=ORIENTED_EDGE('',*,*,#7746,.T.);
#10059=ORIENTED_EDGE('',*,*,#7747,.F.);
#10060=ORIENTED_EDGE('',*,*,#7746,.F.);
#10061=ORIENTED_EDGE('',*,*,#7748,.F.);
#10062=ORIENTED_EDGE('',*,*,#7749,.T.);
#10063=ORIENTED_EDGE('',*,*,#7750,.F.);
#10064=ORIENTED_EDGE('',*,*,#7749,.F.);
#10065=ORIENTED_EDGE('',*,*,#7751,.F.);
#10066=ORIENTED_EDGE('',*,*,#7741,.T.);
#10067=ORIENTED_EDGE('',*,*,#7752,.F.);
#10068=ORIENTED_EDGE('',*,*,#7753,.F.);
#10069=ORIENTED_EDGE('',*,*,#7754,.F.);
#10070=ORIENTED_EDGE('',*,*,#7755,.T.);
#10071=ORIENTED_EDGE('',*,*,#7756,.F.);
#10072=ORIENTED_EDGE('',*,*,#7755,.F.);
#10073=ORIENTED_EDGE('',*,*,#7757,.F.);
#10074=ORIENTED_EDGE('',*,*,#7758,.T.);
#10075=ORIENTED_EDGE('',*,*,#7759,.F.);
#10076=ORIENTED_EDGE('',*,*,#7758,.F.);
#10077=ORIENTED_EDGE('',*,*,#7760,.F.);
#10078=ORIENTED_EDGE('',*,*,#7761,.T.);
#10079=ORIENTED_EDGE('',*,*,#7762,.F.);
#10080=ORIENTED_EDGE('',*,*,#7761,.F.);
#10081=ORIENTED_EDGE('',*,*,#7763,.F.);
#10082=ORIENTED_EDGE('',*,*,#7753,.T.);
#10083=ORIENTED_EDGE('',*,*,#7764,.F.);
#10084=ORIENTED_EDGE('',*,*,#7765,.T.);
#10085=ORIENTED_EDGE('',*,*,#7766,.T.);
#10086=ORIENTED_EDGE('',*,*,#7767,.F.);
#10087=ORIENTED_EDGE('',*,*,#7768,.F.);
#10088=ORIENTED_EDGE('',*,*,#7769,.T.);
#10089=ORIENTED_EDGE('',*,*,#7770,.T.);
#10090=ORIENTED_EDGE('',*,*,#7765,.F.);
#10091=ORIENTED_EDGE('',*,*,#7771,.F.);
#10092=ORIENTED_EDGE('',*,*,#7772,.T.);
#10093=ORIENTED_EDGE('',*,*,#7773,.T.);
#10094=ORIENTED_EDGE('',*,*,#7769,.F.);
#10095=ORIENTED_EDGE('',*,*,#7774,.F.);
#10096=ORIENTED_EDGE('',*,*,#7767,.T.);
#10097=ORIENTED_EDGE('',*,*,#7775,.T.);
#10098=ORIENTED_EDGE('',*,*,#7772,.F.);
#10099=ORIENTED_EDGE('',*,*,#7775,.F.);
#10100=ORIENTED_EDGE('',*,*,#7766,.F.);
#10101=ORIENTED_EDGE('',*,*,#7770,.F.);
#10102=ORIENTED_EDGE('',*,*,#7773,.F.);
#10103=ORIENTED_EDGE('',*,*,#7776,.F.);
#10104=ORIENTED_EDGE('',*,*,#7777,.T.);
#10105=ORIENTED_EDGE('',*,*,#7778,.T.);
#10106=ORIENTED_EDGE('',*,*,#7779,.F.);
#10107=ORIENTED_EDGE('',*,*,#7780,.F.);
#10108=ORIENTED_EDGE('',*,*,#7781,.T.);
#10109=ORIENTED_EDGE('',*,*,#7782,.T.);
#10110=ORIENTED_EDGE('',*,*,#7777,.F.);
#10111=ORIENTED_EDGE('',*,*,#7783,.F.);
#10112=ORIENTED_EDGE('',*,*,#7784,.T.);
#10113=ORIENTED_EDGE('',*,*,#7785,.T.);
#10114=ORIENTED_EDGE('',*,*,#7781,.F.);
#10115=ORIENTED_EDGE('',*,*,#7786,.F.);
#10116=ORIENTED_EDGE('',*,*,#7779,.T.);
#10117=ORIENTED_EDGE('',*,*,#7787,.T.);
#10118=ORIENTED_EDGE('',*,*,#7784,.F.);
#10119=ORIENTED_EDGE('',*,*,#7787,.F.);
#10120=ORIENTED_EDGE('',*,*,#7778,.F.);
#10121=ORIENTED_EDGE('',*,*,#7782,.F.);
#10122=ORIENTED_EDGE('',*,*,#7785,.F.);
#10123=ORIENTED_EDGE('',*,*,#7788,.F.);
#10124=ORIENTED_EDGE('',*,*,#7789,.F.);
#10125=ORIENTED_EDGE('',*,*,#7790,.F.);
#10126=ORIENTED_EDGE('',*,*,#7791,.T.);
#10127=ORIENTED_EDGE('',*,*,#7792,.F.);
#10128=ORIENTED_EDGE('',*,*,#7791,.F.);
#10129=ORIENTED_EDGE('',*,*,#7793,.F.);
#10130=ORIENTED_EDGE('',*,*,#7794,.T.);
#10131=ORIENTED_EDGE('',*,*,#7795,.F.);
#10132=ORIENTED_EDGE('',*,*,#7794,.F.);
#10133=ORIENTED_EDGE('',*,*,#7796,.F.);
#10134=ORIENTED_EDGE('',*,*,#7797,.T.);
#10135=ORIENTED_EDGE('',*,*,#7798,.F.);
#10136=ORIENTED_EDGE('',*,*,#7797,.F.);
#10137=ORIENTED_EDGE('',*,*,#7799,.F.);
#10138=ORIENTED_EDGE('',*,*,#7789,.T.);
#10139=ORIENTED_EDGE('',*,*,#7800,.F.);
#10140=ORIENTED_EDGE('',*,*,#7801,.T.);
#10141=ORIENTED_EDGE('',*,*,#7802,.T.);
#10142=ORIENTED_EDGE('',*,*,#7803,.F.);
#10143=ORIENTED_EDGE('',*,*,#7804,.F.);
#10144=ORIENTED_EDGE('',*,*,#7805,.T.);
#10145=ORIENTED_EDGE('',*,*,#7806,.T.);
#10146=ORIENTED_EDGE('',*,*,#7801,.F.);
#10147=ORIENTED_EDGE('',*,*,#7807,.F.);
#10148=ORIENTED_EDGE('',*,*,#7808,.T.);
#10149=ORIENTED_EDGE('',*,*,#7809,.T.);
#10150=ORIENTED_EDGE('',*,*,#7805,.F.);
#10151=ORIENTED_EDGE('',*,*,#7810,.F.);
#10152=ORIENTED_EDGE('',*,*,#7803,.T.);
#10153=ORIENTED_EDGE('',*,*,#7811,.T.);
#10154=ORIENTED_EDGE('',*,*,#7808,.F.);
#10155=ORIENTED_EDGE('',*,*,#7811,.F.);
#10156=ORIENTED_EDGE('',*,*,#7802,.F.);
#10157=ORIENTED_EDGE('',*,*,#7806,.F.);
#10158=ORIENTED_EDGE('',*,*,#7809,.F.);
#10159=ORIENTED_EDGE('',*,*,#7812,.F.);
#10160=ORIENTED_EDGE('',*,*,#7813,.F.);
#10161=ORIENTED_EDGE('',*,*,#7814,.F.);
#10162=ORIENTED_EDGE('',*,*,#7815,.T.);
#10163=ORIENTED_EDGE('',*,*,#7816,.F.);
#10164=ORIENTED_EDGE('',*,*,#7815,.F.);
#10165=ORIENTED_EDGE('',*,*,#7817,.F.);
#10166=ORIENTED_EDGE('',*,*,#7818,.T.);
#10167=ORIENTED_EDGE('',*,*,#7819,.F.);
#10168=ORIENTED_EDGE('',*,*,#7818,.F.);
#10169=ORIENTED_EDGE('',*,*,#7820,.F.);
#10170=ORIENTED_EDGE('',*,*,#7821,.T.);
#10171=ORIENTED_EDGE('',*,*,#7822,.F.);
#10172=ORIENTED_EDGE('',*,*,#7821,.F.);
#10173=ORIENTED_EDGE('',*,*,#7823,.F.);
#10174=ORIENTED_EDGE('',*,*,#7813,.T.);
#10175=ORIENTED_EDGE('',*,*,#7824,.F.);
#10176=ORIENTED_EDGE('',*,*,#7825,.F.);
#10177=ORIENTED_EDGE('',*,*,#7826,.F.);
#10178=ORIENTED_EDGE('',*,*,#7827,.T.);
#10179=ORIENTED_EDGE('',*,*,#7828,.F.);
#10180=ORIENTED_EDGE('',*,*,#7827,.F.);
#10181=ORIENTED_EDGE('',*,*,#7829,.F.);
#10182=ORIENTED_EDGE('',*,*,#7830,.T.);
#10183=ORIENTED_EDGE('',*,*,#7831,.F.);
#10184=ORIENTED_EDGE('',*,*,#7830,.F.);
#10185=ORIENTED_EDGE('',*,*,#7832,.F.);
#10186=ORIENTED_EDGE('',*,*,#7833,.T.);
#10187=ORIENTED_EDGE('',*,*,#7834,.F.);
#10188=ORIENTED_EDGE('',*,*,#7833,.F.);
#10189=ORIENTED_EDGE('',*,*,#7835,.F.);
#10190=ORIENTED_EDGE('',*,*,#7825,.T.);
#10191=ORIENTED_EDGE('',*,*,#7836,.F.);
#10192=ORIENTED_EDGE('',*,*,#7837,.F.);
#10193=ORIENTED_EDGE('',*,*,#7838,.F.);
#10194=ORIENTED_EDGE('',*,*,#7839,.T.);
#10195=ORIENTED_EDGE('',*,*,#7840,.F.);
#10196=ORIENTED_EDGE('',*,*,#7839,.F.);
#10197=ORIENTED_EDGE('',*,*,#7841,.F.);
#10198=ORIENTED_EDGE('',*,*,#7842,.T.);
#10199=ORIENTED_EDGE('',*,*,#7843,.F.);
#10200=ORIENTED_EDGE('',*,*,#7842,.F.);
#10201=ORIENTED_EDGE('',*,*,#7844,.F.);
#10202=ORIENTED_EDGE('',*,*,#7845,.T.);
#10203=ORIENTED_EDGE('',*,*,#7846,.F.);
#10204=ORIENTED_EDGE('',*,*,#7845,.F.);
#10205=ORIENTED_EDGE('',*,*,#7847,.F.);
#10206=ORIENTED_EDGE('',*,*,#7837,.T.);
#10207=ORIENTED_EDGE('',*,*,#7848,.F.);
#10208=ORIENTED_EDGE('',*,*,#7849,.F.);
#10209=ORIENTED_EDGE('',*,*,#7850,.F.);
#10210=ORIENTED_EDGE('',*,*,#7851,.T.);
#10211=ORIENTED_EDGE('',*,*,#7852,.F.);
#10212=ORIENTED_EDGE('',*,*,#7851,.F.);
#10213=ORIENTED_EDGE('',*,*,#7853,.F.);
#10214=ORIENTED_EDGE('',*,*,#7854,.T.);
#10215=ORIENTED_EDGE('',*,*,#7855,.F.);
#10216=ORIENTED_EDGE('',*,*,#7854,.F.);
#10217=ORIENTED_EDGE('',*,*,#7856,.F.);
#10218=ORIENTED_EDGE('',*,*,#7857,.T.);
#10219=ORIENTED_EDGE('',*,*,#7858,.F.);
#10220=ORIENTED_EDGE('',*,*,#7857,.F.);
#10221=ORIENTED_EDGE('',*,*,#7859,.F.);
#10222=ORIENTED_EDGE('',*,*,#7849,.T.);
#10223=ORIENTED_EDGE('',*,*,#7860,.F.);
#10224=ORIENTED_EDGE('',*,*,#7861,.F.);
#10225=ORIENTED_EDGE('',*,*,#7862,.F.);
#10226=ORIENTED_EDGE('',*,*,#7863,.T.);
#10227=ORIENTED_EDGE('',*,*,#7864,.F.);
#10228=ORIENTED_EDGE('',*,*,#7863,.F.);
#10229=ORIENTED_EDGE('',*,*,#7865,.F.);
#10230=ORIENTED_EDGE('',*,*,#7866,.T.);
#10231=ORIENTED_EDGE('',*,*,#7867,.F.);
#10232=ORIENTED_EDGE('',*,*,#7866,.F.);
#10233=ORIENTED_EDGE('',*,*,#7868,.F.);
#10234=ORIENTED_EDGE('',*,*,#7869,.T.);
#10235=ORIENTED_EDGE('',*,*,#7870,.F.);
#10236=ORIENTED_EDGE('',*,*,#7869,.F.);
#10237=ORIENTED_EDGE('',*,*,#7871,.F.);
#10238=ORIENTED_EDGE('',*,*,#7861,.T.);
#10239=ORIENTED_EDGE('',*,*,#7872,.F.);
#10240=ORIENTED_EDGE('',*,*,#7873,.F.);
#10241=ORIENTED_EDGE('',*,*,#7874,.F.);
#10242=ORIENTED_EDGE('',*,*,#7875,.T.);
#10243=ORIENTED_EDGE('',*,*,#7876,.F.);
#10244=ORIENTED_EDGE('',*,*,#7875,.F.);
#10245=ORIENTED_EDGE('',*,*,#7877,.F.);
#10246=ORIENTED_EDGE('',*,*,#7878,.T.);
#10247=ORIENTED_EDGE('',*,*,#7879,.F.);
#10248=ORIENTED_EDGE('',*,*,#7878,.F.);
#10249=ORIENTED_EDGE('',*,*,#7880,.F.);
#10250=ORIENTED_EDGE('',*,*,#7881,.T.);
#10251=ORIENTED_EDGE('',*,*,#7882,.F.);
#10252=ORIENTED_EDGE('',*,*,#7881,.F.);
#10253=ORIENTED_EDGE('',*,*,#7883,.F.);
#10254=ORIENTED_EDGE('',*,*,#7873,.T.);
#10255=ORIENTED_EDGE('',*,*,#7884,.F.);
#10256=ORIENTED_EDGE('',*,*,#7885,.F.);
#10257=ORIENTED_EDGE('',*,*,#7886,.F.);
#10258=ORIENTED_EDGE('',*,*,#7887,.T.);
#10259=ORIENTED_EDGE('',*,*,#7888,.F.);
#10260=ORIENTED_EDGE('',*,*,#7887,.F.);
#10261=ORIENTED_EDGE('',*,*,#7889,.F.);
#10262=ORIENTED_EDGE('',*,*,#7890,.T.);
#10263=ORIENTED_EDGE('',*,*,#7891,.F.);
#10264=ORIENTED_EDGE('',*,*,#7890,.F.);
#10265=ORIENTED_EDGE('',*,*,#7892,.F.);
#10266=ORIENTED_EDGE('',*,*,#7893,.T.);
#10267=ORIENTED_EDGE('',*,*,#7894,.F.);
#10268=ORIENTED_EDGE('',*,*,#7893,.F.);
#10269=ORIENTED_EDGE('',*,*,#7895,.F.);
#10270=ORIENTED_EDGE('',*,*,#7885,.T.);
#10271=ORIENTED_EDGE('',*,*,#7896,.F.);
#10272=ORIENTED_EDGE('',*,*,#7897,.F.);
#10273=ORIENTED_EDGE('',*,*,#7898,.F.);
#10274=ORIENTED_EDGE('',*,*,#7899,.T.);
#10275=ORIENTED_EDGE('',*,*,#7900,.F.);
#10276=ORIENTED_EDGE('',*,*,#7899,.F.);
#10277=ORIENTED_EDGE('',*,*,#7901,.F.);
#10278=ORIENTED_EDGE('',*,*,#7902,.T.);
#10279=ORIENTED_EDGE('',*,*,#7903,.F.);
#10280=ORIENTED_EDGE('',*,*,#7902,.F.);
#10281=ORIENTED_EDGE('',*,*,#7904,.F.);
#10282=ORIENTED_EDGE('',*,*,#7905,.T.);
#10283=ORIENTED_EDGE('',*,*,#7906,.F.);
#10284=ORIENTED_EDGE('',*,*,#7905,.F.);
#10285=ORIENTED_EDGE('',*,*,#7907,.F.);
#10286=ORIENTED_EDGE('',*,*,#7897,.T.);
#10287=ORIENTED_EDGE('',*,*,#7908,.F.);
#10288=ORIENTED_EDGE('',*,*,#7909,.T.);
#10289=ORIENTED_EDGE('',*,*,#7910,.T.);
#10290=ORIENTED_EDGE('',*,*,#7911,.F.);
#10291=ORIENTED_EDGE('',*,*,#7912,.F.);
#10292=ORIENTED_EDGE('',*,*,#7913,.T.);
#10293=ORIENTED_EDGE('',*,*,#7914,.T.);
#10294=ORIENTED_EDGE('',*,*,#7909,.F.);
#10295=ORIENTED_EDGE('',*,*,#7915,.F.);
#10296=ORIENTED_EDGE('',*,*,#7916,.T.);
#10297=ORIENTED_EDGE('',*,*,#7917,.T.);
#10298=ORIENTED_EDGE('',*,*,#7913,.F.);
#10299=ORIENTED_EDGE('',*,*,#7918,.F.);
#10300=ORIENTED_EDGE('',*,*,#7911,.T.);
#10301=ORIENTED_EDGE('',*,*,#7919,.T.);
#10302=ORIENTED_EDGE('',*,*,#7916,.F.);
#10303=ORIENTED_EDGE('',*,*,#7919,.F.);
#10304=ORIENTED_EDGE('',*,*,#7910,.F.);
#10305=ORIENTED_EDGE('',*,*,#7914,.F.);
#10306=ORIENTED_EDGE('',*,*,#7917,.F.);
#10307=ORIENTED_EDGE('',*,*,#7920,.F.);
#10308=ORIENTED_EDGE('',*,*,#7921,.F.);
#10309=ORIENTED_EDGE('',*,*,#7922,.F.);
#10310=ORIENTED_EDGE('',*,*,#7923,.T.);
#10311=ORIENTED_EDGE('',*,*,#7924,.F.);
#10312=ORIENTED_EDGE('',*,*,#7923,.F.);
#10313=ORIENTED_EDGE('',*,*,#7925,.F.);
#10314=ORIENTED_EDGE('',*,*,#7926,.T.);
#10315=ORIENTED_EDGE('',*,*,#7927,.F.);
#10316=ORIENTED_EDGE('',*,*,#7926,.F.);
#10317=ORIENTED_EDGE('',*,*,#7928,.F.);
#10318=ORIENTED_EDGE('',*,*,#7929,.T.);
#10319=ORIENTED_EDGE('',*,*,#7930,.F.);
#10320=ORIENTED_EDGE('',*,*,#7929,.F.);
#10321=ORIENTED_EDGE('',*,*,#7931,.F.);
#10322=ORIENTED_EDGE('',*,*,#7921,.T.);
#10323=ORIENTED_EDGE('',*,*,#7932,.F.);
#10324=ORIENTED_EDGE('',*,*,#7933,.F.);
#10325=ORIENTED_EDGE('',*,*,#7934,.F.);
#10326=ORIENTED_EDGE('',*,*,#7935,.T.);
#10327=ORIENTED_EDGE('',*,*,#7936,.F.);
#10328=ORIENTED_EDGE('',*,*,#7935,.F.);
#10329=ORIENTED_EDGE('',*,*,#7937,.F.);
#10330=ORIENTED_EDGE('',*,*,#7938,.T.);
#10331=ORIENTED_EDGE('',*,*,#7939,.F.);
#10332=ORIENTED_EDGE('',*,*,#7938,.F.);
#10333=ORIENTED_EDGE('',*,*,#7940,.F.);
#10334=ORIENTED_EDGE('',*,*,#7941,.T.);
#10335=ORIENTED_EDGE('',*,*,#7942,.F.);
#10336=ORIENTED_EDGE('',*,*,#7941,.F.);
#10337=ORIENTED_EDGE('',*,*,#7943,.F.);
#10338=ORIENTED_EDGE('',*,*,#7933,.T.);
#10339=ORIENTED_EDGE('',*,*,#7944,.F.);
#10340=ORIENTED_EDGE('',*,*,#7945,.F.);
#10341=ORIENTED_EDGE('',*,*,#7946,.F.);
#10342=ORIENTED_EDGE('',*,*,#7947,.T.);
#10343=ORIENTED_EDGE('',*,*,#7948,.F.);
#10344=ORIENTED_EDGE('',*,*,#7947,.F.);
#10345=ORIENTED_EDGE('',*,*,#7949,.F.);
#10346=ORIENTED_EDGE('',*,*,#7950,.T.);
#10347=ORIENTED_EDGE('',*,*,#7951,.F.);
#10348=ORIENTED_EDGE('',*,*,#7950,.F.);
#10349=ORIENTED_EDGE('',*,*,#7952,.F.);
#10350=ORIENTED_EDGE('',*,*,#7953,.T.);
#10351=ORIENTED_EDGE('',*,*,#7954,.F.);
#10352=ORIENTED_EDGE('',*,*,#7953,.F.);
#10353=ORIENTED_EDGE('',*,*,#7955,.F.);
#10354=ORIENTED_EDGE('',*,*,#7945,.T.);
#10355=ORIENTED_EDGE('',*,*,#7956,.F.);
#10356=ORIENTED_EDGE('',*,*,#7957,.F.);
#10357=ORIENTED_EDGE('',*,*,#7958,.F.);
#10358=ORIENTED_EDGE('',*,*,#7959,.T.);
#10359=ORIENTED_EDGE('',*,*,#7960,.F.);
#10360=ORIENTED_EDGE('',*,*,#7959,.F.);
#10361=ORIENTED_EDGE('',*,*,#7961,.F.);
#10362=ORIENTED_EDGE('',*,*,#7962,.T.);
#10363=ORIENTED_EDGE('',*,*,#7963,.F.);
#10364=ORIENTED_EDGE('',*,*,#7962,.F.);
#10365=ORIENTED_EDGE('',*,*,#7964,.F.);
#10366=ORIENTED_EDGE('',*,*,#7965,.T.);
#10367=ORIENTED_EDGE('',*,*,#7966,.F.);
#10368=ORIENTED_EDGE('',*,*,#7965,.F.);
#10369=ORIENTED_EDGE('',*,*,#7967,.F.);
#10370=ORIENTED_EDGE('',*,*,#7957,.T.);
#10371=ORIENTED_EDGE('',*,*,#7968,.F.);
#10372=ORIENTED_EDGE('',*,*,#7969,.F.);
#10373=ORIENTED_EDGE('',*,*,#7970,.F.);
#10374=ORIENTED_EDGE('',*,*,#7971,.T.);
#10375=ORIENTED_EDGE('',*,*,#7972,.F.);
#10376=ORIENTED_EDGE('',*,*,#7971,.F.);
#10377=ORIENTED_EDGE('',*,*,#7973,.F.);
#10378=ORIENTED_EDGE('',*,*,#7974,.T.);
#10379=ORIENTED_EDGE('',*,*,#7975,.F.);
#10380=ORIENTED_EDGE('',*,*,#7974,.F.);
#10381=ORIENTED_EDGE('',*,*,#7976,.F.);
#10382=ORIENTED_EDGE('',*,*,#7977,.T.);
#10383=ORIENTED_EDGE('',*,*,#7978,.F.);
#10384=ORIENTED_EDGE('',*,*,#7977,.F.);
#10385=ORIENTED_EDGE('',*,*,#7979,.F.);
#10386=ORIENTED_EDGE('',*,*,#7969,.T.);
#10387=ORIENTED_EDGE('',*,*,#7980,.F.);
#10388=ORIENTED_EDGE('',*,*,#7981,.F.);
#10389=ORIENTED_EDGE('',*,*,#7982,.F.);
#10390=ORIENTED_EDGE('',*,*,#7983,.T.);
#10391=ORIENTED_EDGE('',*,*,#7984,.F.);
#10392=ORIENTED_EDGE('',*,*,#7983,.F.);
#10393=ORIENTED_EDGE('',*,*,#7985,.F.);
#10394=ORIENTED_EDGE('',*,*,#7986,.T.);
#10395=ORIENTED_EDGE('',*,*,#7987,.F.);
#10396=ORIENTED_EDGE('',*,*,#7986,.F.);
#10397=ORIENTED_EDGE('',*,*,#7988,.F.);
#10398=ORIENTED_EDGE('',*,*,#7989,.T.);
#10399=ORIENTED_EDGE('',*,*,#7990,.F.);
#10400=ORIENTED_EDGE('',*,*,#7989,.F.);
#10401=ORIENTED_EDGE('',*,*,#7991,.F.);
#10402=ORIENTED_EDGE('',*,*,#7981,.T.);
#10403=ORIENTED_EDGE('',*,*,#7992,.F.);
#10404=ORIENTED_EDGE('',*,*,#7993,.T.);
#10405=ORIENTED_EDGE('',*,*,#7994,.T.);
#10406=ORIENTED_EDGE('',*,*,#7995,.F.);
#10407=ORIENTED_EDGE('',*,*,#7996,.F.);
#10408=ORIENTED_EDGE('',*,*,#7997,.T.);
#10409=ORIENTED_EDGE('',*,*,#7998,.T.);
#10410=ORIENTED_EDGE('',*,*,#7993,.F.);
#10411=ORIENTED_EDGE('',*,*,#7999,.F.);
#10412=ORIENTED_EDGE('',*,*,#8000,.T.);
#10413=ORIENTED_EDGE('',*,*,#8001,.T.);
#10414=ORIENTED_EDGE('',*,*,#7997,.F.);
#10415=ORIENTED_EDGE('',*,*,#8002,.F.);
#10416=ORIENTED_EDGE('',*,*,#7995,.T.);
#10417=ORIENTED_EDGE('',*,*,#8003,.T.);
#10418=ORIENTED_EDGE('',*,*,#8000,.F.);
#10419=ORIENTED_EDGE('',*,*,#8003,.F.);
#10420=ORIENTED_EDGE('',*,*,#7994,.F.);
#10421=ORIENTED_EDGE('',*,*,#7998,.F.);
#10422=ORIENTED_EDGE('',*,*,#8001,.F.);
#10423=ORIENTED_EDGE('',*,*,#8004,.F.);
#10424=ORIENTED_EDGE('',*,*,#8005,.F.);
#10425=ORIENTED_EDGE('',*,*,#8006,.F.);
#10426=ORIENTED_EDGE('',*,*,#8007,.T.);
#10427=ORIENTED_EDGE('',*,*,#8008,.F.);
#10428=ORIENTED_EDGE('',*,*,#8007,.F.);
#10429=ORIENTED_EDGE('',*,*,#8009,.F.);
#10430=ORIENTED_EDGE('',*,*,#8010,.T.);
#10431=ORIENTED_EDGE('',*,*,#8011,.F.);
#10432=ORIENTED_EDGE('',*,*,#8010,.F.);
#10433=ORIENTED_EDGE('',*,*,#8012,.F.);
#10434=ORIENTED_EDGE('',*,*,#8013,.T.);
#10435=ORIENTED_EDGE('',*,*,#8014,.F.);
#10436=ORIENTED_EDGE('',*,*,#8013,.F.);
#10437=ORIENTED_EDGE('',*,*,#8015,.F.);
#10438=ORIENTED_EDGE('',*,*,#8005,.T.);
#10439=ORIENTED_EDGE('',*,*,#8016,.F.);
#10440=ORIENTED_EDGE('',*,*,#8017,.F.);
#10441=ORIENTED_EDGE('',*,*,#8018,.F.);
#10442=ORIENTED_EDGE('',*,*,#8019,.T.);
#10443=ORIENTED_EDGE('',*,*,#8020,.F.);
#10444=ORIENTED_EDGE('',*,*,#8019,.F.);
#10445=ORIENTED_EDGE('',*,*,#8021,.F.);
#10446=ORIENTED_EDGE('',*,*,#8022,.T.);
#10447=ORIENTED_EDGE('',*,*,#8023,.F.);
#10448=ORIENTED_EDGE('',*,*,#8022,.F.);
#10449=ORIENTED_EDGE('',*,*,#8024,.F.);
#10450=ORIENTED_EDGE('',*,*,#8025,.T.);
#10451=ORIENTED_EDGE('',*,*,#8026,.F.);
#10452=ORIENTED_EDGE('',*,*,#8025,.F.);
#10453=ORIENTED_EDGE('',*,*,#8027,.F.);
#10454=ORIENTED_EDGE('',*,*,#8017,.T.);
#10455=ORIENTED_EDGE('',*,*,#8028,.F.);
#10456=ORIENTED_EDGE('',*,*,#8029,.T.);
#10457=ORIENTED_EDGE('',*,*,#8030,.T.);
#10458=ORIENTED_EDGE('',*,*,#8031,.F.);
#10459=ORIENTED_EDGE('',*,*,#8032,.F.);
#10460=ORIENTED_EDGE('',*,*,#8033,.T.);
#10461=ORIENTED_EDGE('',*,*,#8034,.T.);
#10462=ORIENTED_EDGE('',*,*,#8029,.F.);
#10463=ORIENTED_EDGE('',*,*,#8035,.F.);
#10464=ORIENTED_EDGE('',*,*,#8036,.T.);
#10465=ORIENTED_EDGE('',*,*,#8037,.T.);
#10466=ORIENTED_EDGE('',*,*,#8033,.F.);
#10467=ORIENTED_EDGE('',*,*,#8038,.F.);
#10468=ORIENTED_EDGE('',*,*,#8031,.T.);
#10469=ORIENTED_EDGE('',*,*,#8039,.T.);
#10470=ORIENTED_EDGE('',*,*,#8036,.F.);
#10471=ORIENTED_EDGE('',*,*,#8039,.F.);
#10472=ORIENTED_EDGE('',*,*,#8030,.F.);
#10473=ORIENTED_EDGE('',*,*,#8034,.F.);
#10474=ORIENTED_EDGE('',*,*,#8037,.F.);
#10475=ORIENTED_EDGE('',*,*,#8040,.F.);
#10476=ORIENTED_EDGE('',*,*,#8041,.F.);
#10477=ORIENTED_EDGE('',*,*,#8042,.F.);
#10478=ORIENTED_EDGE('',*,*,#8043,.T.);
#10479=ORIENTED_EDGE('',*,*,#8044,.F.);
#10480=ORIENTED_EDGE('',*,*,#8043,.F.);
#10481=ORIENTED_EDGE('',*,*,#8045,.F.);
#10482=ORIENTED_EDGE('',*,*,#8046,.T.);
#10483=ORIENTED_EDGE('',*,*,#8047,.F.);
#10484=ORIENTED_EDGE('',*,*,#8046,.F.);
#10485=ORIENTED_EDGE('',*,*,#8048,.F.);
#10486=ORIENTED_EDGE('',*,*,#8049,.T.);
#10487=ORIENTED_EDGE('',*,*,#8050,.F.);
#10488=ORIENTED_EDGE('',*,*,#8049,.F.);
#10489=ORIENTED_EDGE('',*,*,#8051,.F.);
#10490=ORIENTED_EDGE('',*,*,#8041,.T.);
#10491=ORIENTED_EDGE('',*,*,#8052,.F.);
#10492=ORIENTED_EDGE('',*,*,#8053,.F.);
#10493=ORIENTED_EDGE('',*,*,#8054,.F.);
#10494=ORIENTED_EDGE('',*,*,#8055,.T.);
#10495=ORIENTED_EDGE('',*,*,#8056,.F.);
#10496=ORIENTED_EDGE('',*,*,#8055,.F.);
#10497=ORIENTED_EDGE('',*,*,#8057,.F.);
#10498=ORIENTED_EDGE('',*,*,#8058,.T.);
#10499=ORIENTED_EDGE('',*,*,#8059,.F.);
#10500=ORIENTED_EDGE('',*,*,#8058,.F.);
#10501=ORIENTED_EDGE('',*,*,#8060,.F.);
#10502=ORIENTED_EDGE('',*,*,#8061,.T.);
#10503=ORIENTED_EDGE('',*,*,#8062,.F.);
#10504=ORIENTED_EDGE('',*,*,#8061,.F.);
#10505=ORIENTED_EDGE('',*,*,#8063,.F.);
#10506=ORIENTED_EDGE('',*,*,#8053,.T.);
#10507=ORIENTED_EDGE('',*,*,#8064,.F.);
#10508=ORIENTED_EDGE('',*,*,#8065,.T.);
#10509=ORIENTED_EDGE('',*,*,#8066,.T.);
#10510=ORIENTED_EDGE('',*,*,#8067,.F.);
#10511=ORIENTED_EDGE('',*,*,#8068,.F.);
#10512=ORIENTED_EDGE('',*,*,#8069,.T.);
#10513=ORIENTED_EDGE('',*,*,#8070,.T.);
#10514=ORIENTED_EDGE('',*,*,#8065,.F.);
#10515=ORIENTED_EDGE('',*,*,#8071,.F.);
#10516=ORIENTED_EDGE('',*,*,#8072,.T.);
#10517=ORIENTED_EDGE('',*,*,#8073,.T.);
#10518=ORIENTED_EDGE('',*,*,#8069,.F.);
#10519=ORIENTED_EDGE('',*,*,#8074,.F.);
#10520=ORIENTED_EDGE('',*,*,#8067,.T.);
#10521=ORIENTED_EDGE('',*,*,#8075,.T.);
#10522=ORIENTED_EDGE('',*,*,#8072,.F.);
#10523=ORIENTED_EDGE('',*,*,#8075,.F.);
#10524=ORIENTED_EDGE('',*,*,#8066,.F.);
#10525=ORIENTED_EDGE('',*,*,#8070,.F.);
#10526=ORIENTED_EDGE('',*,*,#8073,.F.);
#10527=ORIENTED_EDGE('',*,*,#8076,.F.);
#10528=ORIENTED_EDGE('',*,*,#8077,.F.);
#10529=ORIENTED_EDGE('',*,*,#8078,.F.);
#10530=ORIENTED_EDGE('',*,*,#8079,.T.);
#10531=ORIENTED_EDGE('',*,*,#8080,.F.);
#10532=ORIENTED_EDGE('',*,*,#8079,.F.);
#10533=ORIENTED_EDGE('',*,*,#8081,.F.);
#10534=ORIENTED_EDGE('',*,*,#8082,.T.);
#10535=ORIENTED_EDGE('',*,*,#8083,.F.);
#10536=ORIENTED_EDGE('',*,*,#8082,.F.);
#10537=ORIENTED_EDGE('',*,*,#8084,.F.);
#10538=ORIENTED_EDGE('',*,*,#8085,.T.);
#10539=ORIENTED_EDGE('',*,*,#8086,.F.);
#10540=ORIENTED_EDGE('',*,*,#8085,.F.);
#10541=ORIENTED_EDGE('',*,*,#8087,.F.);
#10542=ORIENTED_EDGE('',*,*,#8077,.T.);
#10543=ORIENTED_EDGE('',*,*,#8088,.F.);
#10544=ORIENTED_EDGE('',*,*,#8089,.T.);
#10545=ORIENTED_EDGE('',*,*,#8090,.T.);
#10546=ORIENTED_EDGE('',*,*,#8091,.F.);
#10547=ORIENTED_EDGE('',*,*,#8092,.F.);
#10548=ORIENTED_EDGE('',*,*,#8093,.T.);
#10549=ORIENTED_EDGE('',*,*,#8094,.T.);
#10550=ORIENTED_EDGE('',*,*,#8089,.F.);
#10551=ORIENTED_EDGE('',*,*,#8095,.F.);
#10552=ORIENTED_EDGE('',*,*,#8096,.T.);
#10553=ORIENTED_EDGE('',*,*,#8097,.T.);
#10554=ORIENTED_EDGE('',*,*,#8093,.F.);
#10555=ORIENTED_EDGE('',*,*,#8098,.F.);
#10556=ORIENTED_EDGE('',*,*,#8091,.T.);
#10557=ORIENTED_EDGE('',*,*,#8099,.T.);
#10558=ORIENTED_EDGE('',*,*,#8096,.F.);
#10559=ORIENTED_EDGE('',*,*,#8099,.F.);
#10560=ORIENTED_EDGE('',*,*,#8090,.F.);
#10561=ORIENTED_EDGE('',*,*,#8094,.F.);
#10562=ORIENTED_EDGE('',*,*,#8097,.F.);
#10563=ORIENTED_EDGE('',*,*,#8100,.F.);
#10564=ORIENTED_EDGE('',*,*,#8101,.F.);
#10565=ORIENTED_EDGE('',*,*,#8102,.F.);
#10566=ORIENTED_EDGE('',*,*,#8103,.T.);
#10567=ORIENTED_EDGE('',*,*,#8104,.F.);
#10568=ORIENTED_EDGE('',*,*,#8103,.F.);
#10569=ORIENTED_EDGE('',*,*,#8105,.F.);
#10570=ORIENTED_EDGE('',*,*,#8106,.T.);
#10571=ORIENTED_EDGE('',*,*,#8107,.F.);
#10572=ORIENTED_EDGE('',*,*,#8106,.F.);
#10573=ORIENTED_EDGE('',*,*,#8108,.F.);
#10574=ORIENTED_EDGE('',*,*,#8109,.T.);
#10575=ORIENTED_EDGE('',*,*,#8110,.F.);
#10576=ORIENTED_EDGE('',*,*,#8109,.F.);
#10577=ORIENTED_EDGE('',*,*,#8111,.F.);
#10578=ORIENTED_EDGE('',*,*,#8101,.T.);
#10579=ORIENTED_EDGE('',*,*,#8112,.F.);
#10580=ORIENTED_EDGE('',*,*,#8113,.F.);
#10581=ORIENTED_EDGE('',*,*,#8114,.F.);
#10582=ORIENTED_EDGE('',*,*,#8115,.T.);
#10583=ORIENTED_EDGE('',*,*,#8116,.F.);
#10584=ORIENTED_EDGE('',*,*,#8115,.F.);
#10585=ORIENTED_EDGE('',*,*,#8117,.F.);
#10586=ORIENTED_EDGE('',*,*,#8118,.T.);
#10587=ORIENTED_EDGE('',*,*,#8119,.F.);
#10588=ORIENTED_EDGE('',*,*,#8118,.F.);
#10589=ORIENTED_EDGE('',*,*,#8120,.F.);
#10590=ORIENTED_EDGE('',*,*,#8121,.T.);
#10591=ORIENTED_EDGE('',*,*,#8122,.F.);
#10592=ORIENTED_EDGE('',*,*,#8121,.F.);
#10593=ORIENTED_EDGE('',*,*,#8123,.F.);
#10594=ORIENTED_EDGE('',*,*,#8113,.T.);
#10595=ORIENTED_EDGE('',*,*,#8124,.F.);
#10596=ORIENTED_EDGE('',*,*,#8125,.T.);
#10597=ORIENTED_EDGE('',*,*,#8126,.T.);
#10598=ORIENTED_EDGE('',*,*,#8127,.F.);
#10599=ORIENTED_EDGE('',*,*,#8128,.F.);
#10600=ORIENTED_EDGE('',*,*,#8129,.T.);
#10601=ORIENTED_EDGE('',*,*,#8130,.T.);
#10602=ORIENTED_EDGE('',*,*,#8125,.F.);
#10603=ORIENTED_EDGE('',*,*,#8131,.F.);
#10604=ORIENTED_EDGE('',*,*,#8132,.T.);
#10605=ORIENTED_EDGE('',*,*,#8133,.T.);
#10606=ORIENTED_EDGE('',*,*,#8129,.F.);
#10607=ORIENTED_EDGE('',*,*,#8134,.F.);
#10608=ORIENTED_EDGE('',*,*,#8127,.T.);
#10609=ORIENTED_EDGE('',*,*,#8135,.T.);
#10610=ORIENTED_EDGE('',*,*,#8132,.F.);
#10611=ORIENTED_EDGE('',*,*,#8135,.F.);
#10612=ORIENTED_EDGE('',*,*,#8126,.F.);
#10613=ORIENTED_EDGE('',*,*,#8130,.F.);
#10614=ORIENTED_EDGE('',*,*,#8133,.F.);
#10615=ORIENTED_EDGE('',*,*,#8136,.F.);
#10616=ORIENTED_EDGE('',*,*,#8137,.F.);
#10617=ORIENTED_EDGE('',*,*,#8138,.F.);
#10618=ORIENTED_EDGE('',*,*,#8139,.T.);
#10619=ORIENTED_EDGE('',*,*,#8140,.F.);
#10620=ORIENTED_EDGE('',*,*,#8139,.F.);
#10621=ORIENTED_EDGE('',*,*,#8141,.F.);
#10622=ORIENTED_EDGE('',*,*,#8142,.T.);
#10623=ORIENTED_EDGE('',*,*,#8143,.F.);
#10624=ORIENTED_EDGE('',*,*,#8142,.F.);
#10625=ORIENTED_EDGE('',*,*,#8144,.F.);
#10626=ORIENTED_EDGE('',*,*,#8145,.T.);
#10627=ORIENTED_EDGE('',*,*,#8146,.F.);
#10628=ORIENTED_EDGE('',*,*,#8145,.F.);
#10629=ORIENTED_EDGE('',*,*,#8147,.F.);
#10630=ORIENTED_EDGE('',*,*,#8137,.T.);
#10631=ORIENTED_EDGE('',*,*,#8148,.F.);
#10632=ORIENTED_EDGE('',*,*,#8149,.F.);
#10633=ORIENTED_EDGE('',*,*,#8150,.F.);
#10634=ORIENTED_EDGE('',*,*,#8151,.T.);
#10635=ORIENTED_EDGE('',*,*,#8152,.F.);
#10636=ORIENTED_EDGE('',*,*,#8151,.F.);
#10637=ORIENTED_EDGE('',*,*,#8153,.F.);
#10638=ORIENTED_EDGE('',*,*,#8154,.T.);
#10639=ORIENTED_EDGE('',*,*,#8155,.F.);
#10640=ORIENTED_EDGE('',*,*,#8154,.F.);
#10641=ORIENTED_EDGE('',*,*,#8156,.F.);
#10642=ORIENTED_EDGE('',*,*,#8157,.T.);
#10643=ORIENTED_EDGE('',*,*,#8158,.F.);
#10644=ORIENTED_EDGE('',*,*,#8157,.F.);
#10645=ORIENTED_EDGE('',*,*,#8159,.F.);
#10646=ORIENTED_EDGE('',*,*,#8149,.T.);
#10647=ORIENTED_EDGE('',*,*,#8160,.F.);
#10648=ORIENTED_EDGE('',*,*,#8161,.F.);
#10649=ORIENTED_EDGE('',*,*,#8162,.F.);
#10650=ORIENTED_EDGE('',*,*,#8163,.T.);
#10651=ORIENTED_EDGE('',*,*,#8164,.F.);
#10652=ORIENTED_EDGE('',*,*,#8163,.F.);
#10653=ORIENTED_EDGE('',*,*,#8165,.F.);
#10654=ORIENTED_EDGE('',*,*,#8166,.T.);
#10655=ORIENTED_EDGE('',*,*,#8167,.F.);
#10656=ORIENTED_EDGE('',*,*,#8166,.F.);
#10657=ORIENTED_EDGE('',*,*,#8168,.F.);
#10658=ORIENTED_EDGE('',*,*,#8169,.T.);
#10659=ORIENTED_EDGE('',*,*,#8170,.F.);
#10660=ORIENTED_EDGE('',*,*,#8169,.F.);
#10661=ORIENTED_EDGE('',*,*,#8171,.F.);
#10662=ORIENTED_EDGE('',*,*,#8161,.T.);
#10663=ORIENTED_EDGE('',*,*,#8172,.F.);
#10664=ORIENTED_EDGE('',*,*,#8173,.F.);
#10665=ORIENTED_EDGE('',*,*,#8174,.F.);
#10666=ORIENTED_EDGE('',*,*,#8175,.T.);
#10667=ORIENTED_EDGE('',*,*,#8176,.F.);
#10668=ORIENTED_EDGE('',*,*,#8175,.F.);
#10669=ORIENTED_EDGE('',*,*,#8177,.F.);
#10670=ORIENTED_EDGE('',*,*,#8178,.T.);
#10671=ORIENTED_EDGE('',*,*,#8179,.F.);
#10672=ORIENTED_EDGE('',*,*,#8178,.F.);
#10673=ORIENTED_EDGE('',*,*,#8180,.F.);
#10674=ORIENTED_EDGE('',*,*,#8181,.T.);
#10675=ORIENTED_EDGE('',*,*,#8182,.F.);
#10676=ORIENTED_EDGE('',*,*,#8181,.F.);
#10677=ORIENTED_EDGE('',*,*,#8183,.F.);
#10678=ORIENTED_EDGE('',*,*,#8173,.T.);
#10679=ORIENTED_EDGE('',*,*,#8184,.F.);
#10680=ORIENTED_EDGE('',*,*,#8185,.T.);
#10681=ORIENTED_EDGE('',*,*,#8186,.T.);
#10682=ORIENTED_EDGE('',*,*,#8187,.F.);
#10683=ORIENTED_EDGE('',*,*,#8188,.F.);
#10684=ORIENTED_EDGE('',*,*,#8189,.T.);
#10685=ORIENTED_EDGE('',*,*,#8190,.T.);
#10686=ORIENTED_EDGE('',*,*,#8185,.F.);
#10687=ORIENTED_EDGE('',*,*,#8191,.F.);
#10688=ORIENTED_EDGE('',*,*,#8192,.T.);
#10689=ORIENTED_EDGE('',*,*,#8193,.T.);
#10690=ORIENTED_EDGE('',*,*,#8189,.F.);
#10691=ORIENTED_EDGE('',*,*,#8194,.F.);
#10692=ORIENTED_EDGE('',*,*,#8187,.T.);
#10693=ORIENTED_EDGE('',*,*,#8195,.T.);
#10694=ORIENTED_EDGE('',*,*,#8192,.F.);
#10695=ORIENTED_EDGE('',*,*,#8195,.F.);
#10696=ORIENTED_EDGE('',*,*,#8186,.F.);
#10697=ORIENTED_EDGE('',*,*,#8190,.F.);
#10698=ORIENTED_EDGE('',*,*,#8193,.F.);
#10699=ORIENTED_EDGE('',*,*,#8196,.F.);
#10700=ORIENTED_EDGE('',*,*,#8197,.F.);
#10701=ORIENTED_EDGE('',*,*,#8198,.F.);
#10702=ORIENTED_EDGE('',*,*,#8199,.T.);
#10703=ORIENTED_EDGE('',*,*,#8200,.F.);
#10704=ORIENTED_EDGE('',*,*,#8199,.F.);
#10705=ORIENTED_EDGE('',*,*,#8201,.F.);
#10706=ORIENTED_EDGE('',*,*,#8202,.T.);
#10707=ORIENTED_EDGE('',*,*,#8203,.F.);
#10708=ORIENTED_EDGE('',*,*,#8202,.F.);
#10709=ORIENTED_EDGE('',*,*,#8204,.F.);
#10710=ORIENTED_EDGE('',*,*,#8205,.T.);
#10711=ORIENTED_EDGE('',*,*,#8206,.F.);
#10712=ORIENTED_EDGE('',*,*,#8205,.F.);
#10713=ORIENTED_EDGE('',*,*,#8207,.F.);
#10714=ORIENTED_EDGE('',*,*,#8197,.T.);
#10715=ORIENTED_EDGE('',*,*,#8208,.F.);
#10716=ORIENTED_EDGE('',*,*,#8209,.F.);
#10717=ORIENTED_EDGE('',*,*,#8210,.F.);
#10718=ORIENTED_EDGE('',*,*,#8211,.T.);
#10719=ORIENTED_EDGE('',*,*,#8212,.F.);
#10720=ORIENTED_EDGE('',*,*,#8211,.F.);
#10721=ORIENTED_EDGE('',*,*,#8213,.F.);
#10722=ORIENTED_EDGE('',*,*,#8214,.T.);
#10723=ORIENTED_EDGE('',*,*,#8215,.F.);
#10724=ORIENTED_EDGE('',*,*,#8214,.F.);
#10725=ORIENTED_EDGE('',*,*,#8216,.F.);
#10726=ORIENTED_EDGE('',*,*,#8217,.T.);
#10727=ORIENTED_EDGE('',*,*,#8218,.F.);
#10728=ORIENTED_EDGE('',*,*,#8217,.F.);
#10729=ORIENTED_EDGE('',*,*,#8219,.F.);
#10730=ORIENTED_EDGE('',*,*,#8209,.T.);
#10731=ORIENTED_EDGE('',*,*,#8220,.F.);
#10732=ORIENTED_EDGE('',*,*,#8221,.T.);
#10733=ORIENTED_EDGE('',*,*,#8222,.T.);
#10734=ORIENTED_EDGE('',*,*,#8223,.F.);
#10735=ORIENTED_EDGE('',*,*,#8224,.F.);
#10736=ORIENTED_EDGE('',*,*,#8225,.T.);
#10737=ORIENTED_EDGE('',*,*,#8226,.T.);
#10738=ORIENTED_EDGE('',*,*,#8221,.F.);
#10739=ORIENTED_EDGE('',*,*,#8227,.F.);
#10740=ORIENTED_EDGE('',*,*,#8228,.T.);
#10741=ORIENTED_EDGE('',*,*,#8229,.T.);
#10742=ORIENTED_EDGE('',*,*,#8225,.F.);
#10743=ORIENTED_EDGE('',*,*,#8230,.F.);
#10744=ORIENTED_EDGE('',*,*,#8223,.T.);
#10745=ORIENTED_EDGE('',*,*,#8231,.T.);
#10746=ORIENTED_EDGE('',*,*,#8228,.F.);
#10747=ORIENTED_EDGE('',*,*,#8231,.F.);
#10748=ORIENTED_EDGE('',*,*,#8222,.F.);
#10749=ORIENTED_EDGE('',*,*,#8226,.F.);
#10750=ORIENTED_EDGE('',*,*,#8229,.F.);
#10751=ORIENTED_EDGE('',*,*,#8232,.F.);
#10752=ORIENTED_EDGE('',*,*,#8233,.F.);
#10753=ORIENTED_EDGE('',*,*,#8234,.F.);
#10754=ORIENTED_EDGE('',*,*,#8235,.T.);
#10755=ORIENTED_EDGE('',*,*,#8236,.F.);
#10756=ORIENTED_EDGE('',*,*,#8235,.F.);
#10757=ORIENTED_EDGE('',*,*,#8237,.F.);
#10758=ORIENTED_EDGE('',*,*,#8238,.T.);
#10759=ORIENTED_EDGE('',*,*,#8239,.F.);
#10760=ORIENTED_EDGE('',*,*,#8238,.F.);
#10761=ORIENTED_EDGE('',*,*,#8240,.F.);
#10762=ORIENTED_EDGE('',*,*,#8241,.T.);
#10763=ORIENTED_EDGE('',*,*,#8242,.F.);
#10764=ORIENTED_EDGE('',*,*,#8241,.F.);
#10765=ORIENTED_EDGE('',*,*,#8243,.F.);
#10766=ORIENTED_EDGE('',*,*,#8233,.T.);
#10767=ORIENTED_EDGE('',*,*,#8244,.F.);
#10768=ORIENTED_EDGE('',*,*,#8245,.F.);
#10769=ORIENTED_EDGE('',*,*,#8246,.F.);
#10770=ORIENTED_EDGE('',*,*,#8247,.T.);
#10771=ORIENTED_EDGE('',*,*,#8248,.F.);
#10772=ORIENTED_EDGE('',*,*,#8247,.F.);
#10773=ORIENTED_EDGE('',*,*,#8249,.F.);
#10774=ORIENTED_EDGE('',*,*,#8250,.T.);
#10775=ORIENTED_EDGE('',*,*,#8251,.F.);
#10776=ORIENTED_EDGE('',*,*,#8250,.F.);
#10777=ORIENTED_EDGE('',*,*,#8252,.F.);
#10778=ORIENTED_EDGE('',*,*,#8253,.T.);
#10779=ORIENTED_EDGE('',*,*,#8254,.F.);
#10780=ORIENTED_EDGE('',*,*,#8253,.F.);
#10781=ORIENTED_EDGE('',*,*,#8255,.F.);
#10782=ORIENTED_EDGE('',*,*,#8245,.T.);
#10783=ORIENTED_EDGE('',*,*,#8256,.F.);
#10784=ORIENTED_EDGE('',*,*,#8257,.F.);
#10785=ORIENTED_EDGE('',*,*,#8258,.F.);
#10786=ORIENTED_EDGE('',*,*,#8259,.T.);
#10787=ORIENTED_EDGE('',*,*,#8260,.F.);
#10788=ORIENTED_EDGE('',*,*,#8259,.F.);
#10789=ORIENTED_EDGE('',*,*,#8261,.F.);
#10790=ORIENTED_EDGE('',*,*,#8262,.T.);
#10791=ORIENTED_EDGE('',*,*,#8263,.F.);
#10792=ORIENTED_EDGE('',*,*,#8262,.F.);
#10793=ORIENTED_EDGE('',*,*,#8264,.F.);
#10794=ORIENTED_EDGE('',*,*,#8265,.T.);
#10795=ORIENTED_EDGE('',*,*,#8266,.F.);
#10796=ORIENTED_EDGE('',*,*,#8265,.F.);
#10797=ORIENTED_EDGE('',*,*,#8267,.F.);
#10798=ORIENTED_EDGE('',*,*,#8257,.T.);
#10799=ORIENTED_EDGE('',*,*,#8268,.F.);
#10800=ORIENTED_EDGE('',*,*,#8269,.F.);
#10801=ORIENTED_EDGE('',*,*,#8270,.F.);
#10802=ORIENTED_EDGE('',*,*,#8271,.T.);
#10803=ORIENTED_EDGE('',*,*,#8272,.F.);
#10804=ORIENTED_EDGE('',*,*,#8271,.F.);
#10805=ORIENTED_EDGE('',*,*,#8273,.F.);
#10806=ORIENTED_EDGE('',*,*,#8274,.T.);
#10807=ORIENTED_EDGE('',*,*,#8275,.F.);
#10808=ORIENTED_EDGE('',*,*,#8274,.F.);
#10809=ORIENTED_EDGE('',*,*,#8276,.F.);
#10810=ORIENTED_EDGE('',*,*,#8277,.T.);
#10811=ORIENTED_EDGE('',*,*,#8278,.F.);
#10812=ORIENTED_EDGE('',*,*,#8277,.F.);
#10813=ORIENTED_EDGE('',*,*,#8279,.F.);
#10814=ORIENTED_EDGE('',*,*,#8269,.T.);
#10815=ORIENTED_EDGE('',*,*,#8280,.F.);
#10816=ORIENTED_EDGE('',*,*,#8281,.T.);
#10817=ORIENTED_EDGE('',*,*,#8282,.T.);
#10818=ORIENTED_EDGE('',*,*,#8283,.F.);
#10819=ORIENTED_EDGE('',*,*,#8284,.F.);
#10820=ORIENTED_EDGE('',*,*,#8285,.T.);
#10821=ORIENTED_EDGE('',*,*,#8286,.T.);
#10822=ORIENTED_EDGE('',*,*,#8281,.F.);
#10823=ORIENTED_EDGE('',*,*,#8287,.F.);
#10824=ORIENTED_EDGE('',*,*,#8288,.T.);
#10825=ORIENTED_EDGE('',*,*,#8289,.T.);
#10826=ORIENTED_EDGE('',*,*,#8285,.F.);
#10827=ORIENTED_EDGE('',*,*,#8290,.F.);
#10828=ORIENTED_EDGE('',*,*,#8283,.T.);
#10829=ORIENTED_EDGE('',*,*,#8291,.T.);
#10830=ORIENTED_EDGE('',*,*,#8288,.F.);
#10831=ORIENTED_EDGE('',*,*,#8291,.F.);
#10832=ORIENTED_EDGE('',*,*,#8282,.F.);
#10833=ORIENTED_EDGE('',*,*,#8286,.F.);
#10834=ORIENTED_EDGE('',*,*,#8289,.F.);
#10835=ORIENTED_EDGE('',*,*,#8292,.F.);
#10836=ORIENTED_EDGE('',*,*,#8293,.F.);
#10837=ORIENTED_EDGE('',*,*,#8294,.F.);
#10838=ORIENTED_EDGE('',*,*,#8295,.T.);
#10839=ORIENTED_EDGE('',*,*,#8296,.F.);
#10840=ORIENTED_EDGE('',*,*,#8295,.F.);
#10841=ORIENTED_EDGE('',*,*,#8297,.F.);
#10842=ORIENTED_EDGE('',*,*,#8298,.T.);
#10843=ORIENTED_EDGE('',*,*,#8299,.F.);
#10844=ORIENTED_EDGE('',*,*,#8298,.F.);
#10845=ORIENTED_EDGE('',*,*,#8300,.F.);
#10846=ORIENTED_EDGE('',*,*,#8301,.T.);
#10847=ORIENTED_EDGE('',*,*,#8302,.F.);
#10848=ORIENTED_EDGE('',*,*,#8301,.F.);
#10849=ORIENTED_EDGE('',*,*,#8303,.F.);
#10850=ORIENTED_EDGE('',*,*,#8293,.T.);
#10851=ORIENTED_EDGE('',*,*,#8304,.F.);
#10852=ORIENTED_EDGE('',*,*,#8305,.T.);
#10853=ORIENTED_EDGE('',*,*,#8306,.T.);
#10854=ORIENTED_EDGE('',*,*,#8307,.F.);
#10855=ORIENTED_EDGE('',*,*,#8308,.F.);
#10856=ORIENTED_EDGE('',*,*,#8309,.T.);
#10857=ORIENTED_EDGE('',*,*,#8310,.T.);
#10858=ORIENTED_EDGE('',*,*,#8305,.F.);
#10859=ORIENTED_EDGE('',*,*,#8311,.F.);
#10860=ORIENTED_EDGE('',*,*,#8312,.T.);
#10861=ORIENTED_EDGE('',*,*,#8313,.T.);
#10862=ORIENTED_EDGE('',*,*,#8309,.F.);
#10863=ORIENTED_EDGE('',*,*,#8314,.F.);
#10864=ORIENTED_EDGE('',*,*,#8307,.T.);
#10865=ORIENTED_EDGE('',*,*,#8315,.T.);
#10866=ORIENTED_EDGE('',*,*,#8312,.F.);
#10867=ORIENTED_EDGE('',*,*,#8315,.F.);
#10868=ORIENTED_EDGE('',*,*,#8306,.F.);
#10869=ORIENTED_EDGE('',*,*,#8310,.F.);
#10870=ORIENTED_EDGE('',*,*,#8313,.F.);
#10871=ORIENTED_EDGE('',*,*,#8316,.F.);
#10872=ORIENTED_EDGE('',*,*,#8317,.F.);
#10873=ORIENTED_EDGE('',*,*,#8318,.F.);
#10874=ORIENTED_EDGE('',*,*,#8319,.T.);
#10875=ORIENTED_EDGE('',*,*,#8320,.F.);
#10876=ORIENTED_EDGE('',*,*,#8319,.F.);
#10877=ORIENTED_EDGE('',*,*,#8321,.F.);
#10878=ORIENTED_EDGE('',*,*,#8322,.T.);
#10879=ORIENTED_EDGE('',*,*,#8323,.F.);
#10880=ORIENTED_EDGE('',*,*,#8322,.F.);
#10881=ORIENTED_EDGE('',*,*,#8324,.F.);
#10882=ORIENTED_EDGE('',*,*,#8325,.T.);
#10883=ORIENTED_EDGE('',*,*,#8326,.F.);
#10884=ORIENTED_EDGE('',*,*,#8325,.F.);
#10885=ORIENTED_EDGE('',*,*,#8327,.F.);
#10886=ORIENTED_EDGE('',*,*,#8317,.T.);
#10887=ORIENTED_EDGE('',*,*,#8328,.F.);
#10888=ORIENTED_EDGE('',*,*,#8329,.F.);
#10889=ORIENTED_EDGE('',*,*,#8330,.F.);
#10890=ORIENTED_EDGE('',*,*,#8331,.T.);
#10891=ORIENTED_EDGE('',*,*,#8332,.F.);
#10892=ORIENTED_EDGE('',*,*,#8331,.F.);
#10893=ORIENTED_EDGE('',*,*,#8333,.F.);
#10894=ORIENTED_EDGE('',*,*,#8334,.T.);
#10895=ORIENTED_EDGE('',*,*,#8335,.F.);
#10896=ORIENTED_EDGE('',*,*,#8334,.F.);
#10897=ORIENTED_EDGE('',*,*,#8336,.F.);
#10898=ORIENTED_EDGE('',*,*,#8337,.T.);
#10899=ORIENTED_EDGE('',*,*,#8338,.F.);
#10900=ORIENTED_EDGE('',*,*,#8337,.F.);
#10901=ORIENTED_EDGE('',*,*,#8339,.F.);
#10902=ORIENTED_EDGE('',*,*,#8329,.T.);
#10903=ORIENTED_EDGE('',*,*,#8340,.F.);
#10904=ORIENTED_EDGE('',*,*,#8341,.F.);
#10905=ORIENTED_EDGE('',*,*,#8342,.F.);
#10906=ORIENTED_EDGE('',*,*,#8343,.T.);
#10907=ORIENTED_EDGE('',*,*,#8344,.F.);
#10908=ORIENTED_EDGE('',*,*,#8343,.F.);
#10909=ORIENTED_EDGE('',*,*,#8345,.F.);
#10910=ORIENTED_EDGE('',*,*,#8346,.T.);
#10911=ORIENTED_EDGE('',*,*,#8347,.F.);
#10912=ORIENTED_EDGE('',*,*,#8346,.F.);
#10913=ORIENTED_EDGE('',*,*,#8348,.F.);
#10914=ORIENTED_EDGE('',*,*,#8349,.T.);
#10915=ORIENTED_EDGE('',*,*,#8350,.F.);
#10916=ORIENTED_EDGE('',*,*,#8349,.F.);
#10917=ORIENTED_EDGE('',*,*,#8351,.F.);
#10918=ORIENTED_EDGE('',*,*,#8341,.T.);
#10919=ORIENTED_EDGE('',*,*,#8352,.F.);
#10920=ORIENTED_EDGE('',*,*,#8353,.T.);
#10921=ORIENTED_EDGE('',*,*,#8354,.T.);
#10922=ORIENTED_EDGE('',*,*,#8355,.F.);
#10923=ORIENTED_EDGE('',*,*,#8356,.F.);
#10924=ORIENTED_EDGE('',*,*,#8357,.T.);
#10925=ORIENTED_EDGE('',*,*,#8358,.T.);
#10926=ORIENTED_EDGE('',*,*,#8353,.F.);
#10927=ORIENTED_EDGE('',*,*,#8359,.F.);
#10928=ORIENTED_EDGE('',*,*,#8360,.T.);
#10929=ORIENTED_EDGE('',*,*,#8361,.T.);
#10930=ORIENTED_EDGE('',*,*,#8357,.F.);
#10931=ORIENTED_EDGE('',*,*,#8362,.F.);
#10932=ORIENTED_EDGE('',*,*,#8355,.T.);
#10933=ORIENTED_EDGE('',*,*,#8363,.T.);
#10934=ORIENTED_EDGE('',*,*,#8360,.F.);
#10935=ORIENTED_EDGE('',*,*,#8363,.F.);
#10936=ORIENTED_EDGE('',*,*,#8354,.F.);
#10937=ORIENTED_EDGE('',*,*,#8358,.F.);
#10938=ORIENTED_EDGE('',*,*,#8361,.F.);
#10939=ORIENTED_EDGE('',*,*,#8364,.F.);
#10940=ORIENTED_EDGE('',*,*,#8365,.T.);
#10941=ORIENTED_EDGE('',*,*,#8366,.T.);
#10942=ORIENTED_EDGE('',*,*,#8367,.F.);
#10943=ORIENTED_EDGE('',*,*,#8368,.F.);
#10944=ORIENTED_EDGE('',*,*,#8369,.T.);
#10945=ORIENTED_EDGE('',*,*,#8370,.T.);
#10946=ORIENTED_EDGE('',*,*,#8365,.F.);
#10947=ORIENTED_EDGE('',*,*,#8371,.F.);
#10948=ORIENTED_EDGE('',*,*,#8372,.T.);
#10949=ORIENTED_EDGE('',*,*,#8373,.T.);
#10950=ORIENTED_EDGE('',*,*,#8369,.F.);
#10951=ORIENTED_EDGE('',*,*,#8374,.F.);
#10952=ORIENTED_EDGE('',*,*,#8367,.T.);
#10953=ORIENTED_EDGE('',*,*,#8375,.T.);
#10954=ORIENTED_EDGE('',*,*,#8372,.F.);
#10955=ORIENTED_EDGE('',*,*,#8375,.F.);
#10956=ORIENTED_EDGE('',*,*,#8366,.F.);
#10957=ORIENTED_EDGE('',*,*,#8370,.F.);
#10958=ORIENTED_EDGE('',*,*,#8373,.F.);
#10959=ORIENTED_EDGE('',*,*,#8376,.F.);
#10960=ORIENTED_EDGE('',*,*,#8377,.F.);
#10961=ORIENTED_EDGE('',*,*,#8378,.F.);
#10962=ORIENTED_EDGE('',*,*,#8379,.T.);
#10963=ORIENTED_EDGE('',*,*,#8380,.F.);
#10964=ORIENTED_EDGE('',*,*,#8379,.F.);
#10965=ORIENTED_EDGE('',*,*,#8381,.F.);
#10966=ORIENTED_EDGE('',*,*,#8382,.T.);
#10967=ORIENTED_EDGE('',*,*,#8383,.F.);
#10968=ORIENTED_EDGE('',*,*,#8382,.F.);
#10969=ORIENTED_EDGE('',*,*,#8384,.F.);
#10970=ORIENTED_EDGE('',*,*,#8385,.T.);
#10971=ORIENTED_EDGE('',*,*,#8386,.F.);
#10972=ORIENTED_EDGE('',*,*,#8385,.F.);
#10973=ORIENTED_EDGE('',*,*,#8387,.F.);
#10974=ORIENTED_EDGE('',*,*,#8377,.T.);
#10975=ORIENTED_EDGE('',*,*,#8388,.F.);
#10976=ORIENTED_EDGE('',*,*,#8389,.F.);
#10977=ORIENTED_EDGE('',*,*,#8390,.F.);
#10978=ORIENTED_EDGE('',*,*,#8391,.T.);
#10979=ORIENTED_EDGE('',*,*,#8392,.F.);
#10980=ORIENTED_EDGE('',*,*,#8391,.F.);
#10981=ORIENTED_EDGE('',*,*,#8393,.F.);
#10982=ORIENTED_EDGE('',*,*,#8394,.T.);
#10983=ORIENTED_EDGE('',*,*,#8395,.F.);
#10984=ORIENTED_EDGE('',*,*,#8394,.F.);
#10985=ORIENTED_EDGE('',*,*,#8396,.F.);
#10986=ORIENTED_EDGE('',*,*,#8397,.T.);
#10987=ORIENTED_EDGE('',*,*,#8398,.F.);
#10988=ORIENTED_EDGE('',*,*,#8397,.F.);
#10989=ORIENTED_EDGE('',*,*,#8399,.F.);
#10990=ORIENTED_EDGE('',*,*,#8389,.T.);
#10991=ORIENTED_EDGE('',*,*,#8400,.F.);
#10992=ORIENTED_EDGE('',*,*,#8401,.F.);
#10993=ORIENTED_EDGE('',*,*,#8402,.F.);
#10994=ORIENTED_EDGE('',*,*,#8403,.T.);
#10995=ORIENTED_EDGE('',*,*,#8404,.F.);
#10996=ORIENTED_EDGE('',*,*,#8403,.F.);
#10997=ORIENTED_EDGE('',*,*,#8405,.F.);
#10998=ORIENTED_EDGE('',*,*,#8406,.T.);
#10999=ORIENTED_EDGE('',*,*,#8407,.F.);
#11000=ORIENTED_EDGE('',*,*,#8406,.F.);
#11001=ORIENTED_EDGE('',*,*,#8408,.F.);
#11002=ORIENTED_EDGE('',*,*,#8409,.T.);
#11003=ORIENTED_EDGE('',*,*,#8410,.F.);
#11004=ORIENTED_EDGE('',*,*,#8409,.F.);
#11005=ORIENTED_EDGE('',*,*,#8411,.F.);
#11006=ORIENTED_EDGE('',*,*,#8401,.T.);
#11007=ORIENTED_EDGE('',*,*,#8412,.F.);
#11008=ORIENTED_EDGE('',*,*,#8413,.F.);
#11009=ORIENTED_EDGE('',*,*,#8414,.F.);
#11010=ORIENTED_EDGE('',*,*,#8415,.T.);
#11011=ORIENTED_EDGE('',*,*,#8416,.F.);
#11012=ORIENTED_EDGE('',*,*,#8415,.F.);
#11013=ORIENTED_EDGE('',*,*,#8417,.F.);
#11014=ORIENTED_EDGE('',*,*,#8418,.T.);
#11015=ORIENTED_EDGE('',*,*,#8419,.F.);
#11016=ORIENTED_EDGE('',*,*,#8418,.F.);
#11017=ORIENTED_EDGE('',*,*,#8420,.F.);
#11018=ORIENTED_EDGE('',*,*,#8421,.T.);
#11019=ORIENTED_EDGE('',*,*,#8422,.F.);
#11020=ORIENTED_EDGE('',*,*,#8421,.F.);
#11021=ORIENTED_EDGE('',*,*,#8423,.F.);
#11022=ORIENTED_EDGE('',*,*,#8413,.T.);
#11023=ORIENTED_EDGE('',*,*,#6739,.F.);
#11024=ORIENTED_EDGE('',*,*,#8424,.F.);
#11025=ORIENTED_EDGE('',*,*,#6695,.T.);
#11026=ORIENTED_EDGE('',*,*,#8425,.F.);
#11027=ORIENTED_EDGE('',*,*,#8426,.F.);
#11028=ORIENTED_EDGE('',*,*,#6696,.T.);
#11029=ORIENTED_EDGE('',*,*,#8424,.T.);
#11030=ORIENTED_EDGE('',*,*,#6738,.F.);
#11031=ORIENTED_EDGE('',*,*,#8427,.F.);
#11032=ORIENTED_EDGE('',*,*,#6703,.T.);
#11033=ORIENTED_EDGE('',*,*,#8428,.F.);
#11034=ORIENTED_EDGE('',*,*,#6731,.F.);
#11035=ORIENTED_EDGE('',*,*,#8429,.F.);
#11036=ORIENTED_EDGE('',*,*,#6704,.T.);
#11037=ORIENTED_EDGE('',*,*,#8427,.T.);
#11038=ORIENTED_EDGE('',*,*,#6730,.F.);
#11039=ORIENTED_EDGE('',*,*,#8430,.F.);
#11040=ORIENTED_EDGE('',*,*,#6707,.T.);
#11041=ORIENTED_EDGE('',*,*,#8431,.F.);
#11042=ORIENTED_EDGE('',*,*,#6727,.F.);
#11043=ORIENTED_EDGE('',*,*,#8432,.F.);
#11044=ORIENTED_EDGE('',*,*,#6708,.T.);
#11045=ORIENTED_EDGE('',*,*,#8430,.T.);
#11046=ORIENTED_EDGE('',*,*,#6726,.F.);
#11047=ORIENTED_EDGE('',*,*,#8433,.F.);
#11048=ORIENTED_EDGE('',*,*,#6699,.T.);
#11049=ORIENTED_EDGE('',*,*,#8434,.F.);
#11050=ORIENTED_EDGE('',*,*,#6735,.F.);
#11051=ORIENTED_EDGE('',*,*,#6737,.F.);
#11052=ORIENTED_EDGE('',*,*,#8435,.F.);
#11053=ORIENTED_EDGE('',*,*,#6697,.T.);
#11054=ORIENTED_EDGE('',*,*,#8426,.T.);
#11055=ORIENTED_EDGE('',*,*,#6729,.F.);
#11056=ORIENTED_EDGE('',*,*,#8436,.F.);
#11057=ORIENTED_EDGE('',*,*,#6705,.T.);
#11058=ORIENTED_EDGE('',*,*,#8429,.T.);
#11059=ORIENTED_EDGE('',*,*,#6725,.F.);
#11060=ORIENTED_EDGE('',*,*,#8437,.F.);
#11061=ORIENTED_EDGE('',*,*,#6709,.T.);
#11062=ORIENTED_EDGE('',*,*,#8432,.T.);
#11063=ORIENTED_EDGE('',*,*,#6733,.F.);
#11064=ORIENTED_EDGE('',*,*,#8438,.F.);
#11065=ORIENTED_EDGE('',*,*,#6701,.T.);
#11066=ORIENTED_EDGE('',*,*,#8439,.T.);
#11067=ORIENTED_EDGE('',*,*,#8439,.F.);
#11068=ORIENTED_EDGE('',*,*,#6700,.T.);
#11069=ORIENTED_EDGE('',*,*,#8433,.T.);
#11070=ORIENTED_EDGE('',*,*,#6734,.F.);
#11071=ORIENTED_EDGE('',*,*,#8425,.T.);
#11072=ORIENTED_EDGE('',*,*,#6694,.T.);
#11073=ORIENTED_EDGE('',*,*,#8440,.F.);
#11074=ORIENTED_EDGE('',*,*,#6740,.T.);
#11075=ORIENTED_EDGE('',*,*,#6823,.T.);
#11076=ORIENTED_EDGE('',*,*,#6826,.T.);
#11077=ORIENTED_EDGE('',*,*,#6816,.T.);
#11078=ORIENTED_EDGE('',*,*,#6820,.T.);
#11079=ORIENTED_EDGE('',*,*,#6847,.T.);
#11080=ORIENTED_EDGE('',*,*,#6850,.T.);
#11081=ORIENTED_EDGE('',*,*,#6840,.T.);
#11082=ORIENTED_EDGE('',*,*,#6844,.T.);
#11083=ORIENTED_EDGE('',*,*,#6859,.T.);
#11084=ORIENTED_EDGE('',*,*,#6862,.T.);
#11085=ORIENTED_EDGE('',*,*,#6852,.T.);
#11086=ORIENTED_EDGE('',*,*,#6856,.T.);
#11087=ORIENTED_EDGE('',*,*,#6931,.T.);
#11088=ORIENTED_EDGE('',*,*,#6934,.T.);
#11089=ORIENTED_EDGE('',*,*,#6924,.T.);
#11090=ORIENTED_EDGE('',*,*,#6928,.T.);
#11091=ORIENTED_EDGE('',*,*,#6943,.T.);
#11092=ORIENTED_EDGE('',*,*,#6946,.T.);
#11093=ORIENTED_EDGE('',*,*,#6936,.T.);
#11094=ORIENTED_EDGE('',*,*,#6940,.T.);
#11095=ORIENTED_EDGE('',*,*,#7003,.T.);
#11096=ORIENTED_EDGE('',*,*,#7006,.T.);
#11097=ORIENTED_EDGE('',*,*,#6996,.T.);
#11098=ORIENTED_EDGE('',*,*,#7000,.T.);
#11099=ORIENTED_EDGE('',*,*,#7027,.T.);
#11100=ORIENTED_EDGE('',*,*,#7030,.T.);
#11101=ORIENTED_EDGE('',*,*,#7020,.T.);
#11102=ORIENTED_EDGE('',*,*,#7024,.T.);
#11103=ORIENTED_EDGE('',*,*,#7159,.T.);
#11104=ORIENTED_EDGE('',*,*,#7162,.T.);
#11105=ORIENTED_EDGE('',*,*,#7152,.T.);
#11106=ORIENTED_EDGE('',*,*,#7156,.T.);
#11107=ORIENTED_EDGE('',*,*,#7303,.T.);
#11108=ORIENTED_EDGE('',*,*,#7306,.T.);
#11109=ORIENTED_EDGE('',*,*,#7296,.T.);
#11110=ORIENTED_EDGE('',*,*,#7300,.T.);
#11111=ORIENTED_EDGE('',*,*,#7339,.T.);
#11112=ORIENTED_EDGE('',*,*,#7342,.T.);
#11113=ORIENTED_EDGE('',*,*,#7332,.T.);
#11114=ORIENTED_EDGE('',*,*,#7336,.T.);
#11115=ORIENTED_EDGE('',*,*,#7447,.T.);
#11116=ORIENTED_EDGE('',*,*,#7450,.T.);
#11117=ORIENTED_EDGE('',*,*,#7440,.T.);
#11118=ORIENTED_EDGE('',*,*,#7444,.T.);
#11119=ORIENTED_EDGE('',*,*,#7471,.T.);
#11120=ORIENTED_EDGE('',*,*,#7474,.T.);
#11121=ORIENTED_EDGE('',*,*,#7464,.T.);
#11122=ORIENTED_EDGE('',*,*,#7468,.T.);
#11123=ORIENTED_EDGE('',*,*,#7591,.T.);
#11124=ORIENTED_EDGE('',*,*,#7594,.T.);
#11125=ORIENTED_EDGE('',*,*,#7584,.T.);
#11126=ORIENTED_EDGE('',*,*,#7588,.T.);
#11127=ORIENTED_EDGE('',*,*,#7639,.T.);
#11128=ORIENTED_EDGE('',*,*,#7642,.T.);
#11129=ORIENTED_EDGE('',*,*,#7632,.T.);
#11130=ORIENTED_EDGE('',*,*,#7636,.T.);
#11131=ORIENTED_EDGE('',*,*,#7711,.T.);
#11132=ORIENTED_EDGE('',*,*,#7714,.T.);
#11133=ORIENTED_EDGE('',*,*,#7704,.T.);
#11134=ORIENTED_EDGE('',*,*,#7708,.T.);
#11135=ORIENTED_EDGE('',*,*,#7831,.T.);
#11136=ORIENTED_EDGE('',*,*,#7834,.T.);
#11137=ORIENTED_EDGE('',*,*,#7824,.T.);
#11138=ORIENTED_EDGE('',*,*,#7828,.T.);
#11139=ORIENTED_EDGE('',*,*,#7855,.T.);
#11140=ORIENTED_EDGE('',*,*,#7858,.T.);
#11141=ORIENTED_EDGE('',*,*,#7848,.T.);
#11142=ORIENTED_EDGE('',*,*,#7852,.T.);
#11143=ORIENTED_EDGE('',*,*,#8047,.T.);
#11144=ORIENTED_EDGE('',*,*,#8050,.T.);
#11145=ORIENTED_EDGE('',*,*,#8040,.T.);
#11146=ORIENTED_EDGE('',*,*,#8044,.T.);
#11147=ORIENTED_EDGE('',*,*,#8179,.T.);
#11148=ORIENTED_EDGE('',*,*,#8182,.T.);
#11149=ORIENTED_EDGE('',*,*,#8172,.T.);
#11150=ORIENTED_EDGE('',*,*,#8176,.T.);
#11151=ORIENTED_EDGE('',*,*,#8215,.T.);
#11152=ORIENTED_EDGE('',*,*,#8218,.T.);
#11153=ORIENTED_EDGE('',*,*,#8208,.T.);
#11154=ORIENTED_EDGE('',*,*,#8212,.T.);
#11155=ORIENTED_EDGE('',*,*,#8428,.T.);
#11156=ORIENTED_EDGE('',*,*,#6702,.T.);
#11157=ORIENTED_EDGE('',*,*,#8438,.T.);
#11158=ORIENTED_EDGE('',*,*,#6732,.T.);
#11159=ORIENTED_EDGE('',*,*,#7087,.T.);
#11160=ORIENTED_EDGE('',*,*,#7090,.T.);
#11161=ORIENTED_EDGE('',*,*,#7080,.T.);
#11162=ORIENTED_EDGE('',*,*,#7084,.T.);
#11163=ORIENTED_EDGE('',*,*,#7123,.T.);
#11164=ORIENTED_EDGE('',*,*,#7126,.T.);
#11165=ORIENTED_EDGE('',*,*,#7116,.T.);
#11166=ORIENTED_EDGE('',*,*,#7120,.T.);
#11167=ORIENTED_EDGE('',*,*,#7219,.T.);
#11168=ORIENTED_EDGE('',*,*,#7222,.T.);
#11169=ORIENTED_EDGE('',*,*,#7212,.T.);
#11170=ORIENTED_EDGE('',*,*,#7216,.T.);
#11171=ORIENTED_EDGE('',*,*,#7327,.T.);
#11172=ORIENTED_EDGE('',*,*,#7330,.T.);
#11173=ORIENTED_EDGE('',*,*,#7320,.T.);
#11174=ORIENTED_EDGE('',*,*,#7324,.T.);
#11175=ORIENTED_EDGE('',*,*,#7351,.T.);
#11176=ORIENTED_EDGE('',*,*,#7354,.T.);
#11177=ORIENTED_EDGE('',*,*,#7344,.T.);
#11178=ORIENTED_EDGE('',*,*,#7348,.T.);
#11179=ORIENTED_EDGE('',*,*,#7423,.T.);
#11180=ORIENTED_EDGE('',*,*,#7426,.T.);
#11181=ORIENTED_EDGE('',*,*,#7416,.T.);
#11182=ORIENTED_EDGE('',*,*,#7420,.T.);
#11183=ORIENTED_EDGE('',*,*,#7567,.T.);
#11184=ORIENTED_EDGE('',*,*,#7570,.T.);
#11185=ORIENTED_EDGE('',*,*,#7560,.T.);
#11186=ORIENTED_EDGE('',*,*,#7564,.T.);
#11187=ORIENTED_EDGE('',*,*,#7627,.T.);
#11188=ORIENTED_EDGE('',*,*,#7630,.T.);
#11189=ORIENTED_EDGE('',*,*,#7620,.T.);
#11190=ORIENTED_EDGE('',*,*,#7624,.T.);
#11191=ORIENTED_EDGE('',*,*,#7687,.T.);
#11192=ORIENTED_EDGE('',*,*,#7690,.T.);
#11193=ORIENTED_EDGE('',*,*,#7680,.T.);
#11194=ORIENTED_EDGE('',*,*,#7684,.T.);
#11195=ORIENTED_EDGE('',*,*,#7747,.T.);
#11196=ORIENTED_EDGE('',*,*,#7750,.T.);
#11197=ORIENTED_EDGE('',*,*,#7740,.T.);
#11198=ORIENTED_EDGE('',*,*,#7744,.T.);
#11199=ORIENTED_EDGE('',*,*,#7759,.T.);
#11200=ORIENTED_EDGE('',*,*,#7762,.T.);
#11201=ORIENTED_EDGE('',*,*,#7752,.T.);
#11202=ORIENTED_EDGE('',*,*,#7756,.T.);
#11203=ORIENTED_EDGE('',*,*,#7867,.T.);
#11204=ORIENTED_EDGE('',*,*,#7870,.T.);
#11205=ORIENTED_EDGE('',*,*,#7860,.T.);
#11206=ORIENTED_EDGE('',*,*,#7864,.T.);
#11207=ORIENTED_EDGE('',*,*,#7891,.T.);
#11208=ORIENTED_EDGE('',*,*,#7894,.T.);
#11209=ORIENTED_EDGE('',*,*,#7884,.T.);
#11210=ORIENTED_EDGE('',*,*,#7888,.T.);
#11211=ORIENTED_EDGE('',*,*,#8107,.T.);
#11212=ORIENTED_EDGE('',*,*,#8110,.T.);
#11213=ORIENTED_EDGE('',*,*,#8100,.T.);
#11214=ORIENTED_EDGE('',*,*,#8104,.T.);
#11215=ORIENTED_EDGE('',*,*,#8155,.T.);
#11216=ORIENTED_EDGE('',*,*,#8158,.T.);
#11217=ORIENTED_EDGE('',*,*,#8148,.T.);
#11218=ORIENTED_EDGE('',*,*,#8152,.T.);
#11219=ORIENTED_EDGE('',*,*,#8167,.T.);
#11220=ORIENTED_EDGE('',*,*,#8170,.T.);
#11221=ORIENTED_EDGE('',*,*,#8160,.T.);
#11222=ORIENTED_EDGE('',*,*,#8164,.T.);
#11223=ORIENTED_EDGE('',*,*,#8275,.T.);
#11224=ORIENTED_EDGE('',*,*,#8278,.T.);
#11225=ORIENTED_EDGE('',*,*,#8268,.T.);
#11226=ORIENTED_EDGE('',*,*,#8272,.T.);
#11227=ORIENTED_EDGE('',*,*,#8299,.T.);
#11228=ORIENTED_EDGE('',*,*,#8302,.T.);
#11229=ORIENTED_EDGE('',*,*,#8292,.T.);
#11230=ORIENTED_EDGE('',*,*,#8296,.T.);
#11231=ORIENTED_EDGE('',*,*,#8335,.T.);
#11232=ORIENTED_EDGE('',*,*,#8338,.T.);
#11233=ORIENTED_EDGE('',*,*,#8328,.T.);
#11234=ORIENTED_EDGE('',*,*,#8332,.T.);
#11235=ORIENTED_EDGE('',*,*,#8383,.T.);
#11236=ORIENTED_EDGE('',*,*,#8386,.T.);
#11237=ORIENTED_EDGE('',*,*,#8376,.T.);
#11238=ORIENTED_EDGE('',*,*,#8380,.T.);
#11239=ORIENTED_EDGE('',*,*,#8434,.T.);
#11240=ORIENTED_EDGE('',*,*,#6698,.T.);
#11241=ORIENTED_EDGE('',*,*,#8435,.T.);
#11242=ORIENTED_EDGE('',*,*,#6736,.T.);
#11243=ORIENTED_EDGE('',*,*,#6763,.T.);
#11244=ORIENTED_EDGE('',*,*,#6766,.T.);
#11245=ORIENTED_EDGE('',*,*,#6756,.T.);
#11246=ORIENTED_EDGE('',*,*,#6760,.T.);
#11247=ORIENTED_EDGE('',*,*,#6895,.T.);
#11248=ORIENTED_EDGE('',*,*,#6898,.T.);
#11249=ORIENTED_EDGE('',*,*,#6888,.T.);
#11250=ORIENTED_EDGE('',*,*,#6892,.T.);
#11251=ORIENTED_EDGE('',*,*,#6919,.T.);
#11252=ORIENTED_EDGE('',*,*,#6922,.T.);
#11253=ORIENTED_EDGE('',*,*,#6912,.T.);
#11254=ORIENTED_EDGE('',*,*,#6916,.T.);
#11255=ORIENTED_EDGE('',*,*,#7147,.T.);
#11256=ORIENTED_EDGE('',*,*,#7150,.T.);
#11257=ORIENTED_EDGE('',*,*,#7140,.T.);
#11258=ORIENTED_EDGE('',*,*,#7144,.T.);
#11259=ORIENTED_EDGE('',*,*,#7291,.T.);
#11260=ORIENTED_EDGE('',*,*,#7294,.T.);
#11261=ORIENTED_EDGE('',*,*,#7284,.T.);
#11262=ORIENTED_EDGE('',*,*,#7288,.T.);
#11263=ORIENTED_EDGE('',*,*,#7315,.T.);
#11264=ORIENTED_EDGE('',*,*,#7318,.T.);
#11265=ORIENTED_EDGE('',*,*,#7308,.T.);
#11266=ORIENTED_EDGE('',*,*,#7312,.T.);
#11267=ORIENTED_EDGE('',*,*,#7375,.T.);
#11268=ORIENTED_EDGE('',*,*,#7378,.T.);
#11269=ORIENTED_EDGE('',*,*,#7368,.T.);
#11270=ORIENTED_EDGE('',*,*,#7372,.T.);
#11271=ORIENTED_EDGE('',*,*,#7495,.T.);
#11272=ORIENTED_EDGE('',*,*,#7498,.T.);
#11273=ORIENTED_EDGE('',*,*,#7488,.T.);
#11274=ORIENTED_EDGE('',*,*,#7492,.T.);
#11275=ORIENTED_EDGE('',*,*,#7519,.T.);
#11276=ORIENTED_EDGE('',*,*,#7522,.T.);
#11277=ORIENTED_EDGE('',*,*,#7512,.T.);
#11278=ORIENTED_EDGE('',*,*,#7516,.T.);
#11279=ORIENTED_EDGE('',*,*,#7543,.T.);
#11280=ORIENTED_EDGE('',*,*,#7546,.T.);
#11281=ORIENTED_EDGE('',*,*,#7536,.T.);
#11282=ORIENTED_EDGE('',*,*,#7540,.T.);
#11283=ORIENTED_EDGE('',*,*,#7555,.T.);
#11284=ORIENTED_EDGE('',*,*,#7558,.T.);
#11285=ORIENTED_EDGE('',*,*,#7548,.T.);
#11286=ORIENTED_EDGE('',*,*,#7552,.T.);
#11287=ORIENTED_EDGE('',*,*,#7651,.T.);
#11288=ORIENTED_EDGE('',*,*,#7654,.T.);
#11289=ORIENTED_EDGE('',*,*,#7644,.T.);
#11290=ORIENTED_EDGE('',*,*,#7648,.T.);
#11291=ORIENTED_EDGE('',*,*,#7723,.T.);
#11292=ORIENTED_EDGE('',*,*,#7726,.T.);
#11293=ORIENTED_EDGE('',*,*,#7716,.T.);
#11294=ORIENTED_EDGE('',*,*,#7720,.T.);
#11295=ORIENTED_EDGE('',*,*,#7819,.T.);
#11296=ORIENTED_EDGE('',*,*,#7822,.T.);
#11297=ORIENTED_EDGE('',*,*,#7812,.T.);
#11298=ORIENTED_EDGE('',*,*,#7816,.T.);
#11299=ORIENTED_EDGE('',*,*,#7843,.T.);
#11300=ORIENTED_EDGE('',*,*,#7846,.T.);
#11301=ORIENTED_EDGE('',*,*,#7836,.T.);
#11302=ORIENTED_EDGE('',*,*,#7840,.T.);
#11303=ORIENTED_EDGE('',*,*,#7987,.T.);
#11304=ORIENTED_EDGE('',*,*,#7990,.T.);
#11305=ORIENTED_EDGE('',*,*,#7980,.T.);
#11306=ORIENTED_EDGE('',*,*,#7984,.T.);
#11307=ORIENTED_EDGE('',*,*,#8239,.T.);
#11308=ORIENTED_EDGE('',*,*,#8242,.T.);
#11309=ORIENTED_EDGE('',*,*,#8232,.T.);
#11310=ORIENTED_EDGE('',*,*,#8236,.T.);
#11311=ORIENTED_EDGE('',*,*,#8251,.T.);
#11312=ORIENTED_EDGE('',*,*,#8254,.T.);
#11313=ORIENTED_EDGE('',*,*,#8244,.T.);
#11314=ORIENTED_EDGE('',*,*,#8248,.T.);
#11315=ORIENTED_EDGE('',*,*,#8323,.T.);
#11316=ORIENTED_EDGE('',*,*,#8326,.T.);
#11317=ORIENTED_EDGE('',*,*,#8316,.T.);
#11318=ORIENTED_EDGE('',*,*,#8320,.T.);
#11319=ORIENTED_EDGE('',*,*,#8407,.T.);
#11320=ORIENTED_EDGE('',*,*,#8410,.T.);
#11321=ORIENTED_EDGE('',*,*,#8400,.T.);
#11322=ORIENTED_EDGE('',*,*,#8404,.T.);
#11323=ORIENTED_EDGE('',*,*,#8431,.T.);
#11324=ORIENTED_EDGE('',*,*,#6706,.T.);
#11325=ORIENTED_EDGE('',*,*,#8436,.T.);
#11326=ORIENTED_EDGE('',*,*,#6728,.T.);
#11327=ORIENTED_EDGE('',*,*,#6799,.T.);
#11328=ORIENTED_EDGE('',*,*,#6802,.T.);
#11329=ORIENTED_EDGE('',*,*,#6792,.T.);
#11330=ORIENTED_EDGE('',*,*,#6796,.T.);
#11331=ORIENTED_EDGE('',*,*,#6907,.T.);
#11332=ORIENTED_EDGE('',*,*,#6910,.T.);
#11333=ORIENTED_EDGE('',*,*,#6900,.T.);
#11334=ORIENTED_EDGE('',*,*,#6904,.T.);
#11335=ORIENTED_EDGE('',*,*,#6967,.T.);
#11336=ORIENTED_EDGE('',*,*,#6970,.T.);
#11337=ORIENTED_EDGE('',*,*,#6960,.T.);
#11338=ORIENTED_EDGE('',*,*,#6964,.T.);
#11339=ORIENTED_EDGE('',*,*,#7075,.T.);
#11340=ORIENTED_EDGE('',*,*,#7078,.T.);
#11341=ORIENTED_EDGE('',*,*,#7068,.T.);
#11342=ORIENTED_EDGE('',*,*,#7072,.T.);
#11343=ORIENTED_EDGE('',*,*,#7243,.T.);
#11344=ORIENTED_EDGE('',*,*,#7246,.T.);
#11345=ORIENTED_EDGE('',*,*,#7236,.T.);
#11346=ORIENTED_EDGE('',*,*,#7240,.T.);
#11347=ORIENTED_EDGE('',*,*,#7255,.T.);
#11348=ORIENTED_EDGE('',*,*,#7258,.T.);
#11349=ORIENTED_EDGE('',*,*,#7248,.T.);
#11350=ORIENTED_EDGE('',*,*,#7252,.T.);
#11351=ORIENTED_EDGE('',*,*,#7483,.T.);
#11352=ORIENTED_EDGE('',*,*,#7486,.T.);
#11353=ORIENTED_EDGE('',*,*,#7476,.T.);
#11354=ORIENTED_EDGE('',*,*,#7480,.T.);
#11355=ORIENTED_EDGE('',*,*,#7699,.T.);
#11356=ORIENTED_EDGE('',*,*,#7702,.T.);
#11357=ORIENTED_EDGE('',*,*,#7692,.T.);
#11358=ORIENTED_EDGE('',*,*,#7696,.T.);
#11359=ORIENTED_EDGE('',*,*,#7879,.T.);
#11360=ORIENTED_EDGE('',*,*,#7882,.T.);
#11361=ORIENTED_EDGE('',*,*,#7872,.T.);
#11362=ORIENTED_EDGE('',*,*,#7876,.T.);
#11363=ORIENTED_EDGE('',*,*,#7903,.T.);
#11364=ORIENTED_EDGE('',*,*,#7906,.T.);
#11365=ORIENTED_EDGE('',*,*,#7896,.T.);
#11366=ORIENTED_EDGE('',*,*,#7900,.T.);
#11367=ORIENTED_EDGE('',*,*,#7951,.T.);
#11368=ORIENTED_EDGE('',*,*,#7954,.T.);
#11369=ORIENTED_EDGE('',*,*,#7944,.T.);
#11370=ORIENTED_EDGE('',*,*,#7948,.T.);
#11371=ORIENTED_EDGE('',*,*,#7963,.T.);
#11372=ORIENTED_EDGE('',*,*,#7966,.T.);
#11373=ORIENTED_EDGE('',*,*,#7956,.T.);
#11374=ORIENTED_EDGE('',*,*,#7960,.T.);
#11375=ORIENTED_EDGE('',*,*,#7975,.T.);
#11376=ORIENTED_EDGE('',*,*,#7978,.T.);
#11377=ORIENTED_EDGE('',*,*,#7968,.T.);
#11378=ORIENTED_EDGE('',*,*,#7972,.T.);
#11379=ORIENTED_EDGE('',*,*,#8011,.T.);
#11380=ORIENTED_EDGE('',*,*,#8014,.T.);
#11381=ORIENTED_EDGE('',*,*,#8004,.T.);
#11382=ORIENTED_EDGE('',*,*,#8008,.T.);
#11383=ORIENTED_EDGE('',*,*,#8023,.T.);
#11384=ORIENTED_EDGE('',*,*,#8026,.T.);
#11385=ORIENTED_EDGE('',*,*,#8016,.T.);
#11386=ORIENTED_EDGE('',*,*,#8020,.T.);
#11387=ORIENTED_EDGE('',*,*,#8083,.T.);
#11388=ORIENTED_EDGE('',*,*,#8086,.T.);
#11389=ORIENTED_EDGE('',*,*,#8076,.T.);
#11390=ORIENTED_EDGE('',*,*,#8080,.T.);
#11391=ORIENTED_EDGE('',*,*,#8143,.T.);
#11392=ORIENTED_EDGE('',*,*,#8146,.T.);
#11393=ORIENTED_EDGE('',*,*,#8136,.T.);
#11394=ORIENTED_EDGE('',*,*,#8140,.T.);
#11395=ORIENTED_EDGE('',*,*,#8263,.T.);
#11396=ORIENTED_EDGE('',*,*,#8266,.T.);
#11397=ORIENTED_EDGE('',*,*,#8256,.T.);
#11398=ORIENTED_EDGE('',*,*,#8260,.T.);
#11399=ORIENTED_EDGE('',*,*,#8347,.T.);
#11400=ORIENTED_EDGE('',*,*,#8350,.T.);
#11401=ORIENTED_EDGE('',*,*,#8340,.T.);
#11402=ORIENTED_EDGE('',*,*,#8344,.T.);
#11403=ORIENTED_EDGE('',*,*,#8419,.T.);
#11404=ORIENTED_EDGE('',*,*,#8422,.T.);
#11405=ORIENTED_EDGE('',*,*,#8412,.T.);
#11406=ORIENTED_EDGE('',*,*,#8416,.T.);
#11407=ORIENTED_EDGE('',*,*,#6723,.F.);
#11408=ORIENTED_EDGE('',*,*,#6684,.T.);
#11409=ORIENTED_EDGE('',*,*,#6711,.F.);
#11410=ORIENTED_EDGE('',*,*,#8441,.T.);
#11411=ORIENTED_EDGE('',*,*,#8437,.T.);
#11412=ORIENTED_EDGE('',*,*,#6724,.T.);
#11413=ORIENTED_EDGE('',*,*,#8441,.F.);
#11414=ORIENTED_EDGE('',*,*,#6710,.T.);
#11415=ORIENTED_EDGE('',*,*,#6811,.T.);
#11416=ORIENTED_EDGE('',*,*,#6814,.T.);
#11417=ORIENTED_EDGE('',*,*,#6804,.T.);
#11418=ORIENTED_EDGE('',*,*,#6808,.T.);
#11419=ORIENTED_EDGE('',*,*,#6835,.T.);
#11420=ORIENTED_EDGE('',*,*,#6838,.T.);
#11421=ORIENTED_EDGE('',*,*,#6828,.T.);
#11422=ORIENTED_EDGE('',*,*,#6832,.T.);
#11423=ORIENTED_EDGE('',*,*,#6883,.T.);
#11424=ORIENTED_EDGE('',*,*,#6886,.T.);
#11425=ORIENTED_EDGE('',*,*,#6876,.T.);
#11426=ORIENTED_EDGE('',*,*,#6880,.T.);
#11427=ORIENTED_EDGE('',*,*,#6979,.T.);
#11428=ORIENTED_EDGE('',*,*,#6982,.T.);
#11429=ORIENTED_EDGE('',*,*,#6972,.T.);
#11430=ORIENTED_EDGE('',*,*,#6976,.T.);
#11431=ORIENTED_EDGE('',*,*,#7051,.T.);
#11432=ORIENTED_EDGE('',*,*,#7054,.T.);
#11433=ORIENTED_EDGE('',*,*,#7044,.T.);
#11434=ORIENTED_EDGE('',*,*,#7048,.T.);
#11435=ORIENTED_EDGE('',*,*,#7135,.T.);
#11436=ORIENTED_EDGE('',*,*,#7138,.T.);
#11437=ORIENTED_EDGE('',*,*,#7128,.T.);
#11438=ORIENTED_EDGE('',*,*,#7132,.T.);
#11439=ORIENTED_EDGE('',*,*,#7207,.T.);
#11440=ORIENTED_EDGE('',*,*,#7210,.T.);
#11441=ORIENTED_EDGE('',*,*,#7200,.T.);
#11442=ORIENTED_EDGE('',*,*,#7204,.T.);
#11443=ORIENTED_EDGE('',*,*,#7267,.T.);
#11444=ORIENTED_EDGE('',*,*,#7270,.T.);
#11445=ORIENTED_EDGE('',*,*,#7260,.T.);
#11446=ORIENTED_EDGE('',*,*,#7264,.T.);
#11447=ORIENTED_EDGE('',*,*,#7279,.T.);
#11448=ORIENTED_EDGE('',*,*,#7282,.T.);
#11449=ORIENTED_EDGE('',*,*,#7272,.T.);
#11450=ORIENTED_EDGE('',*,*,#7276,.T.);
#11451=ORIENTED_EDGE('',*,*,#7387,.T.);
#11452=ORIENTED_EDGE('',*,*,#7390,.T.);
#11453=ORIENTED_EDGE('',*,*,#7380,.T.);
#11454=ORIENTED_EDGE('',*,*,#7384,.T.);
#11455=ORIENTED_EDGE('',*,*,#7411,.T.);
#11456=ORIENTED_EDGE('',*,*,#7414,.T.);
#11457=ORIENTED_EDGE('',*,*,#7404,.T.);
#11458=ORIENTED_EDGE('',*,*,#7408,.T.);
#11459=ORIENTED_EDGE('',*,*,#7459,.T.);
#11460=ORIENTED_EDGE('',*,*,#7462,.T.);
#11461=ORIENTED_EDGE('',*,*,#7452,.T.);
#11462=ORIENTED_EDGE('',*,*,#7456,.T.);
#11463=ORIENTED_EDGE('',*,*,#7663,.T.);
#11464=ORIENTED_EDGE('',*,*,#7666,.T.);
#11465=ORIENTED_EDGE('',*,*,#7656,.T.);
#11466=ORIENTED_EDGE('',*,*,#7660,.T.);
#11467=ORIENTED_EDGE('',*,*,#7795,.T.);
#11468=ORIENTED_EDGE('',*,*,#7798,.T.);
#11469=ORIENTED_EDGE('',*,*,#7788,.T.);
#11470=ORIENTED_EDGE('',*,*,#7792,.T.);
#11471=ORIENTED_EDGE('',*,*,#7927,.T.);
#11472=ORIENTED_EDGE('',*,*,#7930,.T.);
#11473=ORIENTED_EDGE('',*,*,#7920,.T.);
#11474=ORIENTED_EDGE('',*,*,#7924,.T.);
#11475=ORIENTED_EDGE('',*,*,#7939,.T.);
#11476=ORIENTED_EDGE('',*,*,#7942,.T.);
#11477=ORIENTED_EDGE('',*,*,#7932,.T.);
#11478=ORIENTED_EDGE('',*,*,#7936,.T.);
#11479=ORIENTED_EDGE('',*,*,#8059,.T.);
#11480=ORIENTED_EDGE('',*,*,#8062,.T.);
#11481=ORIENTED_EDGE('',*,*,#8052,.T.);
#11482=ORIENTED_EDGE('',*,*,#8056,.T.);
#11483=ORIENTED_EDGE('',*,*,#8119,.T.);
#11484=ORIENTED_EDGE('',*,*,#8122,.T.);
#11485=ORIENTED_EDGE('',*,*,#8112,.T.);
#11486=ORIENTED_EDGE('',*,*,#8116,.T.);
#11487=ORIENTED_EDGE('',*,*,#8203,.T.);
#11488=ORIENTED_EDGE('',*,*,#8206,.T.);
#11489=ORIENTED_EDGE('',*,*,#8196,.T.);
#11490=ORIENTED_EDGE('',*,*,#8200,.T.);
#11491=ORIENTED_EDGE('',*,*,#8395,.T.);
#11492=ORIENTED_EDGE('',*,*,#8398,.T.);
#11493=ORIENTED_EDGE('',*,*,#8388,.T.);
#11494=ORIENTED_EDGE('',*,*,#8392,.T.);
#11495=ORIENTED_EDGE('',*,*,#6741,.F.);
#11496=ORIENTED_EDGE('',*,*,#8440,.T.);
#11497=ORIENTED_EDGE('',*,*,#6693,.F.);
#11498=ORIENTED_EDGE('',*,*,#8442,.F.);
#11499=ORIENTED_EDGE('',*,*,#6714,.F.);
#11500=ORIENTED_EDGE('',*,*,#6742,.F.);
#11501=ORIENTED_EDGE('',*,*,#8442,.T.);
#11502=ORIENTED_EDGE('',*,*,#6692,.F.);
#11503=ORIENTED_EDGE('',*,*,#6719,.F.);
#11504=ORIENTED_EDGE('',*,*,#6743,.F.);
#11505=ORIENTED_EDGE('',*,*,#6721,.F.);
#11506=ORIENTED_EDGE('',*,*,#6688,.F.);
#11507=ORIENTED_EDGE('',*,*,#6744,.T.);
#11508=ORIENTED_EDGE('',*,*,#6754,.T.);
#11509=ORIENTED_EDGE('',*,*,#6751,.T.);
#11510=ORIENTED_EDGE('',*,*,#6748,.T.);
#11511=ORIENTED_EDGE('',*,*,#6764,.T.);
#11512=ORIENTED_EDGE('',*,*,#6761,.T.);
#11513=ORIENTED_EDGE('',*,*,#6758,.T.);
#11514=ORIENTED_EDGE('',*,*,#6767,.T.);
#11515=ORIENTED_EDGE('',*,*,#6768,.T.);
#11516=ORIENTED_EDGE('',*,*,#6778,.T.);
#11517=ORIENTED_EDGE('',*,*,#6775,.T.);
#11518=ORIENTED_EDGE('',*,*,#6772,.T.);
#11519=ORIENTED_EDGE('',*,*,#6780,.T.);
#11520=ORIENTED_EDGE('',*,*,#6790,.T.);
#11521=ORIENTED_EDGE('',*,*,#6787,.T.);
#11522=ORIENTED_EDGE('',*,*,#6784,.T.);
#11523=ORIENTED_EDGE('',*,*,#6800,.T.);
#11524=ORIENTED_EDGE('',*,*,#6797,.T.);
#11525=ORIENTED_EDGE('',*,*,#6794,.T.);
#11526=ORIENTED_EDGE('',*,*,#6803,.T.);
#11527=ORIENTED_EDGE('',*,*,#6812,.T.);
#11528=ORIENTED_EDGE('',*,*,#6809,.T.);
#11529=ORIENTED_EDGE('',*,*,#6806,.T.);
#11530=ORIENTED_EDGE('',*,*,#6815,.T.);
#11531=ORIENTED_EDGE('',*,*,#6824,.T.);
#11532=ORIENTED_EDGE('',*,*,#6821,.T.);
#11533=ORIENTED_EDGE('',*,*,#6818,.T.);
#11534=ORIENTED_EDGE('',*,*,#6827,.T.);
#11535=ORIENTED_EDGE('',*,*,#6836,.T.);
#11536=ORIENTED_EDGE('',*,*,#6833,.T.);
#11537=ORIENTED_EDGE('',*,*,#6830,.T.);
#11538=ORIENTED_EDGE('',*,*,#6839,.T.);
#11539=ORIENTED_EDGE('',*,*,#6848,.T.);
#11540=ORIENTED_EDGE('',*,*,#6845,.T.);
#11541=ORIENTED_EDGE('',*,*,#6842,.T.);
#11542=ORIENTED_EDGE('',*,*,#6851,.T.);
#11543=ORIENTED_EDGE('',*,*,#6860,.T.);
#11544=ORIENTED_EDGE('',*,*,#6857,.T.);
#11545=ORIENTED_EDGE('',*,*,#6854,.T.);
#11546=ORIENTED_EDGE('',*,*,#6863,.T.);
#11547=ORIENTED_EDGE('',*,*,#6864,.T.);
#11548=ORIENTED_EDGE('',*,*,#6874,.T.);
#11549=ORIENTED_EDGE('',*,*,#6871,.T.);
#11550=ORIENTED_EDGE('',*,*,#6868,.T.);
#11551=ORIENTED_EDGE('',*,*,#6884,.T.);
#11552=ORIENTED_EDGE('',*,*,#6881,.T.);
#11553=ORIENTED_EDGE('',*,*,#6878,.T.);
#11554=ORIENTED_EDGE('',*,*,#6887,.T.);
#11555=ORIENTED_EDGE('',*,*,#6896,.T.);
#11556=ORIENTED_EDGE('',*,*,#6893,.T.);
#11557=ORIENTED_EDGE('',*,*,#6890,.T.);
#11558=ORIENTED_EDGE('',*,*,#6899,.T.);
#11559=ORIENTED_EDGE('',*,*,#6908,.T.);
#11560=ORIENTED_EDGE('',*,*,#6905,.T.);
#11561=ORIENTED_EDGE('',*,*,#6902,.T.);
#11562=ORIENTED_EDGE('',*,*,#6911,.T.);
#11563=ORIENTED_EDGE('',*,*,#6920,.T.);
#11564=ORIENTED_EDGE('',*,*,#6917,.T.);
#11565=ORIENTED_EDGE('',*,*,#6914,.T.);
#11566=ORIENTED_EDGE('',*,*,#6923,.T.);
#11567=ORIENTED_EDGE('',*,*,#6932,.T.);
#11568=ORIENTED_EDGE('',*,*,#6929,.T.);
#11569=ORIENTED_EDGE('',*,*,#6926,.T.);
#11570=ORIENTED_EDGE('',*,*,#6935,.T.);
#11571=ORIENTED_EDGE('',*,*,#6944,.T.);
#11572=ORIENTED_EDGE('',*,*,#6941,.T.);
#11573=ORIENTED_EDGE('',*,*,#6938,.T.);
#11574=ORIENTED_EDGE('',*,*,#6947,.T.);
#11575=ORIENTED_EDGE('',*,*,#6948,.T.);
#11576=ORIENTED_EDGE('',*,*,#6958,.T.);
#11577=ORIENTED_EDGE('',*,*,#6955,.T.);
#11578=ORIENTED_EDGE('',*,*,#6952,.T.);
#11579=ORIENTED_EDGE('',*,*,#6968,.T.);
#11580=ORIENTED_EDGE('',*,*,#6965,.T.);
#11581=ORIENTED_EDGE('',*,*,#6962,.T.);
#11582=ORIENTED_EDGE('',*,*,#6971,.T.);
#11583=ORIENTED_EDGE('',*,*,#6980,.T.);
#11584=ORIENTED_EDGE('',*,*,#6977,.T.);
#11585=ORIENTED_EDGE('',*,*,#6974,.T.);
#11586=ORIENTED_EDGE('',*,*,#6983,.T.);
#11587=ORIENTED_EDGE('',*,*,#6984,.T.);
#11588=ORIENTED_EDGE('',*,*,#6994,.T.);
#11589=ORIENTED_EDGE('',*,*,#6991,.T.);
#11590=ORIENTED_EDGE('',*,*,#6988,.T.);
#11591=ORIENTED_EDGE('',*,*,#7004,.T.);
#11592=ORIENTED_EDGE('',*,*,#7001,.T.);
#11593=ORIENTED_EDGE('',*,*,#6998,.T.);
#11594=ORIENTED_EDGE('',*,*,#7007,.T.);
#11595=ORIENTED_EDGE('',*,*,#7008,.T.);
#11596=ORIENTED_EDGE('',*,*,#7018,.T.);
#11597=ORIENTED_EDGE('',*,*,#7015,.T.);
#11598=ORIENTED_EDGE('',*,*,#7012,.T.);
#11599=ORIENTED_EDGE('',*,*,#7028,.T.);
#11600=ORIENTED_EDGE('',*,*,#7025,.T.);
#11601=ORIENTED_EDGE('',*,*,#7022,.T.);
#11602=ORIENTED_EDGE('',*,*,#7031,.T.);
#11603=ORIENTED_EDGE('',*,*,#7032,.T.);
#11604=ORIENTED_EDGE('',*,*,#7042,.T.);
#11605=ORIENTED_EDGE('',*,*,#7039,.T.);
#11606=ORIENTED_EDGE('',*,*,#7036,.T.);
#11607=ORIENTED_EDGE('',*,*,#7052,.T.);
#11608=ORIENTED_EDGE('',*,*,#7049,.T.);
#11609=ORIENTED_EDGE('',*,*,#7046,.T.);
#11610=ORIENTED_EDGE('',*,*,#7055,.T.);
#11611=ORIENTED_EDGE('',*,*,#7056,.T.);
#11612=ORIENTED_EDGE('',*,*,#7066,.T.);
#11613=ORIENTED_EDGE('',*,*,#7063,.T.);
#11614=ORIENTED_EDGE('',*,*,#7060,.T.);
#11615=ORIENTED_EDGE('',*,*,#7076,.T.);
#11616=ORIENTED_EDGE('',*,*,#7073,.T.);
#11617=ORIENTED_EDGE('',*,*,#7070,.T.);
#11618=ORIENTED_EDGE('',*,*,#7079,.T.);
#11619=ORIENTED_EDGE('',*,*,#7088,.T.);
#11620=ORIENTED_EDGE('',*,*,#7085,.T.);
#11621=ORIENTED_EDGE('',*,*,#7082,.T.);
#11622=ORIENTED_EDGE('',*,*,#7091,.T.);
#11623=ORIENTED_EDGE('',*,*,#7092,.T.);
#11624=ORIENTED_EDGE('',*,*,#7102,.T.);
#11625=ORIENTED_EDGE('',*,*,#7099,.T.);
#11626=ORIENTED_EDGE('',*,*,#7096,.T.);
#11627=ORIENTED_EDGE('',*,*,#7104,.T.);
#11628=ORIENTED_EDGE('',*,*,#7114,.T.);
#11629=ORIENTED_EDGE('',*,*,#7111,.T.);
#11630=ORIENTED_EDGE('',*,*,#7108,.T.);
#11631=ORIENTED_EDGE('',*,*,#7124,.T.);
#11632=ORIENTED_EDGE('',*,*,#7121,.T.);
#11633=ORIENTED_EDGE('',*,*,#7118,.T.);
#11634=ORIENTED_EDGE('',*,*,#7127,.T.);
#11635=ORIENTED_EDGE('',*,*,#7136,.T.);
#11636=ORIENTED_EDGE('',*,*,#7133,.T.);
#11637=ORIENTED_EDGE('',*,*,#7130,.T.);
#11638=ORIENTED_EDGE('',*,*,#7139,.T.);
#11639=ORIENTED_EDGE('',*,*,#7148,.T.);
#11640=ORIENTED_EDGE('',*,*,#7145,.T.);
#11641=ORIENTED_EDGE('',*,*,#7142,.T.);
#11642=ORIENTED_EDGE('',*,*,#7151,.T.);
#11643=ORIENTED_EDGE('',*,*,#7160,.T.);
#11644=ORIENTED_EDGE('',*,*,#7157,.T.);
#11645=ORIENTED_EDGE('',*,*,#7154,.T.);
#11646=ORIENTED_EDGE('',*,*,#7163,.T.);
#11647=ORIENTED_EDGE('',*,*,#7164,.T.);
#11648=ORIENTED_EDGE('',*,*,#7174,.T.);
#11649=ORIENTED_EDGE('',*,*,#7171,.T.);
#11650=ORIENTED_EDGE('',*,*,#7168,.T.);
#11651=ORIENTED_EDGE('',*,*,#7176,.T.);
#11652=ORIENTED_EDGE('',*,*,#7186,.T.);
#11653=ORIENTED_EDGE('',*,*,#7183,.T.);
#11654=ORIENTED_EDGE('',*,*,#7180,.T.);
#11655=ORIENTED_EDGE('',*,*,#7188,.T.);
#11656=ORIENTED_EDGE('',*,*,#7198,.T.);
#11657=ORIENTED_EDGE('',*,*,#7195,.T.);
#11658=ORIENTED_EDGE('',*,*,#7192,.T.);
#11659=ORIENTED_EDGE('',*,*,#7208,.T.);
#11660=ORIENTED_EDGE('',*,*,#7205,.T.);
#11661=ORIENTED_EDGE('',*,*,#7202,.T.);
#11662=ORIENTED_EDGE('',*,*,#7211,.T.);
#11663=ORIENTED_EDGE('',*,*,#7220,.T.);
#11664=ORIENTED_EDGE('',*,*,#7217,.T.);
#11665=ORIENTED_EDGE('',*,*,#7214,.T.);
#11666=ORIENTED_EDGE('',*,*,#7223,.T.);
#11667=ORIENTED_EDGE('',*,*,#7224,.T.);
#11668=ORIENTED_EDGE('',*,*,#7234,.T.);
#11669=ORIENTED_EDGE('',*,*,#7231,.T.);
#11670=ORIENTED_EDGE('',*,*,#7228,.T.);
#11671=ORIENTED_EDGE('',*,*,#7244,.T.);
#11672=ORIENTED_EDGE('',*,*,#7241,.T.);
#11673=ORIENTED_EDGE('',*,*,#7238,.T.);
#11674=ORIENTED_EDGE('',*,*,#7247,.T.);
#11675=ORIENTED_EDGE('',*,*,#7256,.T.);
#11676=ORIENTED_EDGE('',*,*,#7253,.T.);
#11677=ORIENTED_EDGE('',*,*,#7250,.T.);
#11678=ORIENTED_EDGE('',*,*,#7259,.T.);
#11679=ORIENTED_EDGE('',*,*,#7268,.T.);
#11680=ORIENTED_EDGE('',*,*,#7265,.T.);
#11681=ORIENTED_EDGE('',*,*,#7262,.T.);
#11682=ORIENTED_EDGE('',*,*,#7271,.T.);
#11683=ORIENTED_EDGE('',*,*,#7280,.T.);
#11684=ORIENTED_EDGE('',*,*,#7277,.T.);
#11685=ORIENTED_EDGE('',*,*,#7274,.T.);
#11686=ORIENTED_EDGE('',*,*,#7283,.T.);
#11687=ORIENTED_EDGE('',*,*,#7292,.T.);
#11688=ORIENTED_EDGE('',*,*,#7289,.T.);
#11689=ORIENTED_EDGE('',*,*,#7286,.T.);
#11690=ORIENTED_EDGE('',*,*,#7295,.T.);
#11691=ORIENTED_EDGE('',*,*,#7304,.T.);
#11692=ORIENTED_EDGE('',*,*,#7301,.T.);
#11693=ORIENTED_EDGE('',*,*,#7298,.T.);
#11694=ORIENTED_EDGE('',*,*,#7307,.T.);
#11695=ORIENTED_EDGE('',*,*,#7316,.T.);
#11696=ORIENTED_EDGE('',*,*,#7313,.T.);
#11697=ORIENTED_EDGE('',*,*,#7310,.T.);
#11698=ORIENTED_EDGE('',*,*,#7319,.T.);
#11699=ORIENTED_EDGE('',*,*,#7328,.T.);
#11700=ORIENTED_EDGE('',*,*,#7325,.T.);
#11701=ORIENTED_EDGE('',*,*,#7322,.T.);
#11702=ORIENTED_EDGE('',*,*,#7331,.T.);
#11703=ORIENTED_EDGE('',*,*,#7340,.T.);
#11704=ORIENTED_EDGE('',*,*,#7337,.T.);
#11705=ORIENTED_EDGE('',*,*,#7334,.T.);
#11706=ORIENTED_EDGE('',*,*,#7343,.T.);
#11707=ORIENTED_EDGE('',*,*,#7352,.T.);
#11708=ORIENTED_EDGE('',*,*,#7349,.T.);
#11709=ORIENTED_EDGE('',*,*,#7346,.T.);
#11710=ORIENTED_EDGE('',*,*,#7355,.T.);
#11711=ORIENTED_EDGE('',*,*,#7356,.T.);
#11712=ORIENTED_EDGE('',*,*,#7366,.T.);
#11713=ORIENTED_EDGE('',*,*,#7363,.T.);
#11714=ORIENTED_EDGE('',*,*,#7360,.T.);
#11715=ORIENTED_EDGE('',*,*,#7376,.T.);
#11716=ORIENTED_EDGE('',*,*,#7373,.T.);
#11717=ORIENTED_EDGE('',*,*,#7370,.T.);
#11718=ORIENTED_EDGE('',*,*,#7379,.T.);
#11719=ORIENTED_EDGE('',*,*,#7388,.T.);
#11720=ORIENTED_EDGE('',*,*,#7385,.T.);
#11721=ORIENTED_EDGE('',*,*,#7382,.T.);
#11722=ORIENTED_EDGE('',*,*,#7391,.T.);
#11723=ORIENTED_EDGE('',*,*,#7392,.T.);
#11724=ORIENTED_EDGE('',*,*,#7402,.T.);
#11725=ORIENTED_EDGE('',*,*,#7399,.T.);
#11726=ORIENTED_EDGE('',*,*,#7396,.T.);
#11727=ORIENTED_EDGE('',*,*,#7412,.T.);
#11728=ORIENTED_EDGE('',*,*,#7409,.T.);
#11729=ORIENTED_EDGE('',*,*,#7406,.T.);
#11730=ORIENTED_EDGE('',*,*,#7415,.T.);
#11731=ORIENTED_EDGE('',*,*,#7424,.T.);
#11732=ORIENTED_EDGE('',*,*,#7421,.T.);
#11733=ORIENTED_EDGE('',*,*,#7418,.T.);
#11734=ORIENTED_EDGE('',*,*,#7427,.T.);
#11735=ORIENTED_EDGE('',*,*,#7428,.T.);
#11736=ORIENTED_EDGE('',*,*,#7438,.T.);
#11737=ORIENTED_EDGE('',*,*,#7435,.T.);
#11738=ORIENTED_EDGE('',*,*,#7432,.T.);
#11739=ORIENTED_EDGE('',*,*,#7448,.T.);
#11740=ORIENTED_EDGE('',*,*,#7445,.T.);
#11741=ORIENTED_EDGE('',*,*,#7442,.T.);
#11742=ORIENTED_EDGE('',*,*,#7451,.T.);
#11743=ORIENTED_EDGE('',*,*,#7460,.T.);
#11744=ORIENTED_EDGE('',*,*,#7457,.T.);
#11745=ORIENTED_EDGE('',*,*,#7454,.T.);
#11746=ORIENTED_EDGE('',*,*,#7463,.T.);
#11747=ORIENTED_EDGE('',*,*,#7472,.T.);
#11748=ORIENTED_EDGE('',*,*,#7469,.T.);
#11749=ORIENTED_EDGE('',*,*,#7466,.T.);
#11750=ORIENTED_EDGE('',*,*,#7475,.T.);
#11751=ORIENTED_EDGE('',*,*,#7484,.T.);
#11752=ORIENTED_EDGE('',*,*,#7481,.T.);
#11753=ORIENTED_EDGE('',*,*,#7478,.T.);
#11754=ORIENTED_EDGE('',*,*,#7487,.T.);
#11755=ORIENTED_EDGE('',*,*,#7496,.T.);
#11756=ORIENTED_EDGE('',*,*,#7493,.T.);
#11757=ORIENTED_EDGE('',*,*,#7490,.T.);
#11758=ORIENTED_EDGE('',*,*,#7499,.T.);
#11759=ORIENTED_EDGE('',*,*,#7500,.T.);
#11760=ORIENTED_EDGE('',*,*,#7510,.T.);
#11761=ORIENTED_EDGE('',*,*,#7507,.T.);
#11762=ORIENTED_EDGE('',*,*,#7504,.T.);
#11763=ORIENTED_EDGE('',*,*,#7520,.T.);
#11764=ORIENTED_EDGE('',*,*,#7517,.T.);
#11765=ORIENTED_EDGE('',*,*,#7514,.T.);
#11766=ORIENTED_EDGE('',*,*,#7523,.T.);
#11767=ORIENTED_EDGE('',*,*,#7524,.T.);
#11768=ORIENTED_EDGE('',*,*,#7534,.T.);
#11769=ORIENTED_EDGE('',*,*,#7531,.T.);
#11770=ORIENTED_EDGE('',*,*,#7528,.T.);
#11771=ORIENTED_EDGE('',*,*,#7544,.T.);
#11772=ORIENTED_EDGE('',*,*,#7541,.T.);
#11773=ORIENTED_EDGE('',*,*,#7538,.T.);
#11774=ORIENTED_EDGE('',*,*,#7547,.T.);
#11775=ORIENTED_EDGE('',*,*,#7556,.T.);
#11776=ORIENTED_EDGE('',*,*,#7553,.T.);
#11777=ORIENTED_EDGE('',*,*,#7550,.T.);
#11778=ORIENTED_EDGE('',*,*,#7559,.T.);
#11779=ORIENTED_EDGE('',*,*,#7568,.T.);
#11780=ORIENTED_EDGE('',*,*,#7565,.T.);
#11781=ORIENTED_EDGE('',*,*,#7562,.T.);
#11782=ORIENTED_EDGE('',*,*,#7571,.T.);
#11783=ORIENTED_EDGE('',*,*,#7572,.T.);
#11784=ORIENTED_EDGE('',*,*,#7582,.T.);
#11785=ORIENTED_EDGE('',*,*,#7579,.T.);
#11786=ORIENTED_EDGE('',*,*,#7576,.T.);
#11787=ORIENTED_EDGE('',*,*,#7592,.T.);
#11788=ORIENTED_EDGE('',*,*,#7589,.T.);
#11789=ORIENTED_EDGE('',*,*,#7586,.T.);
#11790=ORIENTED_EDGE('',*,*,#7595,.T.);
#11791=ORIENTED_EDGE('',*,*,#7596,.T.);
#11792=ORIENTED_EDGE('',*,*,#7606,.T.);
#11793=ORIENTED_EDGE('',*,*,#7603,.T.);
#11794=ORIENTED_EDGE('',*,*,#7600,.T.);
#11795=ORIENTED_EDGE('',*,*,#7608,.T.);
#11796=ORIENTED_EDGE('',*,*,#7618,.T.);
#11797=ORIENTED_EDGE('',*,*,#7615,.T.);
#11798=ORIENTED_EDGE('',*,*,#7612,.T.);
#11799=ORIENTED_EDGE('',*,*,#7628,.T.);
#11800=ORIENTED_EDGE('',*,*,#7625,.T.);
#11801=ORIENTED_EDGE('',*,*,#7622,.T.);
#11802=ORIENTED_EDGE('',*,*,#7631,.T.);
#11803=ORIENTED_EDGE('',*,*,#7640,.T.);
#11804=ORIENTED_EDGE('',*,*,#7637,.T.);
#11805=ORIENTED_EDGE('',*,*,#7634,.T.);
#11806=ORIENTED_EDGE('',*,*,#7643,.T.);
#11807=ORIENTED_EDGE('',*,*,#7652,.T.);
#11808=ORIENTED_EDGE('',*,*,#7649,.T.);
#11809=ORIENTED_EDGE('',*,*,#7646,.T.);
#11810=ORIENTED_EDGE('',*,*,#7655,.T.);
#11811=ORIENTED_EDGE('',*,*,#7664,.T.);
#11812=ORIENTED_EDGE('',*,*,#7661,.T.);
#11813=ORIENTED_EDGE('',*,*,#7658,.T.);
#11814=ORIENTED_EDGE('',*,*,#7667,.T.);
#11815=ORIENTED_EDGE('',*,*,#7668,.T.);
#11816=ORIENTED_EDGE('',*,*,#7678,.T.);
#11817=ORIENTED_EDGE('',*,*,#7675,.T.);
#11818=ORIENTED_EDGE('',*,*,#7672,.T.);
#11819=ORIENTED_EDGE('',*,*,#7688,.T.);
#11820=ORIENTED_EDGE('',*,*,#7685,.T.);
#11821=ORIENTED_EDGE('',*,*,#7682,.T.);
#11822=ORIENTED_EDGE('',*,*,#7691,.T.);
#11823=ORIENTED_EDGE('',*,*,#7700,.T.);
#11824=ORIENTED_EDGE('',*,*,#7697,.T.);
#11825=ORIENTED_EDGE('',*,*,#7694,.T.);
#11826=ORIENTED_EDGE('',*,*,#7703,.T.);
#11827=ORIENTED_EDGE('',*,*,#7712,.T.);
#11828=ORIENTED_EDGE('',*,*,#7709,.T.);
#11829=ORIENTED_EDGE('',*,*,#7706,.T.);
#11830=ORIENTED_EDGE('',*,*,#7715,.T.);
#11831=ORIENTED_EDGE('',*,*,#7724,.T.);
#11832=ORIENTED_EDGE('',*,*,#7721,.T.);
#11833=ORIENTED_EDGE('',*,*,#7718,.T.);
#11834=ORIENTED_EDGE('',*,*,#7727,.T.);
#11835=ORIENTED_EDGE('',*,*,#7728,.T.);
#11836=ORIENTED_EDGE('',*,*,#7738,.T.);
#11837=ORIENTED_EDGE('',*,*,#7735,.T.);
#11838=ORIENTED_EDGE('',*,*,#7732,.T.);
#11839=ORIENTED_EDGE('',*,*,#7748,.T.);
#11840=ORIENTED_EDGE('',*,*,#7745,.T.);
#11841=ORIENTED_EDGE('',*,*,#7742,.T.);
#11842=ORIENTED_EDGE('',*,*,#7751,.T.);
#11843=ORIENTED_EDGE('',*,*,#7760,.T.);
#11844=ORIENTED_EDGE('',*,*,#7757,.T.);
#11845=ORIENTED_EDGE('',*,*,#7754,.T.);
#11846=ORIENTED_EDGE('',*,*,#7763,.T.);
#11847=ORIENTED_EDGE('',*,*,#7764,.T.);
#11848=ORIENTED_EDGE('',*,*,#7774,.T.);
#11849=ORIENTED_EDGE('',*,*,#7771,.T.);
#11850=ORIENTED_EDGE('',*,*,#7768,.T.);
#11851=ORIENTED_EDGE('',*,*,#7776,.T.);
#11852=ORIENTED_EDGE('',*,*,#7786,.T.);
#11853=ORIENTED_EDGE('',*,*,#7783,.T.);
#11854=ORIENTED_EDGE('',*,*,#7780,.T.);
#11855=ORIENTED_EDGE('',*,*,#7796,.T.);
#11856=ORIENTED_EDGE('',*,*,#7793,.T.);
#11857=ORIENTED_EDGE('',*,*,#7790,.T.);
#11858=ORIENTED_EDGE('',*,*,#7799,.T.);
#11859=ORIENTED_EDGE('',*,*,#7800,.T.);
#11860=ORIENTED_EDGE('',*,*,#7810,.T.);
#11861=ORIENTED_EDGE('',*,*,#7807,.T.);
#11862=ORIENTED_EDGE('',*,*,#7804,.T.);
#11863=ORIENTED_EDGE('',*,*,#7820,.T.);
#11864=ORIENTED_EDGE('',*,*,#7817,.T.);
#11865=ORIENTED_EDGE('',*,*,#7814,.T.);
#11866=ORIENTED_EDGE('',*,*,#7823,.T.);
#11867=ORIENTED_EDGE('',*,*,#7832,.T.);
#11868=ORIENTED_EDGE('',*,*,#7829,.T.);
#11869=ORIENTED_EDGE('',*,*,#7826,.T.);
#11870=ORIENTED_EDGE('',*,*,#7835,.T.);
#11871=ORIENTED_EDGE('',*,*,#7844,.T.);
#11872=ORIENTED_EDGE('',*,*,#7841,.T.);
#11873=ORIENTED_EDGE('',*,*,#7838,.T.);
#11874=ORIENTED_EDGE('',*,*,#7847,.T.);
#11875=ORIENTED_EDGE('',*,*,#7856,.T.);
#11876=ORIENTED_EDGE('',*,*,#7853,.T.);
#11877=ORIENTED_EDGE('',*,*,#7850,.T.);
#11878=ORIENTED_EDGE('',*,*,#7859,.T.);
#11879=ORIENTED_EDGE('',*,*,#7868,.T.);
#11880=ORIENTED_EDGE('',*,*,#7865,.T.);
#11881=ORIENTED_EDGE('',*,*,#7862,.T.);
#11882=ORIENTED_EDGE('',*,*,#7871,.T.);
#11883=ORIENTED_EDGE('',*,*,#7880,.T.);
#11884=ORIENTED_EDGE('',*,*,#7877,.T.);
#11885=ORIENTED_EDGE('',*,*,#7874,.T.);
#11886=ORIENTED_EDGE('',*,*,#7883,.T.);
#11887=ORIENTED_EDGE('',*,*,#7892,.T.);
#11888=ORIENTED_EDGE('',*,*,#7889,.T.);
#11889=ORIENTED_EDGE('',*,*,#7886,.T.);
#11890=ORIENTED_EDGE('',*,*,#7895,.T.);
#11891=ORIENTED_EDGE('',*,*,#7904,.T.);
#11892=ORIENTED_EDGE('',*,*,#7901,.T.);
#11893=ORIENTED_EDGE('',*,*,#7898,.T.);
#11894=ORIENTED_EDGE('',*,*,#7907,.T.);
#11895=ORIENTED_EDGE('',*,*,#7908,.T.);
#11896=ORIENTED_EDGE('',*,*,#7918,.T.);
#11897=ORIENTED_EDGE('',*,*,#7915,.T.);
#11898=ORIENTED_EDGE('',*,*,#7912,.T.);
#11899=ORIENTED_EDGE('',*,*,#7928,.T.);
#11900=ORIENTED_EDGE('',*,*,#7925,.T.);
#11901=ORIENTED_EDGE('',*,*,#7922,.T.);
#11902=ORIENTED_EDGE('',*,*,#7931,.T.);
#11903=ORIENTED_EDGE('',*,*,#7940,.T.);
#11904=ORIENTED_EDGE('',*,*,#7937,.T.);
#11905=ORIENTED_EDGE('',*,*,#7934,.T.);
#11906=ORIENTED_EDGE('',*,*,#7943,.T.);
#11907=ORIENTED_EDGE('',*,*,#7952,.T.);
#11908=ORIENTED_EDGE('',*,*,#7949,.T.);
#11909=ORIENTED_EDGE('',*,*,#7946,.T.);
#11910=ORIENTED_EDGE('',*,*,#7955,.T.);
#11911=ORIENTED_EDGE('',*,*,#7964,.T.);
#11912=ORIENTED_EDGE('',*,*,#7961,.T.);
#11913=ORIENTED_EDGE('',*,*,#7958,.T.);
#11914=ORIENTED_EDGE('',*,*,#7967,.T.);
#11915=ORIENTED_EDGE('',*,*,#7976,.T.);
#11916=ORIENTED_EDGE('',*,*,#7973,.T.);
#11917=ORIENTED_EDGE('',*,*,#7970,.T.);
#11918=ORIENTED_EDGE('',*,*,#7979,.T.);
#11919=ORIENTED_EDGE('',*,*,#7988,.T.);
#11920=ORIENTED_EDGE('',*,*,#7985,.T.);
#11921=ORIENTED_EDGE('',*,*,#7982,.T.);
#11922=ORIENTED_EDGE('',*,*,#7991,.T.);
#11923=ORIENTED_EDGE('',*,*,#7992,.T.);
#11924=ORIENTED_EDGE('',*,*,#8002,.T.);
#11925=ORIENTED_EDGE('',*,*,#7999,.T.);
#11926=ORIENTED_EDGE('',*,*,#7996,.T.);
#11927=ORIENTED_EDGE('',*,*,#8012,.T.);
#11928=ORIENTED_EDGE('',*,*,#8009,.T.);
#11929=ORIENTED_EDGE('',*,*,#8006,.T.);
#11930=ORIENTED_EDGE('',*,*,#8015,.T.);
#11931=ORIENTED_EDGE('',*,*,#8024,.T.);
#11932=ORIENTED_EDGE('',*,*,#8021,.T.);
#11933=ORIENTED_EDGE('',*,*,#8018,.T.);
#11934=ORIENTED_EDGE('',*,*,#8027,.T.);
#11935=ORIENTED_EDGE('',*,*,#8028,.T.);
#11936=ORIENTED_EDGE('',*,*,#8038,.T.);
#11937=ORIENTED_EDGE('',*,*,#8035,.T.);
#11938=ORIENTED_EDGE('',*,*,#8032,.T.);
#11939=ORIENTED_EDGE('',*,*,#8048,.T.);
#11940=ORIENTED_EDGE('',*,*,#8045,.T.);
#11941=ORIENTED_EDGE('',*,*,#8042,.T.);
#11942=ORIENTED_EDGE('',*,*,#8051,.T.);
#11943=ORIENTED_EDGE('',*,*,#8060,.T.);
#11944=ORIENTED_EDGE('',*,*,#8057,.T.);
#11945=ORIENTED_EDGE('',*,*,#8054,.T.);
#11946=ORIENTED_EDGE('',*,*,#8063,.T.);
#11947=ORIENTED_EDGE('',*,*,#8064,.T.);
#11948=ORIENTED_EDGE('',*,*,#8074,.T.);
#11949=ORIENTED_EDGE('',*,*,#8071,.T.);
#11950=ORIENTED_EDGE('',*,*,#8068,.T.);
#11951=ORIENTED_EDGE('',*,*,#8084,.T.);
#11952=ORIENTED_EDGE('',*,*,#8081,.T.);
#11953=ORIENTED_EDGE('',*,*,#8078,.T.);
#11954=ORIENTED_EDGE('',*,*,#8087,.T.);
#11955=ORIENTED_EDGE('',*,*,#8088,.T.);
#11956=ORIENTED_EDGE('',*,*,#8098,.T.);
#11957=ORIENTED_EDGE('',*,*,#8095,.T.);
#11958=ORIENTED_EDGE('',*,*,#8092,.T.);
#11959=ORIENTED_EDGE('',*,*,#8108,.T.);
#11960=ORIENTED_EDGE('',*,*,#8105,.T.);
#11961=ORIENTED_EDGE('',*,*,#8102,.T.);
#11962=ORIENTED_EDGE('',*,*,#8111,.T.);
#11963=ORIENTED_EDGE('',*,*,#8120,.T.);
#11964=ORIENTED_EDGE('',*,*,#8117,.T.);
#11965=ORIENTED_EDGE('',*,*,#8114,.T.);
#11966=ORIENTED_EDGE('',*,*,#8123,.T.);
#11967=ORIENTED_EDGE('',*,*,#8124,.T.);
#11968=ORIENTED_EDGE('',*,*,#8134,.T.);
#11969=ORIENTED_EDGE('',*,*,#8131,.T.);
#11970=ORIENTED_EDGE('',*,*,#8128,.T.);
#11971=ORIENTED_EDGE('',*,*,#8144,.T.);
#11972=ORIENTED_EDGE('',*,*,#8141,.T.);
#11973=ORIENTED_EDGE('',*,*,#8138,.T.);
#11974=ORIENTED_EDGE('',*,*,#8147,.T.);
#11975=ORIENTED_EDGE('',*,*,#8156,.T.);
#11976=ORIENTED_EDGE('',*,*,#8153,.T.);
#11977=ORIENTED_EDGE('',*,*,#8150,.T.);
#11978=ORIENTED_EDGE('',*,*,#8159,.T.);
#11979=ORIENTED_EDGE('',*,*,#8168,.T.);
#11980=ORIENTED_EDGE('',*,*,#8165,.T.);
#11981=ORIENTED_EDGE('',*,*,#8162,.T.);
#11982=ORIENTED_EDGE('',*,*,#8171,.T.);
#11983=ORIENTED_EDGE('',*,*,#8180,.T.);
#11984=ORIENTED_EDGE('',*,*,#8177,.T.);
#11985=ORIENTED_EDGE('',*,*,#8174,.T.);
#11986=ORIENTED_EDGE('',*,*,#8183,.T.);
#11987=ORIENTED_EDGE('',*,*,#8184,.T.);
#11988=ORIENTED_EDGE('',*,*,#8194,.T.);
#11989=ORIENTED_EDGE('',*,*,#8191,.T.);
#11990=ORIENTED_EDGE('',*,*,#8188,.T.);
#11991=ORIENTED_EDGE('',*,*,#8204,.T.);
#11992=ORIENTED_EDGE('',*,*,#8201,.T.);
#11993=ORIENTED_EDGE('',*,*,#8198,.T.);
#11994=ORIENTED_EDGE('',*,*,#8207,.T.);
#11995=ORIENTED_EDGE('',*,*,#8216,.T.);
#11996=ORIENTED_EDGE('',*,*,#8213,.T.);
#11997=ORIENTED_EDGE('',*,*,#8210,.T.);
#11998=ORIENTED_EDGE('',*,*,#8219,.T.);
#11999=ORIENTED_EDGE('',*,*,#8220,.T.);
#12000=ORIENTED_EDGE('',*,*,#8230,.T.);
#12001=ORIENTED_EDGE('',*,*,#8227,.T.);
#12002=ORIENTED_EDGE('',*,*,#8224,.T.);
#12003=ORIENTED_EDGE('',*,*,#8240,.T.);
#12004=ORIENTED_EDGE('',*,*,#8237,.T.);
#12005=ORIENTED_EDGE('',*,*,#8234,.T.);
#12006=ORIENTED_EDGE('',*,*,#8243,.T.);
#12007=ORIENTED_EDGE('',*,*,#8252,.T.);
#12008=ORIENTED_EDGE('',*,*,#8249,.T.);
#12009=ORIENTED_EDGE('',*,*,#8246,.T.);
#12010=ORIENTED_EDGE('',*,*,#8255,.T.);
#12011=ORIENTED_EDGE('',*,*,#8264,.T.);
#12012=ORIENTED_EDGE('',*,*,#8261,.T.);
#12013=ORIENTED_EDGE('',*,*,#8258,.T.);
#12014=ORIENTED_EDGE('',*,*,#8267,.T.);
#12015=ORIENTED_EDGE('',*,*,#8276,.T.);
#12016=ORIENTED_EDGE('',*,*,#8273,.T.);
#12017=ORIENTED_EDGE('',*,*,#8270,.T.);
#12018=ORIENTED_EDGE('',*,*,#8279,.T.);
#12019=ORIENTED_EDGE('',*,*,#8280,.T.);
#12020=ORIENTED_EDGE('',*,*,#8290,.T.);
#12021=ORIENTED_EDGE('',*,*,#8287,.T.);
#12022=ORIENTED_EDGE('',*,*,#8284,.T.);
#12023=ORIENTED_EDGE('',*,*,#8300,.T.);
#12024=ORIENTED_EDGE('',*,*,#8297,.T.);
#12025=ORIENTED_EDGE('',*,*,#8294,.T.);
#12026=ORIENTED_EDGE('',*,*,#8303,.T.);
#12027=ORIENTED_EDGE('',*,*,#8304,.T.);
#12028=ORIENTED_EDGE('',*,*,#8314,.T.);
#12029=ORIENTED_EDGE('',*,*,#8311,.T.);
#12030=ORIENTED_EDGE('',*,*,#8308,.T.);
#12031=ORIENTED_EDGE('',*,*,#8324,.T.);
#12032=ORIENTED_EDGE('',*,*,#8321,.T.);
#12033=ORIENTED_EDGE('',*,*,#8318,.T.);
#12034=ORIENTED_EDGE('',*,*,#8327,.T.);
#12035=ORIENTED_EDGE('',*,*,#8336,.T.);
#12036=ORIENTED_EDGE('',*,*,#8333,.T.);
#12037=ORIENTED_EDGE('',*,*,#8330,.T.);
#12038=ORIENTED_EDGE('',*,*,#8339,.T.);
#12039=ORIENTED_EDGE('',*,*,#8348,.T.);
#12040=ORIENTED_EDGE('',*,*,#8345,.T.);
#12041=ORIENTED_EDGE('',*,*,#8342,.T.);
#12042=ORIENTED_EDGE('',*,*,#8351,.T.);
#12043=ORIENTED_EDGE('',*,*,#8352,.T.);
#12044=ORIENTED_EDGE('',*,*,#8362,.T.);
#12045=ORIENTED_EDGE('',*,*,#8359,.T.);
#12046=ORIENTED_EDGE('',*,*,#8356,.T.);
#12047=ORIENTED_EDGE('',*,*,#8364,.T.);
#12048=ORIENTED_EDGE('',*,*,#8374,.T.);
#12049=ORIENTED_EDGE('',*,*,#8371,.T.);
#12050=ORIENTED_EDGE('',*,*,#8368,.T.);
#12051=ORIENTED_EDGE('',*,*,#8384,.T.);
#12052=ORIENTED_EDGE('',*,*,#8381,.T.);
#12053=ORIENTED_EDGE('',*,*,#8378,.T.);
#12054=ORIENTED_EDGE('',*,*,#8387,.T.);
#12055=ORIENTED_EDGE('',*,*,#8396,.T.);
#12056=ORIENTED_EDGE('',*,*,#8393,.T.);
#12057=ORIENTED_EDGE('',*,*,#8390,.T.);
#12058=ORIENTED_EDGE('',*,*,#8399,.T.);
#12059=ORIENTED_EDGE('',*,*,#8408,.T.);
#12060=ORIENTED_EDGE('',*,*,#8405,.T.);
#12061=ORIENTED_EDGE('',*,*,#8402,.T.);
#12062=ORIENTED_EDGE('',*,*,#8411,.T.);
#12063=ORIENTED_EDGE('',*,*,#8420,.T.);
#12064=ORIENTED_EDGE('',*,*,#8417,.T.);
#12065=ORIENTED_EDGE('',*,*,#8414,.T.);
#12066=ORIENTED_EDGE('',*,*,#8423,.T.);
#12067=PLANE('',#13377);
#12068=PLANE('',#13378);
#12069=PLANE('',#13379);
#12070=PLANE('',#13380);
#12071=PLANE('',#13381);
#12072=PLANE('',#13382);
#12073=PLANE('',#13383);
#12074=PLANE('',#13384);
#12075=PLANE('',#13385);
#12076=PLANE('',#13386);
#12077=PLANE('',#13387);
#12078=PLANE('',#13388);
#12079=PLANE('',#13389);
#12080=PLANE('',#13390);
#12081=PLANE('',#13391);
#12082=PLANE('',#13392);
#12083=PLANE('',#13393);
#12084=PLANE('',#13394);
#12085=PLANE('',#13395);
#12086=PLANE('',#13396);
#12087=PLANE('',#13400);
#12088=PLANE('',#13401);
#12089=PLANE('',#13407);
#12090=PLANE('',#13410);
#12091=PLANE('',#13413);
#12092=PLANE('',#13414);
#12093=PLANE('',#13415);
#12094=PLANE('',#13416);
#12095=PLANE('',#13417);
#12096=PLANE('',#13418);
#12097=PLANE('',#13419);
#12098=PLANE('',#13420);
#12099=PLANE('',#13421);
#12100=PLANE('',#13422);
#12101=PLANE('',#13423);
#12102=PLANE('',#13424);
#12103=PLANE('',#13425);
#12104=PLANE('',#13426);
#12105=PLANE('',#13427);
#12106=PLANE('',#13428);
#12107=PLANE('',#13429);
#12108=PLANE('',#13430);
#12109=PLANE('',#13431);
#12110=PLANE('',#13432);
#12111=PLANE('',#13433);
#12112=PLANE('',#13434);
#12113=PLANE('',#13435);
#12114=PLANE('',#13436);
#12115=PLANE('',#13437);
#12116=PLANE('',#13438);
#12117=PLANE('',#13439);
#12118=PLANE('',#13440);
#12119=PLANE('',#13441);
#12120=PLANE('',#13442);
#12121=PLANE('',#13443);
#12122=PLANE('',#13444);
#12123=PLANE('',#13445);
#12124=PLANE('',#13446);
#12125=PLANE('',#13447);
#12126=PLANE('',#13448);
#12127=PLANE('',#13449);
#12128=PLANE('',#13450);
#12129=PLANE('',#13451);
#12130=PLANE('',#13452);
#12131=PLANE('',#13453);
#12132=PLANE('',#13454);
#12133=PLANE('',#13455);
#12134=PLANE('',#13456);
#12135=PLANE('',#13457);
#12136=PLANE('',#13458);
#12137=PLANE('',#13459);
#12138=PLANE('',#13460);
#12139=PLANE('',#13461);
#12140=PLANE('',#13462);
#12141=PLANE('',#13463);
#12142=PLANE('',#13464);
#12143=PLANE('',#13465);
#12144=PLANE('',#13466);
#12145=PLANE('',#13467);
#12146=PLANE('',#13468);
#12147=PLANE('',#13469);
#12148=PLANE('',#13470);
#12149=PLANE('',#13471);
#12150=PLANE('',#13472);
#12151=PLANE('',#13473);
#12152=PLANE('',#13474);
#12153=PLANE('',#13475);
#12154=PLANE('',#13476);
#12155=PLANE('',#13477);
#12156=PLANE('',#13478);
#12157=PLANE('',#13479);
#12158=PLANE('',#13480);
#12159=PLANE('',#13481);
#12160=PLANE('',#13482);
#12161=PLANE('',#13483);
#12162=PLANE('',#13484);
#12163=PLANE('',#13485);
#12164=PLANE('',#13486);
#12165=PLANE('',#13487);
#12166=PLANE('',#13488);
#12167=PLANE('',#13489);
#12168=PLANE('',#13490);
#12169=PLANE('',#13491);
#12170=PLANE('',#13492);
#12171=PLANE('',#13493);
#12172=PLANE('',#13494);
#12173=PLANE('',#13495);
#12174=PLANE('',#13496);
#12175=PLANE('',#13497);
#12176=PLANE('',#13498);
#12177=PLANE('',#13499);
#12178=PLANE('',#13500);
#12179=PLANE('',#13501);
#12180=PLANE('',#13502);
#12181=PLANE('',#13503);
#12182=PLANE('',#13504);
#12183=PLANE('',#13505);
#12184=PLANE('',#13506);
#12185=PLANE('',#13507);
#12186=PLANE('',#13508);
#12187=PLANE('',#13509);
#12188=PLANE('',#13510);
#12189=PLANE('',#13511);
#12190=PLANE('',#13512);
#12191=PLANE('',#13513);
#12192=PLANE('',#13514);
#12193=PLANE('',#13515);
#12194=PLANE('',#13516);
#12195=PLANE('',#13517);
#12196=PLANE('',#13518);
#12197=PLANE('',#13519);
#12198=PLANE('',#13520);
#12199=PLANE('',#13521);
#12200=PLANE('',#13522);
#12201=PLANE('',#13523);
#12202=PLANE('',#13524);
#12203=PLANE('',#13525);
#12204=PLANE('',#13526);
#12205=PLANE('',#13527);
#12206=PLANE('',#13528);
#12207=PLANE('',#13529);
#12208=PLANE('',#13530);
#12209=PLANE('',#13531);
#12210=PLANE('',#13532);
#12211=PLANE('',#13533);
#12212=PLANE('',#13534);
#12213=PLANE('',#13535);
#12214=PLANE('',#13536);
#12215=PLANE('',#13537);
#12216=PLANE('',#13538);
#12217=PLANE('',#13539);
#12218=PLANE('',#13540);
#12219=PLANE('',#13541);
#12220=PLANE('',#13542);
#12221=PLANE('',#13543);
#12222=PLANE('',#13544);
#12223=PLANE('',#13545);
#12224=PLANE('',#13546);
#12225=PLANE('',#13547);
#12226=PLANE('',#13548);
#12227=PLANE('',#13549);
#12228=PLANE('',#13550);
#12229=PLANE('',#13551);
#12230=PLANE('',#13552);
#12231=PLANE('',#13553);
#12232=PLANE('',#13554);
#12233=PLANE('',#13555);
#12234=PLANE('',#13556);
#12235=PLANE('',#13557);
#12236=PLANE('',#13558);
#12237=PLANE('',#13559);
#12238=PLANE('',#13560);
#12239=PLANE('',#13561);
#12240=PLANE('',#13562);
#12241=PLANE('',#13563);
#12242=PLANE('',#13564);
#12243=PLANE('',#13565);
#12244=PLANE('',#13566);
#12245=PLANE('',#13567);
#12246=PLANE('',#13568);
#12247=PLANE('',#13569);
#12248=PLANE('',#13570);
#12249=PLANE('',#13571);
#12250=PLANE('',#13572);
#12251=PLANE('',#13573);
#12252=PLANE('',#13574);
#12253=PLANE('',#13575);
#12254=PLANE('',#13576);
#12255=PLANE('',#13577);
#12256=PLANE('',#13578);
#12257=PLANE('',#13579);
#12258=PLANE('',#13580);
#12259=PLANE('',#13581);
#12260=PLANE('',#13582);
#12261=PLANE('',#13583);
#12262=PLANE('',#13584);
#12263=PLANE('',#13585);
#12264=PLANE('',#13586);
#12265=PLANE('',#13587);
#12266=PLANE('',#13588);
#12267=PLANE('',#13589);
#12268=PLANE('',#13590);
#12269=PLANE('',#13591);
#12270=PLANE('',#13592);
#12271=PLANE('',#13593);
#12272=PLANE('',#13594);
#12273=PLANE('',#13595);
#12274=PLANE('',#13596);
#12275=PLANE('',#13597);
#12276=PLANE('',#13598);
#12277=PLANE('',#13599);
#12278=PLANE('',#13600);
#12279=PLANE('',#13601);
#12280=PLANE('',#13602);
#12281=PLANE('',#13603);
#12282=PLANE('',#13604);
#12283=PLANE('',#13605);
#12284=PLANE('',#13606);
#12285=PLANE('',#13607);
#12286=PLANE('',#13608);
#12287=PLANE('',#13609);
#12288=PLANE('',#13610);
#12289=PLANE('',#13611);
#12290=PLANE('',#13612);
#12291=PLANE('',#13613);
#12292=PLANE('',#13614);
#12293=PLANE('',#13615);
#12294=PLANE('',#13616);
#12295=PLANE('',#13617);
#12296=PLANE('',#13618);
#12297=PLANE('',#13619);
#12298=PLANE('',#13620);
#12299=PLANE('',#13621);
#12300=PLANE('',#13622);
#12301=PLANE('',#13623);
#12302=PLANE('',#13624);
#12303=PLANE('',#13625);
#12304=PLANE('',#13626);
#12305=PLANE('',#13627);
#12306=PLANE('',#13628);
#12307=PLANE('',#13629);
#12308=PLANE('',#13630);
#12309=PLANE('',#13631);
#12310=PLANE('',#13632);
#12311=PLANE('',#13633);
#12312=PLANE('',#13634);
#12313=PLANE('',#13635);
#12314=PLANE('',#13636);
#12315=PLANE('',#13637);
#12316=PLANE('',#13638);
#12317=PLANE('',#13639);
#12318=PLANE('',#13640);
#12319=PLANE('',#13641);
#12320=PLANE('',#13642);
#12321=PLANE('',#13643);
#12322=PLANE('',#13644);
#12323=PLANE('',#13645);
#12324=PLANE('',#13646);
#12325=PLANE('',#13647);
#12326=PLANE('',#13648);
#12327=PLANE('',#13649);
#12328=PLANE('',#13650);
#12329=PLANE('',#13651);
#12330=PLANE('',#13652);
#12331=PLANE('',#13653);
#12332=PLANE('',#13654);
#12333=PLANE('',#13655);
#12334=PLANE('',#13656);
#12335=PLANE('',#13657);
#12336=PLANE('',#13658);
#12337=PLANE('',#13659);
#12338=PLANE('',#13660);
#12339=PLANE('',#13661);
#12340=PLANE('',#13662);
#12341=PLANE('',#13663);
#12342=PLANE('',#13664);
#12343=PLANE('',#13665);
#12344=PLANE('',#13666);
#12345=PLANE('',#13667);
#12346=PLANE('',#13668);
#12347=PLANE('',#13669);
#12348=PLANE('',#13670);
#12349=PLANE('',#13671);
#12350=PLANE('',#13672);
#12351=PLANE('',#13673);
#12352=PLANE('',#13674);
#12353=PLANE('',#13675);
#12354=PLANE('',#13676);
#12355=PLANE('',#13677);
#12356=PLANE('',#13678);
#12357=PLANE('',#13679);
#12358=PLANE('',#13680);
#12359=PLANE('',#13681);
#12360=PLANE('',#13682);
#12361=PLANE('',#13683);
#12362=PLANE('',#13684);
#12363=PLANE('',#13685);
#12364=PLANE('',#13686);
#12365=PLANE('',#13687);
#12366=PLANE('',#13688);
#12367=PLANE('',#13689);
#12368=PLANE('',#13690);
#12369=PLANE('',#13691);
#12370=PLANE('',#13692);
#12371=PLANE('',#13693);
#12372=PLANE('',#13694);
#12373=PLANE('',#13695);
#12374=PLANE('',#13696);
#12375=PLANE('',#13697);
#12376=PLANE('',#13698);
#12377=PLANE('',#13699);
#12378=PLANE('',#13700);
#12379=PLANE('',#13701);
#12380=PLANE('',#13702);
#12381=PLANE('',#13703);
#12382=PLANE('',#13704);
#12383=PLANE('',#13705);
#12384=PLANE('',#13706);
#12385=PLANE('',#13707);
#12386=PLANE('',#13708);
#12387=PLANE('',#13709);
#12388=PLANE('',#13710);
#12389=PLANE('',#13711);
#12390=PLANE('',#13712);
#12391=PLANE('',#13713);
#12392=PLANE('',#13714);
#12393=PLANE('',#13715);
#12394=PLANE('',#13716);
#12395=PLANE('',#13717);
#12396=PLANE('',#13718);
#12397=PLANE('',#13719);
#12398=PLANE('',#13720);
#12399=PLANE('',#13721);
#12400=PLANE('',#13722);
#12401=PLANE('',#13723);
#12402=PLANE('',#13724);
#12403=PLANE('',#13725);
#12404=PLANE('',#13726);
#12405=PLANE('',#13727);
#12406=PLANE('',#13728);
#12407=PLANE('',#13729);
#12408=PLANE('',#13730);
#12409=PLANE('',#13731);
#12410=PLANE('',#13732);
#12411=PLANE('',#13733);
#12412=PLANE('',#13734);
#12413=PLANE('',#13735);
#12414=PLANE('',#13736);
#12415=PLANE('',#13737);
#12416=PLANE('',#13738);
#12417=PLANE('',#13739);
#12418=PLANE('',#13740);
#12419=PLANE('',#13741);
#12420=PLANE('',#13742);
#12421=PLANE('',#13743);
#12422=PLANE('',#13744);
#12423=PLANE('',#13745);
#12424=PLANE('',#13746);
#12425=PLANE('',#13747);
#12426=PLANE('',#13748);
#12427=PLANE('',#13749);
#12428=PLANE('',#13750);
#12429=PLANE('',#13751);
#12430=PLANE('',#13752);
#12431=PLANE('',#13753);
#12432=PLANE('',#13754);
#12433=PLANE('',#13755);
#12434=PLANE('',#13756);
#12435=PLANE('',#13757);
#12436=PLANE('',#13758);
#12437=PLANE('',#13759);
#12438=PLANE('',#13760);
#12439=PLANE('',#13761);
#12440=PLANE('',#13762);
#12441=PLANE('',#13763);
#12442=PLANE('',#13764);
#12443=PLANE('',#13765);
#12444=PLANE('',#13766);
#12445=PLANE('',#13767);
#12446=PLANE('',#13768);
#12447=PLANE('',#13769);
#12448=PLANE('',#13770);
#12449=PLANE('',#13771);
#12450=PLANE('',#13772);
#12451=PLANE('',#13773);
#12452=PLANE('',#13774);
#12453=PLANE('',#13775);
#12454=PLANE('',#13776);
#12455=PLANE('',#13777);
#12456=PLANE('',#13778);
#12457=PLANE('',#13779);
#12458=PLANE('',#13780);
#12459=PLANE('',#13781);
#12460=PLANE('',#13782);
#12461=PLANE('',#13783);
#12462=PLANE('',#13784);
#12463=PLANE('',#13785);
#12464=PLANE('',#13786);
#12465=PLANE('',#13787);
#12466=PLANE('',#13788);
#12467=PLANE('',#13789);
#12468=PLANE('',#13790);
#12469=PLANE('',#13791);
#12470=PLANE('',#13792);
#12471=PLANE('',#13793);
#12472=PLANE('',#13794);
#12473=PLANE('',#13795);
#12474=PLANE('',#13796);
#12475=PLANE('',#13797);
#12476=PLANE('',#13798);
#12477=PLANE('',#13799);
#12478=PLANE('',#13800);
#12479=PLANE('',#13801);
#12480=PLANE('',#13802);
#12481=PLANE('',#13803);
#12482=PLANE('',#13804);
#12483=PLANE('',#13805);
#12484=PLANE('',#13806);
#12485=PLANE('',#13807);
#12486=PLANE('',#13808);
#12487=PLANE('',#13809);
#12488=PLANE('',#13810);
#12489=PLANE('',#13811);
#12490=PLANE('',#13812);
#12491=PLANE('',#13813);
#12492=PLANE('',#13814);
#12493=PLANE('',#13815);
#12494=PLANE('',#13816);
#12495=PLANE('',#13817);
#12496=PLANE('',#13818);
#12497=PLANE('',#13819);
#12498=PLANE('',#13820);
#12499=PLANE('',#13821);
#12500=PLANE('',#13822);
#12501=PLANE('',#13823);
#12502=PLANE('',#13824);
#12503=PLANE('',#13825);
#12504=PLANE('',#13826);
#12505=PLANE('',#13827);
#12506=PLANE('',#13828);
#12507=PLANE('',#13829);
#12508=PLANE('',#13830);
#12509=PLANE('',#13831);
#12510=PLANE('',#13832);
#12511=PLANE('',#13833);
#12512=PLANE('',#13834);
#12513=PLANE('',#13835);
#12514=PLANE('',#13836);
#12515=PLANE('',#13837);
#12516=PLANE('',#13838);
#12517=PLANE('',#13839);
#12518=PLANE('',#13840);
#12519=PLANE('',#13841);
#12520=PLANE('',#13842);
#12521=PLANE('',#13843);
#12522=PLANE('',#13844);
#12523=PLANE('',#13845);
#12524=PLANE('',#13846);
#12525=PLANE('',#13847);
#12526=PLANE('',#13848);
#12527=PLANE('',#13849);
#12528=PLANE('',#13850);
#12529=PLANE('',#13851);
#12530=PLANE('',#13852);
#12531=PLANE('',#13853);
#12532=PLANE('',#13854);
#12533=PLANE('',#13855);
#12534=PLANE('',#13856);
#12535=PLANE('',#13857);
#12536=PLANE('',#13858);
#12537=PLANE('',#13859);
#12538=PLANE('',#13860);
#12539=PLANE('',#13861);
#12540=PLANE('',#13862);
#12541=PLANE('',#13863);
#12542=PLANE('',#13864);
#12543=PLANE('',#13865);
#12544=PLANE('',#13866);
#12545=PLANE('',#13867);
#12546=PLANE('',#13868);
#12547=PLANE('',#13869);
#12548=PLANE('',#13870);
#12549=PLANE('',#13871);
#12550=PLANE('',#13872);
#12551=PLANE('',#13873);
#12552=PLANE('',#13874);
#12553=PLANE('',#13875);
#12554=PLANE('',#13876);
#12555=PLANE('',#13877);
#12556=PLANE('',#13878);
#12557=PLANE('',#13879);
#12558=PLANE('',#13880);
#12559=PLANE('',#13881);
#12560=PLANE('',#13882);
#12561=PLANE('',#13883);
#12562=PLANE('',#13884);
#12563=PLANE('',#13885);
#12564=PLANE('',#13886);
#12565=PLANE('',#13887);
#12566=PLANE('',#13888);
#12567=PLANE('',#13889);
#12568=PLANE('',#13890);
#12569=PLANE('',#13891);
#12570=PLANE('',#13892);
#12571=PLANE('',#13893);
#12572=PLANE('',#13894);
#12573=PLANE('',#13895);
#12574=PLANE('',#13896);
#12575=PLANE('',#13897);
#12576=PLANE('',#13898);
#12577=PLANE('',#13899);
#12578=PLANE('',#13900);
#12579=PLANE('',#13901);
#12580=PLANE('',#13902);
#12581=PLANE('',#13903);
#12582=PLANE('',#13904);
#12583=PLANE('',#13905);
#12584=PLANE('',#13906);
#12585=PLANE('',#13907);
#12586=PLANE('',#13908);
#12587=PLANE('',#13909);
#12588=PLANE('',#13910);
#12589=PLANE('',#13911);
#12590=PLANE('',#13912);
#12591=PLANE('',#13913);
#12592=PLANE('',#13914);
#12593=PLANE('',#13915);
#12594=PLANE('',#13916);
#12595=PLANE('',#13917);
#12596=PLANE('',#13918);
#12597=PLANE('',#13919);
#12598=PLANE('',#13920);
#12599=PLANE('',#13921);
#12600=PLANE('',#13922);
#12601=PLANE('',#13923);
#12602=PLANE('',#13924);
#12603=PLANE('',#13925);
#12604=PLANE('',#13926);
#12605=PLANE('',#13927);
#12606=PLANE('',#13928);
#12607=PLANE('',#13929);
#12608=PLANE('',#13930);
#12609=PLANE('',#13931);
#12610=PLANE('',#13932);
#12611=PLANE('',#13933);
#12612=PLANE('',#13934);
#12613=PLANE('',#13935);
#12614=PLANE('',#13936);
#12615=PLANE('',#13937);
#12616=PLANE('',#13938);
#12617=PLANE('',#13939);
#12618=PLANE('',#13940);
#12619=PLANE('',#13941);
#12620=PLANE('',#13942);
#12621=PLANE('',#13943);
#12622=PLANE('',#13944);
#12623=PLANE('',#13945);
#12624=PLANE('',#13946);
#12625=PLANE('',#13947);
#12626=PLANE('',#13948);
#12627=PLANE('',#13949);
#12628=PLANE('',#13950);
#12629=PLANE('',#13951);
#12630=PLANE('',#13952);
#12631=PLANE('',#13953);
#12632=PLANE('',#13954);
#12633=PLANE('',#13955);
#12634=PLANE('',#13956);
#12635=PLANE('',#13957);
#12636=PLANE('',#13958);
#12637=PLANE('',#13959);
#12638=PLANE('',#13960);
#12639=PLANE('',#13961);
#12640=PLANE('',#13962);
#12641=PLANE('',#13963);
#12642=PLANE('',#13964);
#12643=PLANE('',#13965);
#12644=PLANE('',#13966);
#12645=PLANE('',#13967);
#12646=PLANE('',#13968);
#12647=PLANE('',#13969);
#12648=PLANE('',#13970);
#12649=PLANE('',#13971);
#12650=PLANE('',#13972);
#12651=PLANE('',#13973);
#12652=PLANE('',#13974);
#12653=PLANE('',#13975);
#12654=PLANE('',#13976);
#12655=PLANE('',#13977);
#12656=PLANE('',#13978);
#12657=PLANE('',#13979);
#12658=PLANE('',#13980);
#12659=PLANE('',#13981);
#12660=PLANE('',#13982);
#12661=PLANE('',#13983);
#12662=PLANE('',#13984);
#12663=PLANE('',#13985);
#12664=PLANE('',#13986);
#12665=PLANE('',#13987);
#12666=PLANE('',#13988);
#12667=PLANE('',#13989);
#12668=PLANE('',#13990);
#12669=PLANE('',#13991);
#12670=PLANE('',#13992);
#12671=PLANE('',#13993);
#12672=PLANE('',#13994);
#12673=PLANE('',#13995);
#12674=PLANE('',#13996);
#12675=PLANE('',#13997);
#12676=PLANE('',#13998);
#12677=PLANE('',#13999);
#12678=PLANE('',#14000);
#12679=PLANE('',#14001);
#12680=PLANE('',#14002);
#12681=PLANE('',#14003);
#12682=PLANE('',#14004);
#12683=PLANE('',#14005);
#12684=PLANE('',#14006);
#12685=PLANE('',#14007);
#12686=PLANE('',#14008);
#12687=PLANE('',#14009);
#12688=PLANE('',#14010);
#12689=PLANE('',#14011);
#12690=PLANE('',#14012);
#12691=PLANE('',#14013);
#12692=PLANE('',#14014);
#12693=PLANE('',#14015);
#12694=PLANE('',#14016);
#12695=PLANE('',#14017);
#12696=PLANE('',#14018);
#12697=PLANE('',#14019);
#12698=PLANE('',#14020);
#12699=PLANE('',#14021);
#12700=PLANE('',#14022);
#12701=PLANE('',#14023);
#12702=PLANE('',#14024);
#12703=PLANE('',#14025);
#12704=PLANE('',#14026);
#12705=PLANE('',#14027);
#12706=PLANE('',#14028);
#12707=PLANE('',#14029);
#12708=PLANE('',#14030);
#12709=PLANE('',#14031);
#12710=PLANE('',#14032);
#12711=PLANE('',#14033);
#12712=PLANE('',#14034);
#12713=ADVANCED_FACE('',(#271),#12067,.F.);
#12714=ADVANCED_FACE('',(#272),#12068,.F.);
#12715=ADVANCED_FACE('',(#273),#12069,.F.);
#12716=ADVANCED_FACE('',(#274),#12070,.F.);
#12717=ADVANCED_FACE('',(#275),#12071,.T.);
#12718=ADVANCED_FACE('',(#276),#12072,.F.);
#12719=ADVANCED_FACE('',(#277),#12073,.F.);
#12720=ADVANCED_FACE('',(#278),#12074,.F.);
#12721=ADVANCED_FACE('',(#279),#12075,.F.);
#12722=ADVANCED_FACE('',(#280),#12076,.T.);
#12723=ADVANCED_FACE('',(#281),#12077,.T.);
#12724=ADVANCED_FACE('',(#282),#12078,.T.);
#12725=ADVANCED_FACE('',(#283),#12079,.T.);
#12726=ADVANCED_FACE('',(#284),#12080,.T.);
#12727=ADVANCED_FACE('',(#285),#12081,.T.);
#12728=ADVANCED_FACE('',(#286),#12082,.T.);
#12729=ADVANCED_FACE('',(#287),#12083,.T.);
#12730=ADVANCED_FACE('',(#288),#12084,.T.);
#12731=ADVANCED_FACE('',(#289),#12085,.T.);
#12732=ADVANCED_FACE('',(#290),#12086,.T.);
#12733=ADVANCED_FACE('',(#291),#267,.T.);
#12734=ADVANCED_FACE('',(#292),#12087,.T.);
#12735=ADVANCED_FACE('',(#293,#15,#16),#12088,.T.);
#12736=ADVANCED_FACE('',(#294),#268,.T.);
#12737=ADVANCED_FACE('',(#295),#12089,.T.);
#12738=ADVANCED_FACE('',(#296),#269,.T.);
#12739=ADVANCED_FACE('',(#297),#12090,.T.);
#12740=ADVANCED_FACE('',(#298),#270,.T.);
#12741=ADVANCED_FACE('',(#299,#17,#18),#12091,.F.);
#12742=ADVANCED_FACE('',(#300),#12092,.F.);
#12743=ADVANCED_FACE('',(#301),#12093,.F.);
#12744=ADVANCED_FACE('',(#302),#12094,.F.);
#12745=ADVANCED_FACE('',(#303),#12095,.F.);
#12746=ADVANCED_FACE('',(#304),#12096,.F.);
#12747=ADVANCED_FACE('',(#305),#12097,.F.);
#12748=ADVANCED_FACE('',(#306),#12098,.F.);
#12749=ADVANCED_FACE('',(#307),#12099,.F.);
#12750=ADVANCED_FACE('',(#308),#12100,.F.);
#12751=ADVANCED_FACE('',(#309),#12101,.F.);
#12752=ADVANCED_FACE('',(#310),#12102,.F.);
#12753=ADVANCED_FACE('',(#311),#12103,.F.);
#12754=ADVANCED_FACE('',(#312),#12104,.F.);
#12755=ADVANCED_FACE('',(#313),#12105,.F.);
#12756=ADVANCED_FACE('',(#314),#12106,.F.);
#12757=ADVANCED_FACE('',(#315),#12107,.F.);
#12758=ADVANCED_FACE('',(#316),#12108,.F.);
#12759=ADVANCED_FACE('',(#317),#12109,.F.);
#12760=ADVANCED_FACE('',(#318),#12110,.F.);
#12761=ADVANCED_FACE('',(#319),#12111,.F.);
#12762=ADVANCED_FACE('',(#320),#12112,.F.);
#12763=ADVANCED_FACE('',(#321),#12113,.F.);
#12764=ADVANCED_FACE('',(#322),#12114,.F.);
#12765=ADVANCED_FACE('',(#323),#12115,.F.);
#12766=ADVANCED_FACE('',(#324),#12116,.F.);
#12767=ADVANCED_FACE('',(#325),#12117,.F.);
#12768=ADVANCED_FACE('',(#326),#12118,.F.);
#12769=ADVANCED_FACE('',(#327),#12119,.F.);
#12770=ADVANCED_FACE('',(#328),#12120,.F.);
#12771=ADVANCED_FACE('',(#329),#12121,.F.);
#12772=ADVANCED_FACE('',(#330),#12122,.F.);
#12773=ADVANCED_FACE('',(#331),#12123,.F.);
#12774=ADVANCED_FACE('',(#332),#12124,.F.);
#12775=ADVANCED_FACE('',(#333),#12125,.F.);
#12776=ADVANCED_FACE('',(#334),#12126,.F.);
#12777=ADVANCED_FACE('',(#335),#12127,.F.);
#12778=ADVANCED_FACE('',(#336),#12128,.F.);
#12779=ADVANCED_FACE('',(#337),#12129,.F.);
#12780=ADVANCED_FACE('',(#338),#12130,.F.);
#12781=ADVANCED_FACE('',(#339),#12131,.F.);
#12782=ADVANCED_FACE('',(#340),#12132,.F.);
#12783=ADVANCED_FACE('',(#341),#12133,.F.);
#12784=ADVANCED_FACE('',(#342),#12134,.F.);
#12785=ADVANCED_FACE('',(#343),#12135,.F.);
#12786=ADVANCED_FACE('',(#344),#12136,.F.);
#12787=ADVANCED_FACE('',(#345),#12137,.F.);
#12788=ADVANCED_FACE('',(#346),#12138,.F.);
#12789=ADVANCED_FACE('',(#347),#12139,.F.);
#12790=ADVANCED_FACE('',(#348),#12140,.F.);
#12791=ADVANCED_FACE('',(#349),#12141,.F.);
#12792=ADVANCED_FACE('',(#350),#12142,.F.);
#12793=ADVANCED_FACE('',(#351),#12143,.F.);
#12794=ADVANCED_FACE('',(#352),#12144,.F.);
#12795=ADVANCED_FACE('',(#353),#12145,.F.);
#12796=ADVANCED_FACE('',(#354),#12146,.F.);
#12797=ADVANCED_FACE('',(#355),#12147,.F.);
#12798=ADVANCED_FACE('',(#356),#12148,.F.);
#12799=ADVANCED_FACE('',(#357),#12149,.F.);
#12800=ADVANCED_FACE('',(#358),#12150,.F.);
#12801=ADVANCED_FACE('',(#359),#12151,.F.);
#12802=ADVANCED_FACE('',(#360),#12152,.F.);
#12803=ADVANCED_FACE('',(#361),#12153,.F.);
#12804=ADVANCED_FACE('',(#362),#12154,.F.);
#12805=ADVANCED_FACE('',(#363),#12155,.F.);
#12806=ADVANCED_FACE('',(#364),#12156,.F.);
#12807=ADVANCED_FACE('',(#365),#12157,.F.);
#12808=ADVANCED_FACE('',(#366),#12158,.F.);
#12809=ADVANCED_FACE('',(#367),#12159,.F.);
#12810=ADVANCED_FACE('',(#368),#12160,.F.);
#12811=ADVANCED_FACE('',(#369),#12161,.F.);
#12812=ADVANCED_FACE('',(#370),#12162,.F.);
#12813=ADVANCED_FACE('',(#371),#12163,.F.);
#12814=ADVANCED_FACE('',(#372),#12164,.F.);
#12815=ADVANCED_FACE('',(#373),#12165,.F.);
#12816=ADVANCED_FACE('',(#374),#12166,.F.);
#12817=ADVANCED_FACE('',(#375),#12167,.F.);
#12818=ADVANCED_FACE('',(#376),#12168,.F.);
#12819=ADVANCED_FACE('',(#377),#12169,.F.);
#12820=ADVANCED_FACE('',(#378),#12170,.F.);
#12821=ADVANCED_FACE('',(#379),#12171,.F.);
#12822=ADVANCED_FACE('',(#380),#12172,.F.);
#12823=ADVANCED_FACE('',(#381),#12173,.F.);
#12824=ADVANCED_FACE('',(#382),#12174,.F.);
#12825=ADVANCED_FACE('',(#383),#12175,.F.);
#12826=ADVANCED_FACE('',(#384),#12176,.F.);
#12827=ADVANCED_FACE('',(#385),#12177,.F.);
#12828=ADVANCED_FACE('',(#386),#12178,.F.);
#12829=ADVANCED_FACE('',(#387),#12179,.F.);
#12830=ADVANCED_FACE('',(#388),#12180,.F.);
#12831=ADVANCED_FACE('',(#389),#12181,.F.);
#12832=ADVANCED_FACE('',(#390),#12182,.F.);
#12833=ADVANCED_FACE('',(#391),#12183,.F.);
#12834=ADVANCED_FACE('',(#392),#12184,.F.);
#12835=ADVANCED_FACE('',(#393),#12185,.F.);
#12836=ADVANCED_FACE('',(#394),#12186,.F.);
#12837=ADVANCED_FACE('',(#395),#12187,.F.);
#12838=ADVANCED_FACE('',(#396),#12188,.F.);
#12839=ADVANCED_FACE('',(#397),#12189,.F.);
#12840=ADVANCED_FACE('',(#398),#12190,.F.);
#12841=ADVANCED_FACE('',(#399),#12191,.F.);
#12842=ADVANCED_FACE('',(#400),#12192,.F.);
#12843=ADVANCED_FACE('',(#401),#12193,.F.);
#12844=ADVANCED_FACE('',(#402),#12194,.F.);
#12845=ADVANCED_FACE('',(#403),#12195,.F.);
#12846=ADVANCED_FACE('',(#404),#12196,.F.);
#12847=ADVANCED_FACE('',(#405),#12197,.F.);
#12848=ADVANCED_FACE('',(#406),#12198,.F.);
#12849=ADVANCED_FACE('',(#407),#12199,.F.);
#12850=ADVANCED_FACE('',(#408),#12200,.F.);
#12851=ADVANCED_FACE('',(#409),#12201,.F.);
#12852=ADVANCED_FACE('',(#410),#12202,.F.);
#12853=ADVANCED_FACE('',(#411),#12203,.F.);
#12854=ADVANCED_FACE('',(#412),#12204,.F.);
#12855=ADVANCED_FACE('',(#413),#12205,.F.);
#12856=ADVANCED_FACE('',(#414),#12206,.F.);
#12857=ADVANCED_FACE('',(#415),#12207,.F.);
#12858=ADVANCED_FACE('',(#416),#12208,.F.);
#12859=ADVANCED_FACE('',(#417),#12209,.F.);
#12860=ADVANCED_FACE('',(#418),#12210,.F.);
#12861=ADVANCED_FACE('',(#419),#12211,.F.);
#12862=ADVANCED_FACE('',(#420),#12212,.F.);
#12863=ADVANCED_FACE('',(#421),#12213,.F.);
#12864=ADVANCED_FACE('',(#422),#12214,.F.);
#12865=ADVANCED_FACE('',(#423),#12215,.F.);
#12866=ADVANCED_FACE('',(#424),#12216,.F.);
#12867=ADVANCED_FACE('',(#425),#12217,.F.);
#12868=ADVANCED_FACE('',(#426),#12218,.F.);
#12869=ADVANCED_FACE('',(#427),#12219,.F.);
#12870=ADVANCED_FACE('',(#428),#12220,.F.);
#12871=ADVANCED_FACE('',(#429),#12221,.F.);
#12872=ADVANCED_FACE('',(#430),#12222,.F.);
#12873=ADVANCED_FACE('',(#431),#12223,.F.);
#12874=ADVANCED_FACE('',(#432),#12224,.F.);
#12875=ADVANCED_FACE('',(#433),#12225,.F.);
#12876=ADVANCED_FACE('',(#434),#12226,.F.);
#12877=ADVANCED_FACE('',(#435),#12227,.F.);
#12878=ADVANCED_FACE('',(#436),#12228,.F.);
#12879=ADVANCED_FACE('',(#437),#12229,.F.);
#12880=ADVANCED_FACE('',(#438),#12230,.F.);
#12881=ADVANCED_FACE('',(#439),#12231,.F.);
#12882=ADVANCED_FACE('',(#440),#12232,.F.);
#12883=ADVANCED_FACE('',(#441),#12233,.F.);
#12884=ADVANCED_FACE('',(#442),#12234,.F.);
#12885=ADVANCED_FACE('',(#443),#12235,.F.);
#12886=ADVANCED_FACE('',(#444),#12236,.F.);
#12887=ADVANCED_FACE('',(#445),#12237,.F.);
#12888=ADVANCED_FACE('',(#446),#12238,.F.);
#12889=ADVANCED_FACE('',(#447),#12239,.F.);
#12890=ADVANCED_FACE('',(#448),#12240,.F.);
#12891=ADVANCED_FACE('',(#449),#12241,.F.);
#12892=ADVANCED_FACE('',(#450),#12242,.F.);
#12893=ADVANCED_FACE('',(#451),#12243,.F.);
#12894=ADVANCED_FACE('',(#452),#12244,.F.);
#12895=ADVANCED_FACE('',(#453),#12245,.F.);
#12896=ADVANCED_FACE('',(#454),#12246,.F.);
#12897=ADVANCED_FACE('',(#455),#12247,.F.);
#12898=ADVANCED_FACE('',(#456),#12248,.F.);
#12899=ADVANCED_FACE('',(#457),#12249,.F.);
#12900=ADVANCED_FACE('',(#458),#12250,.F.);
#12901=ADVANCED_FACE('',(#459),#12251,.F.);
#12902=ADVANCED_FACE('',(#460),#12252,.F.);
#12903=ADVANCED_FACE('',(#461),#12253,.F.);
#12904=ADVANCED_FACE('',(#462),#12254,.F.);
#12905=ADVANCED_FACE('',(#463),#12255,.F.);
#12906=ADVANCED_FACE('',(#464),#12256,.F.);
#12907=ADVANCED_FACE('',(#465),#12257,.F.);
#12908=ADVANCED_FACE('',(#466),#12258,.F.);
#12909=ADVANCED_FACE('',(#467),#12259,.F.);
#12910=ADVANCED_FACE('',(#468),#12260,.F.);
#12911=ADVANCED_FACE('',(#469),#12261,.F.);
#12912=ADVANCED_FACE('',(#470),#12262,.F.);
#12913=ADVANCED_FACE('',(#471),#12263,.F.);
#12914=ADVANCED_FACE('',(#472),#12264,.F.);
#12915=ADVANCED_FACE('',(#473),#12265,.F.);
#12916=ADVANCED_FACE('',(#474),#12266,.F.);
#12917=ADVANCED_FACE('',(#475),#12267,.F.);
#12918=ADVANCED_FACE('',(#476),#12268,.F.);
#12919=ADVANCED_FACE('',(#477),#12269,.F.);
#12920=ADVANCED_FACE('',(#478),#12270,.F.);
#12921=ADVANCED_FACE('',(#479),#12271,.F.);
#12922=ADVANCED_FACE('',(#480),#12272,.F.);
#12923=ADVANCED_FACE('',(#481),#12273,.F.);
#12924=ADVANCED_FACE('',(#482),#12274,.F.);
#12925=ADVANCED_FACE('',(#483),#12275,.F.);
#12926=ADVANCED_FACE('',(#484),#12276,.F.);
#12927=ADVANCED_FACE('',(#485),#12277,.F.);
#12928=ADVANCED_FACE('',(#486),#12278,.F.);
#12929=ADVANCED_FACE('',(#487),#12279,.F.);
#12930=ADVANCED_FACE('',(#488),#12280,.F.);
#12931=ADVANCED_FACE('',(#489),#12281,.F.);
#12932=ADVANCED_FACE('',(#490),#12282,.F.);
#12933=ADVANCED_FACE('',(#491),#12283,.F.);
#12934=ADVANCED_FACE('',(#492),#12284,.F.);
#12935=ADVANCED_FACE('',(#493),#12285,.F.);
#12936=ADVANCED_FACE('',(#494),#12286,.F.);
#12937=ADVANCED_FACE('',(#495),#12287,.F.);
#12938=ADVANCED_FACE('',(#496),#12288,.F.);
#12939=ADVANCED_FACE('',(#497),#12289,.F.);
#12940=ADVANCED_FACE('',(#498),#12290,.F.);
#12941=ADVANCED_FACE('',(#499),#12291,.F.);
#12942=ADVANCED_FACE('',(#500),#12292,.F.);
#12943=ADVANCED_FACE('',(#501),#12293,.F.);
#12944=ADVANCED_FACE('',(#502),#12294,.F.);
#12945=ADVANCED_FACE('',(#503),#12295,.F.);
#12946=ADVANCED_FACE('',(#504),#12296,.F.);
#12947=ADVANCED_FACE('',(#505),#12297,.F.);
#12948=ADVANCED_FACE('',(#506),#12298,.F.);
#12949=ADVANCED_FACE('',(#507),#12299,.F.);
#12950=ADVANCED_FACE('',(#508),#12300,.F.);
#12951=ADVANCED_FACE('',(#509),#12301,.F.);
#12952=ADVANCED_FACE('',(#510),#12302,.F.);
#12953=ADVANCED_FACE('',(#511),#12303,.F.);
#12954=ADVANCED_FACE('',(#512),#12304,.F.);
#12955=ADVANCED_FACE('',(#513),#12305,.F.);
#12956=ADVANCED_FACE('',(#514),#12306,.F.);
#12957=ADVANCED_FACE('',(#515),#12307,.F.);
#12958=ADVANCED_FACE('',(#516),#12308,.F.);
#12959=ADVANCED_FACE('',(#517),#12309,.F.);
#12960=ADVANCED_FACE('',(#518),#12310,.F.);
#12961=ADVANCED_FACE('',(#519),#12311,.F.);
#12962=ADVANCED_FACE('',(#520),#12312,.F.);
#12963=ADVANCED_FACE('',(#521),#12313,.F.);
#12964=ADVANCED_FACE('',(#522),#12314,.F.);
#12965=ADVANCED_FACE('',(#523),#12315,.F.);
#12966=ADVANCED_FACE('',(#524),#12316,.F.);
#12967=ADVANCED_FACE('',(#525),#12317,.F.);
#12968=ADVANCED_FACE('',(#526),#12318,.F.);
#12969=ADVANCED_FACE('',(#527),#12319,.F.);
#12970=ADVANCED_FACE('',(#528),#12320,.F.);
#12971=ADVANCED_FACE('',(#529),#12321,.F.);
#12972=ADVANCED_FACE('',(#530),#12322,.F.);
#12973=ADVANCED_FACE('',(#531),#12323,.F.);
#12974=ADVANCED_FACE('',(#532),#12324,.F.);
#12975=ADVANCED_FACE('',(#533),#12325,.F.);
#12976=ADVANCED_FACE('',(#534),#12326,.F.);
#12977=ADVANCED_FACE('',(#535),#12327,.F.);
#12978=ADVANCED_FACE('',(#536),#12328,.F.);
#12979=ADVANCED_FACE('',(#537),#12329,.F.);
#12980=ADVANCED_FACE('',(#538),#12330,.F.);
#12981=ADVANCED_FACE('',(#539),#12331,.F.);
#12982=ADVANCED_FACE('',(#540),#12332,.F.);
#12983=ADVANCED_FACE('',(#541),#12333,.F.);
#12984=ADVANCED_FACE('',(#542),#12334,.F.);
#12985=ADVANCED_FACE('',(#543),#12335,.F.);
#12986=ADVANCED_FACE('',(#544),#12336,.F.);
#12987=ADVANCED_FACE('',(#545),#12337,.F.);
#12988=ADVANCED_FACE('',(#546),#12338,.F.);
#12989=ADVANCED_FACE('',(#547),#12339,.F.);
#12990=ADVANCED_FACE('',(#548),#12340,.F.);
#12991=ADVANCED_FACE('',(#549),#12341,.F.);
#12992=ADVANCED_FACE('',(#550),#12342,.F.);
#12993=ADVANCED_FACE('',(#551),#12343,.F.);
#12994=ADVANCED_FACE('',(#552),#12344,.F.);
#12995=ADVANCED_FACE('',(#553),#12345,.F.);
#12996=ADVANCED_FACE('',(#554),#12346,.F.);
#12997=ADVANCED_FACE('',(#555),#12347,.F.);
#12998=ADVANCED_FACE('',(#556),#12348,.F.);
#12999=ADVANCED_FACE('',(#557),#12349,.F.);
#13000=ADVANCED_FACE('',(#558),#12350,.F.);
#13001=ADVANCED_FACE('',(#559),#12351,.F.);
#13002=ADVANCED_FACE('',(#560),#12352,.F.);
#13003=ADVANCED_FACE('',(#561),#12353,.F.);
#13004=ADVANCED_FACE('',(#562),#12354,.F.);
#13005=ADVANCED_FACE('',(#563),#12355,.F.);
#13006=ADVANCED_FACE('',(#564),#12356,.F.);
#13007=ADVANCED_FACE('',(#565),#12357,.F.);
#13008=ADVANCED_FACE('',(#566),#12358,.F.);
#13009=ADVANCED_FACE('',(#567),#12359,.F.);
#13010=ADVANCED_FACE('',(#568),#12360,.F.);
#13011=ADVANCED_FACE('',(#569),#12361,.F.);
#13012=ADVANCED_FACE('',(#570),#12362,.F.);
#13013=ADVANCED_FACE('',(#571),#12363,.F.);
#13014=ADVANCED_FACE('',(#572),#12364,.F.);
#13015=ADVANCED_FACE('',(#573),#12365,.F.);
#13016=ADVANCED_FACE('',(#574),#12366,.F.);
#13017=ADVANCED_FACE('',(#575),#12367,.F.);
#13018=ADVANCED_FACE('',(#576),#12368,.F.);
#13019=ADVANCED_FACE('',(#577),#12369,.F.);
#13020=ADVANCED_FACE('',(#578),#12370,.F.);
#13021=ADVANCED_FACE('',(#579),#12371,.F.);
#13022=ADVANCED_FACE('',(#580),#12372,.F.);
#13023=ADVANCED_FACE('',(#581),#12373,.F.);
#13024=ADVANCED_FACE('',(#582),#12374,.F.);
#13025=ADVANCED_FACE('',(#583),#12375,.F.);
#13026=ADVANCED_FACE('',(#584),#12376,.F.);
#13027=ADVANCED_FACE('',(#585),#12377,.F.);
#13028=ADVANCED_FACE('',(#586),#12378,.F.);
#13029=ADVANCED_FACE('',(#587),#12379,.F.);
#13030=ADVANCED_FACE('',(#588),#12380,.F.);
#13031=ADVANCED_FACE('',(#589),#12381,.F.);
#13032=ADVANCED_FACE('',(#590),#12382,.F.);
#13033=ADVANCED_FACE('',(#591),#12383,.F.);
#13034=ADVANCED_FACE('',(#592),#12384,.F.);
#13035=ADVANCED_FACE('',(#593),#12385,.F.);
#13036=ADVANCED_FACE('',(#594),#12386,.F.);
#13037=ADVANCED_FACE('',(#595),#12387,.F.);
#13038=ADVANCED_FACE('',(#596),#12388,.F.);
#13039=ADVANCED_FACE('',(#597),#12389,.F.);
#13040=ADVANCED_FACE('',(#598),#12390,.F.);
#13041=ADVANCED_FACE('',(#599),#12391,.F.);
#13042=ADVANCED_FACE('',(#600),#12392,.F.);
#13043=ADVANCED_FACE('',(#601),#12393,.F.);
#13044=ADVANCED_FACE('',(#602),#12394,.F.);
#13045=ADVANCED_FACE('',(#603),#12395,.F.);
#13046=ADVANCED_FACE('',(#604),#12396,.F.);
#13047=ADVANCED_FACE('',(#605),#12397,.F.);
#13048=ADVANCED_FACE('',(#606),#12398,.F.);
#13049=ADVANCED_FACE('',(#607),#12399,.F.);
#13050=ADVANCED_FACE('',(#608),#12400,.F.);
#13051=ADVANCED_FACE('',(#609),#12401,.F.);
#13052=ADVANCED_FACE('',(#610),#12402,.F.);
#13053=ADVANCED_FACE('',(#611),#12403,.F.);
#13054=ADVANCED_FACE('',(#612),#12404,.F.);
#13055=ADVANCED_FACE('',(#613),#12405,.F.);
#13056=ADVANCED_FACE('',(#614),#12406,.F.);
#13057=ADVANCED_FACE('',(#615),#12407,.F.);
#13058=ADVANCED_FACE('',(#616),#12408,.F.);
#13059=ADVANCED_FACE('',(#617),#12409,.F.);
#13060=ADVANCED_FACE('',(#618),#12410,.F.);
#13061=ADVANCED_FACE('',(#619),#12411,.F.);
#13062=ADVANCED_FACE('',(#620),#12412,.F.);
#13063=ADVANCED_FACE('',(#621),#12413,.F.);
#13064=ADVANCED_FACE('',(#622),#12414,.F.);
#13065=ADVANCED_FACE('',(#623),#12415,.F.);
#13066=ADVANCED_FACE('',(#624),#12416,.F.);
#13067=ADVANCED_FACE('',(#625),#12417,.F.);
#13068=ADVANCED_FACE('',(#626),#12418,.F.);
#13069=ADVANCED_FACE('',(#627),#12419,.F.);
#13070=ADVANCED_FACE('',(#628),#12420,.F.);
#13071=ADVANCED_FACE('',(#629),#12421,.F.);
#13072=ADVANCED_FACE('',(#630),#12422,.F.);
#13073=ADVANCED_FACE('',(#631),#12423,.F.);
#13074=ADVANCED_FACE('',(#632),#12424,.F.);
#13075=ADVANCED_FACE('',(#633),#12425,.F.);
#13076=ADVANCED_FACE('',(#634),#12426,.F.);
#13077=ADVANCED_FACE('',(#635),#12427,.F.);
#13078=ADVANCED_FACE('',(#636),#12428,.F.);
#13079=ADVANCED_FACE('',(#637),#12429,.F.);
#13080=ADVANCED_FACE('',(#638),#12430,.F.);
#13081=ADVANCED_FACE('',(#639),#12431,.F.);
#13082=ADVANCED_FACE('',(#640),#12432,.F.);
#13083=ADVANCED_FACE('',(#641),#12433,.F.);
#13084=ADVANCED_FACE('',(#642),#12434,.F.);
#13085=ADVANCED_FACE('',(#643),#12435,.F.);
#13086=ADVANCED_FACE('',(#644),#12436,.F.);
#13087=ADVANCED_FACE('',(#645),#12437,.F.);
#13088=ADVANCED_FACE('',(#646),#12438,.F.);
#13089=ADVANCED_FACE('',(#647),#12439,.F.);
#13090=ADVANCED_FACE('',(#648),#12440,.F.);
#13091=ADVANCED_FACE('',(#649),#12441,.F.);
#13092=ADVANCED_FACE('',(#650),#12442,.F.);
#13093=ADVANCED_FACE('',(#651),#12443,.F.);
#13094=ADVANCED_FACE('',(#652),#12444,.F.);
#13095=ADVANCED_FACE('',(#653),#12445,.F.);
#13096=ADVANCED_FACE('',(#654),#12446,.F.);
#13097=ADVANCED_FACE('',(#655),#12447,.F.);
#13098=ADVANCED_FACE('',(#656),#12448,.F.);
#13099=ADVANCED_FACE('',(#657),#12449,.F.);
#13100=ADVANCED_FACE('',(#658),#12450,.F.);
#13101=ADVANCED_FACE('',(#659),#12451,.F.);
#13102=ADVANCED_FACE('',(#660),#12452,.F.);
#13103=ADVANCED_FACE('',(#661),#12453,.F.);
#13104=ADVANCED_FACE('',(#662),#12454,.F.);
#13105=ADVANCED_FACE('',(#663),#12455,.F.);
#13106=ADVANCED_FACE('',(#664),#12456,.F.);
#13107=ADVANCED_FACE('',(#665),#12457,.F.);
#13108=ADVANCED_FACE('',(#666),#12458,.F.);
#13109=ADVANCED_FACE('',(#667),#12459,.F.);
#13110=ADVANCED_FACE('',(#668),#12460,.F.);
#13111=ADVANCED_FACE('',(#669),#12461,.F.);
#13112=ADVANCED_FACE('',(#670),#12462,.F.);
#13113=ADVANCED_FACE('',(#671),#12463,.F.);
#13114=ADVANCED_FACE('',(#672),#12464,.F.);
#13115=ADVANCED_FACE('',(#673),#12465,.F.);
#13116=ADVANCED_FACE('',(#674),#12466,.F.);
#13117=ADVANCED_FACE('',(#675),#12467,.F.);
#13118=ADVANCED_FACE('',(#676),#12468,.F.);
#13119=ADVANCED_FACE('',(#677),#12469,.F.);
#13120=ADVANCED_FACE('',(#678),#12470,.F.);
#13121=ADVANCED_FACE('',(#679),#12471,.F.);
#13122=ADVANCED_FACE('',(#680),#12472,.F.);
#13123=ADVANCED_FACE('',(#681),#12473,.F.);
#13124=ADVANCED_FACE('',(#682),#12474,.F.);
#13125=ADVANCED_FACE('',(#683),#12475,.F.);
#13126=ADVANCED_FACE('',(#684),#12476,.F.);
#13127=ADVANCED_FACE('',(#685),#12477,.F.);
#13128=ADVANCED_FACE('',(#686),#12478,.F.);
#13129=ADVANCED_FACE('',(#687),#12479,.F.);
#13130=ADVANCED_FACE('',(#688),#12480,.F.);
#13131=ADVANCED_FACE('',(#689),#12481,.F.);
#13132=ADVANCED_FACE('',(#690),#12482,.F.);
#13133=ADVANCED_FACE('',(#691),#12483,.F.);
#13134=ADVANCED_FACE('',(#692),#12484,.F.);
#13135=ADVANCED_FACE('',(#693),#12485,.F.);
#13136=ADVANCED_FACE('',(#694),#12486,.F.);
#13137=ADVANCED_FACE('',(#695),#12487,.F.);
#13138=ADVANCED_FACE('',(#696),#12488,.F.);
#13139=ADVANCED_FACE('',(#697),#12489,.F.);
#13140=ADVANCED_FACE('',(#698),#12490,.F.);
#13141=ADVANCED_FACE('',(#699),#12491,.F.);
#13142=ADVANCED_FACE('',(#700),#12492,.F.);
#13143=ADVANCED_FACE('',(#701),#12493,.F.);
#13144=ADVANCED_FACE('',(#702),#12494,.F.);
#13145=ADVANCED_FACE('',(#703),#12495,.F.);
#13146=ADVANCED_FACE('',(#704),#12496,.F.);
#13147=ADVANCED_FACE('',(#705),#12497,.F.);
#13148=ADVANCED_FACE('',(#706),#12498,.F.);
#13149=ADVANCED_FACE('',(#707),#12499,.F.);
#13150=ADVANCED_FACE('',(#708),#12500,.F.);
#13151=ADVANCED_FACE('',(#709),#12501,.F.);
#13152=ADVANCED_FACE('',(#710),#12502,.F.);
#13153=ADVANCED_FACE('',(#711),#12503,.F.);
#13154=ADVANCED_FACE('',(#712),#12504,.F.);
#13155=ADVANCED_FACE('',(#713),#12505,.F.);
#13156=ADVANCED_FACE('',(#714),#12506,.F.);
#13157=ADVANCED_FACE('',(#715),#12507,.F.);
#13158=ADVANCED_FACE('',(#716),#12508,.F.);
#13159=ADVANCED_FACE('',(#717),#12509,.F.);
#13160=ADVANCED_FACE('',(#718),#12510,.F.);
#13161=ADVANCED_FACE('',(#719),#12511,.F.);
#13162=ADVANCED_FACE('',(#720),#12512,.F.);
#13163=ADVANCED_FACE('',(#721),#12513,.F.);
#13164=ADVANCED_FACE('',(#722),#12514,.F.);
#13165=ADVANCED_FACE('',(#723),#12515,.F.);
#13166=ADVANCED_FACE('',(#724),#12516,.F.);
#13167=ADVANCED_FACE('',(#725),#12517,.F.);
#13168=ADVANCED_FACE('',(#726),#12518,.F.);
#13169=ADVANCED_FACE('',(#727),#12519,.F.);
#13170=ADVANCED_FACE('',(#728),#12520,.F.);
#13171=ADVANCED_FACE('',(#729),#12521,.F.);
#13172=ADVANCED_FACE('',(#730),#12522,.F.);
#13173=ADVANCED_FACE('',(#731),#12523,.F.);
#13174=ADVANCED_FACE('',(#732),#12524,.F.);
#13175=ADVANCED_FACE('',(#733),#12525,.F.);
#13176=ADVANCED_FACE('',(#734),#12526,.F.);
#13177=ADVANCED_FACE('',(#735),#12527,.F.);
#13178=ADVANCED_FACE('',(#736),#12528,.F.);
#13179=ADVANCED_FACE('',(#737),#12529,.F.);
#13180=ADVANCED_FACE('',(#738),#12530,.F.);
#13181=ADVANCED_FACE('',(#739),#12531,.F.);
#13182=ADVANCED_FACE('',(#740),#12532,.F.);
#13183=ADVANCED_FACE('',(#741),#12533,.F.);
#13184=ADVANCED_FACE('',(#742),#12534,.F.);
#13185=ADVANCED_FACE('',(#743),#12535,.F.);
#13186=ADVANCED_FACE('',(#744),#12536,.F.);
#13187=ADVANCED_FACE('',(#745),#12537,.F.);
#13188=ADVANCED_FACE('',(#746),#12538,.F.);
#13189=ADVANCED_FACE('',(#747),#12539,.F.);
#13190=ADVANCED_FACE('',(#748),#12540,.F.);
#13191=ADVANCED_FACE('',(#749),#12541,.F.);
#13192=ADVANCED_FACE('',(#750),#12542,.F.);
#13193=ADVANCED_FACE('',(#751),#12543,.F.);
#13194=ADVANCED_FACE('',(#752),#12544,.F.);
#13195=ADVANCED_FACE('',(#753),#12545,.F.);
#13196=ADVANCED_FACE('',(#754),#12546,.F.);
#13197=ADVANCED_FACE('',(#755),#12547,.F.);
#13198=ADVANCED_FACE('',(#756),#12548,.F.);
#13199=ADVANCED_FACE('',(#757),#12549,.F.);
#13200=ADVANCED_FACE('',(#758),#12550,.F.);
#13201=ADVANCED_FACE('',(#759),#12551,.F.);
#13202=ADVANCED_FACE('',(#760),#12552,.F.);
#13203=ADVANCED_FACE('',(#761),#12553,.F.);
#13204=ADVANCED_FACE('',(#762),#12554,.F.);
#13205=ADVANCED_FACE('',(#763),#12555,.F.);
#13206=ADVANCED_FACE('',(#764),#12556,.F.);
#13207=ADVANCED_FACE('',(#765),#12557,.F.);
#13208=ADVANCED_FACE('',(#766),#12558,.F.);
#13209=ADVANCED_FACE('',(#767),#12559,.F.);
#13210=ADVANCED_FACE('',(#768),#12560,.F.);
#13211=ADVANCED_FACE('',(#769),#12561,.F.);
#13212=ADVANCED_FACE('',(#770),#12562,.F.);
#13213=ADVANCED_FACE('',(#771),#12563,.F.);
#13214=ADVANCED_FACE('',(#772),#12564,.F.);
#13215=ADVANCED_FACE('',(#773),#12565,.F.);
#13216=ADVANCED_FACE('',(#774),#12566,.F.);
#13217=ADVANCED_FACE('',(#775),#12567,.F.);
#13218=ADVANCED_FACE('',(#776),#12568,.F.);
#13219=ADVANCED_FACE('',(#777),#12569,.F.);
#13220=ADVANCED_FACE('',(#778),#12570,.F.);
#13221=ADVANCED_FACE('',(#779),#12571,.F.);
#13222=ADVANCED_FACE('',(#780),#12572,.F.);
#13223=ADVANCED_FACE('',(#781),#12573,.F.);
#13224=ADVANCED_FACE('',(#782),#12574,.F.);
#13225=ADVANCED_FACE('',(#783),#12575,.F.);
#13226=ADVANCED_FACE('',(#784),#12576,.F.);
#13227=ADVANCED_FACE('',(#785),#12577,.F.);
#13228=ADVANCED_FACE('',(#786),#12578,.F.);
#13229=ADVANCED_FACE('',(#787),#12579,.F.);
#13230=ADVANCED_FACE('',(#788),#12580,.F.);
#13231=ADVANCED_FACE('',(#789),#12581,.F.);
#13232=ADVANCED_FACE('',(#790),#12582,.F.);
#13233=ADVANCED_FACE('',(#791),#12583,.F.);
#13234=ADVANCED_FACE('',(#792),#12584,.F.);
#13235=ADVANCED_FACE('',(#793),#12585,.F.);
#13236=ADVANCED_FACE('',(#794),#12586,.F.);
#13237=ADVANCED_FACE('',(#795),#12587,.F.);
#13238=ADVANCED_FACE('',(#796),#12588,.F.);
#13239=ADVANCED_FACE('',(#797),#12589,.F.);
#13240=ADVANCED_FACE('',(#798),#12590,.F.);
#13241=ADVANCED_FACE('',(#799),#12591,.F.);
#13242=ADVANCED_FACE('',(#800),#12592,.F.);
#13243=ADVANCED_FACE('',(#801),#12593,.F.);
#13244=ADVANCED_FACE('',(#802),#12594,.F.);
#13245=ADVANCED_FACE('',(#803),#12595,.F.);
#13246=ADVANCED_FACE('',(#804),#12596,.F.);
#13247=ADVANCED_FACE('',(#805),#12597,.F.);
#13248=ADVANCED_FACE('',(#806),#12598,.F.);
#13249=ADVANCED_FACE('',(#807),#12599,.F.);
#13250=ADVANCED_FACE('',(#808),#12600,.F.);
#13251=ADVANCED_FACE('',(#809),#12601,.F.);
#13252=ADVANCED_FACE('',(#810),#12602,.F.);
#13253=ADVANCED_FACE('',(#811),#12603,.F.);
#13254=ADVANCED_FACE('',(#812),#12604,.F.);
#13255=ADVANCED_FACE('',(#813),#12605,.F.);
#13256=ADVANCED_FACE('',(#814),#12606,.F.);
#13257=ADVANCED_FACE('',(#815),#12607,.F.);
#13258=ADVANCED_FACE('',(#816),#12608,.F.);
#13259=ADVANCED_FACE('',(#817),#12609,.F.);
#13260=ADVANCED_FACE('',(#818),#12610,.F.);
#13261=ADVANCED_FACE('',(#819),#12611,.F.);
#13262=ADVANCED_FACE('',(#820),#12612,.F.);
#13263=ADVANCED_FACE('',(#821),#12613,.F.);
#13264=ADVANCED_FACE('',(#822),#12614,.F.);
#13265=ADVANCED_FACE('',(#823),#12615,.F.);
#13266=ADVANCED_FACE('',(#824),#12616,.F.);
#13267=ADVANCED_FACE('',(#825),#12617,.F.);
#13268=ADVANCED_FACE('',(#826),#12618,.F.);
#13269=ADVANCED_FACE('',(#827),#12619,.F.);
#13270=ADVANCED_FACE('',(#828),#12620,.F.);
#13271=ADVANCED_FACE('',(#829),#12621,.F.);
#13272=ADVANCED_FACE('',(#830),#12622,.F.);
#13273=ADVANCED_FACE('',(#831),#12623,.F.);
#13274=ADVANCED_FACE('',(#832),#12624,.F.);
#13275=ADVANCED_FACE('',(#833),#12625,.F.);
#13276=ADVANCED_FACE('',(#834),#12626,.F.);
#13277=ADVANCED_FACE('',(#835),#12627,.F.);
#13278=ADVANCED_FACE('',(#836),#12628,.F.);
#13279=ADVANCED_FACE('',(#837),#12629,.F.);
#13280=ADVANCED_FACE('',(#838),#12630,.F.);
#13281=ADVANCED_FACE('',(#839),#12631,.F.);
#13282=ADVANCED_FACE('',(#840),#12632,.F.);
#13283=ADVANCED_FACE('',(#841),#12633,.F.);
#13284=ADVANCED_FACE('',(#842),#12634,.F.);
#13285=ADVANCED_FACE('',(#843),#12635,.F.);
#13286=ADVANCED_FACE('',(#844),#12636,.F.);
#13287=ADVANCED_FACE('',(#845),#12637,.F.);
#13288=ADVANCED_FACE('',(#846),#12638,.F.);
#13289=ADVANCED_FACE('',(#847),#12639,.F.);
#13290=ADVANCED_FACE('',(#848),#12640,.F.);
#13291=ADVANCED_FACE('',(#849),#12641,.F.);
#13292=ADVANCED_FACE('',(#850),#12642,.F.);
#13293=ADVANCED_FACE('',(#851),#12643,.F.);
#13294=ADVANCED_FACE('',(#852),#12644,.F.);
#13295=ADVANCED_FACE('',(#853),#12645,.F.);
#13296=ADVANCED_FACE('',(#854),#12646,.F.);
#13297=ADVANCED_FACE('',(#855),#12647,.F.);
#13298=ADVANCED_FACE('',(#856),#12648,.F.);
#13299=ADVANCED_FACE('',(#857),#12649,.F.);
#13300=ADVANCED_FACE('',(#858),#12650,.F.);
#13301=ADVANCED_FACE('',(#859),#12651,.F.);
#13302=ADVANCED_FACE('',(#860),#12652,.F.);
#13303=ADVANCED_FACE('',(#861),#12653,.F.);
#13304=ADVANCED_FACE('',(#862),#12654,.F.);
#13305=ADVANCED_FACE('',(#863),#12655,.F.);
#13306=ADVANCED_FACE('',(#864),#12656,.F.);
#13307=ADVANCED_FACE('',(#865),#12657,.F.);
#13308=ADVANCED_FACE('',(#866),#12658,.F.);
#13309=ADVANCED_FACE('',(#867),#12659,.F.);
#13310=ADVANCED_FACE('',(#868),#12660,.F.);
#13311=ADVANCED_FACE('',(#869),#12661,.F.);
#13312=ADVANCED_FACE('',(#870),#12662,.F.);
#13313=ADVANCED_FACE('',(#871),#12663,.F.);
#13314=ADVANCED_FACE('',(#872),#12664,.F.);
#13315=ADVANCED_FACE('',(#873),#12665,.F.);
#13316=ADVANCED_FACE('',(#874),#12666,.F.);
#13317=ADVANCED_FACE('',(#875),#12667,.F.);
#13318=ADVANCED_FACE('',(#876),#12668,.F.);
#13319=ADVANCED_FACE('',(#877),#12669,.F.);
#13320=ADVANCED_FACE('',(#878),#12670,.F.);
#13321=ADVANCED_FACE('',(#879),#12671,.F.);
#13322=ADVANCED_FACE('',(#880),#12672,.F.);
#13323=ADVANCED_FACE('',(#881),#12673,.F.);
#13324=ADVANCED_FACE('',(#882),#12674,.F.);
#13325=ADVANCED_FACE('',(#883),#12675,.F.);
#13326=ADVANCED_FACE('',(#884),#12676,.F.);
#13327=ADVANCED_FACE('',(#885),#12677,.F.);
#13328=ADVANCED_FACE('',(#886),#12678,.F.);
#13329=ADVANCED_FACE('',(#887),#12679,.F.);
#13330=ADVANCED_FACE('',(#888),#12680,.F.);
#13331=ADVANCED_FACE('',(#889),#12681,.F.);
#13332=ADVANCED_FACE('',(#890),#12682,.F.);
#13333=ADVANCED_FACE('',(#891),#12683,.F.);
#13334=ADVANCED_FACE('',(#892),#12684,.F.);
#13335=ADVANCED_FACE('',(#893),#12685,.F.);
#13336=ADVANCED_FACE('',(#894),#12686,.F.);
#13337=ADVANCED_FACE('',(#895),#12687,.F.);
#13338=ADVANCED_FACE('',(#896),#12688,.F.);
#13339=ADVANCED_FACE('',(#897),#12689,.F.);
#13340=ADVANCED_FACE('',(#898),#12690,.F.);
#13341=ADVANCED_FACE('',(#899),#12691,.F.);
#13342=ADVANCED_FACE('',(#900),#12692,.T.);
#13343=ADVANCED_FACE('',(#901),#12693,.T.);
#13344=ADVANCED_FACE('',(#902),#12694,.T.);
#13345=ADVANCED_FACE('',(#903),#12695,.T.);
#13346=ADVANCED_FACE('',(#904),#12696,.T.);
#13347=ADVANCED_FACE('',(#905),#12697,.T.);
#13348=ADVANCED_FACE('',(#906),#12698,.T.);
#13349=ADVANCED_FACE('',(#907),#12699,.T.);
#13350=ADVANCED_FACE('',(#908),#12700,.T.);
#13351=ADVANCED_FACE('',(#909),#12701,.T.);
#13352=ADVANCED_FACE('',(#910),#12702,.T.);
#13353=ADVANCED_FACE('',(#911),#12703,.T.);
#13354=ADVANCED_FACE('',(#912,#19,#20,#21,#22,#23,#24,#25,#26,#27,#28,#29,
#30,#31,#32,#33,#34,#35,#36,#37,#38),#12704,.T.);
#13355=ADVANCED_FACE('',(#913,#39,#40,#41,#42,#43,#44,#45,#46,#47,#48,#49,
#50,#51,#52,#53,#54,#55,#56,#57,#58),#12705,.T.);
#13356=ADVANCED_FACE('',(#914,#59,#60,#61,#62,#63,#64,#65,#66,#67,#68,#69,
#70,#71,#72,#73,#74,#75,#76,#77,#78),#12706,.T.);
#13357=ADVANCED_FACE('',(#915,#79,#80,#81,#82,#83,#84,#85,#86,#87,#88,#89,
#90,#91,#92,#93,#94,#95,#96,#97,#98),#12707,.T.);
#13358=ADVANCED_FACE('',(#916),#12708,.T.);
#13359=ADVANCED_FACE('',(#917,#99,#100,#101,#102,#103,#104,#105,#106,#107,
#108,#109,#110,#111,#112,#113,#114,#115,#116,#117,#118),#12709,.T.);
#13360=ADVANCED_FACE('',(#918),#12710,.T.);
#13361=ADVANCED_FACE('',(#919),#12711,.T.);
#13362=ADVANCED_FACE('',(#920,#119,#120,#121,#122,#123,#124,#125,#126,#127,
#128,#129,#130,#131,#132,#133,#134,#135,#136,#137,#138,#139,#140,#141,#142,
#143,#144,#145,#146,#147,#148,#149,#150,#151,#152,#153,#154,#155,#156,#157,
#158,#159,#160,#161,#162,#163,#164,#165,#166,#167,#168,#169,#170,#171,#172,
#173,#174,#175,#176,#177,#178,#179,#180,#181,#182,#183,#184,#185,#186,#187,
#188,#189,#190,#191,#192,#193,#194,#195,#196,#197,#198,#199,#200,#201,#202,
#203,#204,#205,#206,#207,#208,#209,#210,#211,#212,#213,#214,#215,#216,#217,
#218,#219,#220,#221,#222,#223,#224,#225,#226,#227,#228,#229,#230,#231,#232,
#233,#234,#235,#236,#237,#238,#239,#240,#241,#242,#243,#244,#245,#246,#247,
#248,#249,#250,#251,#252,#253,#254,#255,#256,#257,#258),#12712,.T.);
#13363=CLOSED_SHELL('',(#12713,#12714,#12715,#12716,#12717,#12718,#12719,
#12720,#12721,#12722,#12723,#12724,#12725,#12726,#12727,#12728,#12729,#12730,
#12731,#12732,#12733,#12734,#12735,#12736,#12737,#12738,#12739,#12740,#12741,
#12742,#12743,#12744,#12745,#12746,#12747,#12748,#12749,#12750,#12751,#12752,
#12753,#12754,#12755,#12756,#12757,#12758,#12759,#12760,#12761,#12762,#12763,
#12764,#12765,#12766,#12767,#12768,#12769,#12770,#12771,#12772,#12773,#12774,
#12775,#12776,#12777,#12778,#12779,#12780,#12781,#12782,#12783,#12784,#12785,
#12786,#12787,#12788,#12789,#12790,#12791,#12792,#12793,#12794,#12795,#12796,
#12797,#12798,#12799,#12800,#12801,#12802,#12803,#12804,#12805,#12806,#12807,
#12808,#12809,#12810,#12811,#12812,#12813,#12814,#12815,#12816,#12817,#12818,
#12819,#12820,#12821,#12822,#12823,#12824,#12825,#12826,#12827,#12828,#12829,
#12830,#12831,#12832,#12833,#12834,#12835,#12836,#12837,#12838,#12839,#12840,
#12841,#12842,#12843,#12844,#12845,#12846,#12847,#12848,#12849,#12850,#12851,
#12852,#12853,#12854,#12855,#12856,#12857,#12858,#12859,#12860,#12861,#12862,
#12863,#12864,#12865,#12866,#12867,#12868,#12869,#12870,#12871,#12872,#12873,
#12874,#12875,#12876,#12877,#12878,#12879,#12880,#12881,#12882,#12883,#12884,
#12885,#12886,#12887,#12888,#12889,#12890,#12891,#12892,#12893,#12894,#12895,
#12896,#12897,#12898,#12899,#12900,#12901,#12902,#12903,#12904,#12905,#12906,
#12907,#12908,#12909,#12910,#12911,#12912,#12913,#12914,#12915,#12916,#12917,
#12918,#12919,#12920,#12921,#12922,#12923,#12924,#12925,#12926,#12927,#12928,
#12929,#12930,#12931,#12932,#12933,#12934,#12935,#12936,#12937,#12938,#12939,
#12940,#12941,#12942,#12943,#12944,#12945,#12946,#12947,#12948,#12949,#12950,
#12951,#12952,#12953,#12954,#12955,#12956,#12957,#12958,#12959,#12960,#12961,
#12962,#12963,#12964,#12965,#12966,#12967,#12968,#12969,#12970,#12971,#12972,
#12973,#12974,#12975,#12976,#12977,#12978,#12979,#12980,#12981,#12982,#12983,
#12984,#12985,#12986,#12987,#12988,#12989,#12990,#12991,#12992,#12993,#12994,
#12995,#12996,#12997,#12998,#12999,#13000,#13001,#13002,#13003,#13004,#13005,
#13006,#13007,#13008,#13009,#13010,#13011,#13012,#13013,#13014,#13015,#13016,
#13017,#13018,#13019,#13020,#13021,#13022,#13023,#13024,#13025,#13026,#13027,
#13028,#13029,#13030,#13031,#13032,#13033,#13034,#13035,#13036,#13037,#13038,
#13039,#13040,#13041,#13042,#13043,#13044,#13045,#13046,#13047,#13048,#13049,
#13050,#13051,#13052,#13053,#13054,#13055,#13056,#13057,#13058,#13059,#13060,
#13061,#13062,#13063,#13064,#13065,#13066,#13067,#13068,#13069,#13070,#13071,
#13072,#13073,#13074,#13075,#13076,#13077,#13078,#13079,#13080,#13081,#13082,
#13083,#13084,#13085,#13086,#13087,#13088,#13089,#13090,#13091,#13092,#13093,
#13094,#13095,#13096,#13097,#13098,#13099,#13100,#13101,#13102,#13103,#13104,
#13105,#13106,#13107,#13108,#13109,#13110,#13111,#13112,#13113,#13114,#13115,
#13116,#13117,#13118,#13119,#13120,#13121,#13122,#13123,#13124,#13125,#13126,
#13127,#13128,#13129,#13130,#13131,#13132,#13133,#13134,#13135,#13136,#13137,
#13138,#13139,#13140,#13141,#13142,#13143,#13144,#13145,#13146,#13147,#13148,
#13149,#13150,#13151,#13152,#13153,#13154,#13155,#13156,#13157,#13158,#13159,
#13160,#13161,#13162,#13163,#13164,#13165,#13166,#13167,#13168,#13169,#13170,
#13171,#13172,#13173,#13174,#13175,#13176,#13177,#13178,#13179,#13180,#13181,
#13182,#13183,#13184,#13185,#13186,#13187,#13188,#13189,#13190,#13191,#13192,
#13193,#13194,#13195,#13196,#13197,#13198,#13199,#13200,#13201,#13202,#13203,
#13204,#13205,#13206,#13207,#13208,#13209,#13210,#13211,#13212,#13213,#13214,
#13215,#13216,#13217,#13218,#13219,#13220,#13221,#13222,#13223,#13224,#13225,
#13226,#13227,#13228,#13229,#13230,#13231,#13232,#13233,#13234,#13235,#13236,
#13237,#13238,#13239,#13240,#13241,#13242,#13243,#13244,#13245,#13246,#13247,
#13248,#13249,#13250,#13251,#13252,#13253,#13254,#13255,#13256,#13257,#13258,
#13259,#13260,#13261,#13262,#13263,#13264,#13265,#13266,#13267,#13268,#13269,
#13270,#13271,#13272,#13273,#13274,#13275,#13276,#13277,#13278,#13279,#13280,
#13281,#13282,#13283,#13284,#13285,#13286,#13287,#13288,#13289,#13290,#13291,
#13292,#13293,#13294,#13295,#13296,#13297,#13298,#13299,#13300,#13301,#13302,
#13303,#13304,#13305,#13306,#13307,#13308,#13309,#13310,#13311,#13312,#13313,
#13314,#13315,#13316,#13317,#13318,#13319,#13320,#13321,#13322,#13323,#13324,
#13325,#13326,#13327,#13328,#13329,#13330,#13331,#13332,#13333,#13334,#13335,
#13336,#13337,#13338,#13339,#13340,#13341,#13342,#13343,#13344,#13345,#13346,
#13347,#13348,#13349,#13350,#13351,#13352,#13353,#13354,#13355,#13356,#13357,
#13358,#13359,#13360,#13361,#13362));
#13364=DERIVED_UNIT_ELEMENT(#13366,1.);
#13365=DERIVED_UNIT_ELEMENT(#20833,-3.);
#13366=(
MASS_UNIT()
NAMED_UNIT(*)
SI_UNIT(.KILO.,.GRAM.)
);
#13367=DERIVED_UNIT((#13364,#13365));
#13368=MEASURE_REPRESENTATION_ITEM('density measure',
POSITIVE_RATIO_MEASURE(7850.),#13367);
#13369=PROPERTY_DEFINITION_REPRESENTATION(#13374,#13371);
#13370=PROPERTY_DEFINITION_REPRESENTATION(#13375,#13372);
#13371=REPRESENTATION('material name',(#13373),#20830);
#13372=REPRESENTATION('density',(#13368),#20830);
#13373=DESCRIPTIVE_REPRESENTATION_ITEM('Steel','Steel');
#13374=PROPERTY_DEFINITION('material property','material name',#20840);
#13375=PROPERTY_DEFINITION('material property','density of part',#20840);
#13376=AXIS2_PLACEMENT_3D('',#17157,#14035,#14036);
#13377=AXIS2_PLACEMENT_3D('',#17158,#14037,#14038);
#13378=AXIS2_PLACEMENT_3D('',#17167,#14043,#14044);
#13379=AXIS2_PLACEMENT_3D('',#17173,#14048,#14049);
#13380=AXIS2_PLACEMENT_3D('',#17179,#14053,#14054);
#13381=AXIS2_PLACEMENT_3D('',#17182,#14057,#14058);
#13382=AXIS2_PLACEMENT_3D('',#17183,#14059,#14060);
#13383=AXIS2_PLACEMENT_3D('',#17192,#14065,#14066);
#13384=AXIS2_PLACEMENT_3D('',#17198,#14070,#14071);
#13385=AXIS2_PLACEMENT_3D('',#17204,#14075,#14076);
#13386=AXIS2_PLACEMENT_3D('',#17207,#14079,#14080);
#13387=AXIS2_PLACEMENT_3D('',#17208,#14081,#14082);
#13388=AXIS2_PLACEMENT_3D('',#17217,#14087,#14088);
#13389=AXIS2_PLACEMENT_3D('',#17223,#14092,#14093);
#13390=AXIS2_PLACEMENT_3D('',#17229,#14097,#14098);
#13391=AXIS2_PLACEMENT_3D('',#17232,#14101,#14102);
#13392=AXIS2_PLACEMENT_3D('',#17233,#14103,#14104);
#13393=AXIS2_PLACEMENT_3D('',#17242,#14109,#14110);
#13394=AXIS2_PLACEMENT_3D('',#17248,#14114,#14115);
#13395=AXIS2_PLACEMENT_3D('',#17254,#14119,#14120);
#13396=AXIS2_PLACEMENT_3D('',#17257,#14123,#14124);
#13397=AXIS2_PLACEMENT_3D('',#17258,#14125,#14126);
#13398=AXIS2_PLACEMENT_3D('',#17261,#14127,#14128);
#13399=AXIS2_PLACEMENT_3D('',#17265,#14130,#14131);
#13400=AXIS2_PLACEMENT_3D('',#17267,#14133,#14134);
#13401=AXIS2_PLACEMENT_3D('',#17273,#14138,#14139);
#13402=AXIS2_PLACEMENT_3D('',#17277,#14141,#14142);
#13403=AXIS2_PLACEMENT_3D('',#17281,#14144,#14145);
#13404=AXIS2_PLACEMENT_3D('',#17285,#14147,#14148);
#13405=AXIS2_PLACEMENT_3D('',#17325,#14169,#14170);
#13406=AXIS2_PLACEMENT_3D('',#17329,#14172,#14173);
#13407=AXIS2_PLACEMENT_3D('',#17331,#14175,#14176);
#13408=AXIS2_PLACEMENT_3D('',#17335,#14179,#14180);
#13409=AXIS2_PLACEMENT_3D('',#17339,#14182,#14183);
#13410=AXIS2_PLACEMENT_3D('',#17341,#14185,#14186);
#13411=AXIS2_PLACEMENT_3D('',#17343,#14188,#14189);
#13412=AXIS2_PLACEMENT_3D('',#17346,#14191,#14192);
#13413=AXIS2_PLACEMENT_3D('',#17347,#14193,#14194);
#13414=AXIS2_PLACEMENT_3D('',#17388,#14216,#14217);
#13415=AXIS2_PLACEMENT_3D('',#17397,#14222,#14223);
#13416=AXIS2_PLACEMENT_3D('',#17403,#14227,#14228);
#13417=AXIS2_PLACEMENT_3D('',#17409,#14232,#14233);
#13418=AXIS2_PLACEMENT_3D('',#17412,#14236,#14237);
#13419=AXIS2_PLACEMENT_3D('',#17413,#14238,#14239);
#13420=AXIS2_PLACEMENT_3D('',#17422,#14244,#14245);
#13421=AXIS2_PLACEMENT_3D('',#17428,#14249,#14250);
#13422=AXIS2_PLACEMENT_3D('',#17434,#14254,#14255);
#13423=AXIS2_PLACEMENT_3D('',#17437,#14258,#14259);
#13424=AXIS2_PLACEMENT_3D('',#17446,#14264,#14265);
#13425=AXIS2_PLACEMENT_3D('',#17452,#14269,#14270);
#13426=AXIS2_PLACEMENT_3D('',#17458,#14274,#14275);
#13427=AXIS2_PLACEMENT_3D('',#17461,#14278,#14279);
#13428=AXIS2_PLACEMENT_3D('',#17462,#14280,#14281);
#13429=AXIS2_PLACEMENT_3D('',#17471,#14286,#14287);
#13430=AXIS2_PLACEMENT_3D('',#17477,#14291,#14292);
#13431=AXIS2_PLACEMENT_3D('',#17483,#14296,#14297);
#13432=AXIS2_PLACEMENT_3D('',#17486,#14300,#14301);
#13433=AXIS2_PLACEMENT_3D('',#17487,#14302,#14303);
#13434=AXIS2_PLACEMENT_3D('',#17496,#14308,#14309);
#13435=AXIS2_PLACEMENT_3D('',#17502,#14313,#14314);
#13436=AXIS2_PLACEMENT_3D('',#17508,#14318,#14319);
#13437=AXIS2_PLACEMENT_3D('',#17511,#14322,#14323);
#13438=AXIS2_PLACEMENT_3D('',#17520,#14328,#14329);
#13439=AXIS2_PLACEMENT_3D('',#17526,#14333,#14334);
#13440=AXIS2_PLACEMENT_3D('',#17532,#14338,#14339);
#13441=AXIS2_PLACEMENT_3D('',#17535,#14342,#14343);
#13442=AXIS2_PLACEMENT_3D('',#17544,#14348,#14349);
#13443=AXIS2_PLACEMENT_3D('',#17550,#14353,#14354);
#13444=AXIS2_PLACEMENT_3D('',#17556,#14358,#14359);
#13445=AXIS2_PLACEMENT_3D('',#17559,#14362,#14363);
#13446=AXIS2_PLACEMENT_3D('',#17568,#14368,#14369);
#13447=AXIS2_PLACEMENT_3D('',#17574,#14373,#14374);
#13448=AXIS2_PLACEMENT_3D('',#17580,#14378,#14379);
#13449=AXIS2_PLACEMENT_3D('',#17583,#14382,#14383);
#13450=AXIS2_PLACEMENT_3D('',#17592,#14388,#14389);
#13451=AXIS2_PLACEMENT_3D('',#17598,#14393,#14394);
#13452=AXIS2_PLACEMENT_3D('',#17604,#14398,#14399);
#13453=AXIS2_PLACEMENT_3D('',#17607,#14402,#14403);
#13454=AXIS2_PLACEMENT_3D('',#17616,#14408,#14409);
#13455=AXIS2_PLACEMENT_3D('',#17622,#14413,#14414);
#13456=AXIS2_PLACEMENT_3D('',#17628,#14418,#14419);
#13457=AXIS2_PLACEMENT_3D('',#17631,#14422,#14423);
#13458=AXIS2_PLACEMENT_3D('',#17640,#14428,#14429);
#13459=AXIS2_PLACEMENT_3D('',#17646,#14433,#14434);
#13460=AXIS2_PLACEMENT_3D('',#17652,#14438,#14439);
#13461=AXIS2_PLACEMENT_3D('',#17655,#14442,#14443);
#13462=AXIS2_PLACEMENT_3D('',#17656,#14444,#14445);
#13463=AXIS2_PLACEMENT_3D('',#17665,#14450,#14451);
#13464=AXIS2_PLACEMENT_3D('',#17671,#14455,#14456);
#13465=AXIS2_PLACEMENT_3D('',#17677,#14460,#14461);
#13466=AXIS2_PLACEMENT_3D('',#17680,#14464,#14465);
#13467=AXIS2_PLACEMENT_3D('',#17689,#14470,#14471);
#13468=AXIS2_PLACEMENT_3D('',#17695,#14475,#14476);
#13469=AXIS2_PLACEMENT_3D('',#17701,#14480,#14481);
#13470=AXIS2_PLACEMENT_3D('',#17704,#14484,#14485);
#13471=AXIS2_PLACEMENT_3D('',#17713,#14490,#14491);
#13472=AXIS2_PLACEMENT_3D('',#17719,#14495,#14496);
#13473=AXIS2_PLACEMENT_3D('',#17725,#14500,#14501);
#13474=AXIS2_PLACEMENT_3D('',#17728,#14504,#14505);
#13475=AXIS2_PLACEMENT_3D('',#17737,#14510,#14511);
#13476=AXIS2_PLACEMENT_3D('',#17743,#14515,#14516);
#13477=AXIS2_PLACEMENT_3D('',#17749,#14520,#14521);
#13478=AXIS2_PLACEMENT_3D('',#17752,#14524,#14525);
#13479=AXIS2_PLACEMENT_3D('',#17761,#14530,#14531);
#13480=AXIS2_PLACEMENT_3D('',#17767,#14535,#14536);
#13481=AXIS2_PLACEMENT_3D('',#17773,#14540,#14541);
#13482=AXIS2_PLACEMENT_3D('',#17776,#14544,#14545);
#13483=AXIS2_PLACEMENT_3D('',#17785,#14550,#14551);
#13484=AXIS2_PLACEMENT_3D('',#17791,#14555,#14556);
#13485=AXIS2_PLACEMENT_3D('',#17797,#14560,#14561);
#13486=AXIS2_PLACEMENT_3D('',#17800,#14564,#14565);
#13487=AXIS2_PLACEMENT_3D('',#17809,#14570,#14571);
#13488=AXIS2_PLACEMENT_3D('',#17815,#14575,#14576);
#13489=AXIS2_PLACEMENT_3D('',#17821,#14580,#14581);
#13490=AXIS2_PLACEMENT_3D('',#17824,#14584,#14585);
#13491=AXIS2_PLACEMENT_3D('',#17825,#14586,#14587);
#13492=AXIS2_PLACEMENT_3D('',#17834,#14592,#14593);
#13493=AXIS2_PLACEMENT_3D('',#17840,#14597,#14598);
#13494=AXIS2_PLACEMENT_3D('',#17846,#14602,#14603);
#13495=AXIS2_PLACEMENT_3D('',#17849,#14606,#14607);
#13496=AXIS2_PLACEMENT_3D('',#17858,#14612,#14613);
#13497=AXIS2_PLACEMENT_3D('',#17864,#14617,#14618);
#13498=AXIS2_PLACEMENT_3D('',#17870,#14622,#14623);
#13499=AXIS2_PLACEMENT_3D('',#17873,#14626,#14627);
#13500=AXIS2_PLACEMENT_3D('',#17882,#14632,#14633);
#13501=AXIS2_PLACEMENT_3D('',#17888,#14637,#14638);
#13502=AXIS2_PLACEMENT_3D('',#17894,#14642,#14643);
#13503=AXIS2_PLACEMENT_3D('',#17897,#14646,#14647);
#13504=AXIS2_PLACEMENT_3D('',#17898,#14648,#14649);
#13505=AXIS2_PLACEMENT_3D('',#17907,#14654,#14655);
#13506=AXIS2_PLACEMENT_3D('',#17913,#14659,#14660);
#13507=AXIS2_PLACEMENT_3D('',#17919,#14664,#14665);
#13508=AXIS2_PLACEMENT_3D('',#17922,#14668,#14669);
#13509=AXIS2_PLACEMENT_3D('',#17931,#14674,#14675);
#13510=AXIS2_PLACEMENT_3D('',#17937,#14679,#14680);
#13511=AXIS2_PLACEMENT_3D('',#17943,#14684,#14685);
#13512=AXIS2_PLACEMENT_3D('',#17946,#14688,#14689);
#13513=AXIS2_PLACEMENT_3D('',#17947,#14690,#14691);
#13514=AXIS2_PLACEMENT_3D('',#17956,#14696,#14697);
#13515=AXIS2_PLACEMENT_3D('',#17962,#14701,#14702);
#13516=AXIS2_PLACEMENT_3D('',#17968,#14706,#14707);
#13517=AXIS2_PLACEMENT_3D('',#17971,#14710,#14711);
#13518=AXIS2_PLACEMENT_3D('',#17980,#14716,#14717);
#13519=AXIS2_PLACEMENT_3D('',#17986,#14721,#14722);
#13520=AXIS2_PLACEMENT_3D('',#17992,#14726,#14727);
#13521=AXIS2_PLACEMENT_3D('',#17995,#14730,#14731);
#13522=AXIS2_PLACEMENT_3D('',#17996,#14732,#14733);
#13523=AXIS2_PLACEMENT_3D('',#18005,#14738,#14739);
#13524=AXIS2_PLACEMENT_3D('',#18011,#14743,#14744);
#13525=AXIS2_PLACEMENT_3D('',#18017,#14748,#14749);
#13526=AXIS2_PLACEMENT_3D('',#18020,#14752,#14753);
#13527=AXIS2_PLACEMENT_3D('',#18029,#14758,#14759);
#13528=AXIS2_PLACEMENT_3D('',#18035,#14763,#14764);
#13529=AXIS2_PLACEMENT_3D('',#18041,#14768,#14769);
#13530=AXIS2_PLACEMENT_3D('',#18044,#14772,#14773);
#13531=AXIS2_PLACEMENT_3D('',#18045,#14774,#14775);
#13532=AXIS2_PLACEMENT_3D('',#18054,#14780,#14781);
#13533=AXIS2_PLACEMENT_3D('',#18060,#14785,#14786);
#13534=AXIS2_PLACEMENT_3D('',#18066,#14790,#14791);
#13535=AXIS2_PLACEMENT_3D('',#18069,#14794,#14795);
#13536=AXIS2_PLACEMENT_3D('',#18078,#14800,#14801);
#13537=AXIS2_PLACEMENT_3D('',#18084,#14805,#14806);
#13538=AXIS2_PLACEMENT_3D('',#18090,#14810,#14811);
#13539=AXIS2_PLACEMENT_3D('',#18093,#14814,#14815);
#13540=AXIS2_PLACEMENT_3D('',#18102,#14820,#14821);
#13541=AXIS2_PLACEMENT_3D('',#18108,#14825,#14826);
#13542=AXIS2_PLACEMENT_3D('',#18114,#14830,#14831);
#13543=AXIS2_PLACEMENT_3D('',#18117,#14834,#14835);
#13544=AXIS2_PLACEMENT_3D('',#18118,#14836,#14837);
#13545=AXIS2_PLACEMENT_3D('',#18127,#14842,#14843);
#13546=AXIS2_PLACEMENT_3D('',#18133,#14847,#14848);
#13547=AXIS2_PLACEMENT_3D('',#18139,#14852,#14853);
#13548=AXIS2_PLACEMENT_3D('',#18142,#14856,#14857);
#13549=AXIS2_PLACEMENT_3D('',#18143,#14858,#14859);
#13550=AXIS2_PLACEMENT_3D('',#18152,#14864,#14865);
#13551=AXIS2_PLACEMENT_3D('',#18158,#14869,#14870);
#13552=AXIS2_PLACEMENT_3D('',#18164,#14874,#14875);
#13553=AXIS2_PLACEMENT_3D('',#18167,#14878,#14879);
#13554=AXIS2_PLACEMENT_3D('',#18176,#14884,#14885);
#13555=AXIS2_PLACEMENT_3D('',#18182,#14889,#14890);
#13556=AXIS2_PLACEMENT_3D('',#18188,#14894,#14895);
#13557=AXIS2_PLACEMENT_3D('',#18191,#14898,#14899);
#13558=AXIS2_PLACEMENT_3D('',#18200,#14904,#14905);
#13559=AXIS2_PLACEMENT_3D('',#18206,#14909,#14910);
#13560=AXIS2_PLACEMENT_3D('',#18212,#14914,#14915);
#13561=AXIS2_PLACEMENT_3D('',#18215,#14918,#14919);
#13562=AXIS2_PLACEMENT_3D('',#18224,#14924,#14925);
#13563=AXIS2_PLACEMENT_3D('',#18230,#14929,#14930);
#13564=AXIS2_PLACEMENT_3D('',#18236,#14934,#14935);
#13565=AXIS2_PLACEMENT_3D('',#18239,#14938,#14939);
#13566=AXIS2_PLACEMENT_3D('',#18248,#14944,#14945);
#13567=AXIS2_PLACEMENT_3D('',#18254,#14949,#14950);
#13568=AXIS2_PLACEMENT_3D('',#18260,#14954,#14955);
#13569=AXIS2_PLACEMENT_3D('',#18263,#14958,#14959);
#13570=AXIS2_PLACEMENT_3D('',#18264,#14960,#14961);
#13571=AXIS2_PLACEMENT_3D('',#18273,#14966,#14967);
#13572=AXIS2_PLACEMENT_3D('',#18279,#14971,#14972);
#13573=AXIS2_PLACEMENT_3D('',#18285,#14976,#14977);
#13574=AXIS2_PLACEMENT_3D('',#18288,#14980,#14981);
#13575=AXIS2_PLACEMENT_3D('',#18289,#14982,#14983);
#13576=AXIS2_PLACEMENT_3D('',#18298,#14988,#14989);
#13577=AXIS2_PLACEMENT_3D('',#18304,#14993,#14994);
#13578=AXIS2_PLACEMENT_3D('',#18310,#14998,#14999);
#13579=AXIS2_PLACEMENT_3D('',#18313,#15002,#15003);
#13580=AXIS2_PLACEMENT_3D('',#18314,#15004,#15005);
#13581=AXIS2_PLACEMENT_3D('',#18323,#15010,#15011);
#13582=AXIS2_PLACEMENT_3D('',#18329,#15015,#15016);
#13583=AXIS2_PLACEMENT_3D('',#18335,#15020,#15021);
#13584=AXIS2_PLACEMENT_3D('',#18338,#15024,#15025);
#13585=AXIS2_PLACEMENT_3D('',#18347,#15030,#15031);
#13586=AXIS2_PLACEMENT_3D('',#18353,#15035,#15036);
#13587=AXIS2_PLACEMENT_3D('',#18359,#15040,#15041);
#13588=AXIS2_PLACEMENT_3D('',#18362,#15044,#15045);
#13589=AXIS2_PLACEMENT_3D('',#18371,#15050,#15051);
#13590=AXIS2_PLACEMENT_3D('',#18377,#15055,#15056);
#13591=AXIS2_PLACEMENT_3D('',#18383,#15060,#15061);
#13592=AXIS2_PLACEMENT_3D('',#18386,#15064,#15065);
#13593=AXIS2_PLACEMENT_3D('',#18387,#15066,#15067);
#13594=AXIS2_PLACEMENT_3D('',#18396,#15072,#15073);
#13595=AXIS2_PLACEMENT_3D('',#18402,#15077,#15078);
#13596=AXIS2_PLACEMENT_3D('',#18408,#15082,#15083);
#13597=AXIS2_PLACEMENT_3D('',#18411,#15086,#15087);
#13598=AXIS2_PLACEMENT_3D('',#18420,#15092,#15093);
#13599=AXIS2_PLACEMENT_3D('',#18426,#15097,#15098);
#13600=AXIS2_PLACEMENT_3D('',#18432,#15102,#15103);
#13601=AXIS2_PLACEMENT_3D('',#18435,#15106,#15107);
#13602=AXIS2_PLACEMENT_3D('',#18444,#15112,#15113);
#13603=AXIS2_PLACEMENT_3D('',#18450,#15117,#15118);
#13604=AXIS2_PLACEMENT_3D('',#18456,#15122,#15123);
#13605=AXIS2_PLACEMENT_3D('',#18459,#15126,#15127);
#13606=AXIS2_PLACEMENT_3D('',#18468,#15132,#15133);
#13607=AXIS2_PLACEMENT_3D('',#18474,#15137,#15138);
#13608=AXIS2_PLACEMENT_3D('',#18480,#15142,#15143);
#13609=AXIS2_PLACEMENT_3D('',#18483,#15146,#15147);
#13610=AXIS2_PLACEMENT_3D('',#18492,#15152,#15153);
#13611=AXIS2_PLACEMENT_3D('',#18498,#15157,#15158);
#13612=AXIS2_PLACEMENT_3D('',#18504,#15162,#15163);
#13613=AXIS2_PLACEMENT_3D('',#18507,#15166,#15167);
#13614=AXIS2_PLACEMENT_3D('',#18516,#15172,#15173);
#13615=AXIS2_PLACEMENT_3D('',#18522,#15177,#15178);
#13616=AXIS2_PLACEMENT_3D('',#18528,#15182,#15183);
#13617=AXIS2_PLACEMENT_3D('',#18531,#15186,#15187);
#13618=AXIS2_PLACEMENT_3D('',#18540,#15192,#15193);
#13619=AXIS2_PLACEMENT_3D('',#18546,#15197,#15198);
#13620=AXIS2_PLACEMENT_3D('',#18552,#15202,#15203);
#13621=AXIS2_PLACEMENT_3D('',#18555,#15206,#15207);
#13622=AXIS2_PLACEMENT_3D('',#18564,#15212,#15213);
#13623=AXIS2_PLACEMENT_3D('',#18570,#15217,#15218);
#13624=AXIS2_PLACEMENT_3D('',#18576,#15222,#15223);
#13625=AXIS2_PLACEMENT_3D('',#18579,#15226,#15227);
#13626=AXIS2_PLACEMENT_3D('',#18588,#15232,#15233);
#13627=AXIS2_PLACEMENT_3D('',#18594,#15237,#15238);
#13628=AXIS2_PLACEMENT_3D('',#18600,#15242,#15243);
#13629=AXIS2_PLACEMENT_3D('',#18603,#15246,#15247);
#13630=AXIS2_PLACEMENT_3D('',#18612,#15252,#15253);
#13631=AXIS2_PLACEMENT_3D('',#18618,#15257,#15258);
#13632=AXIS2_PLACEMENT_3D('',#18624,#15262,#15263);
#13633=AXIS2_PLACEMENT_3D('',#18627,#15266,#15267);
#13634=AXIS2_PLACEMENT_3D('',#18636,#15272,#15273);
#13635=AXIS2_PLACEMENT_3D('',#18642,#15277,#15278);
#13636=AXIS2_PLACEMENT_3D('',#18648,#15282,#15283);
#13637=AXIS2_PLACEMENT_3D('',#18651,#15286,#15287);
#13638=AXIS2_PLACEMENT_3D('',#18652,#15288,#15289);
#13639=AXIS2_PLACEMENT_3D('',#18661,#15294,#15295);
#13640=AXIS2_PLACEMENT_3D('',#18667,#15299,#15300);
#13641=AXIS2_PLACEMENT_3D('',#18673,#15304,#15305);
#13642=AXIS2_PLACEMENT_3D('',#18676,#15308,#15309);
#13643=AXIS2_PLACEMENT_3D('',#18685,#15314,#15315);
#13644=AXIS2_PLACEMENT_3D('',#18691,#15319,#15320);
#13645=AXIS2_PLACEMENT_3D('',#18697,#15324,#15325);
#13646=AXIS2_PLACEMENT_3D('',#18700,#15328,#15329);
#13647=AXIS2_PLACEMENT_3D('',#18709,#15334,#15335);
#13648=AXIS2_PLACEMENT_3D('',#18715,#15339,#15340);
#13649=AXIS2_PLACEMENT_3D('',#18721,#15344,#15345);
#13650=AXIS2_PLACEMENT_3D('',#18724,#15348,#15349);
#13651=AXIS2_PLACEMENT_3D('',#18725,#15350,#15351);
#13652=AXIS2_PLACEMENT_3D('',#18734,#15356,#15357);
#13653=AXIS2_PLACEMENT_3D('',#18740,#15361,#15362);
#13654=AXIS2_PLACEMENT_3D('',#18746,#15366,#15367);
#13655=AXIS2_PLACEMENT_3D('',#18749,#15370,#15371);
#13656=AXIS2_PLACEMENT_3D('',#18758,#15376,#15377);
#13657=AXIS2_PLACEMENT_3D('',#18764,#15381,#15382);
#13658=AXIS2_PLACEMENT_3D('',#18770,#15386,#15387);
#13659=AXIS2_PLACEMENT_3D('',#18773,#15390,#15391);
#13660=AXIS2_PLACEMENT_3D('',#18782,#15396,#15397);
#13661=AXIS2_PLACEMENT_3D('',#18788,#15401,#15402);
#13662=AXIS2_PLACEMENT_3D('',#18794,#15406,#15407);
#13663=AXIS2_PLACEMENT_3D('',#18797,#15410,#15411);
#13664=AXIS2_PLACEMENT_3D('',#18798,#15412,#15413);
#13665=AXIS2_PLACEMENT_3D('',#18807,#15418,#15419);
#13666=AXIS2_PLACEMENT_3D('',#18813,#15423,#15424);
#13667=AXIS2_PLACEMENT_3D('',#18819,#15428,#15429);
#13668=AXIS2_PLACEMENT_3D('',#18822,#15432,#15433);
#13669=AXIS2_PLACEMENT_3D('',#18831,#15438,#15439);
#13670=AXIS2_PLACEMENT_3D('',#18837,#15443,#15444);
#13671=AXIS2_PLACEMENT_3D('',#18843,#15448,#15449);
#13672=AXIS2_PLACEMENT_3D('',#18846,#15452,#15453);
#13673=AXIS2_PLACEMENT_3D('',#18855,#15458,#15459);
#13674=AXIS2_PLACEMENT_3D('',#18861,#15463,#15464);
#13675=AXIS2_PLACEMENT_3D('',#18867,#15468,#15469);
#13676=AXIS2_PLACEMENT_3D('',#18870,#15472,#15473);
#13677=AXIS2_PLACEMENT_3D('',#18879,#15478,#15479);
#13678=AXIS2_PLACEMENT_3D('',#18885,#15483,#15484);
#13679=AXIS2_PLACEMENT_3D('',#18891,#15488,#15489);
#13680=AXIS2_PLACEMENT_3D('',#18894,#15492,#15493);
#13681=AXIS2_PLACEMENT_3D('',#18903,#15498,#15499);
#13682=AXIS2_PLACEMENT_3D('',#18909,#15503,#15504);
#13683=AXIS2_PLACEMENT_3D('',#18915,#15508,#15509);
#13684=AXIS2_PLACEMENT_3D('',#18918,#15512,#15513);
#13685=AXIS2_PLACEMENT_3D('',#18927,#15518,#15519);
#13686=AXIS2_PLACEMENT_3D('',#18933,#15523,#15524);
#13687=AXIS2_PLACEMENT_3D('',#18939,#15528,#15529);
#13688=AXIS2_PLACEMENT_3D('',#18942,#15532,#15533);
#13689=AXIS2_PLACEMENT_3D('',#18943,#15534,#15535);
#13690=AXIS2_PLACEMENT_3D('',#18952,#15540,#15541);
#13691=AXIS2_PLACEMENT_3D('',#18958,#15545,#15546);
#13692=AXIS2_PLACEMENT_3D('',#18964,#15550,#15551);
#13693=AXIS2_PLACEMENT_3D('',#18967,#15554,#15555);
#13694=AXIS2_PLACEMENT_3D('',#18976,#15560,#15561);
#13695=AXIS2_PLACEMENT_3D('',#18982,#15565,#15566);
#13696=AXIS2_PLACEMENT_3D('',#18988,#15570,#15571);
#13697=AXIS2_PLACEMENT_3D('',#18991,#15574,#15575);
#13698=AXIS2_PLACEMENT_3D('',#18992,#15576,#15577);
#13699=AXIS2_PLACEMENT_3D('',#19001,#15582,#15583);
#13700=AXIS2_PLACEMENT_3D('',#19007,#15587,#15588);
#13701=AXIS2_PLACEMENT_3D('',#19013,#15592,#15593);
#13702=AXIS2_PLACEMENT_3D('',#19016,#15596,#15597);
#13703=AXIS2_PLACEMENT_3D('',#19025,#15602,#15603);
#13704=AXIS2_PLACEMENT_3D('',#19031,#15607,#15608);
#13705=AXIS2_PLACEMENT_3D('',#19037,#15612,#15613);
#13706=AXIS2_PLACEMENT_3D('',#19040,#15616,#15617);
#13707=AXIS2_PLACEMENT_3D('',#19049,#15622,#15623);
#13708=AXIS2_PLACEMENT_3D('',#19055,#15627,#15628);
#13709=AXIS2_PLACEMENT_3D('',#19061,#15632,#15633);
#13710=AXIS2_PLACEMENT_3D('',#19064,#15636,#15637);
#13711=AXIS2_PLACEMENT_3D('',#19073,#15642,#15643);
#13712=AXIS2_PLACEMENT_3D('',#19079,#15647,#15648);
#13713=AXIS2_PLACEMENT_3D('',#19085,#15652,#15653);
#13714=AXIS2_PLACEMENT_3D('',#19088,#15656,#15657);
#13715=AXIS2_PLACEMENT_3D('',#19089,#15658,#15659);
#13716=AXIS2_PLACEMENT_3D('',#19098,#15664,#15665);
#13717=AXIS2_PLACEMENT_3D('',#19104,#15669,#15670);
#13718=AXIS2_PLACEMENT_3D('',#19110,#15674,#15675);
#13719=AXIS2_PLACEMENT_3D('',#19113,#15678,#15679);
#13720=AXIS2_PLACEMENT_3D('',#19122,#15684,#15685);
#13721=AXIS2_PLACEMENT_3D('',#19128,#15689,#15690);
#13722=AXIS2_PLACEMENT_3D('',#19134,#15694,#15695);
#13723=AXIS2_PLACEMENT_3D('',#19137,#15698,#15699);
#13724=AXIS2_PLACEMENT_3D('',#19138,#15700,#15701);
#13725=AXIS2_PLACEMENT_3D('',#19147,#15706,#15707);
#13726=AXIS2_PLACEMENT_3D('',#19153,#15711,#15712);
#13727=AXIS2_PLACEMENT_3D('',#19159,#15716,#15717);
#13728=AXIS2_PLACEMENT_3D('',#19162,#15720,#15721);
#13729=AXIS2_PLACEMENT_3D('',#19163,#15722,#15723);
#13730=AXIS2_PLACEMENT_3D('',#19172,#15728,#15729);
#13731=AXIS2_PLACEMENT_3D('',#19178,#15733,#15734);
#13732=AXIS2_PLACEMENT_3D('',#19184,#15738,#15739);
#13733=AXIS2_PLACEMENT_3D('',#19187,#15742,#15743);
#13734=AXIS2_PLACEMENT_3D('',#19196,#15748,#15749);
#13735=AXIS2_PLACEMENT_3D('',#19202,#15753,#15754);
#13736=AXIS2_PLACEMENT_3D('',#19208,#15758,#15759);
#13737=AXIS2_PLACEMENT_3D('',#19211,#15762,#15763);
#13738=AXIS2_PLACEMENT_3D('',#19220,#15768,#15769);
#13739=AXIS2_PLACEMENT_3D('',#19226,#15773,#15774);
#13740=AXIS2_PLACEMENT_3D('',#19232,#15778,#15779);
#13741=AXIS2_PLACEMENT_3D('',#19235,#15782,#15783);
#13742=AXIS2_PLACEMENT_3D('',#19244,#15788,#15789);
#13743=AXIS2_PLACEMENT_3D('',#19250,#15793,#15794);
#13744=AXIS2_PLACEMENT_3D('',#19256,#15798,#15799);
#13745=AXIS2_PLACEMENT_3D('',#19259,#15802,#15803);
#13746=AXIS2_PLACEMENT_3D('',#19268,#15808,#15809);
#13747=AXIS2_PLACEMENT_3D('',#19274,#15813,#15814);
#13748=AXIS2_PLACEMENT_3D('',#19280,#15818,#15819);
#13749=AXIS2_PLACEMENT_3D('',#19283,#15822,#15823);
#13750=AXIS2_PLACEMENT_3D('',#19284,#15824,#15825);
#13751=AXIS2_PLACEMENT_3D('',#19293,#15830,#15831);
#13752=AXIS2_PLACEMENT_3D('',#19299,#15835,#15836);
#13753=AXIS2_PLACEMENT_3D('',#19305,#15840,#15841);
#13754=AXIS2_PLACEMENT_3D('',#19308,#15844,#15845);
#13755=AXIS2_PLACEMENT_3D('',#19317,#15850,#15851);
#13756=AXIS2_PLACEMENT_3D('',#19323,#15855,#15856);
#13757=AXIS2_PLACEMENT_3D('',#19329,#15860,#15861);
#13758=AXIS2_PLACEMENT_3D('',#19332,#15864,#15865);
#13759=AXIS2_PLACEMENT_3D('',#19341,#15870,#15871);
#13760=AXIS2_PLACEMENT_3D('',#19347,#15875,#15876);
#13761=AXIS2_PLACEMENT_3D('',#19353,#15880,#15881);
#13762=AXIS2_PLACEMENT_3D('',#19356,#15884,#15885);
#13763=AXIS2_PLACEMENT_3D('',#19365,#15890,#15891);
#13764=AXIS2_PLACEMENT_3D('',#19371,#15895,#15896);
#13765=AXIS2_PLACEMENT_3D('',#19377,#15900,#15901);
#13766=AXIS2_PLACEMENT_3D('',#19380,#15904,#15905);
#13767=AXIS2_PLACEMENT_3D('',#19389,#15910,#15911);
#13768=AXIS2_PLACEMENT_3D('',#19395,#15915,#15916);
#13769=AXIS2_PLACEMENT_3D('',#19401,#15920,#15921);
#13770=AXIS2_PLACEMENT_3D('',#19404,#15924,#15925);
#13771=AXIS2_PLACEMENT_3D('',#19405,#15926,#15927);
#13772=AXIS2_PLACEMENT_3D('',#19414,#15932,#15933);
#13773=AXIS2_PLACEMENT_3D('',#19420,#15937,#15938);
#13774=AXIS2_PLACEMENT_3D('',#19426,#15942,#15943);
#13775=AXIS2_PLACEMENT_3D('',#19429,#15946,#15947);
#13776=AXIS2_PLACEMENT_3D('',#19438,#15952,#15953);
#13777=AXIS2_PLACEMENT_3D('',#19444,#15957,#15958);
#13778=AXIS2_PLACEMENT_3D('',#19450,#15962,#15963);
#13779=AXIS2_PLACEMENT_3D('',#19453,#15966,#15967);
#13780=AXIS2_PLACEMENT_3D('',#19462,#15972,#15973);
#13781=AXIS2_PLACEMENT_3D('',#19468,#15977,#15978);
#13782=AXIS2_PLACEMENT_3D('',#19474,#15982,#15983);
#13783=AXIS2_PLACEMENT_3D('',#19477,#15986,#15987);
#13784=AXIS2_PLACEMENT_3D('',#19478,#15988,#15989);
#13785=AXIS2_PLACEMENT_3D('',#19487,#15994,#15995);
#13786=AXIS2_PLACEMENT_3D('',#19493,#15999,#16000);
#13787=AXIS2_PLACEMENT_3D('',#19499,#16004,#16005);
#13788=AXIS2_PLACEMENT_3D('',#19502,#16008,#16009);
#13789=AXIS2_PLACEMENT_3D('',#19503,#16010,#16011);
#13790=AXIS2_PLACEMENT_3D('',#19512,#16016,#16017);
#13791=AXIS2_PLACEMENT_3D('',#19518,#16021,#16022);
#13792=AXIS2_PLACEMENT_3D('',#19524,#16026,#16027);
#13793=AXIS2_PLACEMENT_3D('',#19527,#16030,#16031);
#13794=AXIS2_PLACEMENT_3D('',#19536,#16036,#16037);
#13795=AXIS2_PLACEMENT_3D('',#19542,#16041,#16042);
#13796=AXIS2_PLACEMENT_3D('',#19548,#16046,#16047);
#13797=AXIS2_PLACEMENT_3D('',#19551,#16050,#16051);
#13798=AXIS2_PLACEMENT_3D('',#19552,#16052,#16053);
#13799=AXIS2_PLACEMENT_3D('',#19561,#16058,#16059);
#13800=AXIS2_PLACEMENT_3D('',#19567,#16063,#16064);
#13801=AXIS2_PLACEMENT_3D('',#19573,#16068,#16069);
#13802=AXIS2_PLACEMENT_3D('',#19576,#16072,#16073);
#13803=AXIS2_PLACEMENT_3D('',#19585,#16078,#16079);
#13804=AXIS2_PLACEMENT_3D('',#19591,#16083,#16084);
#13805=AXIS2_PLACEMENT_3D('',#19597,#16088,#16089);
#13806=AXIS2_PLACEMENT_3D('',#19600,#16092,#16093);
#13807=AXIS2_PLACEMENT_3D('',#19609,#16098,#16099);
#13808=AXIS2_PLACEMENT_3D('',#19615,#16103,#16104);
#13809=AXIS2_PLACEMENT_3D('',#19621,#16108,#16109);
#13810=AXIS2_PLACEMENT_3D('',#19624,#16112,#16113);
#13811=AXIS2_PLACEMENT_3D('',#19633,#16118,#16119);
#13812=AXIS2_PLACEMENT_3D('',#19639,#16123,#16124);
#13813=AXIS2_PLACEMENT_3D('',#19645,#16128,#16129);
#13814=AXIS2_PLACEMENT_3D('',#19648,#16132,#16133);
#13815=AXIS2_PLACEMENT_3D('',#19657,#16138,#16139);
#13816=AXIS2_PLACEMENT_3D('',#19663,#16143,#16144);
#13817=AXIS2_PLACEMENT_3D('',#19669,#16148,#16149);
#13818=AXIS2_PLACEMENT_3D('',#19672,#16152,#16153);
#13819=AXIS2_PLACEMENT_3D('',#19681,#16158,#16159);
#13820=AXIS2_PLACEMENT_3D('',#19687,#16163,#16164);
#13821=AXIS2_PLACEMENT_3D('',#19693,#16168,#16169);
#13822=AXIS2_PLACEMENT_3D('',#19696,#16172,#16173);
#13823=AXIS2_PLACEMENT_3D('',#19705,#16178,#16179);
#13824=AXIS2_PLACEMENT_3D('',#19711,#16183,#16184);
#13825=AXIS2_PLACEMENT_3D('',#19717,#16188,#16189);
#13826=AXIS2_PLACEMENT_3D('',#19720,#16192,#16193);
#13827=AXIS2_PLACEMENT_3D('',#19729,#16198,#16199);
#13828=AXIS2_PLACEMENT_3D('',#19735,#16203,#16204);
#13829=AXIS2_PLACEMENT_3D('',#19741,#16208,#16209);
#13830=AXIS2_PLACEMENT_3D('',#19744,#16212,#16213);
#13831=AXIS2_PLACEMENT_3D('',#19753,#16218,#16219);
#13832=AXIS2_PLACEMENT_3D('',#19759,#16223,#16224);
#13833=AXIS2_PLACEMENT_3D('',#19765,#16228,#16229);
#13834=AXIS2_PLACEMENT_3D('',#19768,#16232,#16233);
#13835=AXIS2_PLACEMENT_3D('',#19769,#16234,#16235);
#13836=AXIS2_PLACEMENT_3D('',#19778,#16240,#16241);
#13837=AXIS2_PLACEMENT_3D('',#19784,#16245,#16246);
#13838=AXIS2_PLACEMENT_3D('',#19790,#16250,#16251);
#13839=AXIS2_PLACEMENT_3D('',#19793,#16254,#16255);
#13840=AXIS2_PLACEMENT_3D('',#19802,#16260,#16261);
#13841=AXIS2_PLACEMENT_3D('',#19808,#16265,#16266);
#13842=AXIS2_PLACEMENT_3D('',#19814,#16270,#16271);
#13843=AXIS2_PLACEMENT_3D('',#19817,#16274,#16275);
#13844=AXIS2_PLACEMENT_3D('',#19826,#16280,#16281);
#13845=AXIS2_PLACEMENT_3D('',#19832,#16285,#16286);
#13846=AXIS2_PLACEMENT_3D('',#19838,#16290,#16291);
#13847=AXIS2_PLACEMENT_3D('',#19841,#16294,#16295);
#13848=AXIS2_PLACEMENT_3D('',#19850,#16300,#16301);
#13849=AXIS2_PLACEMENT_3D('',#19856,#16305,#16306);
#13850=AXIS2_PLACEMENT_3D('',#19862,#16310,#16311);
#13851=AXIS2_PLACEMENT_3D('',#19865,#16314,#16315);
#13852=AXIS2_PLACEMENT_3D('',#19874,#16320,#16321);
#13853=AXIS2_PLACEMENT_3D('',#19880,#16325,#16326);
#13854=AXIS2_PLACEMENT_3D('',#19886,#16330,#16331);
#13855=AXIS2_PLACEMENT_3D('',#19889,#16334,#16335);
#13856=AXIS2_PLACEMENT_3D('',#19898,#16340,#16341);
#13857=AXIS2_PLACEMENT_3D('',#19904,#16345,#16346);
#13858=AXIS2_PLACEMENT_3D('',#19910,#16350,#16351);
#13859=AXIS2_PLACEMENT_3D('',#19913,#16354,#16355);
#13860=AXIS2_PLACEMENT_3D('',#19922,#16360,#16361);
#13861=AXIS2_PLACEMENT_3D('',#19928,#16365,#16366);
#13862=AXIS2_PLACEMENT_3D('',#19934,#16370,#16371);
#13863=AXIS2_PLACEMENT_3D('',#19937,#16374,#16375);
#13864=AXIS2_PLACEMENT_3D('',#19938,#16376,#16377);
#13865=AXIS2_PLACEMENT_3D('',#19947,#16382,#16383);
#13866=AXIS2_PLACEMENT_3D('',#19953,#16387,#16388);
#13867=AXIS2_PLACEMENT_3D('',#19959,#16392,#16393);
#13868=AXIS2_PLACEMENT_3D('',#19962,#16396,#16397);
#13869=AXIS2_PLACEMENT_3D('',#19971,#16402,#16403);
#13870=AXIS2_PLACEMENT_3D('',#19977,#16407,#16408);
#13871=AXIS2_PLACEMENT_3D('',#19983,#16412,#16413);
#13872=AXIS2_PLACEMENT_3D('',#19986,#16416,#16417);
#13873=AXIS2_PLACEMENT_3D('',#19995,#16422,#16423);
#13874=AXIS2_PLACEMENT_3D('',#20001,#16427,#16428);
#13875=AXIS2_PLACEMENT_3D('',#20007,#16432,#16433);
#13876=AXIS2_PLACEMENT_3D('',#20010,#16436,#16437);
#13877=AXIS2_PLACEMENT_3D('',#20011,#16438,#16439);
#13878=AXIS2_PLACEMENT_3D('',#20020,#16444,#16445);
#13879=AXIS2_PLACEMENT_3D('',#20026,#16449,#16450);
#13880=AXIS2_PLACEMENT_3D('',#20032,#16454,#16455);
#13881=AXIS2_PLACEMENT_3D('',#20035,#16458,#16459);
#13882=AXIS2_PLACEMENT_3D('',#20044,#16464,#16465);
#13883=AXIS2_PLACEMENT_3D('',#20050,#16469,#16470);
#13884=AXIS2_PLACEMENT_3D('',#20056,#16474,#16475);
#13885=AXIS2_PLACEMENT_3D('',#20059,#16478,#16479);
#13886=AXIS2_PLACEMENT_3D('',#20068,#16484,#16485);
#13887=AXIS2_PLACEMENT_3D('',#20074,#16489,#16490);
#13888=AXIS2_PLACEMENT_3D('',#20080,#16494,#16495);
#13889=AXIS2_PLACEMENT_3D('',#20083,#16498,#16499);
#13890=AXIS2_PLACEMENT_3D('',#20084,#16500,#16501);
#13891=AXIS2_PLACEMENT_3D('',#20093,#16506,#16507);
#13892=AXIS2_PLACEMENT_3D('',#20099,#16511,#16512);
#13893=AXIS2_PLACEMENT_3D('',#20105,#16516,#16517);
#13894=AXIS2_PLACEMENT_3D('',#20108,#16520,#16521);
#13895=AXIS2_PLACEMENT_3D('',#20117,#16526,#16527);
#13896=AXIS2_PLACEMENT_3D('',#20123,#16531,#16532);
#13897=AXIS2_PLACEMENT_3D('',#20129,#16536,#16537);
#13898=AXIS2_PLACEMENT_3D('',#20132,#16540,#16541);
#13899=AXIS2_PLACEMENT_3D('',#20133,#16542,#16543);
#13900=AXIS2_PLACEMENT_3D('',#20142,#16548,#16549);
#13901=AXIS2_PLACEMENT_3D('',#20148,#16553,#16554);
#13902=AXIS2_PLACEMENT_3D('',#20154,#16558,#16559);
#13903=AXIS2_PLACEMENT_3D('',#20157,#16562,#16563);
#13904=AXIS2_PLACEMENT_3D('',#20166,#16568,#16569);
#13905=AXIS2_PLACEMENT_3D('',#20172,#16573,#16574);
#13906=AXIS2_PLACEMENT_3D('',#20178,#16578,#16579);
#13907=AXIS2_PLACEMENT_3D('',#20181,#16582,#16583);
#13908=AXIS2_PLACEMENT_3D('',#20190,#16588,#16589);
#13909=AXIS2_PLACEMENT_3D('',#20196,#16593,#16594);
#13910=AXIS2_PLACEMENT_3D('',#20202,#16598,#16599);
#13911=AXIS2_PLACEMENT_3D('',#20205,#16602,#16603);
#13912=AXIS2_PLACEMENT_3D('',#20206,#16604,#16605);
#13913=AXIS2_PLACEMENT_3D('',#20215,#16610,#16611);
#13914=AXIS2_PLACEMENT_3D('',#20221,#16615,#16616);
#13915=AXIS2_PLACEMENT_3D('',#20227,#16620,#16621);
#13916=AXIS2_PLACEMENT_3D('',#20230,#16624,#16625);
#13917=AXIS2_PLACEMENT_3D('',#20239,#16630,#16631);
#13918=AXIS2_PLACEMENT_3D('',#20245,#16635,#16636);
#13919=AXIS2_PLACEMENT_3D('',#20251,#16640,#16641);
#13920=AXIS2_PLACEMENT_3D('',#20254,#16644,#16645);
#13921=AXIS2_PLACEMENT_3D('',#20263,#16650,#16651);
#13922=AXIS2_PLACEMENT_3D('',#20269,#16655,#16656);
#13923=AXIS2_PLACEMENT_3D('',#20275,#16660,#16661);
#13924=AXIS2_PLACEMENT_3D('',#20278,#16664,#16665);
#13925=AXIS2_PLACEMENT_3D('',#20287,#16670,#16671);
#13926=AXIS2_PLACEMENT_3D('',#20293,#16675,#16676);
#13927=AXIS2_PLACEMENT_3D('',#20299,#16680,#16681);
#13928=AXIS2_PLACEMENT_3D('',#20302,#16684,#16685);
#13929=AXIS2_PLACEMENT_3D('',#20311,#16690,#16691);
#13930=AXIS2_PLACEMENT_3D('',#20317,#16695,#16696);
#13931=AXIS2_PLACEMENT_3D('',#20323,#16700,#16701);
#13932=AXIS2_PLACEMENT_3D('',#20326,#16704,#16705);
#13933=AXIS2_PLACEMENT_3D('',#20327,#16706,#16707);
#13934=AXIS2_PLACEMENT_3D('',#20336,#16712,#16713);
#13935=AXIS2_PLACEMENT_3D('',#20342,#16717,#16718);
#13936=AXIS2_PLACEMENT_3D('',#20348,#16722,#16723);
#13937=AXIS2_PLACEMENT_3D('',#20351,#16726,#16727);
#13938=AXIS2_PLACEMENT_3D('',#20360,#16732,#16733);
#13939=AXIS2_PLACEMENT_3D('',#20366,#16737,#16738);
#13940=AXIS2_PLACEMENT_3D('',#20372,#16742,#16743);
#13941=AXIS2_PLACEMENT_3D('',#20375,#16746,#16747);
#13942=AXIS2_PLACEMENT_3D('',#20384,#16752,#16753);
#13943=AXIS2_PLACEMENT_3D('',#20390,#16757,#16758);
#13944=AXIS2_PLACEMENT_3D('',#20396,#16762,#16763);
#13945=AXIS2_PLACEMENT_3D('',#20399,#16766,#16767);
#13946=AXIS2_PLACEMENT_3D('',#20400,#16768,#16769);
#13947=AXIS2_PLACEMENT_3D('',#20409,#16774,#16775);
#13948=AXIS2_PLACEMENT_3D('',#20415,#16779,#16780);
#13949=AXIS2_PLACEMENT_3D('',#20421,#16784,#16785);
#13950=AXIS2_PLACEMENT_3D('',#20424,#16788,#16789);
#13951=AXIS2_PLACEMENT_3D('',#20433,#16794,#16795);
#13952=AXIS2_PLACEMENT_3D('',#20439,#16799,#16800);
#13953=AXIS2_PLACEMENT_3D('',#20445,#16804,#16805);
#13954=AXIS2_PLACEMENT_3D('',#20448,#16808,#16809);
#13955=AXIS2_PLACEMENT_3D('',#20457,#16814,#16815);
#13956=AXIS2_PLACEMENT_3D('',#20463,#16819,#16820);
#13957=AXIS2_PLACEMENT_3D('',#20469,#16824,#16825);
#13958=AXIS2_PLACEMENT_3D('',#20472,#16828,#16829);
#13959=AXIS2_PLACEMENT_3D('',#20481,#16834,#16835);
#13960=AXIS2_PLACEMENT_3D('',#20487,#16839,#16840);
#13961=AXIS2_PLACEMENT_3D('',#20493,#16844,#16845);
#13962=AXIS2_PLACEMENT_3D('',#20496,#16848,#16849);
#13963=AXIS2_PLACEMENT_3D('',#20505,#16854,#16855);
#13964=AXIS2_PLACEMENT_3D('',#20511,#16859,#16860);
#13965=AXIS2_PLACEMENT_3D('',#20517,#16864,#16865);
#13966=AXIS2_PLACEMENT_3D('',#20520,#16868,#16869);
#13967=AXIS2_PLACEMENT_3D('',#20521,#16870,#16871);
#13968=AXIS2_PLACEMENT_3D('',#20530,#16876,#16877);
#13969=AXIS2_PLACEMENT_3D('',#20536,#16881,#16882);
#13970=AXIS2_PLACEMENT_3D('',#20542,#16886,#16887);
#13971=AXIS2_PLACEMENT_3D('',#20545,#16890,#16891);
#13972=AXIS2_PLACEMENT_3D('',#20554,#16896,#16897);
#13973=AXIS2_PLACEMENT_3D('',#20560,#16901,#16902);
#13974=AXIS2_PLACEMENT_3D('',#20566,#16906,#16907);
#13975=AXIS2_PLACEMENT_3D('',#20569,#16910,#16911);
#13976=AXIS2_PLACEMENT_3D('',#20570,#16912,#16913);
#13977=AXIS2_PLACEMENT_3D('',#20579,#16918,#16919);
#13978=AXIS2_PLACEMENT_3D('',#20585,#16923,#16924);
#13979=AXIS2_PLACEMENT_3D('',#20591,#16928,#16929);
#13980=AXIS2_PLACEMENT_3D('',#20594,#16932,#16933);
#13981=AXIS2_PLACEMENT_3D('',#20603,#16938,#16939);
#13982=AXIS2_PLACEMENT_3D('',#20609,#16943,#16944);
#13983=AXIS2_PLACEMENT_3D('',#20615,#16948,#16949);
#13984=AXIS2_PLACEMENT_3D('',#20618,#16952,#16953);
#13985=AXIS2_PLACEMENT_3D('',#20627,#16958,#16959);
#13986=AXIS2_PLACEMENT_3D('',#20633,#16963,#16964);
#13987=AXIS2_PLACEMENT_3D('',#20639,#16968,#16969);
#13988=AXIS2_PLACEMENT_3D('',#20642,#16972,#16973);
#13989=AXIS2_PLACEMENT_3D('',#20651,#16978,#16979);
#13990=AXIS2_PLACEMENT_3D('',#20657,#16983,#16984);
#13991=AXIS2_PLACEMENT_3D('',#20663,#16988,#16989);
#13992=AXIS2_PLACEMENT_3D('',#20666,#16992,#16993);
#13993=AXIS2_PLACEMENT_3D('',#20667,#16994,#16995);
#13994=AXIS2_PLACEMENT_3D('',#20676,#17000,#17001);
#13995=AXIS2_PLACEMENT_3D('',#20682,#17005,#17006);
#13996=AXIS2_PLACEMENT_3D('',#20688,#17010,#17011);
#13997=AXIS2_PLACEMENT_3D('',#20691,#17014,#17015);
#13998=AXIS2_PLACEMENT_3D('',#20692,#17016,#17017);
#13999=AXIS2_PLACEMENT_3D('',#20701,#17022,#17023);
#14000=AXIS2_PLACEMENT_3D('',#20707,#17027,#17028);
#14001=AXIS2_PLACEMENT_3D('',#20713,#17032,#17033);
#14002=AXIS2_PLACEMENT_3D('',#20716,#17036,#17037);
#14003=AXIS2_PLACEMENT_3D('',#20725,#17042,#17043);
#14004=AXIS2_PLACEMENT_3D('',#20731,#17047,#17048);
#14005=AXIS2_PLACEMENT_3D('',#20737,#17052,#17053);
#14006=AXIS2_PLACEMENT_3D('',#20740,#17056,#17057);
#14007=AXIS2_PLACEMENT_3D('',#20749,#17062,#17063);
#14008=AXIS2_PLACEMENT_3D('',#20755,#17067,#17068);
#14009=AXIS2_PLACEMENT_3D('',#20761,#17072,#17073);
#14010=AXIS2_PLACEMENT_3D('',#20764,#17076,#17077);
#14011=AXIS2_PLACEMENT_3D('',#20773,#17082,#17083);
#14012=AXIS2_PLACEMENT_3D('',#20779,#17087,#17088);
#14013=AXIS2_PLACEMENT_3D('',#20785,#17092,#17093);
#14014=AXIS2_PLACEMENT_3D('',#20788,#17096,#17097);
#14015=AXIS2_PLACEMENT_3D('',#20791,#17100,#17101);
#14016=AXIS2_PLACEMENT_3D('',#20793,#17103,#17104);
#14017=AXIS2_PLACEMENT_3D('',#20796,#17107,#17108);
#14018=AXIS2_PLACEMENT_3D('',#20798,#17110,#17111);
#14019=AXIS2_PLACEMENT_3D('',#20801,#17114,#17115);
#14020=AXIS2_PLACEMENT_3D('',#20803,#17117,#17118);
#14021=AXIS2_PLACEMENT_3D('',#20806,#17121,#17122);
#14022=AXIS2_PLACEMENT_3D('',#20808,#17124,#17125);
#14023=AXIS2_PLACEMENT_3D('',#20810,#17127,#17128);
#14024=AXIS2_PLACEMENT_3D('',#20812,#17130,#17131);
#14025=AXIS2_PLACEMENT_3D('',#20815,#17134,#17135);
#14026=AXIS2_PLACEMENT_3D('',#20816,#17136,#17137);
#14027=AXIS2_PLACEMENT_3D('',#20818,#17139,#17140);
#14028=AXIS2_PLACEMENT_3D('',#20819,#17141,#17142);
#14029=AXIS2_PLACEMENT_3D('',#20820,#17143,#17144);
#14030=AXIS2_PLACEMENT_3D('',#20821,#17145,#17146);
#14031=AXIS2_PLACEMENT_3D('',#20823,#17148,#17149);
#14032=AXIS2_PLACEMENT_3D('',#20824,#17150,#17151);
#14033=AXIS2_PLACEMENT_3D('',#20826,#17153,#17154);
#14034=AXIS2_PLACEMENT_3D('',#20827,#17155,#17156);
#14035=DIRECTION('axis',(0.,0.,1.));
#14036=DIRECTION('refdir',(1.,0.,0.));
#14037=DIRECTION('center_axis',(0.,-1.,0.));
#14038=DIRECTION('ref_axis',(1.,0.,0.));
#14039=DIRECTION('',(-1.,0.,0.));
#14040=DIRECTION('',(0.,0.,1.));
#14041=DIRECTION('',(1.,0.,0.));
#14042=DIRECTION('',(0.,0.,1.));
#14043=DIRECTION('center_axis',(-1.,0.,0.));
#14044=DIRECTION('ref_axis',(0.,-1.,0.));
#14045=DIRECTION('',(0.,1.,0.));
#14046=DIRECTION('',(0.,-1.,0.));
#14047=DIRECTION('',(0.,0.,1.));
#14048=DIRECTION('center_axis',(0.,1.,0.));
#14049=DIRECTION('ref_axis',(-1.,0.,0.));
#14050=DIRECTION('',(1.,0.,0.));
#14051=DIRECTION('',(-1.,0.,0.));
#14052=DIRECTION('',(0.,0.,1.));
#14053=DIRECTION('center_axis',(1.,0.,0.));
#14054=DIRECTION('ref_axis',(0.,1.,0.));
#14055=DIRECTION('',(0.,-1.,0.));
#14056=DIRECTION('',(0.,1.,0.));
#14057=DIRECTION('center_axis',(0.,0.,1.));
#14058=DIRECTION('ref_axis',(1.,0.,0.));
#14059=DIRECTION('center_axis',(-1.,0.,0.));
#14060=DIRECTION('ref_axis',(0.,-1.,0.));
#14061=DIRECTION('',(0.,1.,0.));
#14062=DIRECTION('',(0.,0.,1.));
#14063=DIRECTION('',(0.,-1.,0.));
#14064=DIRECTION('',(0.,0.,1.));
#14065=DIRECTION('center_axis',(0.,1.,0.));
#14066=DIRECTION('ref_axis',(-1.,0.,0.));
#14067=DIRECTION('',(1.,0.,0.));
#14068=DIRECTION('',(-1.,0.,0.));
#14069=DIRECTION('',(0.,0.,1.));
#14070=DIRECTION('center_axis',(1.,0.,0.));
#14071=DIRECTION('ref_axis',(0.,1.,0.));
#14072=DIRECTION('',(0.,-1.,0.));
#14073=DIRECTION('',(0.,1.,0.));
#14074=DIRECTION('',(0.,0.,1.));
#14075=DIRECTION('center_axis',(0.,-1.,0.));
#14076=DIRECTION('ref_axis',(1.,0.,0.));
#14077=DIRECTION('',(-1.,0.,0.));
#14078=DIRECTION('',(1.,0.,0.));
#14079=DIRECTION('center_axis',(0.,0.,1.));
#14080=DIRECTION('ref_axis',(1.,0.,0.));
#14081=DIRECTION('center_axis',(-1.,0.,0.));
#14082=DIRECTION('ref_axis',(0.,1.,0.));
#14083=DIRECTION('',(0.,-1.,0.));
#14084=DIRECTION('',(0.,0.,-1.));
#14085=DIRECTION('',(0.,1.,0.));
#14086=DIRECTION('',(0.,0.,-1.));
#14087=DIRECTION('center_axis',(0.,-1.,0.));
#14088=DIRECTION('ref_axis',(-1.,0.,0.));
#14089=DIRECTION('',(1.,0.,0.));
#14090=DIRECTION('',(-1.,0.,0.));
#14091=DIRECTION('',(0.,0.,-1.));
#14092=DIRECTION('center_axis',(1.,0.,0.));
#14093=DIRECTION('ref_axis',(0.,-1.,0.));
#14094=DIRECTION('',(0.,1.,0.));
#14095=DIRECTION('',(0.,-1.,0.));
#14096=DIRECTION('',(0.,0.,-1.));
#14097=DIRECTION('center_axis',(0.,1.,0.));
#14098=DIRECTION('ref_axis',(1.,0.,0.));
#14099=DIRECTION('',(-1.,0.,0.));
#14100=DIRECTION('',(1.,0.,0.));
#14101=DIRECTION('center_axis',(0.,0.,-1.));
#14102=DIRECTION('ref_axis',(-1.,0.,0.));
#14103=DIRECTION('center_axis',(0.,1.,0.));
#14104=DIRECTION('ref_axis',(1.,0.,0.));
#14105=DIRECTION('',(-1.,0.,0.));
#14106=DIRECTION('',(0.,0.,-1.));
#14107=DIRECTION('',(1.,0.,0.));
#14108=DIRECTION('',(0.,0.,-1.));
#14109=DIRECTION('center_axis',(-1.,0.,0.));
#14110=DIRECTION('ref_axis',(0.,1.,0.));
#14111=DIRECTION('',(0.,-1.,0.));
#14112=DIRECTION('',(0.,1.,0.));
#14113=DIRECTION('',(0.,0.,-1.));
#14114=DIRECTION('center_axis',(0.,-1.,0.));
#14115=DIRECTION('ref_axis',(-1.,0.,0.));
#14116=DIRECTION('',(1.,0.,0.));
#14117=DIRECTION('',(-1.,0.,0.));
#14118=DIRECTION('',(0.,0.,-1.));
#14119=DIRECTION('center_axis',(1.,0.,0.));
#14120=DIRECTION('ref_axis',(0.,-1.,0.));
#14121=DIRECTION('',(0.,1.,0.));
#14122=DIRECTION('',(0.,-1.,0.));
#14123=DIRECTION('center_axis',(0.,0.,-1.));
#14124=DIRECTION('ref_axis',(-1.,0.,0.));
#14125=DIRECTION('center_axis',(0.,0.,1.));
#14126=DIRECTION('ref_axis',(-0.707106781186547,0.707106781186547,0.));
#14127=DIRECTION('center_axis',(0.,0.,-1.));
#14128=DIRECTION('ref_axis',(-0.707106781186547,0.707106781186547,0.));
#14129=DIRECTION('',(0.,0.,-1.));
#14130=DIRECTION('center_axis',(0.,0.,1.));
#14131=DIRECTION('ref_axis',(-0.707106781186547,0.707106781186547,0.));
#14132=DIRECTION('',(0.,0.,1.));
#14133=DIRECTION('center_axis',(0.,1.,0.));
#14134=DIRECTION('ref_axis',(-1.,0.,0.));
#14135=DIRECTION('',(-1.,0.,0.));
#14136=DIRECTION('',(0.,0.,1.));
#14137=DIRECTION('',(1.,0.,0.));
#14138=DIRECTION('center_axis',(0.,0.,1.));
#14139=DIRECTION('ref_axis',(1.,0.,0.));
#14140=DIRECTION('',(0.,-1.,0.));
#14141=DIRECTION('center_axis',(0.,0.,-1.));
#14142=DIRECTION('ref_axis',(-0.707106781186547,-0.707106781186547,0.));
#14143=DIRECTION('',(1.,0.,0.));
#14144=DIRECTION('center_axis',(0.,0.,-1.));
#14145=DIRECTION('ref_axis',(0.707106781186547,-0.707106781186547,0.));
#14146=DIRECTION('',(0.,1.,0.));
#14147=DIRECTION('center_axis',(0.,0.,-1.));
#14148=DIRECTION('ref_axis',(0.707106781186547,0.707106781186547,0.));
#14149=DIRECTION('',(-1.,0.,0.));
#14150=DIRECTION('',(0.,-1.,0.));
#14151=DIRECTION('',(1.,0.,0.));
#14152=DIRECTION('',(0.,-1.,0.));
#14153=DIRECTION('',(1.,0.,0.));
#14154=DIRECTION('',(0.,1.,0.));
#14155=DIRECTION('',(1.,0.,0.));
#14156=DIRECTION('',(0.,-1.,0.));
#14157=DIRECTION('',(1.,0.,0.));
#14158=DIRECTION('',(0.,1.,0.));
#14159=DIRECTION('',(1.,0.,0.));
#14160=DIRECTION('',(0.,-1.,0.));
#14161=DIRECTION('',(1.,0.,0.));
#14162=DIRECTION('',(0.,1.,0.));
#14163=DIRECTION('',(1.,0.,0.));
#14164=DIRECTION('',(0.,-1.,0.));
#14165=DIRECTION('',(1.,0.,0.));
#14166=DIRECTION('',(0.,1.,0.));
#14167=DIRECTION('',(1.,0.,0.));
#14168=DIRECTION('',(0.,1.,0.));
#14169=DIRECTION('center_axis',(0.,0.,1.));
#14170=DIRECTION('ref_axis',(0.707106781186547,0.707106781186547,0.));
#14171=DIRECTION('',(0.,0.,-1.));
#14172=DIRECTION('center_axis',(0.,0.,1.));
#14173=DIRECTION('ref_axis',(0.707106781186547,0.707106781186547,0.));
#14174=DIRECTION('',(0.,0.,1.));
#14175=DIRECTION('center_axis',(1.,0.,0.));
#14176=DIRECTION('ref_axis',(0.,1.,0.));
#14177=DIRECTION('',(0.,0.,1.));
#14178=DIRECTION('',(0.,-1.,0.));
#14179=DIRECTION('center_axis',(0.,0.,1.));
#14180=DIRECTION('ref_axis',(-0.707106781186547,-0.707106781186547,0.));
#14181=DIRECTION('',(0.,0.,-1.));
#14182=DIRECTION('center_axis',(0.,0.,1.));
#14183=DIRECTION('ref_axis',(-0.707106781186547,-0.707106781186547,0.));
#14184=DIRECTION('',(0.,0.,1.));
#14185=DIRECTION('center_axis',(-1.,0.,0.));
#14186=DIRECTION('ref_axis',(0.,-1.,0.));
#14187=DIRECTION('',(0.,1.,0.));
#14188=DIRECTION('center_axis',(0.,0.,1.));
#14189=DIRECTION('ref_axis',(0.707106781186547,-0.707106781186547,0.));
#14190=DIRECTION('',(0.,0.,-1.));
#14191=DIRECTION('center_axis',(0.,0.,1.));
#14192=DIRECTION('ref_axis',(0.707106781186547,-0.707106781186547,0.));
#14193=DIRECTION('center_axis',(0.,0.,1.));
#14194=DIRECTION('ref_axis',(-1.,0.,0.));
#14195=DIRECTION('',(0.,-1.,0.));
#14196=DIRECTION('',(-1.,0.,0.));
#14197=DIRECTION('',(0.,1.,0.));
#14198=DIRECTION('',(1.,0.,0.));
#14199=DIRECTION('',(0.,-1.,0.));
#14200=DIRECTION('',(-1.,0.,0.));
#14201=DIRECTION('',(0.,1.,0.));
#14202=DIRECTION('',(1.,0.,0.));
#14203=DIRECTION('',(0.,-1.,0.));
#14204=DIRECTION('',(-1.,0.,0.));
#14205=DIRECTION('',(0.,1.,0.));
#14206=DIRECTION('',(1.,0.,0.));
#14207=DIRECTION('',(0.,-1.,0.));
#14208=DIRECTION('',(-1.,0.,0.));
#14209=DIRECTION('',(0.,1.,0.));
#14210=DIRECTION('',(1.,0.,0.));
#14211=DIRECTION('',(0.,-1.,0.));
#14212=DIRECTION('',(-1.,0.,0.));
#14213=DIRECTION('',(0.,1.,0.));
#14214=DIRECTION('',(1.,0.,0.));
#14215=DIRECTION('',(-1.,0.,0.));
#14216=DIRECTION('center_axis',(0.,0.,-1.));
#14217=DIRECTION('ref_axis',(-1.,0.,0.));
#14218=DIRECTION('',(-1.,0.,0.));
#14219=DIRECTION('',(0.,1.,0.));
#14220=DIRECTION('',(-1.,0.,0.));
#14221=DIRECTION('',(0.,1.,0.));
#14222=DIRECTION('center_axis',(1.,0.,0.));
#14223=DIRECTION('ref_axis',(0.,0.,-1.));
#14224=DIRECTION('',(0.,0.,-1.));
#14225=DIRECTION('',(0.,1.,0.));
#14226=DIRECTION('',(0.,0.,-1.));
#14227=DIRECTION('center_axis',(0.,0.,1.));
#14228=DIRECTION('ref_axis',(1.,0.,0.));
#14229=DIRECTION('',(1.,0.,0.));
#14230=DIRECTION('',(0.,1.,0.));
#14231=DIRECTION('',(1.,0.,0.));
#14232=DIRECTION('center_axis',(-1.,0.,0.));
#14233=DIRECTION('ref_axis',(0.,0.,1.));
#14234=DIRECTION('',(0.,0.,1.));
#14235=DIRECTION('',(0.,0.,1.));
#14236=DIRECTION('center_axis',(0.,1.,0.));
#14237=DIRECTION('ref_axis',(0.,0.,1.));
#14238=DIRECTION('center_axis',(0.,0.,1.));
#14239=DIRECTION('ref_axis',(1.,0.,0.));
#14240=DIRECTION('',(-1.,0.,0.));
#14241=DIRECTION('',(0.,1.,0.));
#14242=DIRECTION('',(1.,0.,0.));
#14243=DIRECTION('',(0.,1.,0.));
#14244=DIRECTION('center_axis',(-1.,0.,0.));
#14245=DIRECTION('ref_axis',(0.,0.,1.));
#14246=DIRECTION('',(0.,0.,-1.));
#14247=DIRECTION('',(0.,0.,1.));
#14248=DIRECTION('',(0.,1.,0.));
#14249=DIRECTION('center_axis',(0.,0.,-1.));
#14250=DIRECTION('ref_axis',(-1.,0.,0.));
#14251=DIRECTION('',(1.,0.,0.));
#14252=DIRECTION('',(-1.,0.,0.));
#14253=DIRECTION('',(0.,1.,0.));
#14254=DIRECTION('center_axis',(1.,0.,0.));
#14255=DIRECTION('ref_axis',(0.,0.,-1.));
#14256=DIRECTION('',(0.,0.,1.));
#14257=DIRECTION('',(0.,0.,-1.));
#14258=DIRECTION('center_axis',(0.,0.,-1.));
#14259=DIRECTION('ref_axis',(-1.,0.,0.));
#14260=DIRECTION('',(-1.,0.,0.));
#14261=DIRECTION('',(0.,1.,0.));
#14262=DIRECTION('',(-1.,0.,0.));
#14263=DIRECTION('',(0.,1.,0.));
#14264=DIRECTION('center_axis',(1.,0.,0.));
#14265=DIRECTION('ref_axis',(0.,0.,-1.));
#14266=DIRECTION('',(0.,0.,-1.));
#14267=DIRECTION('',(0.,1.,0.));
#14268=DIRECTION('',(0.,0.,-1.));
#14269=DIRECTION('center_axis',(0.,0.,1.));
#14270=DIRECTION('ref_axis',(1.,0.,0.));
#14271=DIRECTION('',(1.,0.,0.));
#14272=DIRECTION('',(0.,1.,0.));
#14273=DIRECTION('',(1.,0.,0.));
#14274=DIRECTION('center_axis',(-1.,0.,0.));
#14275=DIRECTION('ref_axis',(0.,0.,1.));
#14276=DIRECTION('',(0.,0.,1.));
#14277=DIRECTION('',(0.,0.,1.));
#14278=DIRECTION('center_axis',(0.,1.,0.));
#14279=DIRECTION('ref_axis',(0.,0.,1.));
#14280=DIRECTION('center_axis',(0.,0.,-1.));
#14281=DIRECTION('ref_axis',(-1.,0.,0.));
#14282=DIRECTION('',(-1.,0.,0.));
#14283=DIRECTION('',(0.,1.,0.));
#14284=DIRECTION('',(-1.,0.,0.));
#14285=DIRECTION('',(0.,1.,0.));
#14286=DIRECTION('center_axis',(1.,0.,0.));
#14287=DIRECTION('ref_axis',(0.,0.,-1.));
#14288=DIRECTION('',(0.,0.,-1.));
#14289=DIRECTION('',(0.,1.,0.));
#14290=DIRECTION('',(0.,0.,-1.));
#14291=DIRECTION('center_axis',(0.,0.,1.));
#14292=DIRECTION('ref_axis',(1.,0.,0.));
#14293=DIRECTION('',(1.,0.,0.));
#14294=DIRECTION('',(0.,1.,0.));
#14295=DIRECTION('',(1.,0.,0.));
#14296=DIRECTION('center_axis',(-1.,0.,0.));
#14297=DIRECTION('ref_axis',(0.,0.,1.));
#14298=DIRECTION('',(0.,0.,1.));
#14299=DIRECTION('',(0.,0.,1.));
#14300=DIRECTION('center_axis',(0.,1.,0.));
#14301=DIRECTION('ref_axis',(0.,0.,1.));
#14302=DIRECTION('center_axis',(0.,0.,1.));
#14303=DIRECTION('ref_axis',(1.,0.,0.));
#14304=DIRECTION('',(-1.,0.,0.));
#14305=DIRECTION('',(0.,1.,0.));
#14306=DIRECTION('',(1.,0.,0.));
#14307=DIRECTION('',(0.,1.,0.));
#14308=DIRECTION('center_axis',(-1.,0.,0.));
#14309=DIRECTION('ref_axis',(0.,0.,1.));
#14310=DIRECTION('',(0.,0.,-1.));
#14311=DIRECTION('',(0.,0.,1.));
#14312=DIRECTION('',(0.,1.,0.));
#14313=DIRECTION('center_axis',(0.,0.,-1.));
#14314=DIRECTION('ref_axis',(-1.,0.,0.));
#14315=DIRECTION('',(1.,0.,0.));
#14316=DIRECTION('',(-1.,0.,0.));
#14317=DIRECTION('',(0.,1.,0.));
#14318=DIRECTION('center_axis',(1.,0.,0.));
#14319=DIRECTION('ref_axis',(0.,0.,-1.));
#14320=DIRECTION('',(0.,0.,1.));
#14321=DIRECTION('',(0.,0.,-1.));
#14322=DIRECTION('center_axis',(0.,0.,1.));
#14323=DIRECTION('ref_axis',(1.,0.,0.));
#14324=DIRECTION('',(-1.,0.,0.));
#14325=DIRECTION('',(0.,1.,0.));
#14326=DIRECTION('',(1.,0.,0.));
#14327=DIRECTION('',(0.,1.,0.));
#14328=DIRECTION('center_axis',(-1.,0.,0.));
#14329=DIRECTION('ref_axis',(0.,0.,1.));
#14330=DIRECTION('',(0.,0.,-1.));
#14331=DIRECTION('',(0.,0.,1.));
#14332=DIRECTION('',(0.,1.,0.));
#14333=DIRECTION('center_axis',(0.,0.,-1.));
#14334=DIRECTION('ref_axis',(-1.,0.,0.));
#14335=DIRECTION('',(1.,0.,0.));
#14336=DIRECTION('',(-1.,0.,0.));
#14337=DIRECTION('',(0.,1.,0.));
#14338=DIRECTION('center_axis',(1.,0.,0.));
#14339=DIRECTION('ref_axis',(0.,0.,-1.));
#14340=DIRECTION('',(0.,0.,1.));
#14341=DIRECTION('',(0.,0.,-1.));
#14342=DIRECTION('center_axis',(0.,0.,1.));
#14343=DIRECTION('ref_axis',(1.,0.,0.));
#14344=DIRECTION('',(-1.,0.,0.));
#14345=DIRECTION('',(0.,1.,0.));
#14346=DIRECTION('',(1.,0.,0.));
#14347=DIRECTION('',(0.,1.,0.));
#14348=DIRECTION('center_axis',(-1.,0.,0.));
#14349=DIRECTION('ref_axis',(0.,0.,1.));
#14350=DIRECTION('',(0.,0.,-1.));
#14351=DIRECTION('',(0.,0.,1.));
#14352=DIRECTION('',(0.,1.,0.));
#14353=DIRECTION('center_axis',(0.,0.,-1.));
#14354=DIRECTION('ref_axis',(-1.,0.,0.));
#14355=DIRECTION('',(1.,0.,0.));
#14356=DIRECTION('',(-1.,0.,0.));
#14357=DIRECTION('',(0.,1.,0.));
#14358=DIRECTION('center_axis',(1.,0.,0.));
#14359=DIRECTION('ref_axis',(0.,0.,-1.));
#14360=DIRECTION('',(0.,0.,1.));
#14361=DIRECTION('',(0.,0.,-1.));
#14362=DIRECTION('center_axis',(0.,0.,1.));
#14363=DIRECTION('ref_axis',(1.,0.,0.));
#14364=DIRECTION('',(-1.,0.,0.));
#14365=DIRECTION('',(0.,1.,0.));
#14366=DIRECTION('',(1.,0.,0.));
#14367=DIRECTION('',(0.,1.,0.));
#14368=DIRECTION('center_axis',(-1.,0.,0.));
#14369=DIRECTION('ref_axis',(0.,0.,1.));
#14370=DIRECTION('',(0.,0.,-1.));
#14371=DIRECTION('',(0.,0.,1.));
#14372=DIRECTION('',(0.,1.,0.));
#14373=DIRECTION('center_axis',(0.,0.,-1.));
#14374=DIRECTION('ref_axis',(-1.,0.,0.));
#14375=DIRECTION('',(1.,0.,0.));
#14376=DIRECTION('',(-1.,0.,0.));
#14377=DIRECTION('',(0.,1.,0.));
#14378=DIRECTION('center_axis',(1.,0.,0.));
#14379=DIRECTION('ref_axis',(0.,0.,-1.));
#14380=DIRECTION('',(0.,0.,1.));
#14381=DIRECTION('',(0.,0.,-1.));
#14382=DIRECTION('center_axis',(0.,0.,1.));
#14383=DIRECTION('ref_axis',(1.,0.,0.));
#14384=DIRECTION('',(-1.,0.,0.));
#14385=DIRECTION('',(0.,1.,0.));
#14386=DIRECTION('',(1.,0.,0.));
#14387=DIRECTION('',(0.,1.,0.));
#14388=DIRECTION('center_axis',(-1.,0.,0.));
#14389=DIRECTION('ref_axis',(0.,0.,1.));
#14390=DIRECTION('',(0.,0.,-1.));
#14391=DIRECTION('',(0.,0.,1.));
#14392=DIRECTION('',(0.,1.,0.));
#14393=DIRECTION('center_axis',(0.,0.,-1.));
#14394=DIRECTION('ref_axis',(-1.,0.,0.));
#14395=DIRECTION('',(1.,0.,0.));
#14396=DIRECTION('',(-1.,0.,0.));
#14397=DIRECTION('',(0.,1.,0.));
#14398=DIRECTION('center_axis',(1.,0.,0.));
#14399=DIRECTION('ref_axis',(0.,0.,-1.));
#14400=DIRECTION('',(0.,0.,1.));
#14401=DIRECTION('',(0.,0.,-1.));
#14402=DIRECTION('center_axis',(0.,0.,1.));
#14403=DIRECTION('ref_axis',(1.,0.,0.));
#14404=DIRECTION('',(-1.,0.,0.));
#14405=DIRECTION('',(0.,1.,0.));
#14406=DIRECTION('',(1.,0.,0.));
#14407=DIRECTION('',(0.,1.,0.));
#14408=DIRECTION('center_axis',(-1.,0.,0.));
#14409=DIRECTION('ref_axis',(0.,0.,1.));
#14410=DIRECTION('',(0.,0.,-1.));
#14411=DIRECTION('',(0.,0.,1.));
#14412=DIRECTION('',(0.,1.,0.));
#14413=DIRECTION('center_axis',(0.,0.,-1.));
#14414=DIRECTION('ref_axis',(-1.,0.,0.));
#14415=DIRECTION('',(1.,0.,0.));
#14416=DIRECTION('',(-1.,0.,0.));
#14417=DIRECTION('',(0.,1.,0.));
#14418=DIRECTION('center_axis',(1.,0.,0.));
#14419=DIRECTION('ref_axis',(0.,0.,-1.));
#14420=DIRECTION('',(0.,0.,1.));
#14421=DIRECTION('',(0.,0.,-1.));
#14422=DIRECTION('center_axis',(0.,0.,-1.));
#14423=DIRECTION('ref_axis',(-1.,0.,0.));
#14424=DIRECTION('',(-1.,0.,0.));
#14425=DIRECTION('',(0.,1.,0.));
#14426=DIRECTION('',(-1.,0.,0.));
#14427=DIRECTION('',(0.,1.,0.));
#14428=DIRECTION('center_axis',(1.,0.,0.));
#14429=DIRECTION('ref_axis',(0.,0.,-1.));
#14430=DIRECTION('',(0.,0.,-1.));
#14431=DIRECTION('',(0.,1.,0.));
#14432=DIRECTION('',(0.,0.,-1.));
#14433=DIRECTION('center_axis',(0.,0.,1.));
#14434=DIRECTION('ref_axis',(1.,0.,0.));
#14435=DIRECTION('',(1.,0.,0.));
#14436=DIRECTION('',(0.,1.,0.));
#14437=DIRECTION('',(1.,0.,0.));
#14438=DIRECTION('center_axis',(-1.,0.,0.));
#14439=DIRECTION('ref_axis',(0.,0.,1.));
#14440=DIRECTION('',(0.,0.,1.));
#14441=DIRECTION('',(0.,0.,1.));
#14442=DIRECTION('center_axis',(0.,1.,0.));
#14443=DIRECTION('ref_axis',(0.,0.,1.));
#14444=DIRECTION('center_axis',(0.,0.,1.));
#14445=DIRECTION('ref_axis',(1.,0.,0.));
#14446=DIRECTION('',(-1.,0.,0.));
#14447=DIRECTION('',(0.,1.,0.));
#14448=DIRECTION('',(1.,0.,0.));
#14449=DIRECTION('',(0.,1.,0.));
#14450=DIRECTION('center_axis',(-1.,0.,0.));
#14451=DIRECTION('ref_axis',(0.,0.,1.));
#14452=DIRECTION('',(0.,0.,-1.));
#14453=DIRECTION('',(0.,0.,1.));
#14454=DIRECTION('',(0.,1.,0.));
#14455=DIRECTION('center_axis',(0.,0.,-1.));
#14456=DIRECTION('ref_axis',(-1.,0.,0.));
#14457=DIRECTION('',(1.,0.,0.));
#14458=DIRECTION('',(-1.,0.,0.));
#14459=DIRECTION('',(0.,1.,0.));
#14460=DIRECTION('center_axis',(1.,0.,0.));
#14461=DIRECTION('ref_axis',(0.,0.,-1.));
#14462=DIRECTION('',(0.,0.,1.));
#14463=DIRECTION('',(0.,0.,-1.));
#14464=DIRECTION('center_axis',(0.,0.,1.));
#14465=DIRECTION('ref_axis',(1.,0.,0.));
#14466=DIRECTION('',(-1.,0.,0.));
#14467=DIRECTION('',(0.,1.,0.));
#14468=DIRECTION('',(1.,0.,0.));
#14469=DIRECTION('',(0.,1.,0.));
#14470=DIRECTION('center_axis',(-1.,0.,0.));
#14471=DIRECTION('ref_axis',(0.,0.,1.));
#14472=DIRECTION('',(0.,0.,-1.));
#14473=DIRECTION('',(0.,0.,1.));
#14474=DIRECTION('',(0.,1.,0.));
#14475=DIRECTION('center_axis',(0.,0.,-1.));
#14476=DIRECTION('ref_axis',(-1.,0.,0.));
#14477=DIRECTION('',(1.,0.,0.));
#14478=DIRECTION('',(-1.,0.,0.));
#14479=DIRECTION('',(0.,1.,0.));
#14480=DIRECTION('center_axis',(1.,0.,0.));
#14481=DIRECTION('ref_axis',(0.,0.,-1.));
#14482=DIRECTION('',(0.,0.,1.));
#14483=DIRECTION('',(0.,0.,-1.));
#14484=DIRECTION('center_axis',(0.,0.,1.));
#14485=DIRECTION('ref_axis',(1.,0.,0.));
#14486=DIRECTION('',(-1.,0.,0.));
#14487=DIRECTION('',(0.,1.,0.));
#14488=DIRECTION('',(1.,0.,0.));
#14489=DIRECTION('',(0.,1.,0.));
#14490=DIRECTION('center_axis',(-1.,0.,0.));
#14491=DIRECTION('ref_axis',(0.,0.,1.));
#14492=DIRECTION('',(0.,0.,-1.));
#14493=DIRECTION('',(0.,0.,1.));
#14494=DIRECTION('',(0.,1.,0.));
#14495=DIRECTION('center_axis',(0.,0.,-1.));
#14496=DIRECTION('ref_axis',(-1.,0.,0.));
#14497=DIRECTION('',(1.,0.,0.));
#14498=DIRECTION('',(-1.,0.,0.));
#14499=DIRECTION('',(0.,1.,0.));
#14500=DIRECTION('center_axis',(1.,0.,0.));
#14501=DIRECTION('ref_axis',(0.,0.,-1.));
#14502=DIRECTION('',(0.,0.,1.));
#14503=DIRECTION('',(0.,0.,-1.));
#14504=DIRECTION('center_axis',(0.,0.,1.));
#14505=DIRECTION('ref_axis',(1.,0.,0.));
#14506=DIRECTION('',(-1.,0.,0.));
#14507=DIRECTION('',(0.,1.,0.));
#14508=DIRECTION('',(1.,0.,0.));
#14509=DIRECTION('',(0.,1.,0.));
#14510=DIRECTION('center_axis',(-1.,0.,0.));
#14511=DIRECTION('ref_axis',(0.,0.,1.));
#14512=DIRECTION('',(0.,0.,-1.));
#14513=DIRECTION('',(0.,0.,1.));
#14514=DIRECTION('',(0.,1.,0.));
#14515=DIRECTION('center_axis',(0.,0.,-1.));
#14516=DIRECTION('ref_axis',(-1.,0.,0.));
#14517=DIRECTION('',(1.,0.,0.));
#14518=DIRECTION('',(-1.,0.,0.));
#14519=DIRECTION('',(0.,1.,0.));
#14520=DIRECTION('center_axis',(1.,0.,0.));
#14521=DIRECTION('ref_axis',(0.,0.,-1.));
#14522=DIRECTION('',(0.,0.,1.));
#14523=DIRECTION('',(0.,0.,-1.));
#14524=DIRECTION('center_axis',(0.,0.,1.));
#14525=DIRECTION('ref_axis',(1.,0.,0.));
#14526=DIRECTION('',(-1.,0.,0.));
#14527=DIRECTION('',(0.,1.,0.));
#14528=DIRECTION('',(1.,0.,0.));
#14529=DIRECTION('',(0.,1.,0.));
#14530=DIRECTION('center_axis',(-1.,0.,0.));
#14531=DIRECTION('ref_axis',(0.,0.,1.));
#14532=DIRECTION('',(0.,0.,-1.));
#14533=DIRECTION('',(0.,0.,1.));
#14534=DIRECTION('',(0.,1.,0.));
#14535=DIRECTION('center_axis',(0.,0.,-1.));
#14536=DIRECTION('ref_axis',(-1.,0.,0.));
#14537=DIRECTION('',(1.,0.,0.));
#14538=DIRECTION('',(-1.,0.,0.));
#14539=DIRECTION('',(0.,1.,0.));
#14540=DIRECTION('center_axis',(1.,0.,0.));
#14541=DIRECTION('ref_axis',(0.,0.,-1.));
#14542=DIRECTION('',(0.,0.,1.));
#14543=DIRECTION('',(0.,0.,-1.));
#14544=DIRECTION('center_axis',(0.,0.,1.));
#14545=DIRECTION('ref_axis',(1.,0.,0.));
#14546=DIRECTION('',(-1.,0.,0.));
#14547=DIRECTION('',(0.,1.,0.));
#14548=DIRECTION('',(1.,0.,0.));
#14549=DIRECTION('',(0.,1.,0.));
#14550=DIRECTION('center_axis',(-1.,0.,0.));
#14551=DIRECTION('ref_axis',(0.,0.,1.));
#14552=DIRECTION('',(0.,0.,-1.));
#14553=DIRECTION('',(0.,0.,1.));
#14554=DIRECTION('',(0.,1.,0.));
#14555=DIRECTION('center_axis',(0.,0.,-1.));
#14556=DIRECTION('ref_axis',(-1.,0.,0.));
#14557=DIRECTION('',(1.,0.,0.));
#14558=DIRECTION('',(-1.,0.,0.));
#14559=DIRECTION('',(0.,1.,0.));
#14560=DIRECTION('center_axis',(1.,0.,0.));
#14561=DIRECTION('ref_axis',(0.,0.,-1.));
#14562=DIRECTION('',(0.,0.,1.));
#14563=DIRECTION('',(0.,0.,-1.));
#14564=DIRECTION('center_axis',(0.,0.,-1.));
#14565=DIRECTION('ref_axis',(-1.,0.,0.));
#14566=DIRECTION('',(-1.,0.,0.));
#14567=DIRECTION('',(0.,1.,0.));
#14568=DIRECTION('',(-1.,0.,0.));
#14569=DIRECTION('',(0.,1.,0.));
#14570=DIRECTION('center_axis',(1.,0.,0.));
#14571=DIRECTION('ref_axis',(0.,0.,-1.));
#14572=DIRECTION('',(0.,0.,-1.));
#14573=DIRECTION('',(0.,1.,0.));
#14574=DIRECTION('',(0.,0.,-1.));
#14575=DIRECTION('center_axis',(0.,0.,1.));
#14576=DIRECTION('ref_axis',(1.,0.,0.));
#14577=DIRECTION('',(1.,0.,0.));
#14578=DIRECTION('',(0.,1.,0.));
#14579=DIRECTION('',(1.,0.,0.));
#14580=DIRECTION('center_axis',(-1.,0.,0.));
#14581=DIRECTION('ref_axis',(0.,0.,1.));
#14582=DIRECTION('',(0.,0.,1.));
#14583=DIRECTION('',(0.,0.,1.));
#14584=DIRECTION('center_axis',(0.,1.,0.));
#14585=DIRECTION('ref_axis',(0.,0.,1.));
#14586=DIRECTION('center_axis',(0.,0.,1.));
#14587=DIRECTION('ref_axis',(1.,0.,0.));
#14588=DIRECTION('',(-1.,0.,0.));
#14589=DIRECTION('',(0.,1.,0.));
#14590=DIRECTION('',(1.,0.,0.));
#14591=DIRECTION('',(0.,1.,0.));
#14592=DIRECTION('center_axis',(-1.,0.,0.));
#14593=DIRECTION('ref_axis',(0.,0.,1.));
#14594=DIRECTION('',(0.,0.,-1.));
#14595=DIRECTION('',(0.,0.,1.));
#14596=DIRECTION('',(0.,1.,0.));
#14597=DIRECTION('center_axis',(0.,0.,-1.));
#14598=DIRECTION('ref_axis',(-1.,0.,0.));
#14599=DIRECTION('',(1.,0.,0.));
#14600=DIRECTION('',(-1.,0.,0.));
#14601=DIRECTION('',(0.,1.,0.));
#14602=DIRECTION('center_axis',(1.,0.,0.));
#14603=DIRECTION('ref_axis',(0.,0.,-1.));
#14604=DIRECTION('',(0.,0.,1.));
#14605=DIRECTION('',(0.,0.,-1.));
#14606=DIRECTION('center_axis',(0.,0.,1.));
#14607=DIRECTION('ref_axis',(1.,0.,0.));
#14608=DIRECTION('',(-1.,0.,0.));
#14609=DIRECTION('',(0.,1.,0.));
#14610=DIRECTION('',(1.,0.,0.));
#14611=DIRECTION('',(0.,1.,0.));
#14612=DIRECTION('center_axis',(-1.,0.,0.));
#14613=DIRECTION('ref_axis',(0.,0.,1.));
#14614=DIRECTION('',(0.,0.,-1.));
#14615=DIRECTION('',(0.,0.,1.));
#14616=DIRECTION('',(0.,1.,0.));
#14617=DIRECTION('center_axis',(0.,0.,-1.));
#14618=DIRECTION('ref_axis',(-1.,0.,0.));
#14619=DIRECTION('',(1.,0.,0.));
#14620=DIRECTION('',(-1.,0.,0.));
#14621=DIRECTION('',(0.,1.,0.));
#14622=DIRECTION('center_axis',(1.,0.,0.));
#14623=DIRECTION('ref_axis',(0.,0.,-1.));
#14624=DIRECTION('',(0.,0.,1.));
#14625=DIRECTION('',(0.,0.,-1.));
#14626=DIRECTION('center_axis',(0.,0.,-1.));
#14627=DIRECTION('ref_axis',(-1.,0.,0.));
#14628=DIRECTION('',(-1.,0.,0.));
#14629=DIRECTION('',(0.,1.,0.));
#14630=DIRECTION('',(-1.,0.,0.));
#14631=DIRECTION('',(0.,1.,0.));
#14632=DIRECTION('center_axis',(1.,0.,0.));
#14633=DIRECTION('ref_axis',(0.,0.,-1.));
#14634=DIRECTION('',(0.,0.,-1.));
#14635=DIRECTION('',(0.,1.,0.));
#14636=DIRECTION('',(0.,0.,-1.));
#14637=DIRECTION('center_axis',(0.,0.,1.));
#14638=DIRECTION('ref_axis',(1.,0.,0.));
#14639=DIRECTION('',(1.,0.,0.));
#14640=DIRECTION('',(0.,1.,0.));
#14641=DIRECTION('',(1.,0.,0.));
#14642=DIRECTION('center_axis',(-1.,0.,0.));
#14643=DIRECTION('ref_axis',(0.,0.,1.));
#14644=DIRECTION('',(0.,0.,1.));
#14645=DIRECTION('',(0.,0.,1.));
#14646=DIRECTION('center_axis',(0.,1.,0.));
#14647=DIRECTION('ref_axis',(0.,0.,1.));
#14648=DIRECTION('center_axis',(0.,0.,1.));
#14649=DIRECTION('ref_axis',(1.,0.,0.));
#14650=DIRECTION('',(-1.,0.,0.));
#14651=DIRECTION('',(0.,1.,0.));
#14652=DIRECTION('',(1.,0.,0.));
#14653=DIRECTION('',(0.,1.,0.));
#14654=DIRECTION('center_axis',(-1.,0.,0.));
#14655=DIRECTION('ref_axis',(0.,0.,1.));
#14656=DIRECTION('',(0.,0.,-1.));
#14657=DIRECTION('',(0.,0.,1.));
#14658=DIRECTION('',(0.,1.,0.));
#14659=DIRECTION('center_axis',(0.,0.,-1.));
#14660=DIRECTION('ref_axis',(-1.,0.,0.));
#14661=DIRECTION('',(1.,0.,0.));
#14662=DIRECTION('',(-1.,0.,0.));
#14663=DIRECTION('',(0.,1.,0.));
#14664=DIRECTION('center_axis',(1.,0.,0.));
#14665=DIRECTION('ref_axis',(0.,0.,-1.));
#14666=DIRECTION('',(0.,0.,1.));
#14667=DIRECTION('',(0.,0.,-1.));
#14668=DIRECTION('center_axis',(0.,0.,-1.));
#14669=DIRECTION('ref_axis',(-1.,0.,0.));
#14670=DIRECTION('',(-1.,0.,0.));
#14671=DIRECTION('',(0.,1.,0.));
#14672=DIRECTION('',(-1.,0.,0.));
#14673=DIRECTION('',(0.,1.,0.));
#14674=DIRECTION('center_axis',(1.,0.,0.));
#14675=DIRECTION('ref_axis',(0.,0.,-1.));
#14676=DIRECTION('',(0.,0.,-1.));
#14677=DIRECTION('',(0.,1.,0.));
#14678=DIRECTION('',(0.,0.,-1.));
#14679=DIRECTION('center_axis',(0.,0.,1.));
#14680=DIRECTION('ref_axis',(1.,0.,0.));
#14681=DIRECTION('',(1.,0.,0.));
#14682=DIRECTION('',(0.,1.,0.));
#14683=DIRECTION('',(1.,0.,0.));
#14684=DIRECTION('center_axis',(-1.,0.,0.));
#14685=DIRECTION('ref_axis',(0.,0.,1.));
#14686=DIRECTION('',(0.,0.,1.));
#14687=DIRECTION('',(0.,0.,1.));
#14688=DIRECTION('center_axis',(0.,1.,0.));
#14689=DIRECTION('ref_axis',(0.,0.,1.));
#14690=DIRECTION('center_axis',(0.,0.,1.));
#14691=DIRECTION('ref_axis',(1.,0.,0.));
#14692=DIRECTION('',(-1.,0.,0.));
#14693=DIRECTION('',(0.,1.,0.));
#14694=DIRECTION('',(1.,0.,0.));
#14695=DIRECTION('',(0.,1.,0.));
#14696=DIRECTION('center_axis',(-1.,0.,0.));
#14697=DIRECTION('ref_axis',(0.,0.,1.));
#14698=DIRECTION('',(0.,0.,-1.));
#14699=DIRECTION('',(0.,0.,1.));
#14700=DIRECTION('',(0.,1.,0.));
#14701=DIRECTION('center_axis',(0.,0.,-1.));
#14702=DIRECTION('ref_axis',(-1.,0.,0.));
#14703=DIRECTION('',(1.,0.,0.));
#14704=DIRECTION('',(-1.,0.,0.));
#14705=DIRECTION('',(0.,1.,0.));
#14706=DIRECTION('center_axis',(1.,0.,0.));
#14707=DIRECTION('ref_axis',(0.,0.,-1.));
#14708=DIRECTION('',(0.,0.,1.));
#14709=DIRECTION('',(0.,0.,-1.));
#14710=DIRECTION('center_axis',(0.,0.,-1.));
#14711=DIRECTION('ref_axis',(-1.,0.,0.));
#14712=DIRECTION('',(-1.,0.,0.));
#14713=DIRECTION('',(0.,1.,0.));
#14714=DIRECTION('',(-1.,0.,0.));
#14715=DIRECTION('',(0.,1.,0.));
#14716=DIRECTION('center_axis',(1.,0.,0.));
#14717=DIRECTION('ref_axis',(0.,0.,-1.));
#14718=DIRECTION('',(0.,0.,-1.));
#14719=DIRECTION('',(0.,1.,0.));
#14720=DIRECTION('',(0.,0.,-1.));
#14721=DIRECTION('center_axis',(0.,0.,1.));
#14722=DIRECTION('ref_axis',(1.,0.,0.));
#14723=DIRECTION('',(1.,0.,0.));
#14724=DIRECTION('',(0.,1.,0.));
#14725=DIRECTION('',(1.,0.,0.));
#14726=DIRECTION('center_axis',(-1.,0.,0.));
#14727=DIRECTION('ref_axis',(0.,0.,1.));
#14728=DIRECTION('',(0.,0.,1.));
#14729=DIRECTION('',(0.,0.,1.));
#14730=DIRECTION('center_axis',(0.,1.,0.));
#14731=DIRECTION('ref_axis',(0.,0.,1.));
#14732=DIRECTION('center_axis',(0.,0.,1.));
#14733=DIRECTION('ref_axis',(1.,0.,0.));
#14734=DIRECTION('',(-1.,0.,0.));
#14735=DIRECTION('',(0.,1.,0.));
#14736=DIRECTION('',(1.,0.,0.));
#14737=DIRECTION('',(0.,1.,0.));
#14738=DIRECTION('center_axis',(-1.,0.,0.));
#14739=DIRECTION('ref_axis',(0.,0.,1.));
#14740=DIRECTION('',(0.,0.,-1.));
#14741=DIRECTION('',(0.,0.,1.));
#14742=DIRECTION('',(0.,1.,0.));
#14743=DIRECTION('center_axis',(0.,0.,-1.));
#14744=DIRECTION('ref_axis',(-1.,0.,0.));
#14745=DIRECTION('',(1.,0.,0.));
#14746=DIRECTION('',(-1.,0.,0.));
#14747=DIRECTION('',(0.,1.,0.));
#14748=DIRECTION('center_axis',(1.,0.,0.));
#14749=DIRECTION('ref_axis',(0.,0.,-1.));
#14750=DIRECTION('',(0.,0.,1.));
#14751=DIRECTION('',(0.,0.,-1.));
#14752=DIRECTION('center_axis',(0.,0.,-1.));
#14753=DIRECTION('ref_axis',(-1.,0.,0.));
#14754=DIRECTION('',(-1.,0.,0.));
#14755=DIRECTION('',(0.,1.,0.));
#14756=DIRECTION('',(-1.,0.,0.));
#14757=DIRECTION('',(0.,1.,0.));
#14758=DIRECTION('center_axis',(1.,0.,0.));
#14759=DIRECTION('ref_axis',(0.,0.,-1.));
#14760=DIRECTION('',(0.,0.,-1.));
#14761=DIRECTION('',(0.,1.,0.));
#14762=DIRECTION('',(0.,0.,-1.));
#14763=DIRECTION('center_axis',(0.,0.,1.));
#14764=DIRECTION('ref_axis',(1.,0.,0.));
#14765=DIRECTION('',(1.,0.,0.));
#14766=DIRECTION('',(0.,1.,0.));
#14767=DIRECTION('',(1.,0.,0.));
#14768=DIRECTION('center_axis',(-1.,0.,0.));
#14769=DIRECTION('ref_axis',(0.,0.,1.));
#14770=DIRECTION('',(0.,0.,1.));
#14771=DIRECTION('',(0.,0.,1.));
#14772=DIRECTION('center_axis',(0.,1.,0.));
#14773=DIRECTION('ref_axis',(0.,0.,1.));
#14774=DIRECTION('center_axis',(0.,0.,1.));
#14775=DIRECTION('ref_axis',(1.,0.,0.));
#14776=DIRECTION('',(-1.,0.,0.));
#14777=DIRECTION('',(0.,1.,0.));
#14778=DIRECTION('',(1.,0.,0.));
#14779=DIRECTION('',(0.,1.,0.));
#14780=DIRECTION('center_axis',(-1.,0.,0.));
#14781=DIRECTION('ref_axis',(0.,0.,1.));
#14782=DIRECTION('',(0.,0.,-1.));
#14783=DIRECTION('',(0.,0.,1.));
#14784=DIRECTION('',(0.,1.,0.));
#14785=DIRECTION('center_axis',(0.,0.,-1.));
#14786=DIRECTION('ref_axis',(-1.,0.,0.));
#14787=DIRECTION('',(1.,0.,0.));
#14788=DIRECTION('',(-1.,0.,0.));
#14789=DIRECTION('',(0.,1.,0.));
#14790=DIRECTION('center_axis',(1.,0.,0.));
#14791=DIRECTION('ref_axis',(0.,0.,-1.));
#14792=DIRECTION('',(0.,0.,1.));
#14793=DIRECTION('',(0.,0.,-1.));
#14794=DIRECTION('center_axis',(0.,0.,1.));
#14795=DIRECTION('ref_axis',(1.,0.,0.));
#14796=DIRECTION('',(-1.,0.,0.));
#14797=DIRECTION('',(0.,1.,0.));
#14798=DIRECTION('',(1.,0.,0.));
#14799=DIRECTION('',(0.,1.,0.));
#14800=DIRECTION('center_axis',(-1.,0.,0.));
#14801=DIRECTION('ref_axis',(0.,0.,1.));
#14802=DIRECTION('',(0.,0.,-1.));
#14803=DIRECTION('',(0.,0.,1.));
#14804=DIRECTION('',(0.,1.,0.));
#14805=DIRECTION('center_axis',(0.,0.,-1.));
#14806=DIRECTION('ref_axis',(-1.,0.,0.));
#14807=DIRECTION('',(1.,0.,0.));
#14808=DIRECTION('',(-1.,0.,0.));
#14809=DIRECTION('',(0.,1.,0.));
#14810=DIRECTION('center_axis',(1.,0.,0.));
#14811=DIRECTION('ref_axis',(0.,0.,-1.));
#14812=DIRECTION('',(0.,0.,1.));
#14813=DIRECTION('',(0.,0.,-1.));
#14814=DIRECTION('center_axis',(0.,0.,-1.));
#14815=DIRECTION('ref_axis',(-1.,0.,0.));
#14816=DIRECTION('',(-1.,0.,0.));
#14817=DIRECTION('',(0.,1.,0.));
#14818=DIRECTION('',(-1.,0.,0.));
#14819=DIRECTION('',(0.,1.,0.));
#14820=DIRECTION('center_axis',(1.,0.,0.));
#14821=DIRECTION('ref_axis',(0.,0.,-1.));
#14822=DIRECTION('',(0.,0.,-1.));
#14823=DIRECTION('',(0.,1.,0.));
#14824=DIRECTION('',(0.,0.,-1.));
#14825=DIRECTION('center_axis',(0.,0.,1.));
#14826=DIRECTION('ref_axis',(1.,0.,0.));
#14827=DIRECTION('',(1.,0.,0.));
#14828=DIRECTION('',(0.,1.,0.));
#14829=DIRECTION('',(1.,0.,0.));
#14830=DIRECTION('center_axis',(-1.,0.,0.));
#14831=DIRECTION('ref_axis',(0.,0.,1.));
#14832=DIRECTION('',(0.,0.,1.));
#14833=DIRECTION('',(0.,0.,1.));
#14834=DIRECTION('center_axis',(0.,1.,0.));
#14835=DIRECTION('ref_axis',(0.,0.,1.));
#14836=DIRECTION('center_axis',(0.,0.,-1.));
#14837=DIRECTION('ref_axis',(-1.,0.,0.));
#14838=DIRECTION('',(-1.,0.,0.));
#14839=DIRECTION('',(0.,1.,0.));
#14840=DIRECTION('',(-1.,0.,0.));
#14841=DIRECTION('',(0.,1.,0.));
#14842=DIRECTION('center_axis',(1.,0.,0.));
#14843=DIRECTION('ref_axis',(0.,0.,-1.));
#14844=DIRECTION('',(0.,0.,-1.));
#14845=DIRECTION('',(0.,1.,0.));
#14846=DIRECTION('',(0.,0.,-1.));
#14847=DIRECTION('center_axis',(0.,0.,1.));
#14848=DIRECTION('ref_axis',(1.,0.,0.));
#14849=DIRECTION('',(1.,0.,0.));
#14850=DIRECTION('',(0.,1.,0.));
#14851=DIRECTION('',(1.,0.,0.));
#14852=DIRECTION('center_axis',(-1.,0.,0.));
#14853=DIRECTION('ref_axis',(0.,0.,1.));
#14854=DIRECTION('',(0.,0.,1.));
#14855=DIRECTION('',(0.,0.,1.));
#14856=DIRECTION('center_axis',(0.,1.,0.));
#14857=DIRECTION('ref_axis',(0.,0.,1.));
#14858=DIRECTION('center_axis',(0.,0.,1.));
#14859=DIRECTION('ref_axis',(1.,0.,0.));
#14860=DIRECTION('',(-1.,0.,0.));
#14861=DIRECTION('',(0.,1.,0.));
#14862=DIRECTION('',(1.,0.,0.));
#14863=DIRECTION('',(0.,1.,0.));
#14864=DIRECTION('center_axis',(-1.,0.,0.));
#14865=DIRECTION('ref_axis',(0.,0.,1.));
#14866=DIRECTION('',(0.,0.,-1.));
#14867=DIRECTION('',(0.,0.,1.));
#14868=DIRECTION('',(0.,1.,0.));
#14869=DIRECTION('center_axis',(0.,0.,-1.));
#14870=DIRECTION('ref_axis',(-1.,0.,0.));
#14871=DIRECTION('',(1.,0.,0.));
#14872=DIRECTION('',(-1.,0.,0.));
#14873=DIRECTION('',(0.,1.,0.));
#14874=DIRECTION('center_axis',(1.,0.,0.));
#14875=DIRECTION('ref_axis',(0.,0.,-1.));
#14876=DIRECTION('',(0.,0.,1.));
#14877=DIRECTION('',(0.,0.,-1.));
#14878=DIRECTION('center_axis',(0.,0.,1.));
#14879=DIRECTION('ref_axis',(1.,0.,0.));
#14880=DIRECTION('',(-1.,0.,0.));
#14881=DIRECTION('',(0.,1.,0.));
#14882=DIRECTION('',(1.,0.,0.));
#14883=DIRECTION('',(0.,1.,0.));
#14884=DIRECTION('center_axis',(-1.,0.,0.));
#14885=DIRECTION('ref_axis',(0.,0.,1.));
#14886=DIRECTION('',(0.,0.,-1.));
#14887=DIRECTION('',(0.,0.,1.));
#14888=DIRECTION('',(0.,1.,0.));
#14889=DIRECTION('center_axis',(0.,0.,-1.));
#14890=DIRECTION('ref_axis',(-1.,0.,0.));
#14891=DIRECTION('',(1.,0.,0.));
#14892=DIRECTION('',(-1.,0.,0.));
#14893=DIRECTION('',(0.,1.,0.));
#14894=DIRECTION('center_axis',(1.,0.,0.));
#14895=DIRECTION('ref_axis',(0.,0.,-1.));
#14896=DIRECTION('',(0.,0.,1.));
#14897=DIRECTION('',(0.,0.,-1.));
#14898=DIRECTION('center_axis',(0.,0.,1.));
#14899=DIRECTION('ref_axis',(1.,0.,0.));
#14900=DIRECTION('',(-1.,0.,0.));
#14901=DIRECTION('',(0.,1.,0.));
#14902=DIRECTION('',(1.,0.,0.));
#14903=DIRECTION('',(0.,1.,0.));
#14904=DIRECTION('center_axis',(-1.,0.,0.));
#14905=DIRECTION('ref_axis',(0.,0.,1.));
#14906=DIRECTION('',(0.,0.,-1.));
#14907=DIRECTION('',(0.,0.,1.));
#14908=DIRECTION('',(0.,1.,0.));
#14909=DIRECTION('center_axis',(0.,0.,-1.));
#14910=DIRECTION('ref_axis',(-1.,0.,0.));
#14911=DIRECTION('',(1.,0.,0.));
#14912=DIRECTION('',(-1.,0.,0.));
#14913=DIRECTION('',(0.,1.,0.));
#14914=DIRECTION('center_axis',(1.,0.,0.));
#14915=DIRECTION('ref_axis',(0.,0.,-1.));
#14916=DIRECTION('',(0.,0.,1.));
#14917=DIRECTION('',(0.,0.,-1.));
#14918=DIRECTION('center_axis',(0.,0.,1.));
#14919=DIRECTION('ref_axis',(1.,0.,0.));
#14920=DIRECTION('',(-1.,0.,0.));
#14921=DIRECTION('',(0.,1.,0.));
#14922=DIRECTION('',(1.,0.,0.));
#14923=DIRECTION('',(0.,1.,0.));
#14924=DIRECTION('center_axis',(-1.,0.,0.));
#14925=DIRECTION('ref_axis',(0.,0.,1.));
#14926=DIRECTION('',(0.,0.,-1.));
#14927=DIRECTION('',(0.,0.,1.));
#14928=DIRECTION('',(0.,1.,0.));
#14929=DIRECTION('center_axis',(0.,0.,-1.));
#14930=DIRECTION('ref_axis',(-1.,0.,0.));
#14931=DIRECTION('',(1.,0.,0.));
#14932=DIRECTION('',(-1.,0.,0.));
#14933=DIRECTION('',(0.,1.,0.));
#14934=DIRECTION('center_axis',(1.,0.,0.));
#14935=DIRECTION('ref_axis',(0.,0.,-1.));
#14936=DIRECTION('',(0.,0.,1.));
#14937=DIRECTION('',(0.,0.,-1.));
#14938=DIRECTION('center_axis',(0.,0.,-1.));
#14939=DIRECTION('ref_axis',(-1.,0.,0.));
#14940=DIRECTION('',(-1.,0.,0.));
#14941=DIRECTION('',(0.,1.,0.));
#14942=DIRECTION('',(-1.,0.,0.));
#14943=DIRECTION('',(0.,1.,0.));
#14944=DIRECTION('center_axis',(1.,0.,0.));
#14945=DIRECTION('ref_axis',(0.,0.,-1.));
#14946=DIRECTION('',(0.,0.,-1.));
#14947=DIRECTION('',(0.,1.,0.));
#14948=DIRECTION('',(0.,0.,-1.));
#14949=DIRECTION('center_axis',(0.,0.,1.));
#14950=DIRECTION('ref_axis',(1.,0.,0.));
#14951=DIRECTION('',(1.,0.,0.));
#14952=DIRECTION('',(0.,1.,0.));
#14953=DIRECTION('',(1.,0.,0.));
#14954=DIRECTION('center_axis',(-1.,0.,0.));
#14955=DIRECTION('ref_axis',(0.,0.,1.));
#14956=DIRECTION('',(0.,0.,1.));
#14957=DIRECTION('',(0.,0.,1.));
#14958=DIRECTION('center_axis',(0.,1.,0.));
#14959=DIRECTION('ref_axis',(0.,0.,1.));
#14960=DIRECTION('center_axis',(0.,0.,-1.));
#14961=DIRECTION('ref_axis',(-1.,0.,0.));
#14962=DIRECTION('',(-1.,0.,0.));
#14963=DIRECTION('',(0.,1.,0.));
#14964=DIRECTION('',(-1.,0.,0.));
#14965=DIRECTION('',(0.,1.,0.));
#14966=DIRECTION('center_axis',(1.,0.,0.));
#14967=DIRECTION('ref_axis',(0.,0.,-1.));
#14968=DIRECTION('',(0.,0.,-1.));
#14969=DIRECTION('',(0.,1.,0.));
#14970=DIRECTION('',(0.,0.,-1.));
#14971=DIRECTION('center_axis',(0.,0.,1.));
#14972=DIRECTION('ref_axis',(1.,0.,0.));
#14973=DIRECTION('',(1.,0.,0.));
#14974=DIRECTION('',(0.,1.,0.));
#14975=DIRECTION('',(1.,0.,0.));
#14976=DIRECTION('center_axis',(-1.,0.,0.));
#14977=DIRECTION('ref_axis',(0.,0.,1.));
#14978=DIRECTION('',(0.,0.,1.));
#14979=DIRECTION('',(0.,0.,1.));
#14980=DIRECTION('center_axis',(0.,1.,0.));
#14981=DIRECTION('ref_axis',(0.,0.,1.));
#14982=DIRECTION('center_axis',(0.,0.,-1.));
#14983=DIRECTION('ref_axis',(-1.,0.,0.));
#14984=DIRECTION('',(-1.,0.,0.));
#14985=DIRECTION('',(0.,1.,0.));
#14986=DIRECTION('',(-1.,0.,0.));
#14987=DIRECTION('',(0.,1.,0.));
#14988=DIRECTION('center_axis',(1.,0.,0.));
#14989=DIRECTION('ref_axis',(0.,0.,-1.));
#14990=DIRECTION('',(0.,0.,-1.));
#14991=DIRECTION('',(0.,1.,0.));
#14992=DIRECTION('',(0.,0.,-1.));
#14993=DIRECTION('center_axis',(0.,0.,1.));
#14994=DIRECTION('ref_axis',(1.,0.,0.));
#14995=DIRECTION('',(1.,0.,0.));
#14996=DIRECTION('',(0.,1.,0.));
#14997=DIRECTION('',(1.,0.,0.));
#14998=DIRECTION('center_axis',(-1.,0.,0.));
#14999=DIRECTION('ref_axis',(0.,0.,1.));
#15000=DIRECTION('',(0.,0.,1.));
#15001=DIRECTION('',(0.,0.,1.));
#15002=DIRECTION('center_axis',(0.,1.,0.));
#15003=DIRECTION('ref_axis',(0.,0.,1.));
#15004=DIRECTION('center_axis',(0.,0.,1.));
#15005=DIRECTION('ref_axis',(1.,0.,0.));
#15006=DIRECTION('',(-1.,0.,0.));
#15007=DIRECTION('',(0.,1.,0.));
#15008=DIRECTION('',(1.,0.,0.));
#15009=DIRECTION('',(0.,1.,0.));
#15010=DIRECTION('center_axis',(-1.,0.,0.));
#15011=DIRECTION('ref_axis',(0.,0.,1.));
#15012=DIRECTION('',(0.,0.,-1.));
#15013=DIRECTION('',(0.,0.,1.));
#15014=DIRECTION('',(0.,1.,0.));
#15015=DIRECTION('center_axis',(0.,0.,-1.));
#15016=DIRECTION('ref_axis',(-1.,0.,0.));
#15017=DIRECTION('',(1.,0.,0.));
#15018=DIRECTION('',(-1.,0.,0.));
#15019=DIRECTION('',(0.,1.,0.));
#15020=DIRECTION('center_axis',(1.,0.,0.));
#15021=DIRECTION('ref_axis',(0.,0.,-1.));
#15022=DIRECTION('',(0.,0.,1.));
#15023=DIRECTION('',(0.,0.,-1.));
#15024=DIRECTION('center_axis',(0.,0.,1.));
#15025=DIRECTION('ref_axis',(1.,0.,0.));
#15026=DIRECTION('',(-1.,0.,0.));
#15027=DIRECTION('',(0.,1.,0.));
#15028=DIRECTION('',(1.,0.,0.));
#15029=DIRECTION('',(0.,1.,0.));
#15030=DIRECTION('center_axis',(-1.,0.,0.));
#15031=DIRECTION('ref_axis',(0.,0.,1.));
#15032=DIRECTION('',(0.,0.,-1.));
#15033=DIRECTION('',(0.,0.,1.));
#15034=DIRECTION('',(0.,1.,0.));
#15035=DIRECTION('center_axis',(0.,0.,-1.));
#15036=DIRECTION('ref_axis',(-1.,0.,0.));
#15037=DIRECTION('',(1.,0.,0.));
#15038=DIRECTION('',(-1.,0.,0.));
#15039=DIRECTION('',(0.,1.,0.));
#15040=DIRECTION('center_axis',(1.,0.,0.));
#15041=DIRECTION('ref_axis',(0.,0.,-1.));
#15042=DIRECTION('',(0.,0.,1.));
#15043=DIRECTION('',(0.,0.,-1.));
#15044=DIRECTION('center_axis',(0.,0.,-1.));
#15045=DIRECTION('ref_axis',(-1.,0.,0.));
#15046=DIRECTION('',(-1.,0.,0.));
#15047=DIRECTION('',(0.,1.,0.));
#15048=DIRECTION('',(-1.,0.,0.));
#15049=DIRECTION('',(0.,1.,0.));
#15050=DIRECTION('center_axis',(1.,0.,0.));
#15051=DIRECTION('ref_axis',(0.,0.,-1.));
#15052=DIRECTION('',(0.,0.,-1.));
#15053=DIRECTION('',(0.,1.,0.));
#15054=DIRECTION('',(0.,0.,-1.));
#15055=DIRECTION('center_axis',(0.,0.,1.));
#15056=DIRECTION('ref_axis',(1.,0.,0.));
#15057=DIRECTION('',(1.,0.,0.));
#15058=DIRECTION('',(0.,1.,0.));
#15059=DIRECTION('',(1.,0.,0.));
#15060=DIRECTION('center_axis',(-1.,0.,0.));
#15061=DIRECTION('ref_axis',(0.,0.,1.));
#15062=DIRECTION('',(0.,0.,1.));
#15063=DIRECTION('',(0.,0.,1.));
#15064=DIRECTION('center_axis',(0.,1.,0.));
#15065=DIRECTION('ref_axis',(0.,0.,1.));
#15066=DIRECTION('center_axis',(0.,0.,1.));
#15067=DIRECTION('ref_axis',(1.,0.,0.));
#15068=DIRECTION('',(-1.,0.,0.));
#15069=DIRECTION('',(0.,1.,0.));
#15070=DIRECTION('',(1.,0.,0.));
#15071=DIRECTION('',(0.,1.,0.));
#15072=DIRECTION('center_axis',(-1.,0.,0.));
#15073=DIRECTION('ref_axis',(0.,0.,1.));
#15074=DIRECTION('',(0.,0.,-1.));
#15075=DIRECTION('',(0.,0.,1.));
#15076=DIRECTION('',(0.,1.,0.));
#15077=DIRECTION('center_axis',(0.,0.,-1.));
#15078=DIRECTION('ref_axis',(-1.,0.,0.));
#15079=DIRECTION('',(1.,0.,0.));
#15080=DIRECTION('',(-1.,0.,0.));
#15081=DIRECTION('',(0.,1.,0.));
#15082=DIRECTION('center_axis',(1.,0.,0.));
#15083=DIRECTION('ref_axis',(0.,0.,-1.));
#15084=DIRECTION('',(0.,0.,1.));
#15085=DIRECTION('',(0.,0.,-1.));
#15086=DIRECTION('center_axis',(0.,0.,1.));
#15087=DIRECTION('ref_axis',(1.,0.,0.));
#15088=DIRECTION('',(-1.,0.,0.));
#15089=DIRECTION('',(0.,1.,0.));
#15090=DIRECTION('',(1.,0.,0.));
#15091=DIRECTION('',(0.,1.,0.));
#15092=DIRECTION('center_axis',(-1.,0.,0.));
#15093=DIRECTION('ref_axis',(0.,0.,1.));
#15094=DIRECTION('',(0.,0.,-1.));
#15095=DIRECTION('',(0.,0.,1.));
#15096=DIRECTION('',(0.,1.,0.));
#15097=DIRECTION('center_axis',(0.,0.,-1.));
#15098=DIRECTION('ref_axis',(-1.,0.,0.));
#15099=DIRECTION('',(1.,0.,0.));
#15100=DIRECTION('',(-1.,0.,0.));
#15101=DIRECTION('',(0.,1.,0.));
#15102=DIRECTION('center_axis',(1.,0.,0.));
#15103=DIRECTION('ref_axis',(0.,0.,-1.));
#15104=DIRECTION('',(0.,0.,1.));
#15105=DIRECTION('',(0.,0.,-1.));
#15106=DIRECTION('center_axis',(0.,0.,1.));
#15107=DIRECTION('ref_axis',(1.,0.,0.));
#15108=DIRECTION('',(-1.,0.,0.));
#15109=DIRECTION('',(0.,1.,0.));
#15110=DIRECTION('',(1.,0.,0.));
#15111=DIRECTION('',(0.,1.,0.));
#15112=DIRECTION('center_axis',(-1.,0.,0.));
#15113=DIRECTION('ref_axis',(0.,0.,1.));
#15114=DIRECTION('',(0.,0.,-1.));
#15115=DIRECTION('',(0.,0.,1.));
#15116=DIRECTION('',(0.,1.,0.));
#15117=DIRECTION('center_axis',(0.,0.,-1.));
#15118=DIRECTION('ref_axis',(-1.,0.,0.));
#15119=DIRECTION('',(1.,0.,0.));
#15120=DIRECTION('',(-1.,0.,0.));
#15121=DIRECTION('',(0.,1.,0.));
#15122=DIRECTION('center_axis',(1.,0.,0.));
#15123=DIRECTION('ref_axis',(0.,0.,-1.));
#15124=DIRECTION('',(0.,0.,1.));
#15125=DIRECTION('',(0.,0.,-1.));
#15126=DIRECTION('center_axis',(0.,0.,1.));
#15127=DIRECTION('ref_axis',(1.,0.,0.));
#15128=DIRECTION('',(-1.,0.,0.));
#15129=DIRECTION('',(0.,1.,0.));
#15130=DIRECTION('',(1.,0.,0.));
#15131=DIRECTION('',(0.,1.,0.));
#15132=DIRECTION('center_axis',(-1.,0.,0.));
#15133=DIRECTION('ref_axis',(0.,0.,1.));
#15134=DIRECTION('',(0.,0.,-1.));
#15135=DIRECTION('',(0.,0.,1.));
#15136=DIRECTION('',(0.,1.,0.));
#15137=DIRECTION('center_axis',(0.,0.,-1.));
#15138=DIRECTION('ref_axis',(-1.,0.,0.));
#15139=DIRECTION('',(1.,0.,0.));
#15140=DIRECTION('',(-1.,0.,0.));
#15141=DIRECTION('',(0.,1.,0.));
#15142=DIRECTION('center_axis',(1.,0.,0.));
#15143=DIRECTION('ref_axis',(0.,0.,-1.));
#15144=DIRECTION('',(0.,0.,1.));
#15145=DIRECTION('',(0.,0.,-1.));
#15146=DIRECTION('center_axis',(0.,0.,1.));
#15147=DIRECTION('ref_axis',(1.,0.,0.));
#15148=DIRECTION('',(-1.,0.,0.));
#15149=DIRECTION('',(0.,1.,0.));
#15150=DIRECTION('',(1.,0.,0.));
#15151=DIRECTION('',(0.,1.,0.));
#15152=DIRECTION('center_axis',(-1.,0.,0.));
#15153=DIRECTION('ref_axis',(0.,0.,1.));
#15154=DIRECTION('',(0.,0.,-1.));
#15155=DIRECTION('',(0.,0.,1.));
#15156=DIRECTION('',(0.,1.,0.));
#15157=DIRECTION('center_axis',(0.,0.,-1.));
#15158=DIRECTION('ref_axis',(-1.,0.,0.));
#15159=DIRECTION('',(1.,0.,0.));
#15160=DIRECTION('',(-1.,0.,0.));
#15161=DIRECTION('',(0.,1.,0.));
#15162=DIRECTION('center_axis',(1.,0.,0.));
#15163=DIRECTION('ref_axis',(0.,0.,-1.));
#15164=DIRECTION('',(0.,0.,1.));
#15165=DIRECTION('',(0.,0.,-1.));
#15166=DIRECTION('center_axis',(0.,0.,1.));
#15167=DIRECTION('ref_axis',(1.,0.,0.));
#15168=DIRECTION('',(-1.,0.,0.));
#15169=DIRECTION('',(0.,1.,0.));
#15170=DIRECTION('',(1.,0.,0.));
#15171=DIRECTION('',(0.,1.,0.));
#15172=DIRECTION('center_axis',(-1.,0.,0.));
#15173=DIRECTION('ref_axis',(0.,0.,1.));
#15174=DIRECTION('',(0.,0.,-1.));
#15175=DIRECTION('',(0.,0.,1.));
#15176=DIRECTION('',(0.,1.,0.));
#15177=DIRECTION('center_axis',(0.,0.,-1.));
#15178=DIRECTION('ref_axis',(-1.,0.,0.));
#15179=DIRECTION('',(1.,0.,0.));
#15180=DIRECTION('',(-1.,0.,0.));
#15181=DIRECTION('',(0.,1.,0.));
#15182=DIRECTION('center_axis',(1.,0.,0.));
#15183=DIRECTION('ref_axis',(0.,0.,-1.));
#15184=DIRECTION('',(0.,0.,1.));
#15185=DIRECTION('',(0.,0.,-1.));
#15186=DIRECTION('center_axis',(0.,0.,1.));
#15187=DIRECTION('ref_axis',(1.,0.,0.));
#15188=DIRECTION('',(-1.,0.,0.));
#15189=DIRECTION('',(0.,1.,0.));
#15190=DIRECTION('',(1.,0.,0.));
#15191=DIRECTION('',(0.,1.,0.));
#15192=DIRECTION('center_axis',(-1.,0.,0.));
#15193=DIRECTION('ref_axis',(0.,0.,1.));
#15194=DIRECTION('',(0.,0.,-1.));
#15195=DIRECTION('',(0.,0.,1.));
#15196=DIRECTION('',(0.,1.,0.));
#15197=DIRECTION('center_axis',(0.,0.,-1.));
#15198=DIRECTION('ref_axis',(-1.,0.,0.));
#15199=DIRECTION('',(1.,0.,0.));
#15200=DIRECTION('',(-1.,0.,0.));
#15201=DIRECTION('',(0.,1.,0.));
#15202=DIRECTION('center_axis',(1.,0.,0.));
#15203=DIRECTION('ref_axis',(0.,0.,-1.));
#15204=DIRECTION('',(0.,0.,1.));
#15205=DIRECTION('',(0.,0.,-1.));
#15206=DIRECTION('center_axis',(0.,0.,1.));
#15207=DIRECTION('ref_axis',(1.,0.,0.));
#15208=DIRECTION('',(-1.,0.,0.));
#15209=DIRECTION('',(0.,1.,0.));
#15210=DIRECTION('',(1.,0.,0.));
#15211=DIRECTION('',(0.,1.,0.));
#15212=DIRECTION('center_axis',(-1.,0.,0.));
#15213=DIRECTION('ref_axis',(0.,0.,1.));
#15214=DIRECTION('',(0.,0.,-1.));
#15215=DIRECTION('',(0.,0.,1.));
#15216=DIRECTION('',(0.,1.,0.));
#15217=DIRECTION('center_axis',(0.,0.,-1.));
#15218=DIRECTION('ref_axis',(-1.,0.,0.));
#15219=DIRECTION('',(1.,0.,0.));
#15220=DIRECTION('',(-1.,0.,0.));
#15221=DIRECTION('',(0.,1.,0.));
#15222=DIRECTION('center_axis',(1.,0.,0.));
#15223=DIRECTION('ref_axis',(0.,0.,-1.));
#15224=DIRECTION('',(0.,0.,1.));
#15225=DIRECTION('',(0.,0.,-1.));
#15226=DIRECTION('center_axis',(0.,0.,1.));
#15227=DIRECTION('ref_axis',(1.,0.,0.));
#15228=DIRECTION('',(-1.,0.,0.));
#15229=DIRECTION('',(0.,1.,0.));
#15230=DIRECTION('',(1.,0.,0.));
#15231=DIRECTION('',(0.,1.,0.));
#15232=DIRECTION('center_axis',(-1.,0.,0.));
#15233=DIRECTION('ref_axis',(0.,0.,1.));
#15234=DIRECTION('',(0.,0.,-1.));
#15235=DIRECTION('',(0.,0.,1.));
#15236=DIRECTION('',(0.,1.,0.));
#15237=DIRECTION('center_axis',(0.,0.,-1.));
#15238=DIRECTION('ref_axis',(-1.,0.,0.));
#15239=DIRECTION('',(1.,0.,0.));
#15240=DIRECTION('',(-1.,0.,0.));
#15241=DIRECTION('',(0.,1.,0.));
#15242=DIRECTION('center_axis',(1.,0.,0.));
#15243=DIRECTION('ref_axis',(0.,0.,-1.));
#15244=DIRECTION('',(0.,0.,1.));
#15245=DIRECTION('',(0.,0.,-1.));
#15246=DIRECTION('center_axis',(0.,0.,1.));
#15247=DIRECTION('ref_axis',(1.,0.,0.));
#15248=DIRECTION('',(-1.,0.,0.));
#15249=DIRECTION('',(0.,1.,0.));
#15250=DIRECTION('',(1.,0.,0.));
#15251=DIRECTION('',(0.,1.,0.));
#15252=DIRECTION('center_axis',(-1.,0.,0.));
#15253=DIRECTION('ref_axis',(0.,0.,1.));
#15254=DIRECTION('',(0.,0.,-1.));
#15255=DIRECTION('',(0.,0.,1.));
#15256=DIRECTION('',(0.,1.,0.));
#15257=DIRECTION('center_axis',(0.,0.,-1.));
#15258=DIRECTION('ref_axis',(-1.,0.,0.));
#15259=DIRECTION('',(1.,0.,0.));
#15260=DIRECTION('',(-1.,0.,0.));
#15261=DIRECTION('',(0.,1.,0.));
#15262=DIRECTION('center_axis',(1.,0.,0.));
#15263=DIRECTION('ref_axis',(0.,0.,-1.));
#15264=DIRECTION('',(0.,0.,1.));
#15265=DIRECTION('',(0.,0.,-1.));
#15266=DIRECTION('center_axis',(0.,0.,-1.));
#15267=DIRECTION('ref_axis',(-1.,0.,0.));
#15268=DIRECTION('',(-1.,0.,0.));
#15269=DIRECTION('',(0.,1.,0.));
#15270=DIRECTION('',(-1.,0.,0.));
#15271=DIRECTION('',(0.,1.,0.));
#15272=DIRECTION('center_axis',(1.,0.,0.));
#15273=DIRECTION('ref_axis',(0.,0.,-1.));
#15274=DIRECTION('',(0.,0.,-1.));
#15275=DIRECTION('',(0.,1.,0.));
#15276=DIRECTION('',(0.,0.,-1.));
#15277=DIRECTION('center_axis',(0.,0.,1.));
#15278=DIRECTION('ref_axis',(1.,0.,0.));
#15279=DIRECTION('',(1.,0.,0.));
#15280=DIRECTION('',(0.,1.,0.));
#15281=DIRECTION('',(1.,0.,0.));
#15282=DIRECTION('center_axis',(-1.,0.,0.));
#15283=DIRECTION('ref_axis',(0.,0.,1.));
#15284=DIRECTION('',(0.,0.,1.));
#15285=DIRECTION('',(0.,0.,1.));
#15286=DIRECTION('center_axis',(0.,1.,0.));
#15287=DIRECTION('ref_axis',(0.,0.,1.));
#15288=DIRECTION('center_axis',(0.,0.,1.));
#15289=DIRECTION('ref_axis',(1.,0.,0.));
#15290=DIRECTION('',(-1.,0.,0.));
#15291=DIRECTION('',(0.,1.,0.));
#15292=DIRECTION('',(1.,0.,0.));
#15293=DIRECTION('',(0.,1.,0.));
#15294=DIRECTION('center_axis',(-1.,0.,0.));
#15295=DIRECTION('ref_axis',(0.,0.,1.));
#15296=DIRECTION('',(0.,0.,-1.));
#15297=DIRECTION('',(0.,0.,1.));
#15298=DIRECTION('',(0.,1.,0.));
#15299=DIRECTION('center_axis',(0.,0.,-1.));
#15300=DIRECTION('ref_axis',(-1.,0.,0.));
#15301=DIRECTION('',(1.,0.,0.));
#15302=DIRECTION('',(-1.,0.,0.));
#15303=DIRECTION('',(0.,1.,0.));
#15304=DIRECTION('center_axis',(1.,0.,0.));
#15305=DIRECTION('ref_axis',(0.,0.,-1.));
#15306=DIRECTION('',(0.,0.,1.));
#15307=DIRECTION('',(0.,0.,-1.));
#15308=DIRECTION('center_axis',(0.,0.,1.));
#15309=DIRECTION('ref_axis',(1.,0.,0.));
#15310=DIRECTION('',(-1.,0.,0.));
#15311=DIRECTION('',(0.,1.,0.));
#15312=DIRECTION('',(1.,0.,0.));
#15313=DIRECTION('',(0.,1.,0.));
#15314=DIRECTION('center_axis',(-1.,0.,0.));
#15315=DIRECTION('ref_axis',(0.,0.,1.));
#15316=DIRECTION('',(0.,0.,-1.));
#15317=DIRECTION('',(0.,0.,1.));
#15318=DIRECTION('',(0.,1.,0.));
#15319=DIRECTION('center_axis',(0.,0.,-1.));
#15320=DIRECTION('ref_axis',(-1.,0.,0.));
#15321=DIRECTION('',(1.,0.,0.));
#15322=DIRECTION('',(-1.,0.,0.));
#15323=DIRECTION('',(0.,1.,0.));
#15324=DIRECTION('center_axis',(1.,0.,0.));
#15325=DIRECTION('ref_axis',(0.,0.,-1.));
#15326=DIRECTION('',(0.,0.,1.));
#15327=DIRECTION('',(0.,0.,-1.));
#15328=DIRECTION('center_axis',(0.,0.,-1.));
#15329=DIRECTION('ref_axis',(-1.,0.,0.));
#15330=DIRECTION('',(-1.,0.,0.));
#15331=DIRECTION('',(0.,1.,0.));
#15332=DIRECTION('',(-1.,0.,0.));
#15333=DIRECTION('',(0.,1.,0.));
#15334=DIRECTION('center_axis',(1.,0.,0.));
#15335=DIRECTION('ref_axis',(0.,0.,-1.));
#15336=DIRECTION('',(0.,0.,-1.));
#15337=DIRECTION('',(0.,1.,0.));
#15338=DIRECTION('',(0.,0.,-1.));
#15339=DIRECTION('center_axis',(0.,0.,1.));
#15340=DIRECTION('ref_axis',(1.,0.,0.));
#15341=DIRECTION('',(1.,0.,0.));
#15342=DIRECTION('',(0.,1.,0.));
#15343=DIRECTION('',(1.,0.,0.));
#15344=DIRECTION('center_axis',(-1.,0.,0.));
#15345=DIRECTION('ref_axis',(0.,0.,1.));
#15346=DIRECTION('',(0.,0.,1.));
#15347=DIRECTION('',(0.,0.,1.));
#15348=DIRECTION('center_axis',(0.,1.,0.));
#15349=DIRECTION('ref_axis',(0.,0.,1.));
#15350=DIRECTION('center_axis',(0.,0.,1.));
#15351=DIRECTION('ref_axis',(1.,0.,0.));
#15352=DIRECTION('',(-1.,0.,0.));
#15353=DIRECTION('',(0.,1.,0.));
#15354=DIRECTION('',(1.,0.,0.));
#15355=DIRECTION('',(0.,1.,0.));
#15356=DIRECTION('center_axis',(-1.,0.,0.));
#15357=DIRECTION('ref_axis',(0.,0.,1.));
#15358=DIRECTION('',(0.,0.,-1.));
#15359=DIRECTION('',(0.,0.,1.));
#15360=DIRECTION('',(0.,1.,0.));
#15361=DIRECTION('center_axis',(0.,0.,-1.));
#15362=DIRECTION('ref_axis',(-1.,0.,0.));
#15363=DIRECTION('',(1.,0.,0.));
#15364=DIRECTION('',(-1.,0.,0.));
#15365=DIRECTION('',(0.,1.,0.));
#15366=DIRECTION('center_axis',(1.,0.,0.));
#15367=DIRECTION('ref_axis',(0.,0.,-1.));
#15368=DIRECTION('',(0.,0.,1.));
#15369=DIRECTION('',(0.,0.,-1.));
#15370=DIRECTION('center_axis',(0.,0.,1.));
#15371=DIRECTION('ref_axis',(1.,0.,0.));
#15372=DIRECTION('',(-1.,0.,0.));
#15373=DIRECTION('',(0.,1.,0.));
#15374=DIRECTION('',(1.,0.,0.));
#15375=DIRECTION('',(0.,1.,0.));
#15376=DIRECTION('center_axis',(-1.,0.,0.));
#15377=DIRECTION('ref_axis',(0.,0.,1.));
#15378=DIRECTION('',(0.,0.,-1.));
#15379=DIRECTION('',(0.,0.,1.));
#15380=DIRECTION('',(0.,1.,0.));
#15381=DIRECTION('center_axis',(0.,0.,-1.));
#15382=DIRECTION('ref_axis',(-1.,0.,0.));
#15383=DIRECTION('',(1.,0.,0.));
#15384=DIRECTION('',(-1.,0.,0.));
#15385=DIRECTION('',(0.,1.,0.));
#15386=DIRECTION('center_axis',(1.,0.,0.));
#15387=DIRECTION('ref_axis',(0.,0.,-1.));
#15388=DIRECTION('',(0.,0.,1.));
#15389=DIRECTION('',(0.,0.,-1.));
#15390=DIRECTION('center_axis',(0.,0.,-1.));
#15391=DIRECTION('ref_axis',(-1.,0.,0.));
#15392=DIRECTION('',(-1.,0.,0.));
#15393=DIRECTION('',(0.,1.,0.));
#15394=DIRECTION('',(-1.,0.,0.));
#15395=DIRECTION('',(0.,1.,0.));
#15396=DIRECTION('center_axis',(1.,0.,0.));
#15397=DIRECTION('ref_axis',(0.,0.,-1.));
#15398=DIRECTION('',(0.,0.,-1.));
#15399=DIRECTION('',(0.,1.,0.));
#15400=DIRECTION('',(0.,0.,-1.));
#15401=DIRECTION('center_axis',(0.,0.,1.));
#15402=DIRECTION('ref_axis',(1.,0.,0.));
#15403=DIRECTION('',(1.,0.,0.));
#15404=DIRECTION('',(0.,1.,0.));
#15405=DIRECTION('',(1.,0.,0.));
#15406=DIRECTION('center_axis',(-1.,0.,0.));
#15407=DIRECTION('ref_axis',(0.,0.,1.));
#15408=DIRECTION('',(0.,0.,1.));
#15409=DIRECTION('',(0.,0.,1.));
#15410=DIRECTION('center_axis',(0.,1.,0.));
#15411=DIRECTION('ref_axis',(0.,0.,1.));
#15412=DIRECTION('center_axis',(0.,0.,1.));
#15413=DIRECTION('ref_axis',(1.,0.,0.));
#15414=DIRECTION('',(-1.,0.,0.));
#15415=DIRECTION('',(0.,1.,0.));
#15416=DIRECTION('',(1.,0.,0.));
#15417=DIRECTION('',(0.,1.,0.));
#15418=DIRECTION('center_axis',(-1.,0.,0.));
#15419=DIRECTION('ref_axis',(0.,0.,1.));
#15420=DIRECTION('',(0.,0.,-1.));
#15421=DIRECTION('',(0.,0.,1.));
#15422=DIRECTION('',(0.,1.,0.));
#15423=DIRECTION('center_axis',(0.,0.,-1.));
#15424=DIRECTION('ref_axis',(-1.,0.,0.));
#15425=DIRECTION('',(1.,0.,0.));
#15426=DIRECTION('',(-1.,0.,0.));
#15427=DIRECTION('',(0.,1.,0.));
#15428=DIRECTION('center_axis',(1.,0.,0.));
#15429=DIRECTION('ref_axis',(0.,0.,-1.));
#15430=DIRECTION('',(0.,0.,1.));
#15431=DIRECTION('',(0.,0.,-1.));
#15432=DIRECTION('center_axis',(0.,0.,1.));
#15433=DIRECTION('ref_axis',(1.,0.,0.));
#15434=DIRECTION('',(-1.,0.,0.));
#15435=DIRECTION('',(0.,1.,0.));
#15436=DIRECTION('',(1.,0.,0.));
#15437=DIRECTION('',(0.,1.,0.));
#15438=DIRECTION('center_axis',(-1.,0.,0.));
#15439=DIRECTION('ref_axis',(0.,0.,1.));
#15440=DIRECTION('',(0.,0.,-1.));
#15441=DIRECTION('',(0.,0.,1.));
#15442=DIRECTION('',(0.,1.,0.));
#15443=DIRECTION('center_axis',(0.,0.,-1.));
#15444=DIRECTION('ref_axis',(-1.,0.,0.));
#15445=DIRECTION('',(1.,0.,0.));
#15446=DIRECTION('',(-1.,0.,0.));
#15447=DIRECTION('',(0.,1.,0.));
#15448=DIRECTION('center_axis',(1.,0.,0.));
#15449=DIRECTION('ref_axis',(0.,0.,-1.));
#15450=DIRECTION('',(0.,0.,1.));
#15451=DIRECTION('',(0.,0.,-1.));
#15452=DIRECTION('center_axis',(0.,0.,1.));
#15453=DIRECTION('ref_axis',(1.,0.,0.));
#15454=DIRECTION('',(-1.,0.,0.));
#15455=DIRECTION('',(0.,1.,0.));
#15456=DIRECTION('',(1.,0.,0.));
#15457=DIRECTION('',(0.,1.,0.));
#15458=DIRECTION('center_axis',(-1.,0.,0.));
#15459=DIRECTION('ref_axis',(0.,0.,1.));
#15460=DIRECTION('',(0.,0.,-1.));
#15461=DIRECTION('',(0.,0.,1.));
#15462=DIRECTION('',(0.,1.,0.));
#15463=DIRECTION('center_axis',(0.,0.,-1.));
#15464=DIRECTION('ref_axis',(-1.,0.,0.));
#15465=DIRECTION('',(1.,0.,0.));
#15466=DIRECTION('',(-1.,0.,0.));
#15467=DIRECTION('',(0.,1.,0.));
#15468=DIRECTION('center_axis',(1.,0.,0.));
#15469=DIRECTION('ref_axis',(0.,0.,-1.));
#15470=DIRECTION('',(0.,0.,1.));
#15471=DIRECTION('',(0.,0.,-1.));
#15472=DIRECTION('center_axis',(0.,0.,1.));
#15473=DIRECTION('ref_axis',(1.,0.,0.));
#15474=DIRECTION('',(-1.,0.,0.));
#15475=DIRECTION('',(0.,1.,0.));
#15476=DIRECTION('',(1.,0.,0.));
#15477=DIRECTION('',(0.,1.,0.));
#15478=DIRECTION('center_axis',(-1.,0.,0.));
#15479=DIRECTION('ref_axis',(0.,0.,1.));
#15480=DIRECTION('',(0.,0.,-1.));
#15481=DIRECTION('',(0.,0.,1.));
#15482=DIRECTION('',(0.,1.,0.));
#15483=DIRECTION('center_axis',(0.,0.,-1.));
#15484=DIRECTION('ref_axis',(-1.,0.,0.));
#15485=DIRECTION('',(1.,0.,0.));
#15486=DIRECTION('',(-1.,0.,0.));
#15487=DIRECTION('',(0.,1.,0.));
#15488=DIRECTION('center_axis',(1.,0.,0.));
#15489=DIRECTION('ref_axis',(0.,0.,-1.));
#15490=DIRECTION('',(0.,0.,1.));
#15491=DIRECTION('',(0.,0.,-1.));
#15492=DIRECTION('center_axis',(0.,0.,1.));
#15493=DIRECTION('ref_axis',(1.,0.,0.));
#15494=DIRECTION('',(-1.,0.,0.));
#15495=DIRECTION('',(0.,1.,0.));
#15496=DIRECTION('',(1.,0.,0.));
#15497=DIRECTION('',(0.,1.,0.));
#15498=DIRECTION('center_axis',(-1.,0.,0.));
#15499=DIRECTION('ref_axis',(0.,0.,1.));
#15500=DIRECTION('',(0.,0.,-1.));
#15501=DIRECTION('',(0.,0.,1.));
#15502=DIRECTION('',(0.,1.,0.));
#15503=DIRECTION('center_axis',(0.,0.,-1.));
#15504=DIRECTION('ref_axis',(-1.,0.,0.));
#15505=DIRECTION('',(1.,0.,0.));
#15506=DIRECTION('',(-1.,0.,0.));
#15507=DIRECTION('',(0.,1.,0.));
#15508=DIRECTION('center_axis',(1.,0.,0.));
#15509=DIRECTION('ref_axis',(0.,0.,-1.));
#15510=DIRECTION('',(0.,0.,1.));
#15511=DIRECTION('',(0.,0.,-1.));
#15512=DIRECTION('center_axis',(0.,0.,-1.));
#15513=DIRECTION('ref_axis',(-1.,0.,0.));
#15514=DIRECTION('',(-1.,0.,0.));
#15515=DIRECTION('',(0.,1.,0.));
#15516=DIRECTION('',(-1.,0.,0.));
#15517=DIRECTION('',(0.,1.,0.));
#15518=DIRECTION('center_axis',(1.,0.,0.));
#15519=DIRECTION('ref_axis',(0.,0.,-1.));
#15520=DIRECTION('',(0.,0.,-1.));
#15521=DIRECTION('',(0.,1.,0.));
#15522=DIRECTION('',(0.,0.,-1.));
#15523=DIRECTION('center_axis',(0.,0.,1.));
#15524=DIRECTION('ref_axis',(1.,0.,0.));
#15525=DIRECTION('',(1.,0.,0.));
#15526=DIRECTION('',(0.,1.,0.));
#15527=DIRECTION('',(1.,0.,0.));
#15528=DIRECTION('center_axis',(-1.,0.,0.));
#15529=DIRECTION('ref_axis',(0.,0.,1.));
#15530=DIRECTION('',(0.,0.,1.));
#15531=DIRECTION('',(0.,0.,1.));
#15532=DIRECTION('center_axis',(0.,1.,0.));
#15533=DIRECTION('ref_axis',(0.,0.,1.));
#15534=DIRECTION('center_axis',(0.,0.,1.));
#15535=DIRECTION('ref_axis',(1.,0.,0.));
#15536=DIRECTION('',(-1.,0.,0.));
#15537=DIRECTION('',(0.,1.,0.));
#15538=DIRECTION('',(1.,0.,0.));
#15539=DIRECTION('',(0.,1.,0.));
#15540=DIRECTION('center_axis',(-1.,0.,0.));
#15541=DIRECTION('ref_axis',(0.,0.,1.));
#15542=DIRECTION('',(0.,0.,-1.));
#15543=DIRECTION('',(0.,0.,1.));
#15544=DIRECTION('',(0.,1.,0.));
#15545=DIRECTION('center_axis',(0.,0.,-1.));
#15546=DIRECTION('ref_axis',(-1.,0.,0.));
#15547=DIRECTION('',(1.,0.,0.));
#15548=DIRECTION('',(-1.,0.,0.));
#15549=DIRECTION('',(0.,1.,0.));
#15550=DIRECTION('center_axis',(1.,0.,0.));
#15551=DIRECTION('ref_axis',(0.,0.,-1.));
#15552=DIRECTION('',(0.,0.,1.));
#15553=DIRECTION('',(0.,0.,-1.));
#15554=DIRECTION('center_axis',(0.,0.,-1.));
#15555=DIRECTION('ref_axis',(-1.,0.,0.));
#15556=DIRECTION('',(-1.,0.,0.));
#15557=DIRECTION('',(0.,1.,0.));
#15558=DIRECTION('',(-1.,0.,0.));
#15559=DIRECTION('',(0.,1.,0.));
#15560=DIRECTION('center_axis',(1.,0.,0.));
#15561=DIRECTION('ref_axis',(0.,0.,-1.));
#15562=DIRECTION('',(0.,0.,-1.));
#15563=DIRECTION('',(0.,1.,0.));
#15564=DIRECTION('',(0.,0.,-1.));
#15565=DIRECTION('center_axis',(0.,0.,1.));
#15566=DIRECTION('ref_axis',(1.,0.,0.));
#15567=DIRECTION('',(1.,0.,0.));
#15568=DIRECTION('',(0.,1.,0.));
#15569=DIRECTION('',(1.,0.,0.));
#15570=DIRECTION('center_axis',(-1.,0.,0.));
#15571=DIRECTION('ref_axis',(0.,0.,1.));
#15572=DIRECTION('',(0.,0.,1.));
#15573=DIRECTION('',(0.,0.,1.));
#15574=DIRECTION('center_axis',(0.,1.,0.));
#15575=DIRECTION('ref_axis',(0.,0.,1.));
#15576=DIRECTION('center_axis',(0.,0.,1.));
#15577=DIRECTION('ref_axis',(1.,0.,0.));
#15578=DIRECTION('',(-1.,0.,0.));
#15579=DIRECTION('',(0.,1.,0.));
#15580=DIRECTION('',(1.,0.,0.));
#15581=DIRECTION('',(0.,1.,0.));
#15582=DIRECTION('center_axis',(-1.,0.,0.));
#15583=DIRECTION('ref_axis',(0.,0.,1.));
#15584=DIRECTION('',(0.,0.,-1.));
#15585=DIRECTION('',(0.,0.,1.));
#15586=DIRECTION('',(0.,1.,0.));
#15587=DIRECTION('center_axis',(0.,0.,-1.));
#15588=DIRECTION('ref_axis',(-1.,0.,0.));
#15589=DIRECTION('',(1.,0.,0.));
#15590=DIRECTION('',(-1.,0.,0.));
#15591=DIRECTION('',(0.,1.,0.));
#15592=DIRECTION('center_axis',(1.,0.,0.));
#15593=DIRECTION('ref_axis',(0.,0.,-1.));
#15594=DIRECTION('',(0.,0.,1.));
#15595=DIRECTION('',(0.,0.,-1.));
#15596=DIRECTION('center_axis',(0.,0.,1.));
#15597=DIRECTION('ref_axis',(1.,0.,0.));
#15598=DIRECTION('',(-1.,0.,0.));
#15599=DIRECTION('',(0.,1.,0.));
#15600=DIRECTION('',(1.,0.,0.));
#15601=DIRECTION('',(0.,1.,0.));
#15602=DIRECTION('center_axis',(-1.,0.,0.));
#15603=DIRECTION('ref_axis',(0.,0.,1.));
#15604=DIRECTION('',(0.,0.,-1.));
#15605=DIRECTION('',(0.,0.,1.));
#15606=DIRECTION('',(0.,1.,0.));
#15607=DIRECTION('center_axis',(0.,0.,-1.));
#15608=DIRECTION('ref_axis',(-1.,0.,0.));
#15609=DIRECTION('',(1.,0.,0.));
#15610=DIRECTION('',(-1.,0.,0.));
#15611=DIRECTION('',(0.,1.,0.));
#15612=DIRECTION('center_axis',(1.,0.,0.));
#15613=DIRECTION('ref_axis',(0.,0.,-1.));
#15614=DIRECTION('',(0.,0.,1.));
#15615=DIRECTION('',(0.,0.,-1.));
#15616=DIRECTION('center_axis',(0.,0.,1.));
#15617=DIRECTION('ref_axis',(1.,0.,0.));
#15618=DIRECTION('',(-1.,0.,0.));
#15619=DIRECTION('',(0.,1.,0.));
#15620=DIRECTION('',(1.,0.,0.));
#15621=DIRECTION('',(0.,1.,0.));
#15622=DIRECTION('center_axis',(-1.,0.,0.));
#15623=DIRECTION('ref_axis',(0.,0.,1.));
#15624=DIRECTION('',(0.,0.,-1.));
#15625=DIRECTION('',(0.,0.,1.));
#15626=DIRECTION('',(0.,1.,0.));
#15627=DIRECTION('center_axis',(0.,0.,-1.));
#15628=DIRECTION('ref_axis',(-1.,0.,0.));
#15629=DIRECTION('',(1.,0.,0.));
#15630=DIRECTION('',(-1.,0.,0.));
#15631=DIRECTION('',(0.,1.,0.));
#15632=DIRECTION('center_axis',(1.,0.,0.));
#15633=DIRECTION('ref_axis',(0.,0.,-1.));
#15634=DIRECTION('',(0.,0.,1.));
#15635=DIRECTION('',(0.,0.,-1.));
#15636=DIRECTION('center_axis',(0.,0.,-1.));
#15637=DIRECTION('ref_axis',(-1.,0.,0.));
#15638=DIRECTION('',(-1.,0.,0.));
#15639=DIRECTION('',(0.,1.,0.));
#15640=DIRECTION('',(-1.,0.,0.));
#15641=DIRECTION('',(0.,1.,0.));
#15642=DIRECTION('center_axis',(1.,0.,0.));
#15643=DIRECTION('ref_axis',(0.,0.,-1.));
#15644=DIRECTION('',(0.,0.,-1.));
#15645=DIRECTION('',(0.,1.,0.));
#15646=DIRECTION('',(0.,0.,-1.));
#15647=DIRECTION('center_axis',(0.,0.,1.));
#15648=DIRECTION('ref_axis',(1.,0.,0.));
#15649=DIRECTION('',(1.,0.,0.));
#15650=DIRECTION('',(0.,1.,0.));
#15651=DIRECTION('',(1.,0.,0.));
#15652=DIRECTION('center_axis',(-1.,0.,0.));
#15653=DIRECTION('ref_axis',(0.,0.,1.));
#15654=DIRECTION('',(0.,0.,1.));
#15655=DIRECTION('',(0.,0.,1.));
#15656=DIRECTION('center_axis',(0.,1.,0.));
#15657=DIRECTION('ref_axis',(0.,0.,1.));
#15658=DIRECTION('center_axis',(0.,0.,1.));
#15659=DIRECTION('ref_axis',(1.,0.,0.));
#15660=DIRECTION('',(-1.,0.,0.));
#15661=DIRECTION('',(0.,1.,0.));
#15662=DIRECTION('',(1.,0.,0.));
#15663=DIRECTION('',(0.,1.,0.));
#15664=DIRECTION('center_axis',(-1.,0.,0.));
#15665=DIRECTION('ref_axis',(0.,0.,1.));
#15666=DIRECTION('',(0.,0.,-1.));
#15667=DIRECTION('',(0.,0.,1.));
#15668=DIRECTION('',(0.,1.,0.));
#15669=DIRECTION('center_axis',(0.,0.,-1.));
#15670=DIRECTION('ref_axis',(-1.,0.,0.));
#15671=DIRECTION('',(1.,0.,0.));
#15672=DIRECTION('',(-1.,0.,0.));
#15673=DIRECTION('',(0.,1.,0.));
#15674=DIRECTION('center_axis',(1.,0.,0.));
#15675=DIRECTION('ref_axis',(0.,0.,-1.));
#15676=DIRECTION('',(0.,0.,1.));
#15677=DIRECTION('',(0.,0.,-1.));
#15678=DIRECTION('center_axis',(0.,0.,-1.));
#15679=DIRECTION('ref_axis',(-1.,0.,0.));
#15680=DIRECTION('',(-1.,0.,0.));
#15681=DIRECTION('',(0.,1.,0.));
#15682=DIRECTION('',(-1.,0.,0.));
#15683=DIRECTION('',(0.,1.,0.));
#15684=DIRECTION('center_axis',(1.,0.,0.));
#15685=DIRECTION('ref_axis',(0.,0.,-1.));
#15686=DIRECTION('',(0.,0.,-1.));
#15687=DIRECTION('',(0.,1.,0.));
#15688=DIRECTION('',(0.,0.,-1.));
#15689=DIRECTION('center_axis',(0.,0.,1.));
#15690=DIRECTION('ref_axis',(1.,0.,0.));
#15691=DIRECTION('',(1.,0.,0.));
#15692=DIRECTION('',(0.,1.,0.));
#15693=DIRECTION('',(1.,0.,0.));
#15694=DIRECTION('center_axis',(-1.,0.,0.));
#15695=DIRECTION('ref_axis',(0.,0.,1.));
#15696=DIRECTION('',(0.,0.,1.));
#15697=DIRECTION('',(0.,0.,1.));
#15698=DIRECTION('center_axis',(0.,1.,0.));
#15699=DIRECTION('ref_axis',(0.,0.,1.));
#15700=DIRECTION('center_axis',(0.,0.,-1.));
#15701=DIRECTION('ref_axis',(-1.,0.,0.));
#15702=DIRECTION('',(-1.,0.,0.));
#15703=DIRECTION('',(0.,1.,0.));
#15704=DIRECTION('',(-1.,0.,0.));
#15705=DIRECTION('',(0.,1.,0.));
#15706=DIRECTION('center_axis',(1.,0.,0.));
#15707=DIRECTION('ref_axis',(0.,0.,-1.));
#15708=DIRECTION('',(0.,0.,-1.));
#15709=DIRECTION('',(0.,1.,0.));
#15710=DIRECTION('',(0.,0.,-1.));
#15711=DIRECTION('center_axis',(0.,0.,1.));
#15712=DIRECTION('ref_axis',(1.,0.,0.));
#15713=DIRECTION('',(1.,0.,0.));
#15714=DIRECTION('',(0.,1.,0.));
#15715=DIRECTION('',(1.,0.,0.));
#15716=DIRECTION('center_axis',(-1.,0.,0.));
#15717=DIRECTION('ref_axis',(0.,0.,1.));
#15718=DIRECTION('',(0.,0.,1.));
#15719=DIRECTION('',(0.,0.,1.));
#15720=DIRECTION('center_axis',(0.,1.,0.));
#15721=DIRECTION('ref_axis',(0.,0.,1.));
#15722=DIRECTION('center_axis',(0.,0.,1.));
#15723=DIRECTION('ref_axis',(1.,0.,0.));
#15724=DIRECTION('',(-1.,0.,0.));
#15725=DIRECTION('',(0.,1.,0.));
#15726=DIRECTION('',(1.,0.,0.));
#15727=DIRECTION('',(0.,1.,0.));
#15728=DIRECTION('center_axis',(-1.,0.,0.));
#15729=DIRECTION('ref_axis',(0.,0.,1.));
#15730=DIRECTION('',(0.,0.,-1.));
#15731=DIRECTION('',(0.,0.,1.));
#15732=DIRECTION('',(0.,1.,0.));
#15733=DIRECTION('center_axis',(0.,0.,-1.));
#15734=DIRECTION('ref_axis',(-1.,0.,0.));
#15735=DIRECTION('',(1.,0.,0.));
#15736=DIRECTION('',(-1.,0.,0.));
#15737=DIRECTION('',(0.,1.,0.));
#15738=DIRECTION('center_axis',(1.,0.,0.));
#15739=DIRECTION('ref_axis',(0.,0.,-1.));
#15740=DIRECTION('',(0.,0.,1.));
#15741=DIRECTION('',(0.,0.,-1.));
#15742=DIRECTION('center_axis',(0.,0.,1.));
#15743=DIRECTION('ref_axis',(1.,0.,0.));
#15744=DIRECTION('',(-1.,0.,0.));
#15745=DIRECTION('',(0.,1.,0.));
#15746=DIRECTION('',(1.,0.,0.));
#15747=DIRECTION('',(0.,1.,0.));
#15748=DIRECTION('center_axis',(-1.,0.,0.));
#15749=DIRECTION('ref_axis',(0.,0.,1.));
#15750=DIRECTION('',(0.,0.,-1.));
#15751=DIRECTION('',(0.,0.,1.));
#15752=DIRECTION('',(0.,1.,0.));
#15753=DIRECTION('center_axis',(0.,0.,-1.));
#15754=DIRECTION('ref_axis',(-1.,0.,0.));
#15755=DIRECTION('',(1.,0.,0.));
#15756=DIRECTION('',(-1.,0.,0.));
#15757=DIRECTION('',(0.,1.,0.));
#15758=DIRECTION('center_axis',(1.,0.,0.));
#15759=DIRECTION('ref_axis',(0.,0.,-1.));
#15760=DIRECTION('',(0.,0.,1.));
#15761=DIRECTION('',(0.,0.,-1.));
#15762=DIRECTION('center_axis',(0.,0.,1.));
#15763=DIRECTION('ref_axis',(1.,0.,0.));
#15764=DIRECTION('',(-1.,0.,0.));
#15765=DIRECTION('',(0.,1.,0.));
#15766=DIRECTION('',(1.,0.,0.));
#15767=DIRECTION('',(0.,1.,0.));
#15768=DIRECTION('center_axis',(-1.,0.,0.));
#15769=DIRECTION('ref_axis',(0.,0.,1.));
#15770=DIRECTION('',(0.,0.,-1.));
#15771=DIRECTION('',(0.,0.,1.));
#15772=DIRECTION('',(0.,1.,0.));
#15773=DIRECTION('center_axis',(0.,0.,-1.));
#15774=DIRECTION('ref_axis',(-1.,0.,0.));
#15775=DIRECTION('',(1.,0.,0.));
#15776=DIRECTION('',(-1.,0.,0.));
#15777=DIRECTION('',(0.,1.,0.));
#15778=DIRECTION('center_axis',(1.,0.,0.));
#15779=DIRECTION('ref_axis',(0.,0.,-1.));
#15780=DIRECTION('',(0.,0.,1.));
#15781=DIRECTION('',(0.,0.,-1.));
#15782=DIRECTION('center_axis',(0.,0.,1.));
#15783=DIRECTION('ref_axis',(1.,0.,0.));
#15784=DIRECTION('',(-1.,0.,0.));
#15785=DIRECTION('',(0.,1.,0.));
#15786=DIRECTION('',(1.,0.,0.));
#15787=DIRECTION('',(0.,1.,0.));
#15788=DIRECTION('center_axis',(-1.,0.,0.));
#15789=DIRECTION('ref_axis',(0.,0.,1.));
#15790=DIRECTION('',(0.,0.,-1.));
#15791=DIRECTION('',(0.,0.,1.));
#15792=DIRECTION('',(0.,1.,0.));
#15793=DIRECTION('center_axis',(0.,0.,-1.));
#15794=DIRECTION('ref_axis',(-1.,0.,0.));
#15795=DIRECTION('',(1.,0.,0.));
#15796=DIRECTION('',(-1.,0.,0.));
#15797=DIRECTION('',(0.,1.,0.));
#15798=DIRECTION('center_axis',(1.,0.,0.));
#15799=DIRECTION('ref_axis',(0.,0.,-1.));
#15800=DIRECTION('',(0.,0.,1.));
#15801=DIRECTION('',(0.,0.,-1.));
#15802=DIRECTION('center_axis',(0.,0.,-1.));
#15803=DIRECTION('ref_axis',(-1.,0.,0.));
#15804=DIRECTION('',(-1.,0.,0.));
#15805=DIRECTION('',(0.,1.,0.));
#15806=DIRECTION('',(-1.,0.,0.));
#15807=DIRECTION('',(0.,1.,0.));
#15808=DIRECTION('center_axis',(1.,0.,0.));
#15809=DIRECTION('ref_axis',(0.,0.,-1.));
#15810=DIRECTION('',(0.,0.,-1.));
#15811=DIRECTION('',(0.,1.,0.));
#15812=DIRECTION('',(0.,0.,-1.));
#15813=DIRECTION('center_axis',(0.,0.,1.));
#15814=DIRECTION('ref_axis',(1.,0.,0.));
#15815=DIRECTION('',(1.,0.,0.));
#15816=DIRECTION('',(0.,1.,0.));
#15817=DIRECTION('',(1.,0.,0.));
#15818=DIRECTION('center_axis',(-1.,0.,0.));
#15819=DIRECTION('ref_axis',(0.,0.,1.));
#15820=DIRECTION('',(0.,0.,1.));
#15821=DIRECTION('',(0.,0.,1.));
#15822=DIRECTION('center_axis',(0.,1.,0.));
#15823=DIRECTION('ref_axis',(0.,0.,1.));
#15824=DIRECTION('center_axis',(0.,0.,1.));
#15825=DIRECTION('ref_axis',(1.,0.,0.));
#15826=DIRECTION('',(-1.,0.,0.));
#15827=DIRECTION('',(0.,1.,0.));
#15828=DIRECTION('',(1.,0.,0.));
#15829=DIRECTION('',(0.,1.,0.));
#15830=DIRECTION('center_axis',(-1.,0.,0.));
#15831=DIRECTION('ref_axis',(0.,0.,1.));
#15832=DIRECTION('',(0.,0.,-1.));
#15833=DIRECTION('',(0.,0.,1.));
#15834=DIRECTION('',(0.,1.,0.));
#15835=DIRECTION('center_axis',(0.,0.,-1.));
#15836=DIRECTION('ref_axis',(-1.,0.,0.));
#15837=DIRECTION('',(1.,0.,0.));
#15838=DIRECTION('',(-1.,0.,0.));
#15839=DIRECTION('',(0.,1.,0.));
#15840=DIRECTION('center_axis',(1.,0.,0.));
#15841=DIRECTION('ref_axis',(0.,0.,-1.));
#15842=DIRECTION('',(0.,0.,1.));
#15843=DIRECTION('',(0.,0.,-1.));
#15844=DIRECTION('center_axis',(0.,0.,1.));
#15845=DIRECTION('ref_axis',(1.,0.,0.));
#15846=DIRECTION('',(-1.,0.,0.));
#15847=DIRECTION('',(0.,1.,0.));
#15848=DIRECTION('',(1.,0.,0.));
#15849=DIRECTION('',(0.,1.,0.));
#15850=DIRECTION('center_axis',(-1.,0.,0.));
#15851=DIRECTION('ref_axis',(0.,0.,1.));
#15852=DIRECTION('',(0.,0.,-1.));
#15853=DIRECTION('',(0.,0.,1.));
#15854=DIRECTION('',(0.,1.,0.));
#15855=DIRECTION('center_axis',(0.,0.,-1.));
#15856=DIRECTION('ref_axis',(-1.,0.,0.));
#15857=DIRECTION('',(1.,0.,0.));
#15858=DIRECTION('',(-1.,0.,0.));
#15859=DIRECTION('',(0.,1.,0.));
#15860=DIRECTION('center_axis',(1.,0.,0.));
#15861=DIRECTION('ref_axis',(0.,0.,-1.));
#15862=DIRECTION('',(0.,0.,1.));
#15863=DIRECTION('',(0.,0.,-1.));
#15864=DIRECTION('center_axis',(0.,0.,1.));
#15865=DIRECTION('ref_axis',(1.,0.,0.));
#15866=DIRECTION('',(-1.,0.,0.));
#15867=DIRECTION('',(0.,1.,0.));
#15868=DIRECTION('',(1.,0.,0.));
#15869=DIRECTION('',(0.,1.,0.));
#15870=DIRECTION('center_axis',(-1.,0.,0.));
#15871=DIRECTION('ref_axis',(0.,0.,1.));
#15872=DIRECTION('',(0.,0.,-1.));
#15873=DIRECTION('',(0.,0.,1.));
#15874=DIRECTION('',(0.,1.,0.));
#15875=DIRECTION('center_axis',(0.,0.,-1.));
#15876=DIRECTION('ref_axis',(-1.,0.,0.));
#15877=DIRECTION('',(1.,0.,0.));
#15878=DIRECTION('',(-1.,0.,0.));
#15879=DIRECTION('',(0.,1.,0.));
#15880=DIRECTION('center_axis',(1.,0.,0.));
#15881=DIRECTION('ref_axis',(0.,0.,-1.));
#15882=DIRECTION('',(0.,0.,1.));
#15883=DIRECTION('',(0.,0.,-1.));
#15884=DIRECTION('center_axis',(0.,0.,1.));
#15885=DIRECTION('ref_axis',(1.,0.,0.));
#15886=DIRECTION('',(-1.,0.,0.));
#15887=DIRECTION('',(0.,1.,0.));
#15888=DIRECTION('',(1.,0.,0.));
#15889=DIRECTION('',(0.,1.,0.));
#15890=DIRECTION('center_axis',(-1.,0.,0.));
#15891=DIRECTION('ref_axis',(0.,0.,1.));
#15892=DIRECTION('',(0.,0.,-1.));
#15893=DIRECTION('',(0.,0.,1.));
#15894=DIRECTION('',(0.,1.,0.));
#15895=DIRECTION('center_axis',(0.,0.,-1.));
#15896=DIRECTION('ref_axis',(-1.,0.,0.));
#15897=DIRECTION('',(1.,0.,0.));
#15898=DIRECTION('',(-1.,0.,0.));
#15899=DIRECTION('',(0.,1.,0.));
#15900=DIRECTION('center_axis',(1.,0.,0.));
#15901=DIRECTION('ref_axis',(0.,0.,-1.));
#15902=DIRECTION('',(0.,0.,1.));
#15903=DIRECTION('',(0.,0.,-1.));
#15904=DIRECTION('center_axis',(0.,0.,-1.));
#15905=DIRECTION('ref_axis',(-1.,0.,0.));
#15906=DIRECTION('',(-1.,0.,0.));
#15907=DIRECTION('',(0.,1.,0.));
#15908=DIRECTION('',(-1.,0.,0.));
#15909=DIRECTION('',(0.,1.,0.));
#15910=DIRECTION('center_axis',(1.,0.,0.));
#15911=DIRECTION('ref_axis',(0.,0.,-1.));
#15912=DIRECTION('',(0.,0.,-1.));
#15913=DIRECTION('',(0.,1.,0.));
#15914=DIRECTION('',(0.,0.,-1.));
#15915=DIRECTION('center_axis',(0.,0.,1.));
#15916=DIRECTION('ref_axis',(1.,0.,0.));
#15917=DIRECTION('',(1.,0.,0.));
#15918=DIRECTION('',(0.,1.,0.));
#15919=DIRECTION('',(1.,0.,0.));
#15920=DIRECTION('center_axis',(-1.,0.,0.));
#15921=DIRECTION('ref_axis',(0.,0.,1.));
#15922=DIRECTION('',(0.,0.,1.));
#15923=DIRECTION('',(0.,0.,1.));
#15924=DIRECTION('center_axis',(0.,1.,0.));
#15925=DIRECTION('ref_axis',(0.,0.,1.));
#15926=DIRECTION('center_axis',(0.,0.,1.));
#15927=DIRECTION('ref_axis',(1.,0.,0.));
#15928=DIRECTION('',(-1.,0.,0.));
#15929=DIRECTION('',(0.,1.,0.));
#15930=DIRECTION('',(1.,0.,0.));
#15931=DIRECTION('',(0.,1.,0.));
#15932=DIRECTION('center_axis',(-1.,0.,0.));
#15933=DIRECTION('ref_axis',(0.,0.,1.));
#15934=DIRECTION('',(0.,0.,-1.));
#15935=DIRECTION('',(0.,0.,1.));
#15936=DIRECTION('',(0.,1.,0.));
#15937=DIRECTION('center_axis',(0.,0.,-1.));
#15938=DIRECTION('ref_axis',(-1.,0.,0.));
#15939=DIRECTION('',(1.,0.,0.));
#15940=DIRECTION('',(-1.,0.,0.));
#15941=DIRECTION('',(0.,1.,0.));
#15942=DIRECTION('center_axis',(1.,0.,0.));
#15943=DIRECTION('ref_axis',(0.,0.,-1.));
#15944=DIRECTION('',(0.,0.,1.));
#15945=DIRECTION('',(0.,0.,-1.));
#15946=DIRECTION('center_axis',(0.,0.,1.));
#15947=DIRECTION('ref_axis',(1.,0.,0.));
#15948=DIRECTION('',(-1.,0.,0.));
#15949=DIRECTION('',(0.,1.,0.));
#15950=DIRECTION('',(1.,0.,0.));
#15951=DIRECTION('',(0.,1.,0.));
#15952=DIRECTION('center_axis',(-1.,0.,0.));
#15953=DIRECTION('ref_axis',(0.,0.,1.));
#15954=DIRECTION('',(0.,0.,-1.));
#15955=DIRECTION('',(0.,0.,1.));
#15956=DIRECTION('',(0.,1.,0.));
#15957=DIRECTION('center_axis',(0.,0.,-1.));
#15958=DIRECTION('ref_axis',(-1.,0.,0.));
#15959=DIRECTION('',(1.,0.,0.));
#15960=DIRECTION('',(-1.,0.,0.));
#15961=DIRECTION('',(0.,1.,0.));
#15962=DIRECTION('center_axis',(1.,0.,0.));
#15963=DIRECTION('ref_axis',(0.,0.,-1.));
#15964=DIRECTION('',(0.,0.,1.));
#15965=DIRECTION('',(0.,0.,-1.));
#15966=DIRECTION('center_axis',(0.,0.,-1.));
#15967=DIRECTION('ref_axis',(-1.,0.,0.));
#15968=DIRECTION('',(-1.,0.,0.));
#15969=DIRECTION('',(0.,1.,0.));
#15970=DIRECTION('',(-1.,0.,0.));
#15971=DIRECTION('',(0.,1.,0.));
#15972=DIRECTION('center_axis',(1.,0.,0.));
#15973=DIRECTION('ref_axis',(0.,0.,-1.));
#15974=DIRECTION('',(0.,0.,-1.));
#15975=DIRECTION('',(0.,1.,0.));
#15976=DIRECTION('',(0.,0.,-1.));
#15977=DIRECTION('center_axis',(0.,0.,1.));
#15978=DIRECTION('ref_axis',(1.,0.,0.));
#15979=DIRECTION('',(1.,0.,0.));
#15980=DIRECTION('',(0.,1.,0.));
#15981=DIRECTION('',(1.,0.,0.));
#15982=DIRECTION('center_axis',(-1.,0.,0.));
#15983=DIRECTION('ref_axis',(0.,0.,1.));
#15984=DIRECTION('',(0.,0.,1.));
#15985=DIRECTION('',(0.,0.,1.));
#15986=DIRECTION('center_axis',(0.,1.,0.));
#15987=DIRECTION('ref_axis',(0.,0.,1.));
#15988=DIRECTION('center_axis',(0.,0.,-1.));
#15989=DIRECTION('ref_axis',(-1.,0.,0.));
#15990=DIRECTION('',(-1.,0.,0.));
#15991=DIRECTION('',(0.,1.,0.));
#15992=DIRECTION('',(-1.,0.,0.));
#15993=DIRECTION('',(0.,1.,0.));
#15994=DIRECTION('center_axis',(1.,0.,0.));
#15995=DIRECTION('ref_axis',(0.,0.,-1.));
#15996=DIRECTION('',(0.,0.,-1.));
#15997=DIRECTION('',(0.,1.,0.));
#15998=DIRECTION('',(0.,0.,-1.));
#15999=DIRECTION('center_axis',(0.,0.,1.));
#16000=DIRECTION('ref_axis',(1.,0.,0.));
#16001=DIRECTION('',(1.,0.,0.));
#16002=DIRECTION('',(0.,1.,0.));
#16003=DIRECTION('',(1.,0.,0.));
#16004=DIRECTION('center_axis',(-1.,0.,0.));
#16005=DIRECTION('ref_axis',(0.,0.,1.));
#16006=DIRECTION('',(0.,0.,1.));
#16007=DIRECTION('',(0.,0.,1.));
#16008=DIRECTION('center_axis',(0.,1.,0.));
#16009=DIRECTION('ref_axis',(0.,0.,1.));
#16010=DIRECTION('center_axis',(0.,0.,1.));
#16011=DIRECTION('ref_axis',(1.,0.,0.));
#16012=DIRECTION('',(-1.,0.,0.));
#16013=DIRECTION('',(0.,1.,0.));
#16014=DIRECTION('',(1.,0.,0.));
#16015=DIRECTION('',(0.,1.,0.));
#16016=DIRECTION('center_axis',(-1.,0.,0.));
#16017=DIRECTION('ref_axis',(0.,0.,1.));
#16018=DIRECTION('',(0.,0.,-1.));
#16019=DIRECTION('',(0.,0.,1.));
#16020=DIRECTION('',(0.,1.,0.));
#16021=DIRECTION('center_axis',(0.,0.,-1.));
#16022=DIRECTION('ref_axis',(-1.,0.,0.));
#16023=DIRECTION('',(1.,0.,0.));
#16024=DIRECTION('',(-1.,0.,0.));
#16025=DIRECTION('',(0.,1.,0.));
#16026=DIRECTION('center_axis',(1.,0.,0.));
#16027=DIRECTION('ref_axis',(0.,0.,-1.));
#16028=DIRECTION('',(0.,0.,1.));
#16029=DIRECTION('',(0.,0.,-1.));
#16030=DIRECTION('center_axis',(0.,0.,-1.));
#16031=DIRECTION('ref_axis',(-1.,0.,0.));
#16032=DIRECTION('',(-1.,0.,0.));
#16033=DIRECTION('',(0.,1.,0.));
#16034=DIRECTION('',(-1.,0.,0.));
#16035=DIRECTION('',(0.,1.,0.));
#16036=DIRECTION('center_axis',(1.,0.,0.));
#16037=DIRECTION('ref_axis',(0.,0.,-1.));
#16038=DIRECTION('',(0.,0.,-1.));
#16039=DIRECTION('',(0.,1.,0.));
#16040=DIRECTION('',(0.,0.,-1.));
#16041=DIRECTION('center_axis',(0.,0.,1.));
#16042=DIRECTION('ref_axis',(1.,0.,0.));
#16043=DIRECTION('',(1.,0.,0.));
#16044=DIRECTION('',(0.,1.,0.));
#16045=DIRECTION('',(1.,0.,0.));
#16046=DIRECTION('center_axis',(-1.,0.,0.));
#16047=DIRECTION('ref_axis',(0.,0.,1.));
#16048=DIRECTION('',(0.,0.,1.));
#16049=DIRECTION('',(0.,0.,1.));
#16050=DIRECTION('center_axis',(0.,1.,0.));
#16051=DIRECTION('ref_axis',(0.,0.,1.));
#16052=DIRECTION('center_axis',(0.,0.,1.));
#16053=DIRECTION('ref_axis',(1.,0.,0.));
#16054=DIRECTION('',(-1.,0.,0.));
#16055=DIRECTION('',(0.,1.,0.));
#16056=DIRECTION('',(1.,0.,0.));
#16057=DIRECTION('',(0.,1.,0.));
#16058=DIRECTION('center_axis',(-1.,0.,0.));
#16059=DIRECTION('ref_axis',(0.,0.,1.));
#16060=DIRECTION('',(0.,0.,-1.));
#16061=DIRECTION('',(0.,0.,1.));
#16062=DIRECTION('',(0.,1.,0.));
#16063=DIRECTION('center_axis',(0.,0.,-1.));
#16064=DIRECTION('ref_axis',(-1.,0.,0.));
#16065=DIRECTION('',(1.,0.,0.));
#16066=DIRECTION('',(-1.,0.,0.));
#16067=DIRECTION('',(0.,1.,0.));
#16068=DIRECTION('center_axis',(1.,0.,0.));
#16069=DIRECTION('ref_axis',(0.,0.,-1.));
#16070=DIRECTION('',(0.,0.,1.));
#16071=DIRECTION('',(0.,0.,-1.));
#16072=DIRECTION('center_axis',(0.,0.,1.));
#16073=DIRECTION('ref_axis',(1.,0.,0.));
#16074=DIRECTION('',(-1.,0.,0.));
#16075=DIRECTION('',(0.,1.,0.));
#16076=DIRECTION('',(1.,0.,0.));
#16077=DIRECTION('',(0.,1.,0.));
#16078=DIRECTION('center_axis',(-1.,0.,0.));
#16079=DIRECTION('ref_axis',(0.,0.,1.));
#16080=DIRECTION('',(0.,0.,-1.));
#16081=DIRECTION('',(0.,0.,1.));
#16082=DIRECTION('',(0.,1.,0.));
#16083=DIRECTION('center_axis',(0.,0.,-1.));
#16084=DIRECTION('ref_axis',(-1.,0.,0.));
#16085=DIRECTION('',(1.,0.,0.));
#16086=DIRECTION('',(-1.,0.,0.));
#16087=DIRECTION('',(0.,1.,0.));
#16088=DIRECTION('center_axis',(1.,0.,0.));
#16089=DIRECTION('ref_axis',(0.,0.,-1.));
#16090=DIRECTION('',(0.,0.,1.));
#16091=DIRECTION('',(0.,0.,-1.));
#16092=DIRECTION('center_axis',(0.,0.,1.));
#16093=DIRECTION('ref_axis',(1.,0.,0.));
#16094=DIRECTION('',(-1.,0.,0.));
#16095=DIRECTION('',(0.,1.,0.));
#16096=DIRECTION('',(1.,0.,0.));
#16097=DIRECTION('',(0.,1.,0.));
#16098=DIRECTION('center_axis',(-1.,0.,0.));
#16099=DIRECTION('ref_axis',(0.,0.,1.));
#16100=DIRECTION('',(0.,0.,-1.));
#16101=DIRECTION('',(0.,0.,1.));
#16102=DIRECTION('',(0.,1.,0.));
#16103=DIRECTION('center_axis',(0.,0.,-1.));
#16104=DIRECTION('ref_axis',(-1.,0.,0.));
#16105=DIRECTION('',(1.,0.,0.));
#16106=DIRECTION('',(-1.,0.,0.));
#16107=DIRECTION('',(0.,1.,0.));
#16108=DIRECTION('center_axis',(1.,0.,0.));
#16109=DIRECTION('ref_axis',(0.,0.,-1.));
#16110=DIRECTION('',(0.,0.,1.));
#16111=DIRECTION('',(0.,0.,-1.));
#16112=DIRECTION('center_axis',(0.,0.,1.));
#16113=DIRECTION('ref_axis',(1.,0.,0.));
#16114=DIRECTION('',(-1.,0.,0.));
#16115=DIRECTION('',(0.,1.,0.));
#16116=DIRECTION('',(1.,0.,0.));
#16117=DIRECTION('',(0.,1.,0.));
#16118=DIRECTION('center_axis',(-1.,0.,0.));
#16119=DIRECTION('ref_axis',(0.,0.,1.));
#16120=DIRECTION('',(0.,0.,-1.));
#16121=DIRECTION('',(0.,0.,1.));
#16122=DIRECTION('',(0.,1.,0.));
#16123=DIRECTION('center_axis',(0.,0.,-1.));
#16124=DIRECTION('ref_axis',(-1.,0.,0.));
#16125=DIRECTION('',(1.,0.,0.));
#16126=DIRECTION('',(-1.,0.,0.));
#16127=DIRECTION('',(0.,1.,0.));
#16128=DIRECTION('center_axis',(1.,0.,0.));
#16129=DIRECTION('ref_axis',(0.,0.,-1.));
#16130=DIRECTION('',(0.,0.,1.));
#16131=DIRECTION('',(0.,0.,-1.));
#16132=DIRECTION('center_axis',(0.,0.,1.));
#16133=DIRECTION('ref_axis',(1.,0.,0.));
#16134=DIRECTION('',(-1.,0.,0.));
#16135=DIRECTION('',(0.,1.,0.));
#16136=DIRECTION('',(1.,0.,0.));
#16137=DIRECTION('',(0.,1.,0.));
#16138=DIRECTION('center_axis',(-1.,0.,0.));
#16139=DIRECTION('ref_axis',(0.,0.,1.));
#16140=DIRECTION('',(0.,0.,-1.));
#16141=DIRECTION('',(0.,0.,1.));
#16142=DIRECTION('',(0.,1.,0.));
#16143=DIRECTION('center_axis',(0.,0.,-1.));
#16144=DIRECTION('ref_axis',(-1.,0.,0.));
#16145=DIRECTION('',(1.,0.,0.));
#16146=DIRECTION('',(-1.,0.,0.));
#16147=DIRECTION('',(0.,1.,0.));
#16148=DIRECTION('center_axis',(1.,0.,0.));
#16149=DIRECTION('ref_axis',(0.,0.,-1.));
#16150=DIRECTION('',(0.,0.,1.));
#16151=DIRECTION('',(0.,0.,-1.));
#16152=DIRECTION('center_axis',(0.,0.,1.));
#16153=DIRECTION('ref_axis',(1.,0.,0.));
#16154=DIRECTION('',(-1.,0.,0.));
#16155=DIRECTION('',(0.,1.,0.));
#16156=DIRECTION('',(1.,0.,0.));
#16157=DIRECTION('',(0.,1.,0.));
#16158=DIRECTION('center_axis',(-1.,0.,0.));
#16159=DIRECTION('ref_axis',(0.,0.,1.));
#16160=DIRECTION('',(0.,0.,-1.));
#16161=DIRECTION('',(0.,0.,1.));
#16162=DIRECTION('',(0.,1.,0.));
#16163=DIRECTION('center_axis',(0.,0.,-1.));
#16164=DIRECTION('ref_axis',(-1.,0.,0.));
#16165=DIRECTION('',(1.,0.,0.));
#16166=DIRECTION('',(-1.,0.,0.));
#16167=DIRECTION('',(0.,1.,0.));
#16168=DIRECTION('center_axis',(1.,0.,0.));
#16169=DIRECTION('ref_axis',(0.,0.,-1.));
#16170=DIRECTION('',(0.,0.,1.));
#16171=DIRECTION('',(0.,0.,-1.));
#16172=DIRECTION('center_axis',(0.,0.,1.));
#16173=DIRECTION('ref_axis',(1.,0.,0.));
#16174=DIRECTION('',(-1.,0.,0.));
#16175=DIRECTION('',(0.,1.,0.));
#16176=DIRECTION('',(1.,0.,0.));
#16177=DIRECTION('',(0.,1.,0.));
#16178=DIRECTION('center_axis',(-1.,0.,0.));
#16179=DIRECTION('ref_axis',(0.,0.,1.));
#16180=DIRECTION('',(0.,0.,-1.));
#16181=DIRECTION('',(0.,0.,1.));
#16182=DIRECTION('',(0.,1.,0.));
#16183=DIRECTION('center_axis',(0.,0.,-1.));
#16184=DIRECTION('ref_axis',(-1.,0.,0.));
#16185=DIRECTION('',(1.,0.,0.));
#16186=DIRECTION('',(-1.,0.,0.));
#16187=DIRECTION('',(0.,1.,0.));
#16188=DIRECTION('center_axis',(1.,0.,0.));
#16189=DIRECTION('ref_axis',(0.,0.,-1.));
#16190=DIRECTION('',(0.,0.,1.));
#16191=DIRECTION('',(0.,0.,-1.));
#16192=DIRECTION('center_axis',(0.,0.,1.));
#16193=DIRECTION('ref_axis',(1.,0.,0.));
#16194=DIRECTION('',(-1.,0.,0.));
#16195=DIRECTION('',(0.,1.,0.));
#16196=DIRECTION('',(1.,0.,0.));
#16197=DIRECTION('',(0.,1.,0.));
#16198=DIRECTION('center_axis',(-1.,0.,0.));
#16199=DIRECTION('ref_axis',(0.,0.,1.));
#16200=DIRECTION('',(0.,0.,-1.));
#16201=DIRECTION('',(0.,0.,1.));
#16202=DIRECTION('',(0.,1.,0.));
#16203=DIRECTION('center_axis',(0.,0.,-1.));
#16204=DIRECTION('ref_axis',(-1.,0.,0.));
#16205=DIRECTION('',(1.,0.,0.));
#16206=DIRECTION('',(-1.,0.,0.));
#16207=DIRECTION('',(0.,1.,0.));
#16208=DIRECTION('center_axis',(1.,0.,0.));
#16209=DIRECTION('ref_axis',(0.,0.,-1.));
#16210=DIRECTION('',(0.,0.,1.));
#16211=DIRECTION('',(0.,0.,-1.));
#16212=DIRECTION('center_axis',(0.,0.,-1.));
#16213=DIRECTION('ref_axis',(-1.,0.,0.));
#16214=DIRECTION('',(-1.,0.,0.));
#16215=DIRECTION('',(0.,1.,0.));
#16216=DIRECTION('',(-1.,0.,0.));
#16217=DIRECTION('',(0.,1.,0.));
#16218=DIRECTION('center_axis',(1.,0.,0.));
#16219=DIRECTION('ref_axis',(0.,0.,-1.));
#16220=DIRECTION('',(0.,0.,-1.));
#16221=DIRECTION('',(0.,1.,0.));
#16222=DIRECTION('',(0.,0.,-1.));
#16223=DIRECTION('center_axis',(0.,0.,1.));
#16224=DIRECTION('ref_axis',(1.,0.,0.));
#16225=DIRECTION('',(1.,0.,0.));
#16226=DIRECTION('',(0.,1.,0.));
#16227=DIRECTION('',(1.,0.,0.));
#16228=DIRECTION('center_axis',(-1.,0.,0.));
#16229=DIRECTION('ref_axis',(0.,0.,1.));
#16230=DIRECTION('',(0.,0.,1.));
#16231=DIRECTION('',(0.,0.,1.));
#16232=DIRECTION('center_axis',(0.,1.,0.));
#16233=DIRECTION('ref_axis',(0.,0.,1.));
#16234=DIRECTION('center_axis',(0.,0.,1.));
#16235=DIRECTION('ref_axis',(1.,0.,0.));
#16236=DIRECTION('',(-1.,0.,0.));
#16237=DIRECTION('',(0.,1.,0.));
#16238=DIRECTION('',(1.,0.,0.));
#16239=DIRECTION('',(0.,1.,0.));
#16240=DIRECTION('center_axis',(-1.,0.,0.));
#16241=DIRECTION('ref_axis',(0.,0.,1.));
#16242=DIRECTION('',(0.,0.,-1.));
#16243=DIRECTION('',(0.,0.,1.));
#16244=DIRECTION('',(0.,1.,0.));
#16245=DIRECTION('center_axis',(0.,0.,-1.));
#16246=DIRECTION('ref_axis',(-1.,0.,0.));
#16247=DIRECTION('',(1.,0.,0.));
#16248=DIRECTION('',(-1.,0.,0.));
#16249=DIRECTION('',(0.,1.,0.));
#16250=DIRECTION('center_axis',(1.,0.,0.));
#16251=DIRECTION('ref_axis',(0.,0.,-1.));
#16252=DIRECTION('',(0.,0.,1.));
#16253=DIRECTION('',(0.,0.,-1.));
#16254=DIRECTION('center_axis',(0.,0.,1.));
#16255=DIRECTION('ref_axis',(1.,0.,0.));
#16256=DIRECTION('',(-1.,0.,0.));
#16257=DIRECTION('',(0.,1.,0.));
#16258=DIRECTION('',(1.,0.,0.));
#16259=DIRECTION('',(0.,1.,0.));
#16260=DIRECTION('center_axis',(-1.,0.,0.));
#16261=DIRECTION('ref_axis',(0.,0.,1.));
#16262=DIRECTION('',(0.,0.,-1.));
#16263=DIRECTION('',(0.,0.,1.));
#16264=DIRECTION('',(0.,1.,0.));
#16265=DIRECTION('center_axis',(0.,0.,-1.));
#16266=DIRECTION('ref_axis',(-1.,0.,0.));
#16267=DIRECTION('',(1.,0.,0.));
#16268=DIRECTION('',(-1.,0.,0.));
#16269=DIRECTION('',(0.,1.,0.));
#16270=DIRECTION('center_axis',(1.,0.,0.));
#16271=DIRECTION('ref_axis',(0.,0.,-1.));
#16272=DIRECTION('',(0.,0.,1.));
#16273=DIRECTION('',(0.,0.,-1.));
#16274=DIRECTION('center_axis',(0.,0.,1.));
#16275=DIRECTION('ref_axis',(1.,0.,0.));
#16276=DIRECTION('',(-1.,0.,0.));
#16277=DIRECTION('',(0.,1.,0.));
#16278=DIRECTION('',(1.,0.,0.));
#16279=DIRECTION('',(0.,1.,0.));
#16280=DIRECTION('center_axis',(-1.,0.,0.));
#16281=DIRECTION('ref_axis',(0.,0.,1.));
#16282=DIRECTION('',(0.,0.,-1.));
#16283=DIRECTION('',(0.,0.,1.));
#16284=DIRECTION('',(0.,1.,0.));
#16285=DIRECTION('center_axis',(0.,0.,-1.));
#16286=DIRECTION('ref_axis',(-1.,0.,0.));
#16287=DIRECTION('',(1.,0.,0.));
#16288=DIRECTION('',(-1.,0.,0.));
#16289=DIRECTION('',(0.,1.,0.));
#16290=DIRECTION('center_axis',(1.,0.,0.));
#16291=DIRECTION('ref_axis',(0.,0.,-1.));
#16292=DIRECTION('',(0.,0.,1.));
#16293=DIRECTION('',(0.,0.,-1.));
#16294=DIRECTION('center_axis',(0.,0.,1.));
#16295=DIRECTION('ref_axis',(1.,0.,0.));
#16296=DIRECTION('',(-1.,0.,0.));
#16297=DIRECTION('',(0.,1.,0.));
#16298=DIRECTION('',(1.,0.,0.));
#16299=DIRECTION('',(0.,1.,0.));
#16300=DIRECTION('center_axis',(-1.,0.,0.));
#16301=DIRECTION('ref_axis',(0.,0.,1.));
#16302=DIRECTION('',(0.,0.,-1.));
#16303=DIRECTION('',(0.,0.,1.));
#16304=DIRECTION('',(0.,1.,0.));
#16305=DIRECTION('center_axis',(0.,0.,-1.));
#16306=DIRECTION('ref_axis',(-1.,0.,0.));
#16307=DIRECTION('',(1.,0.,0.));
#16308=DIRECTION('',(-1.,0.,0.));
#16309=DIRECTION('',(0.,1.,0.));
#16310=DIRECTION('center_axis',(1.,0.,0.));
#16311=DIRECTION('ref_axis',(0.,0.,-1.));
#16312=DIRECTION('',(0.,0.,1.));
#16313=DIRECTION('',(0.,0.,-1.));
#16314=DIRECTION('center_axis',(0.,0.,1.));
#16315=DIRECTION('ref_axis',(1.,0.,0.));
#16316=DIRECTION('',(-1.,0.,0.));
#16317=DIRECTION('',(0.,1.,0.));
#16318=DIRECTION('',(1.,0.,0.));
#16319=DIRECTION('',(0.,1.,0.));
#16320=DIRECTION('center_axis',(-1.,0.,0.));
#16321=DIRECTION('ref_axis',(0.,0.,1.));
#16322=DIRECTION('',(0.,0.,-1.));
#16323=DIRECTION('',(0.,0.,1.));
#16324=DIRECTION('',(0.,1.,0.));
#16325=DIRECTION('center_axis',(0.,0.,-1.));
#16326=DIRECTION('ref_axis',(-1.,0.,0.));
#16327=DIRECTION('',(1.,0.,0.));
#16328=DIRECTION('',(-1.,0.,0.));
#16329=DIRECTION('',(0.,1.,0.));
#16330=DIRECTION('center_axis',(1.,0.,0.));
#16331=DIRECTION('ref_axis',(0.,0.,-1.));
#16332=DIRECTION('',(0.,0.,1.));
#16333=DIRECTION('',(0.,0.,-1.));
#16334=DIRECTION('center_axis',(0.,0.,1.));
#16335=DIRECTION('ref_axis',(1.,0.,0.));
#16336=DIRECTION('',(-1.,0.,0.));
#16337=DIRECTION('',(0.,1.,0.));
#16338=DIRECTION('',(1.,0.,0.));
#16339=DIRECTION('',(0.,1.,0.));
#16340=DIRECTION('center_axis',(-1.,0.,0.));
#16341=DIRECTION('ref_axis',(0.,0.,1.));
#16342=DIRECTION('',(0.,0.,-1.));
#16343=DIRECTION('',(0.,0.,1.));
#16344=DIRECTION('',(0.,1.,0.));
#16345=DIRECTION('center_axis',(0.,0.,-1.));
#16346=DIRECTION('ref_axis',(-1.,0.,0.));
#16347=DIRECTION('',(1.,0.,0.));
#16348=DIRECTION('',(-1.,0.,0.));
#16349=DIRECTION('',(0.,1.,0.));
#16350=DIRECTION('center_axis',(1.,0.,0.));
#16351=DIRECTION('ref_axis',(0.,0.,-1.));
#16352=DIRECTION('',(0.,0.,1.));
#16353=DIRECTION('',(0.,0.,-1.));
#16354=DIRECTION('center_axis',(0.,0.,-1.));
#16355=DIRECTION('ref_axis',(-1.,0.,0.));
#16356=DIRECTION('',(-1.,0.,0.));
#16357=DIRECTION('',(0.,1.,0.));
#16358=DIRECTION('',(-1.,0.,0.));
#16359=DIRECTION('',(0.,1.,0.));
#16360=DIRECTION('center_axis',(1.,0.,0.));
#16361=DIRECTION('ref_axis',(0.,0.,-1.));
#16362=DIRECTION('',(0.,0.,-1.));
#16363=DIRECTION('',(0.,1.,0.));
#16364=DIRECTION('',(0.,0.,-1.));
#16365=DIRECTION('center_axis',(0.,0.,1.));
#16366=DIRECTION('ref_axis',(1.,0.,0.));
#16367=DIRECTION('',(1.,0.,0.));
#16368=DIRECTION('',(0.,1.,0.));
#16369=DIRECTION('',(1.,0.,0.));
#16370=DIRECTION('center_axis',(-1.,0.,0.));
#16371=DIRECTION('ref_axis',(0.,0.,1.));
#16372=DIRECTION('',(0.,0.,1.));
#16373=DIRECTION('',(0.,0.,1.));
#16374=DIRECTION('center_axis',(0.,1.,0.));
#16375=DIRECTION('ref_axis',(0.,0.,1.));
#16376=DIRECTION('center_axis',(0.,0.,1.));
#16377=DIRECTION('ref_axis',(1.,0.,0.));
#16378=DIRECTION('',(-1.,0.,0.));
#16379=DIRECTION('',(0.,1.,0.));
#16380=DIRECTION('',(1.,0.,0.));
#16381=DIRECTION('',(0.,1.,0.));
#16382=DIRECTION('center_axis',(-1.,0.,0.));
#16383=DIRECTION('ref_axis',(0.,0.,1.));
#16384=DIRECTION('',(0.,0.,-1.));
#16385=DIRECTION('',(0.,0.,1.));
#16386=DIRECTION('',(0.,1.,0.));
#16387=DIRECTION('center_axis',(0.,0.,-1.));
#16388=DIRECTION('ref_axis',(-1.,0.,0.));
#16389=DIRECTION('',(1.,0.,0.));
#16390=DIRECTION('',(-1.,0.,0.));
#16391=DIRECTION('',(0.,1.,0.));
#16392=DIRECTION('center_axis',(1.,0.,0.));
#16393=DIRECTION('ref_axis',(0.,0.,-1.));
#16394=DIRECTION('',(0.,0.,1.));
#16395=DIRECTION('',(0.,0.,-1.));
#16396=DIRECTION('center_axis',(0.,0.,1.));
#16397=DIRECTION('ref_axis',(1.,0.,0.));
#16398=DIRECTION('',(-1.,0.,0.));
#16399=DIRECTION('',(0.,1.,0.));
#16400=DIRECTION('',(1.,0.,0.));
#16401=DIRECTION('',(0.,1.,0.));
#16402=DIRECTION('center_axis',(-1.,0.,0.));
#16403=DIRECTION('ref_axis',(0.,0.,1.));
#16404=DIRECTION('',(0.,0.,-1.));
#16405=DIRECTION('',(0.,0.,1.));
#16406=DIRECTION('',(0.,1.,0.));
#16407=DIRECTION('center_axis',(0.,0.,-1.));
#16408=DIRECTION('ref_axis',(-1.,0.,0.));
#16409=DIRECTION('',(1.,0.,0.));
#16410=DIRECTION('',(-1.,0.,0.));
#16411=DIRECTION('',(0.,1.,0.));
#16412=DIRECTION('center_axis',(1.,0.,0.));
#16413=DIRECTION('ref_axis',(0.,0.,-1.));
#16414=DIRECTION('',(0.,0.,1.));
#16415=DIRECTION('',(0.,0.,-1.));
#16416=DIRECTION('center_axis',(0.,0.,-1.));
#16417=DIRECTION('ref_axis',(-1.,0.,0.));
#16418=DIRECTION('',(-1.,0.,0.));
#16419=DIRECTION('',(0.,1.,0.));
#16420=DIRECTION('',(-1.,0.,0.));
#16421=DIRECTION('',(0.,1.,0.));
#16422=DIRECTION('center_axis',(1.,0.,0.));
#16423=DIRECTION('ref_axis',(0.,0.,-1.));
#16424=DIRECTION('',(0.,0.,-1.));
#16425=DIRECTION('',(0.,1.,0.));
#16426=DIRECTION('',(0.,0.,-1.));
#16427=DIRECTION('center_axis',(0.,0.,1.));
#16428=DIRECTION('ref_axis',(1.,0.,0.));
#16429=DIRECTION('',(1.,0.,0.));
#16430=DIRECTION('',(0.,1.,0.));
#16431=DIRECTION('',(1.,0.,0.));
#16432=DIRECTION('center_axis',(-1.,0.,0.));
#16433=DIRECTION('ref_axis',(0.,0.,1.));
#16434=DIRECTION('',(0.,0.,1.));
#16435=DIRECTION('',(0.,0.,1.));
#16436=DIRECTION('center_axis',(0.,1.,0.));
#16437=DIRECTION('ref_axis',(0.,0.,1.));
#16438=DIRECTION('center_axis',(0.,0.,1.));
#16439=DIRECTION('ref_axis',(1.,0.,0.));
#16440=DIRECTION('',(-1.,0.,0.));
#16441=DIRECTION('',(0.,1.,0.));
#16442=DIRECTION('',(1.,0.,0.));
#16443=DIRECTION('',(0.,1.,0.));
#16444=DIRECTION('center_axis',(-1.,0.,0.));
#16445=DIRECTION('ref_axis',(0.,0.,1.));
#16446=DIRECTION('',(0.,0.,-1.));
#16447=DIRECTION('',(0.,0.,1.));
#16448=DIRECTION('',(0.,1.,0.));
#16449=DIRECTION('center_axis',(0.,0.,-1.));
#16450=DIRECTION('ref_axis',(-1.,0.,0.));
#16451=DIRECTION('',(1.,0.,0.));
#16452=DIRECTION('',(-1.,0.,0.));
#16453=DIRECTION('',(0.,1.,0.));
#16454=DIRECTION('center_axis',(1.,0.,0.));
#16455=DIRECTION('ref_axis',(0.,0.,-1.));
#16456=DIRECTION('',(0.,0.,1.));
#16457=DIRECTION('',(0.,0.,-1.));
#16458=DIRECTION('center_axis',(0.,0.,1.));
#16459=DIRECTION('ref_axis',(1.,0.,0.));
#16460=DIRECTION('',(-1.,0.,0.));
#16461=DIRECTION('',(0.,1.,0.));
#16462=DIRECTION('',(1.,0.,0.));
#16463=DIRECTION('',(0.,1.,0.));
#16464=DIRECTION('center_axis',(-1.,0.,0.));
#16465=DIRECTION('ref_axis',(0.,0.,1.));
#16466=DIRECTION('',(0.,0.,-1.));
#16467=DIRECTION('',(0.,0.,1.));
#16468=DIRECTION('',(0.,1.,0.));
#16469=DIRECTION('center_axis',(0.,0.,-1.));
#16470=DIRECTION('ref_axis',(-1.,0.,0.));
#16471=DIRECTION('',(1.,0.,0.));
#16472=DIRECTION('',(-1.,0.,0.));
#16473=DIRECTION('',(0.,1.,0.));
#16474=DIRECTION('center_axis',(1.,0.,0.));
#16475=DIRECTION('ref_axis',(0.,0.,-1.));
#16476=DIRECTION('',(0.,0.,1.));
#16477=DIRECTION('',(0.,0.,-1.));
#16478=DIRECTION('center_axis',(0.,0.,-1.));
#16479=DIRECTION('ref_axis',(-1.,0.,0.));
#16480=DIRECTION('',(-1.,0.,0.));
#16481=DIRECTION('',(0.,1.,0.));
#16482=DIRECTION('',(-1.,0.,0.));
#16483=DIRECTION('',(0.,1.,0.));
#16484=DIRECTION('center_axis',(1.,0.,0.));
#16485=DIRECTION('ref_axis',(0.,0.,-1.));
#16486=DIRECTION('',(0.,0.,-1.));
#16487=DIRECTION('',(0.,1.,0.));
#16488=DIRECTION('',(0.,0.,-1.));
#16489=DIRECTION('center_axis',(0.,0.,1.));
#16490=DIRECTION('ref_axis',(1.,0.,0.));
#16491=DIRECTION('',(1.,0.,0.));
#16492=DIRECTION('',(0.,1.,0.));
#16493=DIRECTION('',(1.,0.,0.));
#16494=DIRECTION('center_axis',(-1.,0.,0.));
#16495=DIRECTION('ref_axis',(0.,0.,1.));
#16496=DIRECTION('',(0.,0.,1.));
#16497=DIRECTION('',(0.,0.,1.));
#16498=DIRECTION('center_axis',(0.,1.,0.));
#16499=DIRECTION('ref_axis',(0.,0.,1.));
#16500=DIRECTION('center_axis',(0.,0.,1.));
#16501=DIRECTION('ref_axis',(1.,0.,0.));
#16502=DIRECTION('',(-1.,0.,0.));
#16503=DIRECTION('',(0.,1.,0.));
#16504=DIRECTION('',(1.,0.,0.));
#16505=DIRECTION('',(0.,1.,0.));
#16506=DIRECTION('center_axis',(-1.,0.,0.));
#16507=DIRECTION('ref_axis',(0.,0.,1.));
#16508=DIRECTION('',(0.,0.,-1.));
#16509=DIRECTION('',(0.,0.,1.));
#16510=DIRECTION('',(0.,1.,0.));
#16511=DIRECTION('center_axis',(0.,0.,-1.));
#16512=DIRECTION('ref_axis',(-1.,0.,0.));
#16513=DIRECTION('',(1.,0.,0.));
#16514=DIRECTION('',(-1.,0.,0.));
#16515=DIRECTION('',(0.,1.,0.));
#16516=DIRECTION('center_axis',(1.,0.,0.));
#16517=DIRECTION('ref_axis',(0.,0.,-1.));
#16518=DIRECTION('',(0.,0.,1.));
#16519=DIRECTION('',(0.,0.,-1.));
#16520=DIRECTION('center_axis',(0.,0.,-1.));
#16521=DIRECTION('ref_axis',(-1.,0.,0.));
#16522=DIRECTION('',(-1.,0.,0.));
#16523=DIRECTION('',(0.,1.,0.));
#16524=DIRECTION('',(-1.,0.,0.));
#16525=DIRECTION('',(0.,1.,0.));
#16526=DIRECTION('center_axis',(1.,0.,0.));
#16527=DIRECTION('ref_axis',(0.,0.,-1.));
#16528=DIRECTION('',(0.,0.,-1.));
#16529=DIRECTION('',(0.,1.,0.));
#16530=DIRECTION('',(0.,0.,-1.));
#16531=DIRECTION('center_axis',(0.,0.,1.));
#16532=DIRECTION('ref_axis',(1.,0.,0.));
#16533=DIRECTION('',(1.,0.,0.));
#16534=DIRECTION('',(0.,1.,0.));
#16535=DIRECTION('',(1.,0.,0.));
#16536=DIRECTION('center_axis',(-1.,0.,0.));
#16537=DIRECTION('ref_axis',(0.,0.,1.));
#16538=DIRECTION('',(0.,0.,1.));
#16539=DIRECTION('',(0.,0.,1.));
#16540=DIRECTION('center_axis',(0.,1.,0.));
#16541=DIRECTION('ref_axis',(0.,0.,1.));
#16542=DIRECTION('center_axis',(0.,0.,1.));
#16543=DIRECTION('ref_axis',(1.,0.,0.));
#16544=DIRECTION('',(-1.,0.,0.));
#16545=DIRECTION('',(0.,1.,0.));
#16546=DIRECTION('',(1.,0.,0.));
#16547=DIRECTION('',(0.,1.,0.));
#16548=DIRECTION('center_axis',(-1.,0.,0.));
#16549=DIRECTION('ref_axis',(0.,0.,1.));
#16550=DIRECTION('',(0.,0.,-1.));
#16551=DIRECTION('',(0.,0.,1.));
#16552=DIRECTION('',(0.,1.,0.));
#16553=DIRECTION('center_axis',(0.,0.,-1.));
#16554=DIRECTION('ref_axis',(-1.,0.,0.));
#16555=DIRECTION('',(1.,0.,0.));
#16556=DIRECTION('',(-1.,0.,0.));
#16557=DIRECTION('',(0.,1.,0.));
#16558=DIRECTION('center_axis',(1.,0.,0.));
#16559=DIRECTION('ref_axis',(0.,0.,-1.));
#16560=DIRECTION('',(0.,0.,1.));
#16561=DIRECTION('',(0.,0.,-1.));
#16562=DIRECTION('center_axis',(0.,0.,1.));
#16563=DIRECTION('ref_axis',(1.,0.,0.));
#16564=DIRECTION('',(-1.,0.,0.));
#16565=DIRECTION('',(0.,1.,0.));
#16566=DIRECTION('',(1.,0.,0.));
#16567=DIRECTION('',(0.,1.,0.));
#16568=DIRECTION('center_axis',(-1.,0.,0.));
#16569=DIRECTION('ref_axis',(0.,0.,1.));
#16570=DIRECTION('',(0.,0.,-1.));
#16571=DIRECTION('',(0.,0.,1.));
#16572=DIRECTION('',(0.,1.,0.));
#16573=DIRECTION('center_axis',(0.,0.,-1.));
#16574=DIRECTION('ref_axis',(-1.,0.,0.));
#16575=DIRECTION('',(1.,0.,0.));
#16576=DIRECTION('',(-1.,0.,0.));
#16577=DIRECTION('',(0.,1.,0.));
#16578=DIRECTION('center_axis',(1.,0.,0.));
#16579=DIRECTION('ref_axis',(0.,0.,-1.));
#16580=DIRECTION('',(0.,0.,1.));
#16581=DIRECTION('',(0.,0.,-1.));
#16582=DIRECTION('center_axis',(0.,0.,-1.));
#16583=DIRECTION('ref_axis',(-1.,0.,0.));
#16584=DIRECTION('',(-1.,0.,0.));
#16585=DIRECTION('',(0.,1.,0.));
#16586=DIRECTION('',(-1.,0.,0.));
#16587=DIRECTION('',(0.,1.,0.));
#16588=DIRECTION('center_axis',(1.,0.,0.));
#16589=DIRECTION('ref_axis',(0.,0.,-1.));
#16590=DIRECTION('',(0.,0.,-1.));
#16591=DIRECTION('',(0.,1.,0.));
#16592=DIRECTION('',(0.,0.,-1.));
#16593=DIRECTION('center_axis',(0.,0.,1.));
#16594=DIRECTION('ref_axis',(1.,0.,0.));
#16595=DIRECTION('',(1.,0.,0.));
#16596=DIRECTION('',(0.,1.,0.));
#16597=DIRECTION('',(1.,0.,0.));
#16598=DIRECTION('center_axis',(-1.,0.,0.));
#16599=DIRECTION('ref_axis',(0.,0.,1.));
#16600=DIRECTION('',(0.,0.,1.));
#16601=DIRECTION('',(0.,0.,1.));
#16602=DIRECTION('center_axis',(0.,1.,0.));
#16603=DIRECTION('ref_axis',(0.,0.,1.));
#16604=DIRECTION('center_axis',(0.,0.,1.));
#16605=DIRECTION('ref_axis',(1.,0.,0.));
#16606=DIRECTION('',(-1.,0.,0.));
#16607=DIRECTION('',(0.,1.,0.));
#16608=DIRECTION('',(1.,0.,0.));
#16609=DIRECTION('',(0.,1.,0.));
#16610=DIRECTION('center_axis',(-1.,0.,0.));
#16611=DIRECTION('ref_axis',(0.,0.,1.));
#16612=DIRECTION('',(0.,0.,-1.));
#16613=DIRECTION('',(0.,0.,1.));
#16614=DIRECTION('',(0.,1.,0.));
#16615=DIRECTION('center_axis',(0.,0.,-1.));
#16616=DIRECTION('ref_axis',(-1.,0.,0.));
#16617=DIRECTION('',(1.,0.,0.));
#16618=DIRECTION('',(-1.,0.,0.));
#16619=DIRECTION('',(0.,1.,0.));
#16620=DIRECTION('center_axis',(1.,0.,0.));
#16621=DIRECTION('ref_axis',(0.,0.,-1.));
#16622=DIRECTION('',(0.,0.,1.));
#16623=DIRECTION('',(0.,0.,-1.));
#16624=DIRECTION('center_axis',(0.,0.,1.));
#16625=DIRECTION('ref_axis',(1.,0.,0.));
#16626=DIRECTION('',(-1.,0.,0.));
#16627=DIRECTION('',(0.,1.,0.));
#16628=DIRECTION('',(1.,0.,0.));
#16629=DIRECTION('',(0.,1.,0.));
#16630=DIRECTION('center_axis',(-1.,0.,0.));
#16631=DIRECTION('ref_axis',(0.,0.,1.));
#16632=DIRECTION('',(0.,0.,-1.));
#16633=DIRECTION('',(0.,0.,1.));
#16634=DIRECTION('',(0.,1.,0.));
#16635=DIRECTION('center_axis',(0.,0.,-1.));
#16636=DIRECTION('ref_axis',(-1.,0.,0.));
#16637=DIRECTION('',(1.,0.,0.));
#16638=DIRECTION('',(-1.,0.,0.));
#16639=DIRECTION('',(0.,1.,0.));
#16640=DIRECTION('center_axis',(1.,0.,0.));
#16641=DIRECTION('ref_axis',(0.,0.,-1.));
#16642=DIRECTION('',(0.,0.,1.));
#16643=DIRECTION('',(0.,0.,-1.));
#16644=DIRECTION('center_axis',(0.,0.,1.));
#16645=DIRECTION('ref_axis',(1.,0.,0.));
#16646=DIRECTION('',(-1.,0.,0.));
#16647=DIRECTION('',(0.,1.,0.));
#16648=DIRECTION('',(1.,0.,0.));
#16649=DIRECTION('',(0.,1.,0.));
#16650=DIRECTION('center_axis',(-1.,0.,0.));
#16651=DIRECTION('ref_axis',(0.,0.,1.));
#16652=DIRECTION('',(0.,0.,-1.));
#16653=DIRECTION('',(0.,0.,1.));
#16654=DIRECTION('',(0.,1.,0.));
#16655=DIRECTION('center_axis',(0.,0.,-1.));
#16656=DIRECTION('ref_axis',(-1.,0.,0.));
#16657=DIRECTION('',(1.,0.,0.));
#16658=DIRECTION('',(-1.,0.,0.));
#16659=DIRECTION('',(0.,1.,0.));
#16660=DIRECTION('center_axis',(1.,0.,0.));
#16661=DIRECTION('ref_axis',(0.,0.,-1.));
#16662=DIRECTION('',(0.,0.,1.));
#16663=DIRECTION('',(0.,0.,-1.));
#16664=DIRECTION('center_axis',(0.,0.,1.));
#16665=DIRECTION('ref_axis',(1.,0.,0.));
#16666=DIRECTION('',(-1.,0.,0.));
#16667=DIRECTION('',(0.,1.,0.));
#16668=DIRECTION('',(1.,0.,0.));
#16669=DIRECTION('',(0.,1.,0.));
#16670=DIRECTION('center_axis',(-1.,0.,0.));
#16671=DIRECTION('ref_axis',(0.,0.,1.));
#16672=DIRECTION('',(0.,0.,-1.));
#16673=DIRECTION('',(0.,0.,1.));
#16674=DIRECTION('',(0.,1.,0.));
#16675=DIRECTION('center_axis',(0.,0.,-1.));
#16676=DIRECTION('ref_axis',(-1.,0.,0.));
#16677=DIRECTION('',(1.,0.,0.));
#16678=DIRECTION('',(-1.,0.,0.));
#16679=DIRECTION('',(0.,1.,0.));
#16680=DIRECTION('center_axis',(1.,0.,0.));
#16681=DIRECTION('ref_axis',(0.,0.,-1.));
#16682=DIRECTION('',(0.,0.,1.));
#16683=DIRECTION('',(0.,0.,-1.));
#16684=DIRECTION('center_axis',(0.,0.,-1.));
#16685=DIRECTION('ref_axis',(-1.,0.,0.));
#16686=DIRECTION('',(-1.,0.,0.));
#16687=DIRECTION('',(0.,1.,0.));
#16688=DIRECTION('',(-1.,0.,0.));
#16689=DIRECTION('',(0.,1.,0.));
#16690=DIRECTION('center_axis',(1.,0.,0.));
#16691=DIRECTION('ref_axis',(0.,0.,-1.));
#16692=DIRECTION('',(0.,0.,-1.));
#16693=DIRECTION('',(0.,1.,0.));
#16694=DIRECTION('',(0.,0.,-1.));
#16695=DIRECTION('center_axis',(0.,0.,1.));
#16696=DIRECTION('ref_axis',(1.,0.,0.));
#16697=DIRECTION('',(1.,0.,0.));
#16698=DIRECTION('',(0.,1.,0.));
#16699=DIRECTION('',(1.,0.,0.));
#16700=DIRECTION('center_axis',(-1.,0.,0.));
#16701=DIRECTION('ref_axis',(0.,0.,1.));
#16702=DIRECTION('',(0.,0.,1.));
#16703=DIRECTION('',(0.,0.,1.));
#16704=DIRECTION('center_axis',(0.,1.,0.));
#16705=DIRECTION('ref_axis',(0.,0.,1.));
#16706=DIRECTION('center_axis',(-1.,0.,0.));
#16707=DIRECTION('ref_axis',(0.,0.,1.));
#16708=DIRECTION('',(0.,0.,-1.));
#16709=DIRECTION('',(0.,1.,0.));
#16710=DIRECTION('',(0.,0.,1.));
#16711=DIRECTION('',(0.,1.,0.));
#16712=DIRECTION('center_axis',(0.,0.,-1.));
#16713=DIRECTION('ref_axis',(-1.,0.,0.));
#16714=DIRECTION('',(1.,0.,0.));
#16715=DIRECTION('',(-1.,0.,0.));
#16716=DIRECTION('',(0.,1.,0.));
#16717=DIRECTION('center_axis',(1.,0.,0.));
#16718=DIRECTION('ref_axis',(0.,0.,-1.));
#16719=DIRECTION('',(0.,0.,1.));
#16720=DIRECTION('',(0.,0.,-1.));
#16721=DIRECTION('',(0.,1.,0.));
#16722=DIRECTION('center_axis',(0.,0.,1.));
#16723=DIRECTION('ref_axis',(1.,0.,0.));
#16724=DIRECTION('',(-1.,0.,0.));
#16725=DIRECTION('',(1.,0.,0.));
#16726=DIRECTION('center_axis',(0.,0.,1.));
#16727=DIRECTION('ref_axis',(1.,0.,0.));
#16728=DIRECTION('',(-1.,0.,0.));
#16729=DIRECTION('',(0.,1.,0.));
#16730=DIRECTION('',(1.,0.,0.));
#16731=DIRECTION('',(0.,1.,0.));
#16732=DIRECTION('center_axis',(-1.,0.,0.));
#16733=DIRECTION('ref_axis',(0.,0.,1.));
#16734=DIRECTION('',(0.,0.,-1.));
#16735=DIRECTION('',(0.,0.,1.));
#16736=DIRECTION('',(0.,1.,0.));
#16737=DIRECTION('center_axis',(0.,0.,-1.));
#16738=DIRECTION('ref_axis',(-1.,0.,0.));
#16739=DIRECTION('',(1.,0.,0.));
#16740=DIRECTION('',(-1.,0.,0.));
#16741=DIRECTION('',(0.,1.,0.));
#16742=DIRECTION('center_axis',(1.,0.,0.));
#16743=DIRECTION('ref_axis',(0.,0.,-1.));
#16744=DIRECTION('',(0.,0.,1.));
#16745=DIRECTION('',(0.,0.,-1.));
#16746=DIRECTION('center_axis',(0.,0.,-1.));
#16747=DIRECTION('ref_axis',(-1.,0.,0.));
#16748=DIRECTION('',(-1.,0.,0.));
#16749=DIRECTION('',(0.,1.,0.));
#16750=DIRECTION('',(-1.,0.,0.));
#16751=DIRECTION('',(0.,1.,0.));
#16752=DIRECTION('center_axis',(1.,0.,0.));
#16753=DIRECTION('ref_axis',(0.,0.,-1.));
#16754=DIRECTION('',(0.,0.,-1.));
#16755=DIRECTION('',(0.,1.,0.));
#16756=DIRECTION('',(0.,0.,-1.));
#16757=DIRECTION('center_axis',(0.,0.,1.));
#16758=DIRECTION('ref_axis',(1.,0.,0.));
#16759=DIRECTION('',(1.,0.,0.));
#16760=DIRECTION('',(0.,1.,0.));
#16761=DIRECTION('',(1.,0.,0.));
#16762=DIRECTION('center_axis',(-1.,0.,0.));
#16763=DIRECTION('ref_axis',(0.,0.,1.));
#16764=DIRECTION('',(0.,0.,1.));
#16765=DIRECTION('',(0.,0.,1.));
#16766=DIRECTION('center_axis',(0.,1.,0.));
#16767=DIRECTION('ref_axis',(0.,0.,1.));
#16768=DIRECTION('center_axis',(0.,0.,1.));
#16769=DIRECTION('ref_axis',(1.,0.,0.));
#16770=DIRECTION('',(-1.,0.,0.));
#16771=DIRECTION('',(0.,1.,0.));
#16772=DIRECTION('',(1.,0.,0.));
#16773=DIRECTION('',(0.,1.,0.));
#16774=DIRECTION('center_axis',(-1.,0.,0.));
#16775=DIRECTION('ref_axis',(0.,0.,1.));
#16776=DIRECTION('',(0.,0.,-1.));
#16777=DIRECTION('',(0.,0.,1.));
#16778=DIRECTION('',(0.,1.,0.));
#16779=DIRECTION('center_axis',(0.,0.,-1.));
#16780=DIRECTION('ref_axis',(-1.,0.,0.));
#16781=DIRECTION('',(1.,0.,0.));
#16782=DIRECTION('',(-1.,0.,0.));
#16783=DIRECTION('',(0.,1.,0.));
#16784=DIRECTION('center_axis',(1.,0.,0.));
#16785=DIRECTION('ref_axis',(0.,0.,-1.));
#16786=DIRECTION('',(0.,0.,1.));
#16787=DIRECTION('',(0.,0.,-1.));
#16788=DIRECTION('center_axis',(0.,0.,1.));
#16789=DIRECTION('ref_axis',(1.,0.,0.));
#16790=DIRECTION('',(-1.,0.,0.));
#16791=DIRECTION('',(0.,1.,0.));
#16792=DIRECTION('',(1.,0.,0.));
#16793=DIRECTION('',(0.,1.,0.));
#16794=DIRECTION('center_axis',(-1.,0.,0.));
#16795=DIRECTION('ref_axis',(0.,0.,1.));
#16796=DIRECTION('',(0.,0.,-1.));
#16797=DIRECTION('',(0.,0.,1.));
#16798=DIRECTION('',(0.,1.,0.));
#16799=DIRECTION('center_axis',(0.,0.,-1.));
#16800=DIRECTION('ref_axis',(-1.,0.,0.));
#16801=DIRECTION('',(1.,0.,0.));
#16802=DIRECTION('',(-1.,0.,0.));
#16803=DIRECTION('',(0.,1.,0.));
#16804=DIRECTION('center_axis',(1.,0.,0.));
#16805=DIRECTION('ref_axis',(0.,0.,-1.));
#16806=DIRECTION('',(0.,0.,1.));
#16807=DIRECTION('',(0.,0.,-1.));
#16808=DIRECTION('center_axis',(0.,0.,1.));
#16809=DIRECTION('ref_axis',(1.,0.,0.));
#16810=DIRECTION('',(-1.,0.,0.));
#16811=DIRECTION('',(0.,1.,0.));
#16812=DIRECTION('',(1.,0.,0.));
#16813=DIRECTION('',(0.,1.,0.));
#16814=DIRECTION('center_axis',(-1.,0.,0.));
#16815=DIRECTION('ref_axis',(0.,0.,1.));
#16816=DIRECTION('',(0.,0.,-1.));
#16817=DIRECTION('',(0.,0.,1.));
#16818=DIRECTION('',(0.,1.,0.));
#16819=DIRECTION('center_axis',(0.,0.,-1.));
#16820=DIRECTION('ref_axis',(-1.,0.,0.));
#16821=DIRECTION('',(1.,0.,0.));
#16822=DIRECTION('',(-1.,0.,0.));
#16823=DIRECTION('',(0.,1.,0.));
#16824=DIRECTION('center_axis',(1.,0.,0.));
#16825=DIRECTION('ref_axis',(0.,0.,-1.));
#16826=DIRECTION('',(0.,0.,1.));
#16827=DIRECTION('',(0.,0.,-1.));
#16828=DIRECTION('center_axis',(0.,0.,1.));
#16829=DIRECTION('ref_axis',(1.,0.,0.));
#16830=DIRECTION('',(-1.,0.,0.));
#16831=DIRECTION('',(0.,1.,0.));
#16832=DIRECTION('',(1.,0.,0.));
#16833=DIRECTION('',(0.,1.,0.));
#16834=DIRECTION('center_axis',(-1.,0.,0.));
#16835=DIRECTION('ref_axis',(0.,0.,1.));
#16836=DIRECTION('',(0.,0.,-1.));
#16837=DIRECTION('',(0.,0.,1.));
#16838=DIRECTION('',(0.,1.,0.));
#16839=DIRECTION('center_axis',(0.,0.,-1.));
#16840=DIRECTION('ref_axis',(-1.,0.,0.));
#16841=DIRECTION('',(1.,0.,0.));
#16842=DIRECTION('',(-1.,0.,0.));
#16843=DIRECTION('',(0.,1.,0.));
#16844=DIRECTION('center_axis',(1.,0.,0.));
#16845=DIRECTION('ref_axis',(0.,0.,-1.));
#16846=DIRECTION('',(0.,0.,1.));
#16847=DIRECTION('',(0.,0.,-1.));
#16848=DIRECTION('center_axis',(0.,0.,-1.));
#16849=DIRECTION('ref_axis',(-1.,0.,0.));
#16850=DIRECTION('',(-1.,0.,0.));
#16851=DIRECTION('',(0.,1.,0.));
#16852=DIRECTION('',(-1.,0.,0.));
#16853=DIRECTION('',(0.,1.,0.));
#16854=DIRECTION('center_axis',(1.,0.,0.));
#16855=DIRECTION('ref_axis',(0.,0.,-1.));
#16856=DIRECTION('',(0.,0.,-1.));
#16857=DIRECTION('',(0.,1.,0.));
#16858=DIRECTION('',(0.,0.,-1.));
#16859=DIRECTION('center_axis',(0.,0.,1.));
#16860=DIRECTION('ref_axis',(1.,0.,0.));
#16861=DIRECTION('',(1.,0.,0.));
#16862=DIRECTION('',(0.,1.,0.));
#16863=DIRECTION('',(1.,0.,0.));
#16864=DIRECTION('center_axis',(-1.,0.,0.));
#16865=DIRECTION('ref_axis',(0.,0.,1.));
#16866=DIRECTION('',(0.,0.,1.));
#16867=DIRECTION('',(0.,0.,1.));
#16868=DIRECTION('center_axis',(0.,1.,0.));
#16869=DIRECTION('ref_axis',(0.,0.,1.));
#16870=DIRECTION('center_axis',(0.,0.,1.));
#16871=DIRECTION('ref_axis',(1.,0.,0.));
#16872=DIRECTION('',(-1.,0.,0.));
#16873=DIRECTION('',(0.,1.,0.));
#16874=DIRECTION('',(1.,0.,0.));
#16875=DIRECTION('',(0.,1.,0.));
#16876=DIRECTION('center_axis',(-1.,0.,0.));
#16877=DIRECTION('ref_axis',(0.,0.,1.));
#16878=DIRECTION('',(0.,0.,-1.));
#16879=DIRECTION('',(0.,0.,1.));
#16880=DIRECTION('',(0.,1.,0.));
#16881=DIRECTION('center_axis',(0.,0.,-1.));
#16882=DIRECTION('ref_axis',(-1.,0.,0.));
#16883=DIRECTION('',(1.,0.,0.));
#16884=DIRECTION('',(-1.,0.,0.));
#16885=DIRECTION('',(0.,1.,0.));
#16886=DIRECTION('center_axis',(1.,0.,0.));
#16887=DIRECTION('ref_axis',(0.,0.,-1.));
#16888=DIRECTION('',(0.,0.,1.));
#16889=DIRECTION('',(0.,0.,-1.));
#16890=DIRECTION('center_axis',(0.,0.,-1.));
#16891=DIRECTION('ref_axis',(-1.,0.,0.));
#16892=DIRECTION('',(-1.,0.,0.));
#16893=DIRECTION('',(0.,1.,0.));
#16894=DIRECTION('',(-1.,0.,0.));
#16895=DIRECTION('',(0.,1.,0.));
#16896=DIRECTION('center_axis',(1.,0.,0.));
#16897=DIRECTION('ref_axis',(0.,0.,-1.));
#16898=DIRECTION('',(0.,0.,-1.));
#16899=DIRECTION('',(0.,1.,0.));
#16900=DIRECTION('',(0.,0.,-1.));
#16901=DIRECTION('center_axis',(0.,0.,1.));
#16902=DIRECTION('ref_axis',(1.,0.,0.));
#16903=DIRECTION('',(1.,0.,0.));
#16904=DIRECTION('',(0.,1.,0.));
#16905=DIRECTION('',(1.,0.,0.));
#16906=DIRECTION('center_axis',(-1.,0.,0.));
#16907=DIRECTION('ref_axis',(0.,0.,1.));
#16908=DIRECTION('',(0.,0.,1.));
#16909=DIRECTION('',(0.,0.,1.));
#16910=DIRECTION('center_axis',(0.,1.,0.));
#16911=DIRECTION('ref_axis',(0.,0.,1.));
#16912=DIRECTION('center_axis',(0.,0.,1.));
#16913=DIRECTION('ref_axis',(1.,0.,0.));
#16914=DIRECTION('',(-1.,0.,0.));
#16915=DIRECTION('',(0.,1.,0.));
#16916=DIRECTION('',(1.,0.,0.));
#16917=DIRECTION('',(0.,1.,0.));
#16918=DIRECTION('center_axis',(-1.,0.,0.));
#16919=DIRECTION('ref_axis',(0.,0.,1.));
#16920=DIRECTION('',(0.,0.,-1.));
#16921=DIRECTION('',(0.,0.,1.));
#16922=DIRECTION('',(0.,1.,0.));
#16923=DIRECTION('center_axis',(0.,0.,-1.));
#16924=DIRECTION('ref_axis',(-1.,0.,0.));
#16925=DIRECTION('',(1.,0.,0.));
#16926=DIRECTION('',(-1.,0.,0.));
#16927=DIRECTION('',(0.,1.,0.));
#16928=DIRECTION('center_axis',(1.,0.,0.));
#16929=DIRECTION('ref_axis',(0.,0.,-1.));
#16930=DIRECTION('',(0.,0.,1.));
#16931=DIRECTION('',(0.,0.,-1.));
#16932=DIRECTION('center_axis',(0.,0.,1.));
#16933=DIRECTION('ref_axis',(1.,0.,0.));
#16934=DIRECTION('',(-1.,0.,0.));
#16935=DIRECTION('',(0.,1.,0.));
#16936=DIRECTION('',(1.,0.,0.));
#16937=DIRECTION('',(0.,1.,0.));
#16938=DIRECTION('center_axis',(-1.,0.,0.));
#16939=DIRECTION('ref_axis',(0.,0.,1.));
#16940=DIRECTION('',(0.,0.,-1.));
#16941=DIRECTION('',(0.,0.,1.));
#16942=DIRECTION('',(0.,1.,0.));
#16943=DIRECTION('center_axis',(0.,0.,-1.));
#16944=DIRECTION('ref_axis',(-1.,0.,0.));
#16945=DIRECTION('',(1.,0.,0.));
#16946=DIRECTION('',(-1.,0.,0.));
#16947=DIRECTION('',(0.,1.,0.));
#16948=DIRECTION('center_axis',(1.,0.,0.));
#16949=DIRECTION('ref_axis',(0.,0.,-1.));
#16950=DIRECTION('',(0.,0.,1.));
#16951=DIRECTION('',(0.,0.,-1.));
#16952=DIRECTION('center_axis',(0.,0.,1.));
#16953=DIRECTION('ref_axis',(1.,0.,0.));
#16954=DIRECTION('',(-1.,0.,0.));
#16955=DIRECTION('',(0.,1.,0.));
#16956=DIRECTION('',(1.,0.,0.));
#16957=DIRECTION('',(0.,1.,0.));
#16958=DIRECTION('center_axis',(-1.,0.,0.));
#16959=DIRECTION('ref_axis',(0.,0.,1.));
#16960=DIRECTION('',(0.,0.,-1.));
#16961=DIRECTION('',(0.,0.,1.));
#16962=DIRECTION('',(0.,1.,0.));
#16963=DIRECTION('center_axis',(0.,0.,-1.));
#16964=DIRECTION('ref_axis',(-1.,0.,0.));
#16965=DIRECTION('',(1.,0.,0.));
#16966=DIRECTION('',(-1.,0.,0.));
#16967=DIRECTION('',(0.,1.,0.));
#16968=DIRECTION('center_axis',(1.,0.,0.));
#16969=DIRECTION('ref_axis',(0.,0.,-1.));
#16970=DIRECTION('',(0.,0.,1.));
#16971=DIRECTION('',(0.,0.,-1.));
#16972=DIRECTION('center_axis',(0.,0.,-1.));
#16973=DIRECTION('ref_axis',(-1.,0.,0.));
#16974=DIRECTION('',(-1.,0.,0.));
#16975=DIRECTION('',(0.,1.,0.));
#16976=DIRECTION('',(-1.,0.,0.));
#16977=DIRECTION('',(0.,1.,0.));
#16978=DIRECTION('center_axis',(1.,0.,0.));
#16979=DIRECTION('ref_axis',(0.,0.,-1.));
#16980=DIRECTION('',(0.,0.,-1.));
#16981=DIRECTION('',(0.,1.,0.));
#16982=DIRECTION('',(0.,0.,-1.));
#16983=DIRECTION('center_axis',(0.,0.,1.));
#16984=DIRECTION('ref_axis',(1.,0.,0.));
#16985=DIRECTION('',(1.,0.,0.));
#16986=DIRECTION('',(0.,1.,0.));
#16987=DIRECTION('',(1.,0.,0.));
#16988=DIRECTION('center_axis',(-1.,0.,0.));
#16989=DIRECTION('ref_axis',(0.,0.,1.));
#16990=DIRECTION('',(0.,0.,1.));
#16991=DIRECTION('',(0.,0.,1.));
#16992=DIRECTION('center_axis',(0.,1.,0.));
#16993=DIRECTION('ref_axis',(0.,0.,1.));
#16994=DIRECTION('center_axis',(0.,0.,-1.));
#16995=DIRECTION('ref_axis',(-1.,0.,0.));
#16996=DIRECTION('',(-1.,0.,0.));
#16997=DIRECTION('',(0.,1.,0.));
#16998=DIRECTION('',(-1.,0.,0.));
#16999=DIRECTION('',(0.,1.,0.));
#17000=DIRECTION('center_axis',(1.,0.,0.));
#17001=DIRECTION('ref_axis',(0.,0.,-1.));
#17002=DIRECTION('',(0.,0.,-1.));
#17003=DIRECTION('',(0.,1.,0.));
#17004=DIRECTION('',(0.,0.,-1.));
#17005=DIRECTION('center_axis',(0.,0.,1.));
#17006=DIRECTION('ref_axis',(1.,0.,0.));
#17007=DIRECTION('',(1.,0.,0.));
#17008=DIRECTION('',(0.,1.,0.));
#17009=DIRECTION('',(1.,0.,0.));
#17010=DIRECTION('center_axis',(-1.,0.,0.));
#17011=DIRECTION('ref_axis',(0.,0.,1.));
#17012=DIRECTION('',(0.,0.,1.));
#17013=DIRECTION('',(0.,0.,1.));
#17014=DIRECTION('center_axis',(0.,1.,0.));
#17015=DIRECTION('ref_axis',(0.,0.,1.));
#17016=DIRECTION('center_axis',(0.,0.,1.));
#17017=DIRECTION('ref_axis',(1.,0.,0.));
#17018=DIRECTION('',(-1.,0.,0.));
#17019=DIRECTION('',(0.,1.,0.));
#17020=DIRECTION('',(1.,0.,0.));
#17021=DIRECTION('',(0.,1.,0.));
#17022=DIRECTION('center_axis',(-1.,0.,0.));
#17023=DIRECTION('ref_axis',(0.,0.,1.));
#17024=DIRECTION('',(0.,0.,-1.));
#17025=DIRECTION('',(0.,0.,1.));
#17026=DIRECTION('',(0.,1.,0.));
#17027=DIRECTION('center_axis',(0.,0.,-1.));
#17028=DIRECTION('ref_axis',(-1.,0.,0.));
#17029=DIRECTION('',(1.,0.,0.));
#17030=DIRECTION('',(-1.,0.,0.));
#17031=DIRECTION('',(0.,1.,0.));
#17032=DIRECTION('center_axis',(1.,0.,0.));
#17033=DIRECTION('ref_axis',(0.,0.,-1.));
#17034=DIRECTION('',(0.,0.,1.));
#17035=DIRECTION('',(0.,0.,-1.));
#17036=DIRECTION('center_axis',(0.,0.,1.));
#17037=DIRECTION('ref_axis',(1.,0.,0.));
#17038=DIRECTION('',(-1.,0.,0.));
#17039=DIRECTION('',(0.,1.,0.));
#17040=DIRECTION('',(1.,0.,0.));
#17041=DIRECTION('',(0.,1.,0.));
#17042=DIRECTION('center_axis',(-1.,0.,0.));
#17043=DIRECTION('ref_axis',(0.,0.,1.));
#17044=DIRECTION('',(0.,0.,-1.));
#17045=DIRECTION('',(0.,0.,1.));
#17046=DIRECTION('',(0.,1.,0.));
#17047=DIRECTION('center_axis',(0.,0.,-1.));
#17048=DIRECTION('ref_axis',(-1.,0.,0.));
#17049=DIRECTION('',(1.,0.,0.));
#17050=DIRECTION('',(-1.,0.,0.));
#17051=DIRECTION('',(0.,1.,0.));
#17052=DIRECTION('center_axis',(1.,0.,0.));
#17053=DIRECTION('ref_axis',(0.,0.,-1.));
#17054=DIRECTION('',(0.,0.,1.));
#17055=DIRECTION('',(0.,0.,-1.));
#17056=DIRECTION('center_axis',(0.,0.,1.));
#17057=DIRECTION('ref_axis',(1.,0.,0.));
#17058=DIRECTION('',(-1.,0.,0.));
#17059=DIRECTION('',(0.,1.,0.));
#17060=DIRECTION('',(1.,0.,0.));
#17061=DIRECTION('',(0.,1.,0.));
#17062=DIRECTION('center_axis',(-1.,0.,0.));
#17063=DIRECTION('ref_axis',(0.,0.,1.));
#17064=DIRECTION('',(0.,0.,-1.));
#17065=DIRECTION('',(0.,0.,1.));
#17066=DIRECTION('',(0.,1.,0.));
#17067=DIRECTION('center_axis',(0.,0.,-1.));
#17068=DIRECTION('ref_axis',(-1.,0.,0.));
#17069=DIRECTION('',(1.,0.,0.));
#17070=DIRECTION('',(-1.,0.,0.));
#17071=DIRECTION('',(0.,1.,0.));
#17072=DIRECTION('center_axis',(1.,0.,0.));
#17073=DIRECTION('ref_axis',(0.,0.,-1.));
#17074=DIRECTION('',(0.,0.,1.));
#17075=DIRECTION('',(0.,0.,-1.));
#17076=DIRECTION('center_axis',(0.,0.,1.));
#17077=DIRECTION('ref_axis',(1.,0.,0.));
#17078=DIRECTION('',(-1.,0.,0.));
#17079=DIRECTION('',(0.,1.,0.));
#17080=DIRECTION('',(1.,0.,0.));
#17081=DIRECTION('',(0.,1.,0.));
#17082=DIRECTION('center_axis',(-1.,0.,0.));
#17083=DIRECTION('ref_axis',(0.,0.,1.));
#17084=DIRECTION('',(0.,0.,-1.));
#17085=DIRECTION('',(0.,0.,1.));
#17086=DIRECTION('',(0.,1.,0.));
#17087=DIRECTION('center_axis',(0.,0.,-1.));
#17088=DIRECTION('ref_axis',(-1.,0.,0.));
#17089=DIRECTION('',(1.,0.,0.));
#17090=DIRECTION('',(-1.,0.,0.));
#17091=DIRECTION('',(0.,1.,0.));
#17092=DIRECTION('center_axis',(1.,0.,0.));
#17093=DIRECTION('ref_axis',(0.,0.,-1.));
#17094=DIRECTION('',(0.,0.,1.));
#17095=DIRECTION('',(0.,0.,-1.));
#17096=DIRECTION('center_axis',(1.,0.,0.));
#17097=DIRECTION('ref_axis',(0.,-1.,0.));
#17098=DIRECTION('',(0.,0.,-1.));
#17099=DIRECTION('',(0.,0.,1.));
#17100=DIRECTION('center_axis',(0.,1.,0.));
#17101=DIRECTION('ref_axis',(1.,0.,0.));
#17102=DIRECTION('',(0.,0.,-1.));
#17103=DIRECTION('center_axis',(1.,0.,0.));
#17104=DIRECTION('ref_axis',(0.,-1.,0.));
#17105=DIRECTION('',(0.,0.,-1.));
#17106=DIRECTION('',(0.,0.,1.));
#17107=DIRECTION('center_axis',(0.,1.,0.));
#17108=DIRECTION('ref_axis',(1.,0.,0.));
#17109=DIRECTION('',(0.,0.,-1.));
#17110=DIRECTION('center_axis',(1.,0.,0.));
#17111=DIRECTION('ref_axis',(0.,-1.,0.));
#17112=DIRECTION('',(0.,0.,-1.));
#17113=DIRECTION('',(0.,0.,1.));
#17114=DIRECTION('center_axis',(0.,1.,0.));
#17115=DIRECTION('ref_axis',(1.,0.,0.));
#17116=DIRECTION('',(0.,0.,-1.));
#17117=DIRECTION('center_axis',(1.,0.,0.));
#17118=DIRECTION('ref_axis',(0.,-1.,0.));
#17119=DIRECTION('',(0.,0.,-1.));
#17120=DIRECTION('',(0.,0.,1.));
#17121=DIRECTION('center_axis',(-1.,0.,0.));
#17122=DIRECTION('ref_axis',(0.,1.,0.));
#17123=DIRECTION('',(0.,0.,-1.));
#17124=DIRECTION('center_axis',(-1.,0.,0.));
#17125=DIRECTION('ref_axis',(0.,1.,0.));
#17126=DIRECTION('',(0.,0.,-1.));
#17127=DIRECTION('center_axis',(-1.,0.,0.));
#17128=DIRECTION('ref_axis',(0.,1.,0.));
#17129=DIRECTION('',(0.,0.,-1.));
#17130=DIRECTION('center_axis',(-1.,0.,0.));
#17131=DIRECTION('ref_axis',(0.,1.,0.));
#17132=DIRECTION('',(0.,0.,-1.));
#17133=DIRECTION('',(0.,0.,-1.));
#17134=DIRECTION('center_axis',(0.,1.,0.));
#17135=DIRECTION('ref_axis',(1.,0.,0.));
#17136=DIRECTION('center_axis',(0.,1.,0.));
#17137=DIRECTION('ref_axis',(0.,0.,1.));
#17138=DIRECTION('',(0.,0.,1.));
#17139=DIRECTION('center_axis',(0.,1.,0.));
#17140=DIRECTION('ref_axis',(0.,0.,1.));
#17141=DIRECTION('center_axis',(0.,1.,0.));
#17142=DIRECTION('ref_axis',(0.,0.,1.));
#17143=DIRECTION('center_axis',(0.,1.,0.));
#17144=DIRECTION('ref_axis',(0.,0.,1.));
#17145=DIRECTION('center_axis',(1.,0.,0.));
#17146=DIRECTION('ref_axis',(0.,1.,0.));
#17147=DIRECTION('',(0.,0.,-1.));
#17148=DIRECTION('center_axis',(0.,1.,0.));
#17149=DIRECTION('ref_axis',(0.,0.,1.));
#17150=DIRECTION('center_axis',(-1.,0.,0.));
#17151=DIRECTION('ref_axis',(0.,-1.,0.));
#17152=DIRECTION('',(0.,0.,1.));
#17153=DIRECTION('center_axis',(0.,1.,0.));
#17154=DIRECTION('ref_axis',(-1.,0.,0.));
#17155=DIRECTION('center_axis',(0.,-1.,0.));
#17156=DIRECTION('ref_axis',(1.,0.,0.));
#17157=CARTESIAN_POINT('',(0.,0.,0.));
#17158=CARTESIAN_POINT('Origin',(67.9999990016222,-75.0000011175871,145.));
#17159=CARTESIAN_POINT('',(76.9999990016222,-75.0000011175871,160.));
#17160=CARTESIAN_POINT('',(67.9999990016222,-75.0000011175871,160.));
#17161=CARTESIAN_POINT('',(-2.25000049918889,-75.0000011175871,160.));
#17162=CARTESIAN_POINT('',(76.9999990016222,-75.0000011175871,145.));
#17163=CARTESIAN_POINT('',(76.9999990016222,-75.0000011175871,145.));
#17164=CARTESIAN_POINT('',(67.9999990016222,-75.0000011175871,145.));
#17165=CARTESIAN_POINT('',(70.2499990016222,-75.0000011175871,145.));
#17166=CARTESIAN_POINT('',(67.9999990016222,-75.0000011175871,145.));
#17167=CARTESIAN_POINT('Origin',(67.9999990016222,75.,145.));
#17168=CARTESIAN_POINT('',(67.9999990016222,75.,160.));
#17169=CARTESIAN_POINT('',(67.9999990016222,37.5,160.));
#17170=CARTESIAN_POINT('',(67.9999990016222,75.,145.));
#17171=CARTESIAN_POINT('',(67.9999990016222,37.4999997206032,145.));
#17172=CARTESIAN_POINT('',(67.9999990016222,75.,145.));
#17173=CARTESIAN_POINT('Origin',(76.9999990016222,75.,145.));
#17174=CARTESIAN_POINT('',(76.9999990016222,75.,160.));
#17175=CARTESIAN_POINT('',(2.24999950081111,75.,160.));
#17176=CARTESIAN_POINT('',(76.9999990016222,75.,145.));
#17177=CARTESIAN_POINT('',(74.7499990016222,75.,145.));
#17178=CARTESIAN_POINT('',(76.9999990016222,75.,145.));
#17179=CARTESIAN_POINT('Origin',(76.9999990016222,-75.0000011175871,145.));
#17180=CARTESIAN_POINT('',(76.9999990016222,-37.5000005587935,160.));
#17181=CARTESIAN_POINT('',(76.9999990016222,-37.5000008381903,145.));
#17182=CARTESIAN_POINT('Origin',(72.4999990016222,-5.58793544769287E-7,
145.));
#17183=CARTESIAN_POINT('Origin',(-76.0000009983778,75.,145.));
#17184=CARTESIAN_POINT('',(-76.0000009983778,-75.0000011175871,160.));
#17185=CARTESIAN_POINT('',(-76.0000009983778,75.,160.));
#17186=CARTESIAN_POINT('',(-76.0000009983778,37.5,160.));
#17187=CARTESIAN_POINT('',(-76.0000009983778,-75.0000011175871,145.));
#17188=CARTESIAN_POINT('',(-76.0000009983778,-75.0000011175871,145.));
#17189=CARTESIAN_POINT('',(-76.0000009983778,75.,145.));
#17190=CARTESIAN_POINT('',(-76.0000009983778,37.4999997206032,145.));
#17191=CARTESIAN_POINT('',(-76.0000009983778,75.,145.));
#17192=CARTESIAN_POINT('Origin',(-67.0000009983778,75.,145.));
#17193=CARTESIAN_POINT('',(-67.0000009983778,75.,160.));
#17194=CARTESIAN_POINT('',(-69.7500004991889,75.,160.));
#17195=CARTESIAN_POINT('',(-67.0000009983778,75.,145.));
#17196=CARTESIAN_POINT('',(-69.2500009983778,75.,145.));
#17197=CARTESIAN_POINT('',(-67.0000009983778,75.,145.));
#17198=CARTESIAN_POINT('Origin',(-67.0000009983778,-75.0000011175871,145.));
#17199=CARTESIAN_POINT('',(-67.0000009983778,-75.0000011175871,160.));
#17200=CARTESIAN_POINT('',(-67.0000009983778,-37.5000005587935,160.));
#17201=CARTESIAN_POINT('',(-67.0000009983778,-75.0000011175871,145.));
#17202=CARTESIAN_POINT('',(-67.0000009983778,-37.5000008381903,145.));
#17203=CARTESIAN_POINT('',(-67.0000009983778,-75.0000011175871,145.));
#17204=CARTESIAN_POINT('Origin',(-76.0000009983778,-75.0000011175871,145.));
#17205=CARTESIAN_POINT('',(-74.2500004991889,-75.0000011175871,160.));
#17206=CARTESIAN_POINT('',(-73.7500009983778,-75.0000011175871,145.));
#17207=CARTESIAN_POINT('Origin',(-71.5000009983778,-5.58793544769287E-7,
145.));
#17208=CARTESIAN_POINT('Origin',(-78.0000011622906,-74.0000011026859,80.));
#17209=CARTESIAN_POINT('',(-78.0000011622906,75.9999988973141,80.));
#17210=CARTESIAN_POINT('',(-78.0000011622906,-74.0000011026859,80.));
#17211=CARTESIAN_POINT('',(-78.0000011622906,-37.000000551343,80.));
#17212=CARTESIAN_POINT('',(-78.0000011622906,75.9999988973141,65.));
#17213=CARTESIAN_POINT('',(-78.0000011622906,75.9999988973141,80.));
#17214=CARTESIAN_POINT('',(-78.0000011622906,-74.0000011026859,65.));
#17215=CARTESIAN_POINT('',(-78.0000011622906,75.9999988973141,65.));
#17216=CARTESIAN_POINT('',(-78.0000011622906,-74.0000011026859,80.));
#17217=CARTESIAN_POINT('Origin',(-67.0000011622906,-74.0000011026859,80.));
#17218=CARTESIAN_POINT('',(-67.0000011622906,-74.0000011026859,80.));
#17219=CARTESIAN_POINT('',(-69.7500005811453,-74.0000011026859,80.));
#17220=CARTESIAN_POINT('',(-67.0000011622906,-74.0000011026859,65.));
#17221=CARTESIAN_POINT('',(-78.0000011622906,-74.0000011026859,65.));
#17222=CARTESIAN_POINT('',(-67.0000011622906,-74.0000011026859,80.));
#17223=CARTESIAN_POINT('Origin',(-67.0000011622906,75.9999988973141,80.));
#17224=CARTESIAN_POINT('',(-67.0000011622906,75.9999988973141,80.));
#17225=CARTESIAN_POINT('',(-67.0000011622906,37.999999448657,80.));
#17226=CARTESIAN_POINT('',(-67.0000011622906,75.9999988973141,65.));
#17227=CARTESIAN_POINT('',(-67.0000011622906,-74.0000011026859,65.));
#17228=CARTESIAN_POINT('',(-67.0000011622906,75.9999988973141,80.));
#17229=CARTESIAN_POINT('Origin',(-78.0000011622906,75.9999988973141,80.));
#17230=CARTESIAN_POINT('',(-75.2500005811453,75.9999988973141,80.));
#17231=CARTESIAN_POINT('',(-67.0000011622906,75.9999988973141,65.));
#17232=CARTESIAN_POINT('Origin',(-72.5000011622906,0.999998897314072,65.));
#17233=CARTESIAN_POINT('Origin',(66.9999988377094,75.9999988973141,80.));
#17234=CARTESIAN_POINT('',(77.9999988377094,75.9999988973141,80.));
#17235=CARTESIAN_POINT('',(66.9999988377094,75.9999988973141,80.));
#17236=CARTESIAN_POINT('',(-2.75000058114528,75.9999988973141,80.));
#17237=CARTESIAN_POINT('',(77.9999988377094,75.9999988973141,65.));
#17238=CARTESIAN_POINT('',(77.9999988377094,75.9999988973141,80.));
#17239=CARTESIAN_POINT('',(66.9999988377094,75.9999988973141,65.));
#17240=CARTESIAN_POINT('',(77.9999988377094,75.9999988973141,65.));
#17241=CARTESIAN_POINT('',(66.9999988377094,75.9999988973141,80.));
#17242=CARTESIAN_POINT('Origin',(66.9999988377094,-74.0000011026859,80.));
#17243=CARTESIAN_POINT('',(66.9999988377094,-74.0000011026859,80.));
#17244=CARTESIAN_POINT('',(66.9999988377094,-37.000000551343,80.));
#17245=CARTESIAN_POINT('',(66.9999988377094,-74.0000011026859,65.));
#17246=CARTESIAN_POINT('',(66.9999988377094,75.9999988973141,65.));
#17247=CARTESIAN_POINT('',(66.9999988377094,-74.0000011026859,80.));
#17248=CARTESIAN_POINT('Origin',(77.9999988377094,-74.0000011026859,80.));
#17249=CARTESIAN_POINT('',(77.9999988377094,-74.0000011026859,80.));
#17250=CARTESIAN_POINT('',(2.74999941885472,-74.0000011026859,80.));
#17251=CARTESIAN_POINT('',(77.9999988377094,-74.0000011026859,65.));
#17252=CARTESIAN_POINT('',(66.9999988377094,-74.0000011026859,65.));
#17253=CARTESIAN_POINT('',(77.9999988377094,-74.0000011026859,80.));
#17254=CARTESIAN_POINT('Origin',(77.9999988377094,75.9999988973141,80.));
#17255=CARTESIAN_POINT('',(77.9999988377094,37.999999448657,80.));
#17256=CARTESIAN_POINT('',(77.9999988377094,-74.0000011026859,65.));
#17257=CARTESIAN_POINT('Origin',(72.4999988377094,0.999998897314072,65.));
#17258=CARTESIAN_POINT('Origin',(-75.,75.,80.));
#17259=CARTESIAN_POINT('',(-80.,75.,160.));
#17260=CARTESIAN_POINT('',(-75.,80.,160.));
#17261=CARTESIAN_POINT('Origin',(-75.,75.,160.));
#17262=CARTESIAN_POINT('',(-75.,80.,80.));
#17263=CARTESIAN_POINT('',(-75.,80.,80.));
#17264=CARTESIAN_POINT('',(-80.,75.,80.));
#17265=CARTESIAN_POINT('Origin',(-75.,75.,80.));
#17266=CARTESIAN_POINT('',(-80.,75.,80.));
#17267=CARTESIAN_POINT('Origin',(-65.,80.,80.));
#17268=CARTESIAN_POINT('',(-65.,80.,160.));
#17269=CARTESIAN_POINT('',(-80.,80.,160.));
#17270=CARTESIAN_POINT('',(-65.,80.,80.));
#17271=CARTESIAN_POINT('',(-65.,80.,80.));
#17272=CARTESIAN_POINT('',(-80.,80.,80.));
#17273=CARTESIAN_POINT('Origin',(-72.5,0.,160.));
#17274=CARTESIAN_POINT('',(-80.,-75.,160.));
#17275=CARTESIAN_POINT('',(-80.,-80.,160.));
#17276=CARTESIAN_POINT('',(-75.,-80.,160.));
#17277=CARTESIAN_POINT('Origin',(-75.,-75.,160.));
#17278=CARTESIAN_POINT('',(75.,-80.,160.));
#17279=CARTESIAN_POINT('',(-65.,-80.,160.));
#17280=CARTESIAN_POINT('',(80.,-75.,160.));
#17281=CARTESIAN_POINT('Origin',(75.,-75.,160.));
#17282=CARTESIAN_POINT('',(80.,75.,160.));
#17283=CARTESIAN_POINT('',(80.,80.,160.));
#17284=CARTESIAN_POINT('',(75.,80.,160.));
#17285=CARTESIAN_POINT('Origin',(75.,75.,160.));
#17286=CARTESIAN_POINT('',(65.,80.,160.));
#17287=CARTESIAN_POINT('',(65.,80.,160.));
#17288=CARTESIAN_POINT('',(65.,-75.,160.));
#17289=CARTESIAN_POINT('',(65.,-80.,160.));
#17290=CARTESIAN_POINT('',(43.6622574531527,-75.,160.));
#17291=CARTESIAN_POINT('',(-80.,-75.,160.));
#17292=CARTESIAN_POINT('',(43.6622574531527,35.9652771764754,160.));
#17293=CARTESIAN_POINT('',(43.6622574531527,35.9652771764754,160.));
#17294=CARTESIAN_POINT('',(36.084373293711,35.9652771764754,160.));
#17295=CARTESIAN_POINT('',(36.084373293711,35.9652771764754,160.));
#17296=CARTESIAN_POINT('',(36.084373293711,-75.,160.));
#17297=CARTESIAN_POINT('',(36.084373293711,-79.7696808949991,160.));
#17298=CARTESIAN_POINT('',(16.7952136151318,-75.,160.));
#17299=CARTESIAN_POINT('',(-80.,-75.,160.));
#17300=CARTESIAN_POINT('',(16.7952136151318,35.9652771764754,160.));
#17301=CARTESIAN_POINT('',(16.7952136151318,35.9652771764754,160.));
#17302=CARTESIAN_POINT('',(8.75806374905725,35.9652771764754,160.));
#17303=CARTESIAN_POINT('',(8.75806374905725,35.9652771764754,160.));
#17304=CARTESIAN_POINT('',(8.75806374905725,-75.,160.));
#17305=CARTESIAN_POINT('',(8.75806374905725,-79.7696808949991,160.));
#17306=CARTESIAN_POINT('',(-9.38293166293975,-75.,160.));
#17307=CARTESIAN_POINT('',(-80.,-75.,160.));
#17308=CARTESIAN_POINT('',(-9.38293166293975,35.9652771764754,160.));
#17309=CARTESIAN_POINT('',(-9.38293166293975,35.9652771764754,160.));
#17310=CARTESIAN_POINT('',(-17.190448675698,35.9652771764754,160.));
#17311=CARTESIAN_POINT('',(-17.190448675698,35.9652771764754,160.));
#17312=CARTESIAN_POINT('',(-17.190448675698,-75.,160.));
#17313=CARTESIAN_POINT('',(-17.190448675698,-79.7696808949991,160.));
#17314=CARTESIAN_POINT('',(-35.331444087695,-75.,160.));
#17315=CARTESIAN_POINT('',(-80.,-75.,160.));
#17316=CARTESIAN_POINT('',(-35.331444087695,35.9652771764754,160.));
#17317=CARTESIAN_POINT('',(-35.331444087695,35.9652771764754,160.));
#17318=CARTESIAN_POINT('',(-43.3685939537696,35.9652771764754,160.));
#17319=CARTESIAN_POINT('',(-43.3685939537696,35.9652771764754,160.));
#17320=CARTESIAN_POINT('',(-43.3685939537696,-75.,160.));
#17321=CARTESIAN_POINT('',(-43.3685939537696,-79.7696808949991,160.));
#17322=CARTESIAN_POINT('',(-65.,-75.,160.));
#17323=CARTESIAN_POINT('',(-80.,-75.,160.));
#17324=CARTESIAN_POINT('',(-65.,80.,160.));
#17325=CARTESIAN_POINT('Origin',(75.,75.,80.));
#17326=CARTESIAN_POINT('',(80.,75.,80.));
#17327=CARTESIAN_POINT('',(80.,75.,80.));
#17328=CARTESIAN_POINT('',(75.,80.,80.));
#17329=CARTESIAN_POINT('Origin',(75.,75.,80.));
#17330=CARTESIAN_POINT('',(75.,80.,80.));
#17331=CARTESIAN_POINT('Origin',(80.,-80.,80.));
#17332=CARTESIAN_POINT('',(80.,-75.,80.));
#17333=CARTESIAN_POINT('',(80.,-75.,80.));
#17334=CARTESIAN_POINT('',(80.,80.,80.));
#17335=CARTESIAN_POINT('Origin',(-75.,-75.,80.));
#17336=CARTESIAN_POINT('',(-80.,-75.,80.));
#17337=CARTESIAN_POINT('',(-80.,-75.,80.));
#17338=CARTESIAN_POINT('',(-75.,-80.,80.));
#17339=CARTESIAN_POINT('Origin',(-75.,-75.,80.));
#17340=CARTESIAN_POINT('',(-75.,-80.,80.));
#17341=CARTESIAN_POINT('Origin',(-80.,80.,80.));
#17342=CARTESIAN_POINT('',(-80.,-80.,80.));
#17343=CARTESIAN_POINT('Origin',(75.,-75.,80.));
#17344=CARTESIAN_POINT('',(75.,-80.,80.));
#17345=CARTESIAN_POINT('',(75.,-80.,80.));
#17346=CARTESIAN_POINT('Origin',(75.,-75.,80.));
#17347=CARTESIAN_POINT('Origin',(-72.5,0.,80.));
#17348=CARTESIAN_POINT('',(-65.,-75.,80.));
#17349=CARTESIAN_POINT('',(-65.,80.,80.));
#17350=CARTESIAN_POINT('',(-43.3685939537695,-75.,80.));
#17351=CARTESIAN_POINT('',(80.,-75.,80.));
#17352=CARTESIAN_POINT('',(-43.3685939537696,35.9652771764754,80.));
#17353=CARTESIAN_POINT('',(-43.3685939537695,17.9826385882377,80.));
#17354=CARTESIAN_POINT('',(-35.331444087695,35.9652771764754,80.));
#17355=CARTESIAN_POINT('',(-53.9157220438475,35.9652771764754,80.));
#17356=CARTESIAN_POINT('',(-35.3314440876949,-75.,80.));
#17357=CARTESIAN_POINT('',(-35.3314440876949,15.5905526046544,80.));
#17358=CARTESIAN_POINT('',(-17.190448675698,-75.,80.));
#17359=CARTESIAN_POINT('',(80.,-75.,80.));
#17360=CARTESIAN_POINT('',(-17.190448675698,35.9652771764754,80.));
#17361=CARTESIAN_POINT('',(-17.190448675698,17.9826385882377,80.));
#17362=CARTESIAN_POINT('',(-9.38293166293975,35.9652771764754,80.));
#17363=CARTESIAN_POINT('',(-40.9414658314699,35.9652771764754,80.));
#17364=CARTESIAN_POINT('',(-9.38293166293975,-75.,80.));
#17365=CARTESIAN_POINT('',(-9.38293166293975,15.5905526046544,80.));
#17366=CARTESIAN_POINT('',(8.75806374905725,-75.,80.));
#17367=CARTESIAN_POINT('',(80.,-75.,80.));
#17368=CARTESIAN_POINT('',(8.75806374905725,35.9652771764754,80.));
#17369=CARTESIAN_POINT('',(8.75806374905725,17.9826385882377,80.));
#17370=CARTESIAN_POINT('',(16.7952136151318,35.9652771764754,80.));
#17371=CARTESIAN_POINT('',(-27.8523931924341,35.9652771764754,80.));
#17372=CARTESIAN_POINT('',(16.7952136151318,-75.,80.));
#17373=CARTESIAN_POINT('',(16.7952136151318,15.5905526046544,80.));
#17374=CARTESIAN_POINT('',(36.084373293711,-75.,80.));
#17375=CARTESIAN_POINT('',(80.,-75.,80.));
#17376=CARTESIAN_POINT('',(36.084373293711,35.9652771764754,80.));
#17377=CARTESIAN_POINT('',(36.084373293711,17.9826385882377,80.));
#17378=CARTESIAN_POINT('',(43.6622574531527,35.9652771764754,80.));
#17379=CARTESIAN_POINT('',(-14.4188712734236,35.9652771764754,80.));
#17380=CARTESIAN_POINT('',(43.6622574531527,-75.,80.));
#17381=CARTESIAN_POINT('',(43.6622574531527,15.5905526046544,80.));
#17382=CARTESIAN_POINT('',(65.,-75.,80.));
#17383=CARTESIAN_POINT('',(80.,-75.,80.));
#17384=CARTESIAN_POINT('',(65.,80.,80.));
#17385=CARTESIAN_POINT('',(65.,-80.,80.));
#17386=CARTESIAN_POINT('',(65.,80.,80.));
#17387=CARTESIAN_POINT('',(-65.,-80.,80.));
#17388=CARTESIAN_POINT('Origin',(-38.1199222132796,-80.,96.6048791101851));
#17389=CARTESIAN_POINT('',(-38.1199222132796,-80.,96.6048791101851));
#17390=CARTESIAN_POINT('',(-41.6153854945531,-80.,96.6048791101851));
#17391=CARTESIAN_POINT('',(-59.0599611066398,-80.,96.6048791101851));
#17392=CARTESIAN_POINT('',(-38.1199222132796,-70.,96.6048791101851));
#17393=CARTESIAN_POINT('',(-38.1199222132796,-80.,96.6048791101851));
#17394=CARTESIAN_POINT('',(-41.6153854945531,-70.,96.6048791101851));
#17395=CARTESIAN_POINT('',(-38.1199222132796,-70.,96.6048791101851));
#17396=CARTESIAN_POINT('',(-41.6153854945531,-80.,96.6048791101851));
#17397=CARTESIAN_POINT('Origin',(-38.1199222132796,-80.,100.111113331384));
#17398=CARTESIAN_POINT('',(-38.1199222132796,-80.,100.111113331384));
#17399=CARTESIAN_POINT('',(-38.1199222132796,-80.,90.0555566656921));
#17400=CARTESIAN_POINT('',(-38.1199222132796,-70.,100.111113331384));
#17401=CARTESIAN_POINT('',(-38.1199222132796,-80.,100.111113331384));
#17402=CARTESIAN_POINT('',(-38.1199222132796,-70.,100.111113331384));
#17403=CARTESIAN_POINT('Origin',(-41.6153854945531,-80.,100.111113331384));
#17404=CARTESIAN_POINT('',(-41.6153854945531,-80.,100.111113331384));
#17405=CARTESIAN_POINT('',(-60.8076927472766,-80.,100.111113331384));
#17406=CARTESIAN_POINT('',(-41.6153854945531,-70.,100.111113331384));
#17407=CARTESIAN_POINT('',(-41.6153854945531,-80.,100.111113331384));
#17408=CARTESIAN_POINT('',(-41.6153854945531,-70.,100.111113331384));
#17409=CARTESIAN_POINT('Origin',(-41.6153854945531,-80.,96.6048791101851));
#17410=CARTESIAN_POINT('',(-41.6153854945531,-80.,88.3024395550926));
#17411=CARTESIAN_POINT('',(-41.6153854945531,-70.,96.6048791101851));
#17412=CARTESIAN_POINT('Origin',(-39.8676538539163,-70.,98.3579962207846));
#17413=CARTESIAN_POINT('Origin',(19.2307683516007,-80.,136.777779998051));
#17414=CARTESIAN_POINT('',(22.7262316328743,-75.,136.777779998051));
#17415=CARTESIAN_POINT('',(19.2307683516007,-75.,136.777779998051));
#17416=CARTESIAN_POINT('',(9.61538417580037,-75.,136.777779998051));
#17417=CARTESIAN_POINT('',(22.7262316328743,-80.,136.777779998051));
#17418=CARTESIAN_POINT('',(22.7262316328743,-80.,136.777779998051));
#17419=CARTESIAN_POINT('',(19.2307683516007,-80.,136.777779998051));
#17420=CARTESIAN_POINT('',(-30.3846158241996,-80.,136.777779998051));
#17421=CARTESIAN_POINT('',(19.2307683516007,-80.,136.777779998051));
#17422=CARTESIAN_POINT('Origin',(19.2307683516007,-80.,133.271545776852));
#17423=CARTESIAN_POINT('',(19.2307683516007,-75.,133.271545776852));
#17424=CARTESIAN_POINT('',(19.2307683516007,-75.,126.635772888426));
#17425=CARTESIAN_POINT('',(19.2307683516007,-80.,133.271545776852));
#17426=CARTESIAN_POINT('',(19.2307683516007,-80.,106.635772888426));
#17427=CARTESIAN_POINT('',(19.2307683516007,-80.,133.271545776852));
#17428=CARTESIAN_POINT('Origin',(22.7262316328743,-80.,133.271545776852));
#17429=CARTESIAN_POINT('',(22.7262316328743,-75.,133.271545776852));
#17430=CARTESIAN_POINT('',(11.3631158164372,-75.,133.271545776852));
#17431=CARTESIAN_POINT('',(22.7262316328743,-80.,133.271545776852));
#17432=CARTESIAN_POINT('',(-28.6368841835628,-80.,133.271545776852));
#17433=CARTESIAN_POINT('',(22.7262316328743,-80.,133.271545776852));
#17434=CARTESIAN_POINT('Origin',(22.7262316328743,-80.,136.777779998051));
#17435=CARTESIAN_POINT('',(22.7262316328743,-75.,128.388889999025));
#17436=CARTESIAN_POINT('',(22.7262316328743,-80.,108.388889999025));
#17437=CARTESIAN_POINT('Origin',(14.0339239405666,-80.,133.271545776852));
#17438=CARTESIAN_POINT('',(14.0339239405666,-80.,133.271545776852));
#17439=CARTESIAN_POINT('',(10.538460659293,-80.,133.271545776852));
#17440=CARTESIAN_POINT('',(-32.9830380297167,-80.,133.271545776852));
#17441=CARTESIAN_POINT('',(14.0339239405666,-70.,133.271545776852));
#17442=CARTESIAN_POINT('',(14.0339239405666,-80.,133.271545776852));
#17443=CARTESIAN_POINT('',(10.538460659293,-70.,133.271545776852));
#17444=CARTESIAN_POINT('',(14.0339239405666,-70.,133.271545776852));
#17445=CARTESIAN_POINT('',(10.538460659293,-80.,133.271545776852));
#17446=CARTESIAN_POINT('Origin',(14.0339239405666,-80.,136.777779998051));
#17447=CARTESIAN_POINT('',(14.0339239405666,-80.,136.777779998051));
#17448=CARTESIAN_POINT('',(14.0339239405666,-80.,108.388889999025));
#17449=CARTESIAN_POINT('',(14.0339239405666,-70.,136.777779998051));
#17450=CARTESIAN_POINT('',(14.0339239405666,-80.,136.777779998051));
#17451=CARTESIAN_POINT('',(14.0339239405666,-70.,136.777779998051));
#17452=CARTESIAN_POINT('Origin',(10.538460659293,-80.,136.777779998051));
#17453=CARTESIAN_POINT('',(10.538460659293,-80.,136.777779998051));
#17454=CARTESIAN_POINT('',(-34.7307696703535,-80.,136.777779998051));
#17455=CARTESIAN_POINT('',(10.538460659293,-70.,136.777779998051));
#17456=CARTESIAN_POINT('',(10.538460659293,-80.,136.777779998051));
#17457=CARTESIAN_POINT('',(10.538460659293,-70.,136.777779998051));
#17458=CARTESIAN_POINT('Origin',(10.538460659293,-80.,133.271545776852));
#17459=CARTESIAN_POINT('',(10.538460659293,-80.,106.635772888426));
#17460=CARTESIAN_POINT('',(10.538460659293,-70.,133.271545776852));
#17461=CARTESIAN_POINT('Origin',(12.2861922999298,-70.,135.024662887451));
#17462=CARTESIAN_POINT('Origin',(14.0339239405666,-80.,102.715990221296));
#17463=CARTESIAN_POINT('',(14.0339239405666,-80.,102.715990221296));
#17464=CARTESIAN_POINT('',(10.538460659293,-80.,102.715990221296));
#17465=CARTESIAN_POINT('',(-32.9830380297167,-80.,102.715990221296));
#17466=CARTESIAN_POINT('',(14.0339239405666,-70.,102.715990221296));
#17467=CARTESIAN_POINT('',(14.0339239405666,-80.,102.715990221296));
#17468=CARTESIAN_POINT('',(10.538460659293,-70.,102.715990221296));
#17469=CARTESIAN_POINT('',(14.0339239405666,-70.,102.715990221296));
#17470=CARTESIAN_POINT('',(10.538460659293,-80.,102.715990221296));
#17471=CARTESIAN_POINT('Origin',(14.0339239405666,-80.,106.222224442495));
#17472=CARTESIAN_POINT('',(14.0339239405666,-80.,106.222224442495));
#17473=CARTESIAN_POINT('',(14.0339239405666,-80.,93.1111122212476));
#17474=CARTESIAN_POINT('',(14.0339239405666,-70.,106.222224442495));
#17475=CARTESIAN_POINT('',(14.0339239405666,-80.,106.222224442495));
#17476=CARTESIAN_POINT('',(14.0339239405666,-70.,106.222224442495));
#17477=CARTESIAN_POINT('Origin',(10.538460659293,-80.,106.222224442495));
#17478=CARTESIAN_POINT('',(10.538460659293,-80.,106.222224442495));
#17479=CARTESIAN_POINT('',(-34.7307696703535,-80.,106.222224442495));
#17480=CARTESIAN_POINT('',(10.538460659293,-70.,106.222224442495));
#17481=CARTESIAN_POINT('',(10.538460659293,-80.,106.222224442495));
#17482=CARTESIAN_POINT('',(10.538460659293,-70.,106.222224442495));
#17483=CARTESIAN_POINT('Origin',(10.538460659293,-80.,102.715990221296));
#17484=CARTESIAN_POINT('',(10.538460659293,-80.,91.3579951106481));
#17485=CARTESIAN_POINT('',(10.538460659293,-70.,102.715990221296));
#17486=CARTESIAN_POINT('Origin',(12.2861922999298,-70.,104.469107331896));
#17487=CARTESIAN_POINT('Origin',(-24.2307701099377,-80.,106.222224442495));
#17488=CARTESIAN_POINT('',(-20.7353068286642,-75.,106.222224442495));
#17489=CARTESIAN_POINT('',(-24.2307701099377,-75.,106.222224442495));
#17490=CARTESIAN_POINT('',(-12.1153850549689,-75.,106.222224442495));
#17491=CARTESIAN_POINT('',(-20.7353068286642,-80.,106.222224442495));
#17492=CARTESIAN_POINT('',(-20.7353068286642,-80.,106.222224442495));
#17493=CARTESIAN_POINT('',(-24.2307701099377,-80.,106.222224442495));
#17494=CARTESIAN_POINT('',(-52.1153850549689,-80.,106.222224442495));
#17495=CARTESIAN_POINT('',(-24.2307701099377,-80.,106.222224442495));
#17496=CARTESIAN_POINT('Origin',(-24.2307701099377,-80.,102.715990221296));
#17497=CARTESIAN_POINT('',(-24.2307701099377,-75.,102.715990221296));
#17498=CARTESIAN_POINT('',(-24.2307701099377,-75.,111.357995110648));
#17499=CARTESIAN_POINT('',(-24.2307701099377,-80.,102.715990221296));
#17500=CARTESIAN_POINT('',(-24.2307701099377,-80.,91.3579951106481));
#17501=CARTESIAN_POINT('',(-24.2307701099377,-80.,102.715990221296));
#17502=CARTESIAN_POINT('Origin',(-20.7353068286642,-80.,102.715990221296));
#17503=CARTESIAN_POINT('',(-20.7353068286642,-75.,102.715990221296));
#17504=CARTESIAN_POINT('',(-10.3676534143321,-75.,102.715990221296));
#17505=CARTESIAN_POINT('',(-20.7353068286642,-80.,102.715990221296));
#17506=CARTESIAN_POINT('',(-50.3676534143321,-80.,102.715990221296));
#17507=CARTESIAN_POINT('',(-20.7353068286642,-80.,102.715990221296));
#17508=CARTESIAN_POINT('Origin',(-20.7353068286642,-80.,106.222224442495));
#17509=CARTESIAN_POINT('',(-20.7353068286642,-75.,113.111112221248));
#17510=CARTESIAN_POINT('',(-20.7353068286642,-80.,93.1111122212476));
#17511=CARTESIAN_POINT('Origin',(-50.3076931868608,-80.,106.222224442495));
#17512=CARTESIAN_POINT('',(-46.8122299055872,-75.,106.222224442495));
#17513=CARTESIAN_POINT('',(-50.3076931868608,-75.,106.222224442495));
#17514=CARTESIAN_POINT('',(-25.1538465934304,-75.,106.222224442495));
#17515=CARTESIAN_POINT('',(-46.8122299055872,-80.,106.222224442495));
#17516=CARTESIAN_POINT('',(-46.8122299055872,-80.,106.222224442495));
#17517=CARTESIAN_POINT('',(-50.3076931868608,-80.,106.222224442495));
#17518=CARTESIAN_POINT('',(-65.1538465934304,-80.,106.222224442495));
#17519=CARTESIAN_POINT('',(-50.3076931868608,-80.,106.222224442495));
#17520=CARTESIAN_POINT('Origin',(-50.3076931868608,-80.,102.715990221296));
#17521=CARTESIAN_POINT('',(-50.3076931868608,-75.,102.715990221296));
#17522=CARTESIAN_POINT('',(-50.3076931868608,-75.,111.357995110648));
#17523=CARTESIAN_POINT('',(-50.3076931868608,-80.,102.715990221296));
#17524=CARTESIAN_POINT('',(-50.3076931868608,-80.,91.3579951106481));
#17525=CARTESIAN_POINT('',(-50.3076931868608,-80.,102.715990221296));
#17526=CARTESIAN_POINT('Origin',(-46.8122299055872,-80.,102.715990221296));
#17527=CARTESIAN_POINT('',(-46.8122299055872,-75.,102.715990221296));
#17528=CARTESIAN_POINT('',(-23.4061149527936,-75.,102.715990221296));
#17529=CARTESIAN_POINT('',(-46.8122299055872,-80.,102.715990221296));
#17530=CARTESIAN_POINT('',(-63.4061149527936,-80.,102.715990221296));
#17531=CARTESIAN_POINT('',(-46.8122299055872,-80.,102.715990221296));
#17532=CARTESIAN_POINT('Origin',(-46.8122299055872,-80.,106.222224442495));
#17533=CARTESIAN_POINT('',(-46.8122299055872,-75.,113.111112221248));
#17534=CARTESIAN_POINT('',(-46.8122299055872,-80.,93.1111122212476));
#17535=CARTESIAN_POINT('Origin',(45.3076914285238,-80.,142.888891109162));
#17536=CARTESIAN_POINT('',(48.8031547097974,-75.,142.888891109162));
#17537=CARTESIAN_POINT('',(45.3076914285238,-75.,142.888891109162));
#17538=CARTESIAN_POINT('',(22.6538457142619,-75.,142.888891109162));
#17539=CARTESIAN_POINT('',(48.8031547097974,-80.,142.888891109162));
#17540=CARTESIAN_POINT('',(48.8031547097974,-80.,142.888891109162));
#17541=CARTESIAN_POINT('',(45.3076914285238,-80.,142.888891109162));
#17542=CARTESIAN_POINT('',(-17.3461542857381,-80.,142.888891109162));
#17543=CARTESIAN_POINT('',(45.3076914285238,-80.,142.888891109162));
#17544=CARTESIAN_POINT('Origin',(45.3076914285238,-80.,139.382656887963));
#17545=CARTESIAN_POINT('',(45.3076914285238,-75.,139.382656887963));
#17546=CARTESIAN_POINT('',(45.3076914285238,-75.,129.691328443981));
#17547=CARTESIAN_POINT('',(45.3076914285238,-80.,139.382656887963));
#17548=CARTESIAN_POINT('',(45.3076914285238,-80.,109.691328443981));
#17549=CARTESIAN_POINT('',(45.3076914285238,-80.,139.382656887963));
#17550=CARTESIAN_POINT('Origin',(48.8031547097974,-80.,139.382656887963));
#17551=CARTESIAN_POINT('',(48.8031547097974,-75.,139.382656887963));
#17552=CARTESIAN_POINT('',(24.4015773548987,-75.,139.382656887963));
#17553=CARTESIAN_POINT('',(48.8031547097974,-80.,139.382656887963));
#17554=CARTESIAN_POINT('',(-15.5984226451013,-80.,139.382656887963));
#17555=CARTESIAN_POINT('',(48.8031547097974,-80.,139.382656887963));
#17556=CARTESIAN_POINT('Origin',(48.8031547097974,-80.,142.888891109162));
#17557=CARTESIAN_POINT('',(48.8031547097974,-75.,131.444445554581));
#17558=CARTESIAN_POINT('',(48.8031547097974,-80.,111.444445554581));
#17559=CARTESIAN_POINT('Origin',(-50.3076931868608,-80.,100.111113331384));
#17560=CARTESIAN_POINT('',(-46.8122299055872,-75.,100.111113331384));
#17561=CARTESIAN_POINT('',(-50.3076931868608,-75.,100.111113331384));
#17562=CARTESIAN_POINT('',(-25.1538465934304,-75.,100.111113331384));
#17563=CARTESIAN_POINT('',(-46.8122299055872,-80.,100.111113331384));
#17564=CARTESIAN_POINT('',(-46.8122299055872,-80.,100.111113331384));
#17565=CARTESIAN_POINT('',(-50.3076931868608,-80.,100.111113331384));
#17566=CARTESIAN_POINT('',(-65.1538465934304,-80.,100.111113331384));
#17567=CARTESIAN_POINT('',(-50.3076931868608,-80.,100.111113331384));
#17568=CARTESIAN_POINT('Origin',(-50.3076931868608,-80.,96.6048791101851));
#17569=CARTESIAN_POINT('',(-50.3076931868608,-75.,96.6048791101851));
#17570=CARTESIAN_POINT('',(-50.3076931868608,-75.,108.302439555093));
#17571=CARTESIAN_POINT('',(-50.3076931868608,-80.,96.6048791101851));
#17572=CARTESIAN_POINT('',(-50.3076931868608,-80.,88.3024395550926));
#17573=CARTESIAN_POINT('',(-50.3076931868608,-80.,96.6048791101851));
#17574=CARTESIAN_POINT('Origin',(-46.8122299055872,-80.,96.6048791101851));
#17575=CARTESIAN_POINT('',(-46.8122299055872,-75.,96.6048791101851));
#17576=CARTESIAN_POINT('',(-23.4061149527936,-75.,96.6048791101851));
#17577=CARTESIAN_POINT('',(-46.8122299055872,-80.,96.6048791101851));
#17578=CARTESIAN_POINT('',(-63.4061149527936,-80.,96.6048791101851));
#17579=CARTESIAN_POINT('',(-46.8122299055872,-80.,96.6048791101851));
#17580=CARTESIAN_POINT('Origin',(-46.8122299055872,-80.,100.111113331384));
#17581=CARTESIAN_POINT('',(-46.8122299055872,-75.,110.055556665692));
#17582=CARTESIAN_POINT('',(-46.8122299055872,-80.,90.0555566656921));
#17583=CARTESIAN_POINT('Origin',(53.9999991208315,-80.,142.888891109162));
#17584=CARTESIAN_POINT('',(57.4954624021051,-75.,142.888891109162));
#17585=CARTESIAN_POINT('',(53.9999991208315,-75.,142.888891109162));
#17586=CARTESIAN_POINT('',(26.9999995604158,-75.,142.888891109162));
#17587=CARTESIAN_POINT('',(57.4954624021051,-80.,142.888891109162));
#17588=CARTESIAN_POINT('',(57.4954624021051,-80.,142.888891109162));
#17589=CARTESIAN_POINT('',(53.9999991208315,-80.,142.888891109162));
#17590=CARTESIAN_POINT('',(-13.0000004395842,-80.,142.888891109162));
#17591=CARTESIAN_POINT('',(53.9999991208315,-80.,142.888891109162));
#17592=CARTESIAN_POINT('Origin',(53.9999991208315,-80.,139.382656887963));
#17593=CARTESIAN_POINT('',(53.9999991208315,-75.,139.382656887963));
#17594=CARTESIAN_POINT('',(53.9999991208315,-75.,129.691328443981));
#17595=CARTESIAN_POINT('',(53.9999991208315,-80.,139.382656887963));
#17596=CARTESIAN_POINT('',(53.9999991208315,-80.,109.691328443981));
#17597=CARTESIAN_POINT('',(53.9999991208315,-80.,139.382656887963));
#17598=CARTESIAN_POINT('Origin',(57.4954624021051,-80.,139.382656887963));
#17599=CARTESIAN_POINT('',(57.4954624021051,-75.,139.382656887963));
#17600=CARTESIAN_POINT('',(28.7477312010525,-75.,139.382656887963));
#17601=CARTESIAN_POINT('',(57.4954624021051,-80.,139.382656887963));
#17602=CARTESIAN_POINT('',(-11.2522687989475,-80.,139.382656887963));
#17603=CARTESIAN_POINT('',(57.4954624021051,-80.,139.382656887963));
#17604=CARTESIAN_POINT('Origin',(57.4954624021051,-80.,142.888891109162));
#17605=CARTESIAN_POINT('',(57.4954624021051,-75.,131.444445554581));
#17606=CARTESIAN_POINT('',(57.4954624021051,-80.,111.444445554581));
#17607=CARTESIAN_POINT('Origin',(53.9999991208315,-80.,149.000002220273));
#17608=CARTESIAN_POINT('',(57.4954624021051,-75.,149.000002220273));
#17609=CARTESIAN_POINT('',(53.9999991208315,-75.,149.000002220273));
#17610=CARTESIAN_POINT('',(26.9999995604158,-75.,149.000002220273));
#17611=CARTESIAN_POINT('',(57.4954624021051,-80.,149.000002220273));
#17612=CARTESIAN_POINT('',(57.4954624021051,-80.,149.000002220273));
#17613=CARTESIAN_POINT('',(53.9999991208315,-80.,149.000002220273));
#17614=CARTESIAN_POINT('',(-13.0000004395842,-80.,149.000002220273));
#17615=CARTESIAN_POINT('',(53.9999991208315,-80.,149.000002220273));
#17616=CARTESIAN_POINT('Origin',(53.9999991208315,-80.,145.493767999074));
#17617=CARTESIAN_POINT('',(53.9999991208315,-75.,145.493767999074));
#17618=CARTESIAN_POINT('',(53.9999991208315,-75.,132.746883999537));
#17619=CARTESIAN_POINT('',(53.9999991208315,-80.,145.493767999074));
#17620=CARTESIAN_POINT('',(53.9999991208315,-80.,112.746883999537));
#17621=CARTESIAN_POINT('',(53.9999991208315,-80.,145.493767999074));
#17622=CARTESIAN_POINT('Origin',(57.4954624021051,-80.,145.493767999074));
#17623=CARTESIAN_POINT('',(57.4954624021051,-75.,145.493767999074));
#17624=CARTESIAN_POINT('',(28.7477312010525,-75.,145.493767999074));
#17625=CARTESIAN_POINT('',(57.4954624021051,-80.,145.493767999074));
#17626=CARTESIAN_POINT('',(-11.2522687989475,-80.,145.493767999074));
#17627=CARTESIAN_POINT('',(57.4954624021051,-80.,145.493767999074));
#17628=CARTESIAN_POINT('Origin',(57.4954624021051,-80.,149.000002220273));
#17629=CARTESIAN_POINT('',(57.4954624021051,-75.,134.500001110137));
#17630=CARTESIAN_POINT('',(57.4954624021051,-80.,114.500001110137));
#17631=CARTESIAN_POINT('Origin',(-38.1199222132796,-80.,108.827101332407));
#17632=CARTESIAN_POINT('',(-38.1199222132796,-80.,108.827101332407));
#17633=CARTESIAN_POINT('',(-41.6153854945531,-80.,108.827101332407));
#17634=CARTESIAN_POINT('',(-59.0599611066398,-80.,108.827101332407));
#17635=CARTESIAN_POINT('',(-38.1199222132796,-70.,108.827101332407));
#17636=CARTESIAN_POINT('',(-38.1199222132796,-80.,108.827101332407));
#17637=CARTESIAN_POINT('',(-41.6153854945531,-70.,108.827101332407));
#17638=CARTESIAN_POINT('',(-38.1199222132796,-70.,108.827101332407));
#17639=CARTESIAN_POINT('',(-41.6153854945531,-80.,108.827101332407));
#17640=CARTESIAN_POINT('Origin',(-38.1199222132796,-80.,112.333335553606));
#17641=CARTESIAN_POINT('',(-38.1199222132796,-80.,112.333335553606));
#17642=CARTESIAN_POINT('',(-38.1199222132796,-80.,96.1666677768032));
#17643=CARTESIAN_POINT('',(-38.1199222132796,-70.,112.333335553606));
#17644=CARTESIAN_POINT('',(-38.1199222132796,-80.,112.333335553606));
#17645=CARTESIAN_POINT('',(-38.1199222132796,-70.,112.333335553606));
#17646=CARTESIAN_POINT('Origin',(-41.6153854945531,-80.,112.333335553606));
#17647=CARTESIAN_POINT('',(-41.6153854945531,-80.,112.333335553606));
#17648=CARTESIAN_POINT('',(-60.8076927472766,-80.,112.333335553606));
#17649=CARTESIAN_POINT('',(-41.6153854945531,-70.,112.333335553606));
#17650=CARTESIAN_POINT('',(-41.6153854945531,-80.,112.333335553606));
#17651=CARTESIAN_POINT('',(-41.6153854945531,-70.,112.333335553606));
#17652=CARTESIAN_POINT('Origin',(-41.6153854945531,-80.,108.827101332407));
#17653=CARTESIAN_POINT('',(-41.6153854945531,-80.,94.4135506662037));
#17654=CARTESIAN_POINT('',(-41.6153854945531,-70.,108.827101332407));
#17655=CARTESIAN_POINT('Origin',(-39.8676538539163,-70.,110.580218443007));
#17656=CARTESIAN_POINT('Origin',(-59.0000008791685,-80.,112.333335553606));
#17657=CARTESIAN_POINT('',(-55.5045375978949,-75.,112.333335553606));
#17658=CARTESIAN_POINT('',(-59.0000008791685,-75.,112.333335553606));
#17659=CARTESIAN_POINT('',(-29.5000004395843,-75.,112.333335553606));
#17660=CARTESIAN_POINT('',(-55.5045375978949,-80.,112.333335553606));
#17661=CARTESIAN_POINT('',(-55.5045375978949,-80.,112.333335553606));
#17662=CARTESIAN_POINT('',(-59.0000008791685,-80.,112.333335553606));
#17663=CARTESIAN_POINT('',(-69.5000004395842,-80.,112.333335553606));
#17664=CARTESIAN_POINT('',(-59.0000008791685,-80.,112.333335553606));
#17665=CARTESIAN_POINT('Origin',(-59.0000008791685,-80.,108.827101332407));
#17666=CARTESIAN_POINT('',(-59.0000008791685,-75.,108.827101332407));
#17667=CARTESIAN_POINT('',(-59.0000008791685,-75.,114.413550666204));
#17668=CARTESIAN_POINT('',(-59.0000008791685,-80.,108.827101332407));
#17669=CARTESIAN_POINT('',(-59.0000008791685,-80.,94.4135506662037));
#17670=CARTESIAN_POINT('',(-59.0000008791685,-80.,108.827101332407));
#17671=CARTESIAN_POINT('Origin',(-55.5045375978949,-80.,108.827101332407));
#17672=CARTESIAN_POINT('',(-55.5045375978949,-75.,108.827101332407));
#17673=CARTESIAN_POINT('',(-27.7522687989475,-75.,108.827101332407));
#17674=CARTESIAN_POINT('',(-55.5045375978949,-80.,108.827101332407));
#17675=CARTESIAN_POINT('',(-67.7522687989475,-80.,108.827101332407));
#17676=CARTESIAN_POINT('',(-55.5045375978949,-80.,108.827101332407));
#17677=CARTESIAN_POINT('Origin',(-55.5045375978949,-80.,112.333335553606));
#17678=CARTESIAN_POINT('',(-55.5045375978949,-75.,116.166667776803));
#17679=CARTESIAN_POINT('',(-55.5045375978949,-80.,96.1666677768032));
#17680=CARTESIAN_POINT('Origin',(27.9230760439084,-80.,112.333335553606));
#17681=CARTESIAN_POINT('',(31.418539325182,-75.,112.333335553606));
#17682=CARTESIAN_POINT('',(27.9230760439084,-75.,112.333335553606));
#17683=CARTESIAN_POINT('',(13.9615380219542,-75.,112.333335553606));
#17684=CARTESIAN_POINT('',(31.418539325182,-80.,112.333335553606));
#17685=CARTESIAN_POINT('',(31.418539325182,-80.,112.333335553606));
#17686=CARTESIAN_POINT('',(27.9230760439084,-80.,112.333335553606));
#17687=CARTESIAN_POINT('',(-26.0384619780458,-80.,112.333335553606));
#17688=CARTESIAN_POINT('',(27.9230760439084,-80.,112.333335553606));
#17689=CARTESIAN_POINT('Origin',(27.9230760439084,-80.,108.827101332407));
#17690=CARTESIAN_POINT('',(27.9230760439084,-75.,108.827101332407));
#17691=CARTESIAN_POINT('',(27.9230760439084,-75.,114.413550666204));
#17692=CARTESIAN_POINT('',(27.9230760439084,-80.,108.827101332407));
#17693=CARTESIAN_POINT('',(27.9230760439084,-80.,94.4135506662037));
#17694=CARTESIAN_POINT('',(27.9230760439084,-80.,108.827101332407));
#17695=CARTESIAN_POINT('Origin',(31.418539325182,-80.,108.827101332407));
#17696=CARTESIAN_POINT('',(31.418539325182,-75.,108.827101332407));
#17697=CARTESIAN_POINT('',(15.709269662591,-75.,108.827101332407));
#17698=CARTESIAN_POINT('',(31.418539325182,-80.,108.827101332407));
#17699=CARTESIAN_POINT('',(-24.290730337409,-80.,108.827101332407));
#17700=CARTESIAN_POINT('',(31.418539325182,-80.,108.827101332407));
#17701=CARTESIAN_POINT('Origin',(31.418539325182,-80.,112.333335553606));
#17702=CARTESIAN_POINT('',(31.418539325182,-75.,116.166667776803));
#17703=CARTESIAN_POINT('',(31.418539325182,-80.,96.1666677768032));
#17704=CARTESIAN_POINT('Origin',(-32.9230778022454,-80.,118.444446664717));
#17705=CARTESIAN_POINT('',(-29.4276145209719,-75.,118.444446664717));
#17706=CARTESIAN_POINT('',(-32.9230778022454,-75.,118.444446664717));
#17707=CARTESIAN_POINT('',(-16.4615389011227,-75.,118.444446664717));
#17708=CARTESIAN_POINT('',(-29.4276145209719,-80.,118.444446664717));
#17709=CARTESIAN_POINT('',(-29.4276145209719,-80.,118.444446664717));
#17710=CARTESIAN_POINT('',(-32.9230778022454,-80.,118.444446664717));
#17711=CARTESIAN_POINT('',(-56.4615389011227,-80.,118.444446664717));
#17712=CARTESIAN_POINT('',(-32.9230778022454,-80.,118.444446664717));
#17713=CARTESIAN_POINT('Origin',(-32.9230778022454,-80.,114.938212443518));
#17714=CARTESIAN_POINT('',(-32.9230778022454,-75.,114.938212443518));
#17715=CARTESIAN_POINT('',(-32.9230778022454,-75.,117.469106221759));
#17716=CARTESIAN_POINT('',(-32.9230778022454,-80.,114.938212443518));
#17717=CARTESIAN_POINT('',(-32.9230778022454,-80.,97.4691062217592));
#17718=CARTESIAN_POINT('',(-32.9230778022454,-80.,114.938212443518));
#17719=CARTESIAN_POINT('Origin',(-29.4276145209719,-80.,114.938212443518));
#17720=CARTESIAN_POINT('',(-29.4276145209719,-75.,114.938212443518));
#17721=CARTESIAN_POINT('',(-14.7138072604859,-75.,114.938212443518));
#17722=CARTESIAN_POINT('',(-29.4276145209719,-80.,114.938212443518));
#17723=CARTESIAN_POINT('',(-54.7138072604859,-80.,114.938212443518));
#17724=CARTESIAN_POINT('',(-29.4276145209719,-80.,114.938212443518));
#17725=CARTESIAN_POINT('Origin',(-29.4276145209719,-80.,118.444446664717));
#17726=CARTESIAN_POINT('',(-29.4276145209719,-75.,119.222223332359));
#17727=CARTESIAN_POINT('',(-29.4276145209719,-80.,99.2222233323587));
#17728=CARTESIAN_POINT('Origin',(27.9230760439084,-80.,118.444446664717));
#17729=CARTESIAN_POINT('',(31.418539325182,-75.,118.444446664717));
#17730=CARTESIAN_POINT('',(27.9230760439084,-75.,118.444446664717));
#17731=CARTESIAN_POINT('',(13.9615380219542,-75.,118.444446664717));
#17732=CARTESIAN_POINT('',(31.418539325182,-80.,118.444446664717));
#17733=CARTESIAN_POINT('',(31.418539325182,-80.,118.444446664717));
#17734=CARTESIAN_POINT('',(27.9230760439084,-80.,118.444446664717));
#17735=CARTESIAN_POINT('',(-26.0384619780458,-80.,118.444446664717));
#17736=CARTESIAN_POINT('',(27.9230760439084,-80.,118.444446664717));
#17737=CARTESIAN_POINT('Origin',(27.9230760439084,-80.,114.938212443518));
#17738=CARTESIAN_POINT('',(27.9230760439084,-75.,114.938212443518));
#17739=CARTESIAN_POINT('',(27.9230760439084,-75.,117.469106221759));
#17740=CARTESIAN_POINT('',(27.9230760439084,-80.,114.938212443518));
#17741=CARTESIAN_POINT('',(27.9230760439084,-80.,97.4691062217592));
#17742=CARTESIAN_POINT('',(27.9230760439084,-80.,114.938212443518));
#17743=CARTESIAN_POINT('Origin',(31.418539325182,-80.,114.938212443518));
#17744=CARTESIAN_POINT('',(31.418539325182,-75.,114.938212443518));
#17745=CARTESIAN_POINT('',(15.709269662591,-75.,114.938212443518));
#17746=CARTESIAN_POINT('',(31.418539325182,-80.,114.938212443518));
#17747=CARTESIAN_POINT('',(-24.290730337409,-80.,114.938212443518));
#17748=CARTESIAN_POINT('',(31.418539325182,-80.,114.938212443518));
#17749=CARTESIAN_POINT('Origin',(31.418539325182,-80.,118.444446664717));
#17750=CARTESIAN_POINT('',(31.418539325182,-75.,119.222223332359));
#17751=CARTESIAN_POINT('',(31.418539325182,-80.,99.2222233323587));
#17752=CARTESIAN_POINT('Origin',(45.3076914285238,-80.,118.444446664717));
#17753=CARTESIAN_POINT('',(48.8031547097974,-75.,118.444446664717));
#17754=CARTESIAN_POINT('',(45.3076914285238,-75.,118.444446664717));
#17755=CARTESIAN_POINT('',(22.6538457142619,-75.,118.444446664717));
#17756=CARTESIAN_POINT('',(48.8031547097974,-80.,118.444446664717));
#17757=CARTESIAN_POINT('',(48.8031547097974,-80.,118.444446664717));
#17758=CARTESIAN_POINT('',(45.3076914285238,-80.,118.444446664717));
#17759=CARTESIAN_POINT('',(-17.3461542857381,-80.,118.444446664717));
#17760=CARTESIAN_POINT('',(45.3076914285238,-80.,118.444446664717));
#17761=CARTESIAN_POINT('Origin',(45.3076914285238,-80.,114.938212443518));
#17762=CARTESIAN_POINT('',(45.3076914285238,-75.,114.938212443518));
#17763=CARTESIAN_POINT('',(45.3076914285238,-75.,117.469106221759));
#17764=CARTESIAN_POINT('',(45.3076914285238,-80.,114.938212443518));
#17765=CARTESIAN_POINT('',(45.3076914285238,-80.,97.4691062217592));
#17766=CARTESIAN_POINT('',(45.3076914285238,-80.,114.938212443518));
#17767=CARTESIAN_POINT('Origin',(48.8031547097974,-80.,114.938212443518));
#17768=CARTESIAN_POINT('',(48.8031547097974,-75.,114.938212443518));
#17769=CARTESIAN_POINT('',(24.4015773548987,-75.,114.938212443518));
#17770=CARTESIAN_POINT('',(48.8031547097974,-80.,114.938212443518));
#17771=CARTESIAN_POINT('',(-15.5984226451013,-80.,114.938212443518));
#17772=CARTESIAN_POINT('',(48.8031547097974,-80.,114.938212443518));
#17773=CARTESIAN_POINT('Origin',(48.8031547097974,-80.,118.444446664717));
#17774=CARTESIAN_POINT('',(48.8031547097974,-75.,119.222223332359));
#17775=CARTESIAN_POINT('',(48.8031547097974,-80.,99.2222233323587));
#17776=CARTESIAN_POINT('Origin',(53.9999991208315,-80.,118.444446664717));
#17777=CARTESIAN_POINT('',(57.4954624021051,-75.,118.444446664717));
#17778=CARTESIAN_POINT('',(53.9999991208315,-75.,118.444446664717));
#17779=CARTESIAN_POINT('',(26.9999995604158,-75.,118.444446664717));
#17780=CARTESIAN_POINT('',(57.4954624021051,-80.,118.444446664717));
#17781=CARTESIAN_POINT('',(57.4954624021051,-80.,118.444446664717));
#17782=CARTESIAN_POINT('',(53.9999991208315,-80.,118.444446664717));
#17783=CARTESIAN_POINT('',(-13.0000004395842,-80.,118.444446664717));
#17784=CARTESIAN_POINT('',(53.9999991208315,-80.,118.444446664717));
#17785=CARTESIAN_POINT('Origin',(53.9999991208315,-80.,114.938212443518));
#17786=CARTESIAN_POINT('',(53.9999991208315,-75.,114.938212443518));
#17787=CARTESIAN_POINT('',(53.9999991208315,-75.,117.469106221759));
#17788=CARTESIAN_POINT('',(53.9999991208315,-80.,114.938212443518));
#17789=CARTESIAN_POINT('',(53.9999991208315,-80.,97.4691062217592));
#17790=CARTESIAN_POINT('',(53.9999991208315,-80.,114.938212443518));
#17791=CARTESIAN_POINT('Origin',(57.4954624021051,-80.,114.938212443518));
#17792=CARTESIAN_POINT('',(57.4954624021051,-75.,114.938212443518));
#17793=CARTESIAN_POINT('',(28.7477312010525,-75.,114.938212443518));
#17794=CARTESIAN_POINT('',(57.4954624021051,-80.,114.938212443518));
#17795=CARTESIAN_POINT('',(-11.2522687989475,-80.,114.938212443518));
#17796=CARTESIAN_POINT('',(57.4954624021051,-80.,114.938212443518));
#17797=CARTESIAN_POINT('Origin',(57.4954624021051,-80.,118.444446664717));
#17798=CARTESIAN_POINT('',(57.4954624021051,-75.,119.222223332359));
#17799=CARTESIAN_POINT('',(57.4954624021051,-80.,99.2222233323587));
#17800=CARTESIAN_POINT('Origin',(40.1108470174897,-80.,108.827101332407));
#17801=CARTESIAN_POINT('',(40.1108470174897,-80.,108.827101332407));
#17802=CARTESIAN_POINT('',(36.6153837362161,-80.,108.827101332407));
#17803=CARTESIAN_POINT('',(-19.9445764912552,-80.,108.827101332407));
#17804=CARTESIAN_POINT('',(40.1108470174897,-70.,108.827101332407));
#17805=CARTESIAN_POINT('',(40.1108470174897,-80.,108.827101332407));
#17806=CARTESIAN_POINT('',(36.6153837362161,-70.,108.827101332407));
#17807=CARTESIAN_POINT('',(40.1108470174897,-70.,108.827101332407));
#17808=CARTESIAN_POINT('',(36.6153837362161,-80.,108.827101332407));
#17809=CARTESIAN_POINT('Origin',(40.1108470174897,-80.,112.333335553606));
#17810=CARTESIAN_POINT('',(40.1108470174897,-80.,112.333335553606));
#17811=CARTESIAN_POINT('',(40.1108470174897,-80.,96.1666677768032));
#17812=CARTESIAN_POINT('',(40.1108470174897,-70.,112.333335553606));
#17813=CARTESIAN_POINT('',(40.1108470174897,-80.,112.333335553606));
#17814=CARTESIAN_POINT('',(40.1108470174897,-70.,112.333335553606));
#17815=CARTESIAN_POINT('Origin',(36.6153837362161,-80.,112.333335553606));
#17816=CARTESIAN_POINT('',(36.6153837362161,-80.,112.333335553606));
#17817=CARTESIAN_POINT('',(-21.6923081318919,-80.,112.333335553606));
#17818=CARTESIAN_POINT('',(36.6153837362161,-70.,112.333335553606));
#17819=CARTESIAN_POINT('',(36.6153837362161,-80.,112.333335553606));
#17820=CARTESIAN_POINT('',(36.6153837362161,-70.,112.333335553606));
#17821=CARTESIAN_POINT('Origin',(36.6153837362161,-80.,108.827101332407));
#17822=CARTESIAN_POINT('',(36.6153837362161,-80.,94.4135506662037));
#17823=CARTESIAN_POINT('',(36.6153837362161,-70.,108.827101332407));
#17824=CARTESIAN_POINT('Origin',(38.3631153768529,-70.,110.580218443007));
#17825=CARTESIAN_POINT('Origin',(-32.9230778022454,-80.,94.000002220273));
#17826=CARTESIAN_POINT('',(-29.4276145209719,-75.,94.000002220273));
#17827=CARTESIAN_POINT('',(-32.9230778022454,-75.,94.000002220273));
#17828=CARTESIAN_POINT('',(-16.4615389011227,-75.,94.000002220273));
#17829=CARTESIAN_POINT('',(-29.4276145209719,-80.,94.000002220273));
#17830=CARTESIAN_POINT('',(-29.4276145209719,-80.,94.000002220273));
#17831=CARTESIAN_POINT('',(-32.9230778022454,-80.,94.000002220273));
#17832=CARTESIAN_POINT('',(-56.4615389011227,-80.,94.000002220273));
#17833=CARTESIAN_POINT('',(-32.9230778022454,-80.,94.000002220273));
#17834=CARTESIAN_POINT('Origin',(-32.9230778022454,-80.,90.493767999074));
#17835=CARTESIAN_POINT('',(-32.9230778022454,-75.,90.493767999074));
#17836=CARTESIAN_POINT('',(-32.9230778022454,-75.,105.246883999537));
#17837=CARTESIAN_POINT('',(-32.9230778022454,-80.,90.493767999074));
#17838=CARTESIAN_POINT('',(-32.9230778022454,-80.,85.246883999537));
#17839=CARTESIAN_POINT('',(-32.9230778022454,-80.,90.493767999074));
#17840=CARTESIAN_POINT('Origin',(-29.4276145209719,-80.,90.493767999074));
#17841=CARTESIAN_POINT('',(-29.4276145209719,-75.,90.493767999074));
#17842=CARTESIAN_POINT('',(-14.7138072604859,-75.,90.493767999074));
#17843=CARTESIAN_POINT('',(-29.4276145209719,-80.,90.493767999074));
#17844=CARTESIAN_POINT('',(-54.7138072604859,-80.,90.493767999074));
#17845=CARTESIAN_POINT('',(-29.4276145209719,-80.,90.493767999074));
#17846=CARTESIAN_POINT('Origin',(-29.4276145209719,-80.,94.000002220273));
#17847=CARTESIAN_POINT('',(-29.4276145209719,-75.,107.000001110137));
#17848=CARTESIAN_POINT('',(-29.4276145209719,-80.,87.0000011101365));
#17849=CARTESIAN_POINT('Origin',(-59.0000008791685,-80.,94.000002220273));
#17850=CARTESIAN_POINT('',(-55.5045375978949,-75.,94.000002220273));
#17851=CARTESIAN_POINT('',(-59.0000008791685,-75.,94.000002220273));
#17852=CARTESIAN_POINT('',(-29.5000004395843,-75.,94.000002220273));
#17853=CARTESIAN_POINT('',(-55.5045375978949,-80.,94.000002220273));
#17854=CARTESIAN_POINT('',(-55.5045375978949,-80.,94.000002220273));
#17855=CARTESIAN_POINT('',(-59.0000008791685,-80.,94.000002220273));
#17856=CARTESIAN_POINT('',(-69.5000004395842,-80.,94.000002220273));
#17857=CARTESIAN_POINT('',(-59.0000008791685,-80.,94.000002220273));
#17858=CARTESIAN_POINT('Origin',(-59.0000008791685,-80.,90.493767999074));
#17859=CARTESIAN_POINT('',(-59.0000008791685,-75.,90.493767999074));
#17860=CARTESIAN_POINT('',(-59.0000008791685,-75.,105.246883999537));
#17861=CARTESIAN_POINT('',(-59.0000008791685,-80.,90.493767999074));
#17862=CARTESIAN_POINT('',(-59.0000008791685,-80.,85.246883999537));
#17863=CARTESIAN_POINT('',(-59.0000008791685,-80.,90.493767999074));
#17864=CARTESIAN_POINT('Origin',(-55.5045375978949,-80.,90.493767999074));
#17865=CARTESIAN_POINT('',(-55.5045375978949,-75.,90.493767999074));
#17866=CARTESIAN_POINT('',(-27.7522687989475,-75.,90.493767999074));
#17867=CARTESIAN_POINT('',(-55.5045375978949,-80.,90.493767999074));
#17868=CARTESIAN_POINT('',(-67.7522687989475,-80.,90.493767999074));
#17869=CARTESIAN_POINT('',(-55.5045375978949,-80.,90.493767999074));
#17870=CARTESIAN_POINT('Origin',(-55.5045375978949,-80.,94.000002220273));
#17871=CARTESIAN_POINT('',(-55.5045375978949,-75.,107.000001110137));
#17872=CARTESIAN_POINT('',(-55.5045375978949,-80.,87.0000011101365));
#17873=CARTESIAN_POINT('Origin',(14.0339239405666,-80.,90.493767999074));
#17874=CARTESIAN_POINT('',(14.0339239405666,-80.,90.493767999074));
#17875=CARTESIAN_POINT('',(10.538460659293,-80.,90.493767999074));
#17876=CARTESIAN_POINT('',(-32.9830380297167,-80.,90.493767999074));
#17877=CARTESIAN_POINT('',(14.0339239405666,-70.,90.493767999074));
#17878=CARTESIAN_POINT('',(14.0339239405666,-80.,90.493767999074));
#17879=CARTESIAN_POINT('',(10.538460659293,-70.,90.493767999074));
#17880=CARTESIAN_POINT('',(14.0339239405666,-70.,90.493767999074));
#17881=CARTESIAN_POINT('',(10.538460659293,-80.,90.493767999074));
#17882=CARTESIAN_POINT('Origin',(14.0339239405666,-80.,94.000002220273));
#17883=CARTESIAN_POINT('',(14.0339239405666,-80.,94.000002220273));
#17884=CARTESIAN_POINT('',(14.0339239405666,-80.,87.0000011101365));
#17885=CARTESIAN_POINT('',(14.0339239405666,-70.,94.000002220273));
#17886=CARTESIAN_POINT('',(14.0339239405666,-80.,94.000002220273));
#17887=CARTESIAN_POINT('',(14.0339239405666,-70.,94.000002220273));
#17888=CARTESIAN_POINT('Origin',(10.538460659293,-80.,94.000002220273));
#17889=CARTESIAN_POINT('',(10.538460659293,-80.,94.000002220273));
#17890=CARTESIAN_POINT('',(-34.7307696703535,-80.,94.000002220273));
#17891=CARTESIAN_POINT('',(10.538460659293,-70.,94.000002220273));
#17892=CARTESIAN_POINT('',(10.538460659293,-80.,94.000002220273));
#17893=CARTESIAN_POINT('',(10.538460659293,-70.,94.000002220273));
#17894=CARTESIAN_POINT('Origin',(10.538460659293,-80.,90.493767999074));
#17895=CARTESIAN_POINT('',(10.538460659293,-80.,85.246883999537));
#17896=CARTESIAN_POINT('',(10.538460659293,-70.,90.493767999074));
#17897=CARTESIAN_POINT('Origin',(12.2861922999298,-70.,92.2468851096735));
#17898=CARTESIAN_POINT('Origin',(53.9999991208315,-80.,94.000002220273));
#17899=CARTESIAN_POINT('',(57.4954624021051,-75.,94.000002220273));
#17900=CARTESIAN_POINT('',(53.9999991208315,-75.,94.000002220273));
#17901=CARTESIAN_POINT('',(26.9999995604158,-75.,94.000002220273));
#17902=CARTESIAN_POINT('',(57.4954624021051,-80.,94.000002220273));
#17903=CARTESIAN_POINT('',(57.4954624021051,-80.,94.000002220273));
#17904=CARTESIAN_POINT('',(53.9999991208315,-80.,94.000002220273));
#17905=CARTESIAN_POINT('',(-13.0000004395842,-80.,94.000002220273));
#17906=CARTESIAN_POINT('',(53.9999991208315,-80.,94.000002220273));
#17907=CARTESIAN_POINT('Origin',(53.9999991208315,-80.,90.493767999074));
#17908=CARTESIAN_POINT('',(53.9999991208315,-75.,90.493767999074));
#17909=CARTESIAN_POINT('',(53.9999991208315,-75.,105.246883999537));
#17910=CARTESIAN_POINT('',(53.9999991208315,-80.,90.493767999074));
#17911=CARTESIAN_POINT('',(53.9999991208315,-80.,85.246883999537));
#17912=CARTESIAN_POINT('',(53.9999991208315,-80.,90.493767999074));
#17913=CARTESIAN_POINT('Origin',(57.4954624021051,-80.,90.493767999074));
#17914=CARTESIAN_POINT('',(57.4954624021051,-75.,90.493767999074));
#17915=CARTESIAN_POINT('',(28.7477312010525,-75.,90.493767999074));
#17916=CARTESIAN_POINT('',(57.4954624021051,-80.,90.493767999074));
#17917=CARTESIAN_POINT('',(-11.2522687989475,-80.,90.493767999074));
#17918=CARTESIAN_POINT('',(57.4954624021051,-80.,90.493767999074));
#17919=CARTESIAN_POINT('Origin',(57.4954624021051,-80.,94.000002220273));
#17920=CARTESIAN_POINT('',(57.4954624021051,-75.,107.000001110137));
#17921=CARTESIAN_POINT('',(57.4954624021051,-80.,87.0000011101365));
#17922=CARTESIAN_POINT('Origin',(-12.0429991363565,-80.,96.6048791101851));
#17923=CARTESIAN_POINT('',(-12.0429991363565,-80.,96.6048791101851));
#17924=CARTESIAN_POINT('',(-15.53846241763,-80.,96.6048791101851));
#17925=CARTESIAN_POINT('',(-46.0214995681782,-80.,96.6048791101851));
#17926=CARTESIAN_POINT('',(-12.0429991363565,-70.,96.6048791101851));
#17927=CARTESIAN_POINT('',(-12.0429991363565,-80.,96.6048791101851));
#17928=CARTESIAN_POINT('',(-15.53846241763,-70.,96.6048791101851));
#17929=CARTESIAN_POINT('',(-12.0429991363565,-70.,96.6048791101851));
#17930=CARTESIAN_POINT('',(-15.53846241763,-80.,96.6048791101851));
#17931=CARTESIAN_POINT('Origin',(-12.0429991363565,-80.,100.111113331384));
#17932=CARTESIAN_POINT('',(-12.0429991363565,-80.,100.111113331384));
#17933=CARTESIAN_POINT('',(-12.0429991363565,-80.,90.0555566656921));
#17934=CARTESIAN_POINT('',(-12.0429991363565,-70.,100.111113331384));
#17935=CARTESIAN_POINT('',(-12.0429991363565,-80.,100.111113331384));
#17936=CARTESIAN_POINT('',(-12.0429991363565,-70.,100.111113331384));
#17937=CARTESIAN_POINT('Origin',(-15.53846241763,-80.,100.111113331384));
#17938=CARTESIAN_POINT('',(-15.53846241763,-80.,100.111113331384));
#17939=CARTESIAN_POINT('',(-47.769231208815,-80.,100.111113331384));
#17940=CARTESIAN_POINT('',(-15.53846241763,-70.,100.111113331384));
#17941=CARTESIAN_POINT('',(-15.53846241763,-80.,100.111113331384));
#17942=CARTESIAN_POINT('',(-15.53846241763,-70.,100.111113331384));
#17943=CARTESIAN_POINT('Origin',(-15.53846241763,-80.,96.6048791101851));
#17944=CARTESIAN_POINT('',(-15.53846241763,-80.,88.3024395550926));
#17945=CARTESIAN_POINT('',(-15.53846241763,-70.,96.6048791101851));
#17946=CARTESIAN_POINT('Origin',(-13.7907307769933,-70.,98.3579962207846));
#17947=CARTESIAN_POINT('Origin',(53.9999991208315,-80.,130.66666888694));
#17948=CARTESIAN_POINT('',(57.4954624021051,-75.,130.66666888694));
#17949=CARTESIAN_POINT('',(53.9999991208315,-75.,130.66666888694));
#17950=CARTESIAN_POINT('',(26.9999995604158,-75.,130.66666888694));
#17951=CARTESIAN_POINT('',(57.4954624021051,-80.,130.66666888694));
#17952=CARTESIAN_POINT('',(57.4954624021051,-80.,130.66666888694));
#17953=CARTESIAN_POINT('',(53.9999991208315,-80.,130.66666888694));
#17954=CARTESIAN_POINT('',(-13.0000004395842,-80.,130.66666888694));
#17955=CARTESIAN_POINT('',(53.9999991208315,-80.,130.66666888694));
#17956=CARTESIAN_POINT('Origin',(53.9999991208315,-80.,127.160434665741));
#17957=CARTESIAN_POINT('',(53.9999991208315,-75.,127.160434665741));
#17958=CARTESIAN_POINT('',(53.9999991208315,-75.,123.58021733287));
#17959=CARTESIAN_POINT('',(53.9999991208315,-80.,127.160434665741));
#17960=CARTESIAN_POINT('',(53.9999991208315,-80.,103.58021733287));
#17961=CARTESIAN_POINT('',(53.9999991208315,-80.,127.160434665741));
#17962=CARTESIAN_POINT('Origin',(57.4954624021051,-80.,127.160434665741));
#17963=CARTESIAN_POINT('',(57.4954624021051,-75.,127.160434665741));
#17964=CARTESIAN_POINT('',(28.7477312010525,-75.,127.160434665741));
#17965=CARTESIAN_POINT('',(57.4954624021051,-80.,127.160434665741));
#17966=CARTESIAN_POINT('',(-11.2522687989475,-80.,127.160434665741));
#17967=CARTESIAN_POINT('',(57.4954624021051,-80.,127.160434665741));
#17968=CARTESIAN_POINT('Origin',(57.4954624021051,-80.,130.66666888694));
#17969=CARTESIAN_POINT('',(57.4954624021051,-75.,125.33333444347));
#17970=CARTESIAN_POINT('',(57.4954624021051,-80.,105.33333444347));
#17971=CARTESIAN_POINT('Origin',(14.0339239405666,-80.,127.160434665741));
#17972=CARTESIAN_POINT('',(14.0339239405666,-80.,127.160434665741));
#17973=CARTESIAN_POINT('',(10.538460659293,-80.,127.160434665741));
#17974=CARTESIAN_POINT('',(-32.9830380297167,-80.,127.160434665741));
#17975=CARTESIAN_POINT('',(14.0339239405666,-70.,127.160434665741));
#17976=CARTESIAN_POINT('',(14.0339239405666,-80.,127.160434665741));
#17977=CARTESIAN_POINT('',(10.538460659293,-70.,127.160434665741));
#17978=CARTESIAN_POINT('',(14.0339239405666,-70.,127.160434665741));
#17979=CARTESIAN_POINT('',(10.538460659293,-80.,127.160434665741));
#17980=CARTESIAN_POINT('Origin',(14.0339239405666,-80.,130.66666888694));
#17981=CARTESIAN_POINT('',(14.0339239405666,-80.,130.66666888694));
#17982=CARTESIAN_POINT('',(14.0339239405666,-80.,105.33333444347));
#17983=CARTESIAN_POINT('',(14.0339239405666,-70.,130.66666888694));
#17984=CARTESIAN_POINT('',(14.0339239405666,-80.,130.66666888694));
#17985=CARTESIAN_POINT('',(14.0339239405666,-70.,130.66666888694));
#17986=CARTESIAN_POINT('Origin',(10.538460659293,-80.,130.66666888694));
#17987=CARTESIAN_POINT('',(10.538460659293,-80.,130.66666888694));
#17988=CARTESIAN_POINT('',(-34.7307696703535,-80.,130.66666888694));
#17989=CARTESIAN_POINT('',(10.538460659293,-70.,130.66666888694));
#17990=CARTESIAN_POINT('',(10.538460659293,-80.,130.66666888694));
#17991=CARTESIAN_POINT('',(10.538460659293,-70.,130.66666888694));
#17992=CARTESIAN_POINT('Origin',(10.538460659293,-80.,127.160434665741));
#17993=CARTESIAN_POINT('',(10.538460659293,-80.,103.58021733287));
#17994=CARTESIAN_POINT('',(10.538460659293,-70.,127.160434665741));
#17995=CARTESIAN_POINT('Origin',(12.2861922999298,-70.,128.91355177634));
#17996=CARTESIAN_POINT('Origin',(-50.3076931868608,-80.,130.66666888694));
#17997=CARTESIAN_POINT('',(-46.8122299055872,-75.,130.66666888694));
#17998=CARTESIAN_POINT('',(-50.3076931868608,-75.,130.66666888694));
#17999=CARTESIAN_POINT('',(-25.1538465934304,-75.,130.66666888694));
#18000=CARTESIAN_POINT('',(-46.8122299055872,-80.,130.66666888694));
#18001=CARTESIAN_POINT('',(-46.8122299055872,-80.,130.66666888694));
#18002=CARTESIAN_POINT('',(-50.3076931868608,-80.,130.66666888694));
#18003=CARTESIAN_POINT('',(-65.1538465934304,-80.,130.66666888694));
#18004=CARTESIAN_POINT('',(-50.3076931868608,-80.,130.66666888694));
#18005=CARTESIAN_POINT('Origin',(-50.3076931868608,-80.,127.160434665741));
#18006=CARTESIAN_POINT('',(-50.3076931868608,-75.,127.160434665741));
#18007=CARTESIAN_POINT('',(-50.3076931868608,-75.,123.58021733287));
#18008=CARTESIAN_POINT('',(-50.3076931868608,-80.,127.160434665741));
#18009=CARTESIAN_POINT('',(-50.3076931868608,-80.,103.58021733287));
#18010=CARTESIAN_POINT('',(-50.3076931868608,-80.,127.160434665741));
#18011=CARTESIAN_POINT('Origin',(-46.8122299055872,-80.,127.160434665741));
#18012=CARTESIAN_POINT('',(-46.8122299055872,-75.,127.160434665741));
#18013=CARTESIAN_POINT('',(-23.4061149527936,-75.,127.160434665741));
#18014=CARTESIAN_POINT('',(-46.8122299055872,-80.,127.160434665741));
#18015=CARTESIAN_POINT('',(-63.4061149527936,-80.,127.160434665741));
#18016=CARTESIAN_POINT('',(-46.8122299055872,-80.,127.160434665741));
#18017=CARTESIAN_POINT('Origin',(-46.8122299055872,-80.,130.66666888694));
#18018=CARTESIAN_POINT('',(-46.8122299055872,-75.,125.33333444347));
#18019=CARTESIAN_POINT('',(-46.8122299055872,-80.,105.33333444347));
#18020=CARTESIAN_POINT('Origin',(-12.0429991363565,-80.,121.04932355463));
#18021=CARTESIAN_POINT('',(-12.0429991363565,-80.,121.04932355463));
#18022=CARTESIAN_POINT('',(-15.53846241763,-80.,121.04932355463));
#18023=CARTESIAN_POINT('',(-46.0214995681782,-80.,121.04932355463));
#18024=CARTESIAN_POINT('',(-12.0429991363565,-70.,121.04932355463));
#18025=CARTESIAN_POINT('',(-12.0429991363565,-80.,121.04932355463));
#18026=CARTESIAN_POINT('',(-15.53846241763,-70.,121.04932355463));
#18027=CARTESIAN_POINT('',(-12.0429991363565,-70.,121.04932355463));
#18028=CARTESIAN_POINT('',(-15.53846241763,-80.,121.04932355463));
#18029=CARTESIAN_POINT('Origin',(-12.0429991363565,-80.,124.555557775829));
#18030=CARTESIAN_POINT('',(-12.0429991363565,-80.,124.555557775829));
#18031=CARTESIAN_POINT('',(-12.0429991363565,-80.,102.277778887914));
#18032=CARTESIAN_POINT('',(-12.0429991363565,-70.,124.555557775829));
#18033=CARTESIAN_POINT('',(-12.0429991363565,-80.,124.555557775829));
#18034=CARTESIAN_POINT('',(-12.0429991363565,-70.,124.555557775829));
#18035=CARTESIAN_POINT('Origin',(-15.53846241763,-80.,124.555557775829));
#18036=CARTESIAN_POINT('',(-15.53846241763,-80.,124.555557775829));
#18037=CARTESIAN_POINT('',(-47.769231208815,-80.,124.555557775829));
#18038=CARTESIAN_POINT('',(-15.53846241763,-70.,124.555557775829));
#18039=CARTESIAN_POINT('',(-15.53846241763,-80.,124.555557775829));
#18040=CARTESIAN_POINT('',(-15.53846241763,-70.,124.555557775829));
#18041=CARTESIAN_POINT('Origin',(-15.53846241763,-80.,121.04932355463));
#18042=CARTESIAN_POINT('',(-15.53846241763,-80.,100.524661777315));
#18043=CARTESIAN_POINT('',(-15.53846241763,-70.,121.04932355463));
#18044=CARTESIAN_POINT('Origin',(-13.7907307769933,-70.,122.802440665229));
#18045=CARTESIAN_POINT('Origin',(-32.9230778022454,-80.,124.555557775829));
#18046=CARTESIAN_POINT('',(-29.4276145209719,-75.,124.555557775829));
#18047=CARTESIAN_POINT('',(-32.9230778022454,-75.,124.555557775829));
#18048=CARTESIAN_POINT('',(-16.4615389011227,-75.,124.555557775829));
#18049=CARTESIAN_POINT('',(-29.4276145209719,-80.,124.555557775829));
#18050=CARTESIAN_POINT('',(-29.4276145209719,-80.,124.555557775829));
#18051=CARTESIAN_POINT('',(-32.9230778022454,-80.,124.555557775829));
#18052=CARTESIAN_POINT('',(-56.4615389011227,-80.,124.555557775829));
#18053=CARTESIAN_POINT('',(-32.9230778022454,-80.,124.555557775829));
#18054=CARTESIAN_POINT('Origin',(-32.9230778022454,-80.,121.04932355463));
#18055=CARTESIAN_POINT('',(-32.9230778022454,-75.,121.04932355463));
#18056=CARTESIAN_POINT('',(-32.9230778022454,-75.,120.524661777315));
#18057=CARTESIAN_POINT('',(-32.9230778022454,-80.,121.04932355463));
#18058=CARTESIAN_POINT('',(-32.9230778022454,-80.,100.524661777315));
#18059=CARTESIAN_POINT('',(-32.9230778022454,-80.,121.04932355463));
#18060=CARTESIAN_POINT('Origin',(-29.4276145209719,-80.,121.04932355463));
#18061=CARTESIAN_POINT('',(-29.4276145209719,-75.,121.04932355463));
#18062=CARTESIAN_POINT('',(-14.7138072604859,-75.,121.04932355463));
#18063=CARTESIAN_POINT('',(-29.4276145209719,-80.,121.04932355463));
#18064=CARTESIAN_POINT('',(-54.7138072604859,-80.,121.04932355463));
#18065=CARTESIAN_POINT('',(-29.4276145209719,-80.,121.04932355463));
#18066=CARTESIAN_POINT('Origin',(-29.4276145209719,-80.,124.555557775829));
#18067=CARTESIAN_POINT('',(-29.4276145209719,-75.,122.277778887914));
#18068=CARTESIAN_POINT('',(-29.4276145209719,-80.,102.277778887914));
#18069=CARTESIAN_POINT('Origin',(-6.84615472532236,-80.,136.777779998051));
#18070=CARTESIAN_POINT('',(-3.35069144404879,-75.,136.777779998051));
#18071=CARTESIAN_POINT('',(-6.84615472532236,-75.,136.777779998051));
#18072=CARTESIAN_POINT('',(-3.42307736266117,-75.,136.777779998051));
#18073=CARTESIAN_POINT('',(-3.35069144404879,-80.,136.777779998051));
#18074=CARTESIAN_POINT('',(-3.35069144404879,-80.,136.777779998051));
#18075=CARTESIAN_POINT('',(-6.84615472532236,-80.,136.777779998051));
#18076=CARTESIAN_POINT('',(-43.4230773626612,-80.,136.777779998051));
#18077=CARTESIAN_POINT('',(-6.84615472532236,-80.,136.777779998051));
#18078=CARTESIAN_POINT('Origin',(-6.84615472532236,-80.,133.271545776852));
#18079=CARTESIAN_POINT('',(-6.84615472532236,-75.,133.271545776852));
#18080=CARTESIAN_POINT('',(-6.84615472532236,-75.,126.635772888426));
#18081=CARTESIAN_POINT('',(-6.84615472532236,-80.,133.271545776852));
#18082=CARTESIAN_POINT('',(-6.84615472532235,-80.,106.635772888426));
#18083=CARTESIAN_POINT('',(-6.84615472532236,-80.,133.271545776852));
#18084=CARTESIAN_POINT('Origin',(-3.35069144404879,-80.,133.271545776852));
#18085=CARTESIAN_POINT('',(-3.35069144404879,-75.,133.271545776852));
#18086=CARTESIAN_POINT('',(-1.67534572202439,-75.,133.271545776852));
#18087=CARTESIAN_POINT('',(-3.35069144404879,-80.,133.271545776852));
#18088=CARTESIAN_POINT('',(-41.6753457220244,-80.,133.271545776852));
#18089=CARTESIAN_POINT('',(-3.35069144404879,-80.,133.271545776852));
#18090=CARTESIAN_POINT('Origin',(-3.35069144404879,-80.,136.777779998051));
#18091=CARTESIAN_POINT('',(-3.35069144404879,-75.,128.388889999025));
#18092=CARTESIAN_POINT('',(-3.35069144404879,-80.,108.388889999025));
#18093=CARTESIAN_POINT('Origin',(-38.1199222132796,-80.,133.271545776852));
#18094=CARTESIAN_POINT('',(-38.1199222132796,-80.,133.271545776852));
#18095=CARTESIAN_POINT('',(-41.6153854945531,-80.,133.271545776852));
#18096=CARTESIAN_POINT('',(-59.0599611066398,-80.,133.271545776852));
#18097=CARTESIAN_POINT('',(-38.1199222132796,-70.,133.271545776852));
#18098=CARTESIAN_POINT('',(-38.1199222132796,-80.,133.271545776852));
#18099=CARTESIAN_POINT('',(-41.6153854945531,-70.,133.271545776852));
#18100=CARTESIAN_POINT('',(-38.1199222132796,-70.,133.271545776852));
#18101=CARTESIAN_POINT('',(-41.6153854945531,-80.,133.271545776852));
#18102=CARTESIAN_POINT('Origin',(-38.1199222132796,-80.,136.777779998051));
#18103=CARTESIAN_POINT('',(-38.1199222132796,-80.,136.777779998051));
#18104=CARTESIAN_POINT('',(-38.1199222132796,-80.,108.388889999025));
#18105=CARTESIAN_POINT('',(-38.1199222132796,-70.,136.777779998051));
#18106=CARTESIAN_POINT('',(-38.1199222132796,-80.,136.777779998051));
#18107=CARTESIAN_POINT('',(-38.1199222132796,-70.,136.777779998051));
#18108=CARTESIAN_POINT('Origin',(-41.6153854945531,-80.,136.777779998051));
#18109=CARTESIAN_POINT('',(-41.6153854945531,-80.,136.777779998051));
#18110=CARTESIAN_POINT('',(-60.8076927472766,-80.,136.777779998051));
#18111=CARTESIAN_POINT('',(-41.6153854945531,-70.,136.777779998051));
#18112=CARTESIAN_POINT('',(-41.6153854945531,-80.,136.777779998051));
#18113=CARTESIAN_POINT('',(-41.6153854945531,-70.,136.777779998051));
#18114=CARTESIAN_POINT('Origin',(-41.6153854945531,-80.,133.271545776852));
#18115=CARTESIAN_POINT('',(-41.6153854945531,-80.,106.635772888426));
#18116=CARTESIAN_POINT('',(-41.6153854945531,-70.,133.271545776852));
#18117=CARTESIAN_POINT('Origin',(-39.8676538539163,-70.,135.024662887451));
#18118=CARTESIAN_POINT('Origin',(-12.0429991363565,-80.,139.382656887963));
#18119=CARTESIAN_POINT('',(-12.0429991363565,-80.,139.382656887963));
#18120=CARTESIAN_POINT('',(-15.53846241763,-80.,139.382656887963));
#18121=CARTESIAN_POINT('',(-46.0214995681782,-80.,139.382656887963));
#18122=CARTESIAN_POINT('',(-12.0429991363565,-70.,139.382656887963));
#18123=CARTESIAN_POINT('',(-12.0429991363565,-80.,139.382656887963));
#18124=CARTESIAN_POINT('',(-15.53846241763,-70.,139.382656887963));
#18125=CARTESIAN_POINT('',(-12.0429991363565,-70.,139.382656887963));
#18126=CARTESIAN_POINT('',(-15.53846241763,-80.,139.382656887963));
#18127=CARTESIAN_POINT('Origin',(-12.0429991363565,-80.,142.888891109162));
#18128=CARTESIAN_POINT('',(-12.0429991363565,-80.,142.888891109162));
#18129=CARTESIAN_POINT('',(-12.0429991363565,-80.,111.444445554581));
#18130=CARTESIAN_POINT('',(-12.0429991363565,-70.,142.888891109162));
#18131=CARTESIAN_POINT('',(-12.0429991363565,-80.,142.888891109162));
#18132=CARTESIAN_POINT('',(-12.0429991363565,-70.,142.888891109162));
#18133=CARTESIAN_POINT('Origin',(-15.53846241763,-80.,142.888891109162));
#18134=CARTESIAN_POINT('',(-15.53846241763,-80.,142.888891109162));
#18135=CARTESIAN_POINT('',(-47.769231208815,-80.,142.888891109162));
#18136=CARTESIAN_POINT('',(-15.53846241763,-70.,142.888891109162));
#18137=CARTESIAN_POINT('',(-15.53846241763,-80.,142.888891109162));
#18138=CARTESIAN_POINT('',(-15.53846241763,-70.,142.888891109162));
#18139=CARTESIAN_POINT('Origin',(-15.53846241763,-80.,139.382656887963));
#18140=CARTESIAN_POINT('',(-15.53846241763,-80.,109.691328443981));
#18141=CARTESIAN_POINT('',(-15.53846241763,-70.,139.382656887963));
#18142=CARTESIAN_POINT('Origin',(-13.7907307769933,-70.,141.135773998562));
#18143=CARTESIAN_POINT('Origin',(-6.84615472532236,-80.,149.000002220273));
#18144=CARTESIAN_POINT('',(-3.35069144404879,-75.,149.000002220273));
#18145=CARTESIAN_POINT('',(-6.84615472532236,-75.,149.000002220273));
#18146=CARTESIAN_POINT('',(-3.42307736266117,-75.,149.000002220273));
#18147=CARTESIAN_POINT('',(-3.35069144404879,-80.,149.000002220273));
#18148=CARTESIAN_POINT('',(-3.35069144404879,-80.,149.000002220273));
#18149=CARTESIAN_POINT('',(-6.84615472532236,-80.,149.000002220273));
#18150=CARTESIAN_POINT('',(-43.4230773626612,-80.,149.000002220273));
#18151=CARTESIAN_POINT('',(-6.84615472532236,-80.,149.000002220273));
#18152=CARTESIAN_POINT('Origin',(-6.84615472532236,-80.,145.493767999074));
#18153=CARTESIAN_POINT('',(-6.84615472532236,-75.,145.493767999074));
#18154=CARTESIAN_POINT('',(-6.84615472532236,-75.,132.746883999537));
#18155=CARTESIAN_POINT('',(-6.84615472532236,-80.,145.493767999074));
#18156=CARTESIAN_POINT('',(-6.84615472532235,-80.,112.746883999537));
#18157=CARTESIAN_POINT('',(-6.84615472532236,-80.,145.493767999074));
#18158=CARTESIAN_POINT('Origin',(-3.35069144404879,-80.,145.493767999074));
#18159=CARTESIAN_POINT('',(-3.35069144404879,-75.,145.493767999074));
#18160=CARTESIAN_POINT('',(-1.67534572202439,-75.,145.493767999074));
#18161=CARTESIAN_POINT('',(-3.35069144404879,-80.,145.493767999074));
#18162=CARTESIAN_POINT('',(-41.6753457220244,-80.,145.493767999074));
#18163=CARTESIAN_POINT('',(-3.35069144404879,-80.,145.493767999074));
#18164=CARTESIAN_POINT('Origin',(-3.35069144404879,-80.,149.000002220273));
#18165=CARTESIAN_POINT('',(-3.35069144404879,-75.,134.500001110137));
#18166=CARTESIAN_POINT('',(-3.35069144404879,-80.,114.500001110137));
#18167=CARTESIAN_POINT('Origin',(-59.0000008791685,-80.,142.888891109162));
#18168=CARTESIAN_POINT('',(-55.5045375978949,-75.,142.888891109162));
#18169=CARTESIAN_POINT('',(-59.0000008791685,-75.,142.888891109162));
#18170=CARTESIAN_POINT('',(-29.5000004395843,-75.,142.888891109162));
#18171=CARTESIAN_POINT('',(-55.5045375978949,-80.,142.888891109162));
#18172=CARTESIAN_POINT('',(-55.5045375978949,-80.,142.888891109162));
#18173=CARTESIAN_POINT('',(-59.0000008791685,-80.,142.888891109162));
#18174=CARTESIAN_POINT('',(-69.5000004395842,-80.,142.888891109162));
#18175=CARTESIAN_POINT('',(-59.0000008791685,-80.,142.888891109162));
#18176=CARTESIAN_POINT('Origin',(-59.0000008791685,-80.,139.382656887963));
#18177=CARTESIAN_POINT('',(-59.0000008791685,-75.,139.382656887963));
#18178=CARTESIAN_POINT('',(-59.0000008791685,-75.,129.691328443981));
#18179=CARTESIAN_POINT('',(-59.0000008791685,-80.,139.382656887963));
#18180=CARTESIAN_POINT('',(-59.0000008791685,-80.,109.691328443981));
#18181=CARTESIAN_POINT('',(-59.0000008791685,-80.,139.382656887963));
#18182=CARTESIAN_POINT('Origin',(-55.5045375978949,-80.,139.382656887963));
#18183=CARTESIAN_POINT('',(-55.5045375978949,-75.,139.382656887963));
#18184=CARTESIAN_POINT('',(-27.7522687989475,-75.,139.382656887963));
#18185=CARTESIAN_POINT('',(-55.5045375978949,-80.,139.382656887963));
#18186=CARTESIAN_POINT('',(-67.7522687989475,-80.,139.382656887963));
#18187=CARTESIAN_POINT('',(-55.5045375978949,-80.,139.382656887963));
#18188=CARTESIAN_POINT('Origin',(-55.5045375978949,-80.,142.888891109162));
#18189=CARTESIAN_POINT('',(-55.5045375978949,-75.,131.444445554581));
#18190=CARTESIAN_POINT('',(-55.5045375978949,-80.,111.444445554581));
#18191=CARTESIAN_POINT('Origin',(27.9230760439084,-80.,124.555557775829));
#18192=CARTESIAN_POINT('',(31.418539325182,-75.,124.555557775829));
#18193=CARTESIAN_POINT('',(27.9230760439084,-75.,124.555557775829));
#18194=CARTESIAN_POINT('',(13.9615380219542,-75.,124.555557775829));
#18195=CARTESIAN_POINT('',(31.418539325182,-80.,124.555557775829));
#18196=CARTESIAN_POINT('',(31.418539325182,-80.,124.555557775829));
#18197=CARTESIAN_POINT('',(27.9230760439084,-80.,124.555557775829));
#18198=CARTESIAN_POINT('',(-26.0384619780458,-80.,124.555557775829));
#18199=CARTESIAN_POINT('',(27.9230760439084,-80.,124.555557775829));
#18200=CARTESIAN_POINT('Origin',(27.9230760439084,-80.,121.04932355463));
#18201=CARTESIAN_POINT('',(27.9230760439084,-75.,121.04932355463));
#18202=CARTESIAN_POINT('',(27.9230760439084,-75.,120.524661777315));
#18203=CARTESIAN_POINT('',(27.9230760439084,-80.,121.04932355463));
#18204=CARTESIAN_POINT('',(27.9230760439084,-80.,100.524661777315));
#18205=CARTESIAN_POINT('',(27.9230760439084,-80.,121.04932355463));
#18206=CARTESIAN_POINT('Origin',(31.418539325182,-80.,121.04932355463));
#18207=CARTESIAN_POINT('',(31.418539325182,-75.,121.04932355463));
#18208=CARTESIAN_POINT('',(15.709269662591,-75.,121.04932355463));
#18209=CARTESIAN_POINT('',(31.418539325182,-80.,121.04932355463));
#18210=CARTESIAN_POINT('',(-24.290730337409,-80.,121.04932355463));
#18211=CARTESIAN_POINT('',(31.418539325182,-80.,121.04932355463));
#18212=CARTESIAN_POINT('Origin',(31.418539325182,-80.,124.555557775829));
#18213=CARTESIAN_POINT('',(31.418539325182,-75.,122.277778887914));
#18214=CARTESIAN_POINT('',(31.418539325182,-80.,102.277778887914));
#18215=CARTESIAN_POINT('Origin',(45.3076914285238,-80.,124.555557775829));
#18216=CARTESIAN_POINT('',(48.8031547097974,-75.,124.555557775829));
#18217=CARTESIAN_POINT('',(45.3076914285238,-75.,124.555557775829));
#18218=CARTESIAN_POINT('',(22.6538457142619,-75.,124.555557775829));
#18219=CARTESIAN_POINT('',(48.8031547097974,-80.,124.555557775829));
#18220=CARTESIAN_POINT('',(48.8031547097974,-80.,124.555557775829));
#18221=CARTESIAN_POINT('',(45.3076914285238,-80.,124.555557775829));
#18222=CARTESIAN_POINT('',(-17.3461542857381,-80.,124.555557775829));
#18223=CARTESIAN_POINT('',(45.3076914285238,-80.,124.555557775829));
#18224=CARTESIAN_POINT('Origin',(45.3076914285238,-80.,121.04932355463));
#18225=CARTESIAN_POINT('',(45.3076914285238,-75.,121.04932355463));
#18226=CARTESIAN_POINT('',(45.3076914285238,-75.,120.524661777315));
#18227=CARTESIAN_POINT('',(45.3076914285238,-80.,121.04932355463));
#18228=CARTESIAN_POINT('',(45.3076914285238,-80.,100.524661777315));
#18229=CARTESIAN_POINT('',(45.3076914285238,-80.,121.04932355463));
#18230=CARTESIAN_POINT('Origin',(48.8031547097974,-80.,121.04932355463));
#18231=CARTESIAN_POINT('',(48.8031547097974,-75.,121.04932355463));
#18232=CARTESIAN_POINT('',(24.4015773548987,-75.,121.04932355463));
#18233=CARTESIAN_POINT('',(48.8031547097974,-80.,121.04932355463));
#18234=CARTESIAN_POINT('',(-15.5984226451013,-80.,121.04932355463));
#18235=CARTESIAN_POINT('',(48.8031547097974,-80.,121.04932355463));
#18236=CARTESIAN_POINT('Origin',(48.8031547097974,-80.,124.555557775829));
#18237=CARTESIAN_POINT('',(48.8031547097974,-75.,122.277778887914));
#18238=CARTESIAN_POINT('',(48.8031547097974,-80.,102.277778887914));
#18239=CARTESIAN_POINT('Origin',(14.0339239405666,-80.,121.04932355463));
#18240=CARTESIAN_POINT('',(14.0339239405666,-80.,121.04932355463));
#18241=CARTESIAN_POINT('',(10.538460659293,-80.,121.04932355463));
#18242=CARTESIAN_POINT('',(-32.9830380297167,-80.,121.04932355463));
#18243=CARTESIAN_POINT('',(14.0339239405666,-70.,121.04932355463));
#18244=CARTESIAN_POINT('',(14.0339239405666,-80.,121.04932355463));
#18245=CARTESIAN_POINT('',(10.538460659293,-70.,121.04932355463));
#18246=CARTESIAN_POINT('',(14.0339239405666,-70.,121.04932355463));
#18247=CARTESIAN_POINT('',(10.538460659293,-80.,121.04932355463));
#18248=CARTESIAN_POINT('Origin',(14.0339239405666,-80.,124.555557775829));
#18249=CARTESIAN_POINT('',(14.0339239405666,-80.,124.555557775829));
#18250=CARTESIAN_POINT('',(14.0339239405666,-80.,102.277778887914));
#18251=CARTESIAN_POINT('',(14.0339239405666,-70.,124.555557775829));
#18252=CARTESIAN_POINT('',(14.0339239405666,-80.,124.555557775829));
#18253=CARTESIAN_POINT('',(14.0339239405666,-70.,124.555557775829));
#18254=CARTESIAN_POINT('Origin',(10.538460659293,-80.,124.555557775829));
#18255=CARTESIAN_POINT('',(10.538460659293,-80.,124.555557775829));
#18256=CARTESIAN_POINT('',(-34.7307696703535,-80.,124.555557775829));
#18257=CARTESIAN_POINT('',(10.538460659293,-70.,124.555557775829));
#18258=CARTESIAN_POINT('',(10.538460659293,-80.,124.555557775829));
#18259=CARTESIAN_POINT('',(10.538460659293,-70.,124.555557775829));
#18260=CARTESIAN_POINT('Origin',(10.538460659293,-80.,121.04932355463));
#18261=CARTESIAN_POINT('',(10.538460659293,-80.,100.524661777315));
#18262=CARTESIAN_POINT('',(10.538460659293,-70.,121.04932355463));
#18263=CARTESIAN_POINT('Origin',(12.2861922999298,-70.,122.802440665229));
#18264=CARTESIAN_POINT('Origin',(40.1108470174897,-80.,121.04932355463));
#18265=CARTESIAN_POINT('',(40.1108470174897,-80.,121.04932355463));
#18266=CARTESIAN_POINT('',(36.6153837362161,-80.,121.04932355463));
#18267=CARTESIAN_POINT('',(-19.9445764912552,-80.,121.04932355463));
#18268=CARTESIAN_POINT('',(40.1108470174897,-70.,121.04932355463));
#18269=CARTESIAN_POINT('',(40.1108470174897,-80.,121.04932355463));
#18270=CARTESIAN_POINT('',(36.6153837362161,-70.,121.04932355463));
#18271=CARTESIAN_POINT('',(40.1108470174897,-70.,121.04932355463));
#18272=CARTESIAN_POINT('',(36.6153837362161,-80.,121.04932355463));
#18273=CARTESIAN_POINT('Origin',(40.1108470174897,-80.,124.555557775829));
#18274=CARTESIAN_POINT('',(40.1108470174897,-80.,124.555557775829));
#18275=CARTESIAN_POINT('',(40.1108470174897,-80.,102.277778887914));
#18276=CARTESIAN_POINT('',(40.1108470174897,-70.,124.555557775829));
#18277=CARTESIAN_POINT('',(40.1108470174897,-80.,124.555557775829));
#18278=CARTESIAN_POINT('',(40.1108470174897,-70.,124.555557775829));
#18279=CARTESIAN_POINT('Origin',(36.6153837362161,-80.,124.555557775829));
#18280=CARTESIAN_POINT('',(36.6153837362161,-80.,124.555557775829));
#18281=CARTESIAN_POINT('',(-21.6923081318919,-80.,124.555557775829));
#18282=CARTESIAN_POINT('',(36.6153837362161,-70.,124.555557775829));
#18283=CARTESIAN_POINT('',(36.6153837362161,-80.,124.555557775829));
#18284=CARTESIAN_POINT('',(36.6153837362161,-70.,124.555557775829));
#18285=CARTESIAN_POINT('Origin',(36.6153837362161,-80.,121.04932355463));
#18286=CARTESIAN_POINT('',(36.6153837362161,-80.,100.524661777315));
#18287=CARTESIAN_POINT('',(36.6153837362161,-70.,121.04932355463));
#18288=CARTESIAN_POINT('Origin',(38.3631153768529,-70.,122.802440665229));
#18289=CARTESIAN_POINT('Origin',(-38.1199222132796,-80.,139.382656887963));
#18290=CARTESIAN_POINT('',(-38.1199222132796,-80.,139.382656887963));
#18291=CARTESIAN_POINT('',(-41.6153854945531,-80.,139.382656887963));
#18292=CARTESIAN_POINT('',(-59.0599611066398,-80.,139.382656887963));
#18293=CARTESIAN_POINT('',(-38.1199222132796,-70.,139.382656887963));
#18294=CARTESIAN_POINT('',(-38.1199222132796,-80.,139.382656887963));
#18295=CARTESIAN_POINT('',(-41.6153854945531,-70.,139.382656887963));
#18296=CARTESIAN_POINT('',(-38.1199222132796,-70.,139.382656887963));
#18297=CARTESIAN_POINT('',(-41.6153854945531,-80.,139.382656887963));
#18298=CARTESIAN_POINT('Origin',(-38.1199222132796,-80.,142.888891109162));
#18299=CARTESIAN_POINT('',(-38.1199222132796,-80.,142.888891109162));
#18300=CARTESIAN_POINT('',(-38.1199222132796,-80.,111.444445554581));
#18301=CARTESIAN_POINT('',(-38.1199222132796,-70.,142.888891109162));
#18302=CARTESIAN_POINT('',(-38.1199222132796,-80.,142.888891109162));
#18303=CARTESIAN_POINT('',(-38.1199222132796,-70.,142.888891109162));
#18304=CARTESIAN_POINT('Origin',(-41.6153854945531,-80.,142.888891109162));
#18305=CARTESIAN_POINT('',(-41.6153854945531,-80.,142.888891109162));
#18306=CARTESIAN_POINT('',(-60.8076927472766,-80.,142.888891109162));
#18307=CARTESIAN_POINT('',(-41.6153854945531,-70.,142.888891109162));
#18308=CARTESIAN_POINT('',(-41.6153854945531,-80.,142.888891109162));
#18309=CARTESIAN_POINT('',(-41.6153854945531,-70.,142.888891109162));
#18310=CARTESIAN_POINT('Origin',(-41.6153854945531,-80.,139.382656887963));
#18311=CARTESIAN_POINT('',(-41.6153854945531,-80.,109.691328443981));
#18312=CARTESIAN_POINT('',(-41.6153854945531,-70.,139.382656887963));
#18313=CARTESIAN_POINT('Origin',(-39.8676538539163,-70.,141.135773998562));
#18314=CARTESIAN_POINT('Origin',(-50.3076931868608,-80.,142.888891109162));
#18315=CARTESIAN_POINT('',(-46.8122299055872,-75.,142.888891109162));
#18316=CARTESIAN_POINT('',(-50.3076931868608,-75.,142.888891109162));
#18317=CARTESIAN_POINT('',(-25.1538465934304,-75.,142.888891109162));
#18318=CARTESIAN_POINT('',(-46.8122299055872,-80.,142.888891109162));
#18319=CARTESIAN_POINT('',(-46.8122299055872,-80.,142.888891109162));
#18320=CARTESIAN_POINT('',(-50.3076931868608,-80.,142.888891109162));
#18321=CARTESIAN_POINT('',(-65.1538465934304,-80.,142.888891109162));
#18322=CARTESIAN_POINT('',(-50.3076931868608,-80.,142.888891109162));
#18323=CARTESIAN_POINT('Origin',(-50.3076931868608,-80.,139.382656887963));
#18324=CARTESIAN_POINT('',(-50.3076931868608,-75.,139.382656887963));
#18325=CARTESIAN_POINT('',(-50.3076931868608,-75.,129.691328443981));
#18326=CARTESIAN_POINT('',(-50.3076931868608,-80.,139.382656887963));
#18327=CARTESIAN_POINT('',(-50.3076931868608,-80.,109.691328443981));
#18328=CARTESIAN_POINT('',(-50.3076931868608,-80.,139.382656887963));
#18329=CARTESIAN_POINT('Origin',(-46.8122299055872,-80.,139.382656887963));
#18330=CARTESIAN_POINT('',(-46.8122299055872,-75.,139.382656887963));
#18331=CARTESIAN_POINT('',(-23.4061149527936,-75.,139.382656887963));
#18332=CARTESIAN_POINT('',(-46.8122299055872,-80.,139.382656887963));
#18333=CARTESIAN_POINT('',(-63.4061149527936,-80.,139.382656887963));
#18334=CARTESIAN_POINT('',(-46.8122299055872,-80.,139.382656887963));
#18335=CARTESIAN_POINT('Origin',(-46.8122299055872,-80.,142.888891109162));
#18336=CARTESIAN_POINT('',(-46.8122299055872,-75.,131.444445554581));
#18337=CARTESIAN_POINT('',(-46.8122299055872,-80.,111.444445554581));
#18338=CARTESIAN_POINT('Origin',(-6.84615472532236,-80.,142.888891109162));
#18339=CARTESIAN_POINT('',(-3.35069144404879,-75.,142.888891109162));
#18340=CARTESIAN_POINT('',(-6.84615472532236,-75.,142.888891109162));
#18341=CARTESIAN_POINT('',(-3.42307736266117,-75.,142.888891109162));
#18342=CARTESIAN_POINT('',(-3.35069144404879,-80.,142.888891109162));
#18343=CARTESIAN_POINT('',(-3.35069144404879,-80.,142.888891109162));
#18344=CARTESIAN_POINT('',(-6.84615472532236,-80.,142.888891109162));
#18345=CARTESIAN_POINT('',(-43.4230773626612,-80.,142.888891109162));
#18346=CARTESIAN_POINT('',(-6.84615472532236,-80.,142.888891109162));
#18347=CARTESIAN_POINT('Origin',(-6.84615472532236,-80.,139.382656887963));
#18348=CARTESIAN_POINT('',(-6.84615472532236,-75.,139.382656887963));
#18349=CARTESIAN_POINT('',(-6.84615472532236,-75.,129.691328443981));
#18350=CARTESIAN_POINT('',(-6.84615472532236,-80.,139.382656887963));
#18351=CARTESIAN_POINT('',(-6.84615472532235,-80.,109.691328443981));
#18352=CARTESIAN_POINT('',(-6.84615472532236,-80.,139.382656887963));
#18353=CARTESIAN_POINT('Origin',(-3.35069144404879,-80.,139.382656887963));
#18354=CARTESIAN_POINT('',(-3.35069144404879,-75.,139.382656887963));
#18355=CARTESIAN_POINT('',(-1.67534572202439,-75.,139.382656887963));
#18356=CARTESIAN_POINT('',(-3.35069144404879,-80.,139.382656887963));
#18357=CARTESIAN_POINT('',(-41.6753457220244,-80.,139.382656887963));
#18358=CARTESIAN_POINT('',(-3.35069144404879,-80.,139.382656887963));
#18359=CARTESIAN_POINT('Origin',(-3.35069144404879,-80.,142.888891109162));
#18360=CARTESIAN_POINT('',(-3.35069144404879,-75.,131.444445554581));
#18361=CARTESIAN_POINT('',(-3.35069144404879,-80.,111.444445554581));
#18362=CARTESIAN_POINT('Origin',(-38.1199222132796,-80.,127.160434665741));
#18363=CARTESIAN_POINT('',(-38.1199222132796,-80.,127.160434665741));
#18364=CARTESIAN_POINT('',(-41.6153854945531,-80.,127.160434665741));
#18365=CARTESIAN_POINT('',(-59.0599611066398,-80.,127.160434665741));
#18366=CARTESIAN_POINT('',(-38.1199222132796,-70.,127.160434665741));
#18367=CARTESIAN_POINT('',(-38.1199222132796,-80.,127.160434665741));
#18368=CARTESIAN_POINT('',(-41.6153854945531,-70.,127.160434665741));
#18369=CARTESIAN_POINT('',(-38.1199222132796,-70.,127.160434665741));
#18370=CARTESIAN_POINT('',(-41.6153854945531,-80.,127.160434665741));
#18371=CARTESIAN_POINT('Origin',(-38.1199222132796,-80.,130.66666888694));
#18372=CARTESIAN_POINT('',(-38.1199222132796,-80.,130.66666888694));
#18373=CARTESIAN_POINT('',(-38.1199222132796,-80.,105.33333444347));
#18374=CARTESIAN_POINT('',(-38.1199222132796,-70.,130.66666888694));
#18375=CARTESIAN_POINT('',(-38.1199222132796,-80.,130.66666888694));
#18376=CARTESIAN_POINT('',(-38.1199222132796,-70.,130.66666888694));
#18377=CARTESIAN_POINT('Origin',(-41.6153854945531,-80.,130.66666888694));
#18378=CARTESIAN_POINT('',(-41.6153854945531,-80.,130.66666888694));
#18379=CARTESIAN_POINT('',(-60.8076927472766,-80.,130.66666888694));
#18380=CARTESIAN_POINT('',(-41.6153854945531,-70.,130.66666888694));
#18381=CARTESIAN_POINT('',(-41.6153854945531,-80.,130.66666888694));
#18382=CARTESIAN_POINT('',(-41.6153854945531,-70.,130.66666888694));
#18383=CARTESIAN_POINT('Origin',(-41.6153854945531,-80.,127.160434665741));
#18384=CARTESIAN_POINT('',(-41.6153854945531,-80.,103.58021733287));
#18385=CARTESIAN_POINT('',(-41.6153854945531,-70.,127.160434665741));
#18386=CARTESIAN_POINT('Origin',(-39.8676538539163,-70.,128.91355177634));
#18387=CARTESIAN_POINT('Origin',(-32.9230778022454,-80.,130.66666888694));
#18388=CARTESIAN_POINT('',(-29.4276145209719,-75.,130.66666888694));
#18389=CARTESIAN_POINT('',(-32.9230778022454,-75.,130.66666888694));
#18390=CARTESIAN_POINT('',(-16.4615389011227,-75.,130.66666888694));
#18391=CARTESIAN_POINT('',(-29.4276145209719,-80.,130.66666888694));
#18392=CARTESIAN_POINT('',(-29.4276145209719,-80.,130.66666888694));
#18393=CARTESIAN_POINT('',(-32.9230778022454,-80.,130.66666888694));
#18394=CARTESIAN_POINT('',(-56.4615389011227,-80.,130.66666888694));
#18395=CARTESIAN_POINT('',(-32.9230778022454,-80.,130.66666888694));
#18396=CARTESIAN_POINT('Origin',(-32.9230778022454,-80.,127.160434665741));
#18397=CARTESIAN_POINT('',(-32.9230778022454,-75.,127.160434665741));
#18398=CARTESIAN_POINT('',(-32.9230778022454,-75.,123.58021733287));
#18399=CARTESIAN_POINT('',(-32.9230778022454,-80.,127.160434665741));
#18400=CARTESIAN_POINT('',(-32.9230778022454,-80.,103.58021733287));
#18401=CARTESIAN_POINT('',(-32.9230778022454,-80.,127.160434665741));
#18402=CARTESIAN_POINT('Origin',(-29.4276145209719,-80.,127.160434665741));
#18403=CARTESIAN_POINT('',(-29.4276145209719,-75.,127.160434665741));
#18404=CARTESIAN_POINT('',(-14.7138072604859,-75.,127.160434665741));
#18405=CARTESIAN_POINT('',(-29.4276145209719,-80.,127.160434665741));
#18406=CARTESIAN_POINT('',(-54.7138072604859,-80.,127.160434665741));
#18407=CARTESIAN_POINT('',(-29.4276145209719,-80.,127.160434665741));
#18408=CARTESIAN_POINT('Origin',(-29.4276145209719,-80.,130.66666888694));
#18409=CARTESIAN_POINT('',(-29.4276145209719,-75.,125.33333444347));
#18410=CARTESIAN_POINT('',(-29.4276145209719,-80.,105.33333444347));
#18411=CARTESIAN_POINT('Origin',(-24.2307701099377,-80.,124.555557775829));
#18412=CARTESIAN_POINT('',(-20.7353068286642,-75.,124.555557775829));
#18413=CARTESIAN_POINT('',(-24.2307701099377,-75.,124.555557775829));
#18414=CARTESIAN_POINT('',(-12.1153850549689,-75.,124.555557775829));
#18415=CARTESIAN_POINT('',(-20.7353068286642,-80.,124.555557775829));
#18416=CARTESIAN_POINT('',(-20.7353068286642,-80.,124.555557775829));
#18417=CARTESIAN_POINT('',(-24.2307701099377,-80.,124.555557775829));
#18418=CARTESIAN_POINT('',(-52.1153850549689,-80.,124.555557775829));
#18419=CARTESIAN_POINT('',(-24.2307701099377,-80.,124.555557775829));
#18420=CARTESIAN_POINT('Origin',(-24.2307701099377,-80.,121.04932355463));
#18421=CARTESIAN_POINT('',(-24.2307701099377,-75.,121.04932355463));
#18422=CARTESIAN_POINT('',(-24.2307701099377,-75.,120.524661777315));
#18423=CARTESIAN_POINT('',(-24.2307701099377,-80.,121.04932355463));
#18424=CARTESIAN_POINT('',(-24.2307701099377,-80.,100.524661777315));
#18425=CARTESIAN_POINT('',(-24.2307701099377,-80.,121.04932355463));
#18426=CARTESIAN_POINT('Origin',(-20.7353068286642,-80.,121.04932355463));
#18427=CARTESIAN_POINT('',(-20.7353068286642,-75.,121.04932355463));
#18428=CARTESIAN_POINT('',(-10.3676534143321,-75.,121.04932355463));
#18429=CARTESIAN_POINT('',(-20.7353068286642,-80.,121.04932355463));
#18430=CARTESIAN_POINT('',(-50.3676534143321,-80.,121.04932355463));
#18431=CARTESIAN_POINT('',(-20.7353068286642,-80.,121.04932355463));
#18432=CARTESIAN_POINT('Origin',(-20.7353068286642,-80.,124.555557775829));
#18433=CARTESIAN_POINT('',(-20.7353068286642,-75.,122.277778887914));
#18434=CARTESIAN_POINT('',(-20.7353068286642,-80.,102.277778887914));
#18435=CARTESIAN_POINT('Origin',(-50.3076931868608,-80.,124.555557775829));
#18436=CARTESIAN_POINT('',(-46.8122299055872,-75.,124.555557775829));
#18437=CARTESIAN_POINT('',(-50.3076931868608,-75.,124.555557775829));
#18438=CARTESIAN_POINT('',(-25.1538465934304,-75.,124.555557775829));
#18439=CARTESIAN_POINT('',(-46.8122299055872,-80.,124.555557775829));
#18440=CARTESIAN_POINT('',(-46.8122299055872,-80.,124.555557775829));
#18441=CARTESIAN_POINT('',(-50.3076931868608,-80.,124.555557775829));
#18442=CARTESIAN_POINT('',(-65.1538465934304,-80.,124.555557775829));
#18443=CARTESIAN_POINT('',(-50.3076931868608,-80.,124.555557775829));
#18444=CARTESIAN_POINT('Origin',(-50.3076931868608,-80.,121.04932355463));
#18445=CARTESIAN_POINT('',(-50.3076931868608,-75.,121.04932355463));
#18446=CARTESIAN_POINT('',(-50.3076931868608,-75.,120.524661777315));
#18447=CARTESIAN_POINT('',(-50.3076931868608,-80.,121.04932355463));
#18448=CARTESIAN_POINT('',(-50.3076931868608,-80.,100.524661777315));
#18449=CARTESIAN_POINT('',(-50.3076931868608,-80.,121.04932355463));
#18450=CARTESIAN_POINT('Origin',(-46.8122299055872,-80.,121.04932355463));
#18451=CARTESIAN_POINT('',(-46.8122299055872,-75.,121.04932355463));
#18452=CARTESIAN_POINT('',(-23.4061149527936,-75.,121.04932355463));
#18453=CARTESIAN_POINT('',(-46.8122299055872,-80.,121.04932355463));
#18454=CARTESIAN_POINT('',(-63.4061149527936,-80.,121.04932355463));
#18455=CARTESIAN_POINT('',(-46.8122299055872,-80.,121.04932355463));
#18456=CARTESIAN_POINT('Origin',(-46.8122299055872,-80.,124.555557775829));
#18457=CARTESIAN_POINT('',(-46.8122299055872,-75.,122.277778887914));
#18458=CARTESIAN_POINT('',(-46.8122299055872,-80.,102.277778887914));
#18459=CARTESIAN_POINT('Origin',(-59.0000008791685,-80.,130.66666888694));
#18460=CARTESIAN_POINT('',(-55.5045375978949,-75.,130.66666888694));
#18461=CARTESIAN_POINT('',(-59.0000008791685,-75.,130.66666888694));
#18462=CARTESIAN_POINT('',(-29.5000004395843,-75.,130.66666888694));
#18463=CARTESIAN_POINT('',(-55.5045375978949,-80.,130.66666888694));
#18464=CARTESIAN_POINT('',(-55.5045375978949,-80.,130.66666888694));
#18465=CARTESIAN_POINT('',(-59.0000008791685,-80.,130.66666888694));
#18466=CARTESIAN_POINT('',(-69.5000004395842,-80.,130.66666888694));
#18467=CARTESIAN_POINT('',(-59.0000008791685,-80.,130.66666888694));
#18468=CARTESIAN_POINT('Origin',(-59.0000008791685,-80.,127.160434665741));
#18469=CARTESIAN_POINT('',(-59.0000008791685,-75.,127.160434665741));
#18470=CARTESIAN_POINT('',(-59.0000008791685,-75.,123.58021733287));
#18471=CARTESIAN_POINT('',(-59.0000008791685,-80.,127.160434665741));
#18472=CARTESIAN_POINT('',(-59.0000008791685,-80.,103.58021733287));
#18473=CARTESIAN_POINT('',(-59.0000008791685,-80.,127.160434665741));
#18474=CARTESIAN_POINT('Origin',(-55.5045375978949,-80.,127.160434665741));
#18475=CARTESIAN_POINT('',(-55.5045375978949,-75.,127.160434665741));
#18476=CARTESIAN_POINT('',(-27.7522687989475,-75.,127.160434665741));
#18477=CARTESIAN_POINT('',(-55.5045375978949,-80.,127.160434665741));
#18478=CARTESIAN_POINT('',(-67.7522687989475,-80.,127.160434665741));
#18479=CARTESIAN_POINT('',(-55.5045375978949,-80.,127.160434665741));
#18480=CARTESIAN_POINT('Origin',(-55.5045375978949,-80.,130.66666888694));
#18481=CARTESIAN_POINT('',(-55.5045375978949,-75.,125.33333444347));
#18482=CARTESIAN_POINT('',(-55.5045375978949,-80.,105.33333444347));
#18483=CARTESIAN_POINT('Origin',(27.9230760439084,-80.,130.66666888694));
#18484=CARTESIAN_POINT('',(31.418539325182,-75.,130.66666888694));
#18485=CARTESIAN_POINT('',(27.9230760439084,-75.,130.66666888694));
#18486=CARTESIAN_POINT('',(13.9615380219542,-75.,130.66666888694));
#18487=CARTESIAN_POINT('',(31.418539325182,-80.,130.66666888694));
#18488=CARTESIAN_POINT('',(31.418539325182,-80.,130.66666888694));
#18489=CARTESIAN_POINT('',(27.9230760439084,-80.,130.66666888694));
#18490=CARTESIAN_POINT('',(-26.0384619780458,-80.,130.66666888694));
#18491=CARTESIAN_POINT('',(27.9230760439084,-80.,130.66666888694));
#18492=CARTESIAN_POINT('Origin',(27.9230760439084,-80.,127.160434665741));
#18493=CARTESIAN_POINT('',(27.9230760439084,-75.,127.160434665741));
#18494=CARTESIAN_POINT('',(27.9230760439084,-75.,123.58021733287));
#18495=CARTESIAN_POINT('',(27.9230760439084,-80.,127.160434665741));
#18496=CARTESIAN_POINT('',(27.9230760439084,-80.,103.58021733287));
#18497=CARTESIAN_POINT('',(27.9230760439084,-80.,127.160434665741));
#18498=CARTESIAN_POINT('Origin',(31.418539325182,-80.,127.160434665741));
#18499=CARTESIAN_POINT('',(31.418539325182,-75.,127.160434665741));
#18500=CARTESIAN_POINT('',(15.709269662591,-75.,127.160434665741));
#18501=CARTESIAN_POINT('',(31.418539325182,-80.,127.160434665741));
#18502=CARTESIAN_POINT('',(-24.290730337409,-80.,127.160434665741));
#18503=CARTESIAN_POINT('',(31.418539325182,-80.,127.160434665741));
#18504=CARTESIAN_POINT('Origin',(31.418539325182,-80.,130.66666888694));
#18505=CARTESIAN_POINT('',(31.418539325182,-75.,125.33333444347));
#18506=CARTESIAN_POINT('',(31.418539325182,-80.,105.33333444347));
#18507=CARTESIAN_POINT('Origin',(45.3076914285238,-80.,94.000002220273));
#18508=CARTESIAN_POINT('',(48.8031547097974,-75.,94.000002220273));
#18509=CARTESIAN_POINT('',(45.3076914285238,-75.,94.000002220273));
#18510=CARTESIAN_POINT('',(22.6538457142619,-75.,94.000002220273));
#18511=CARTESIAN_POINT('',(48.8031547097974,-80.,94.000002220273));
#18512=CARTESIAN_POINT('',(48.8031547097974,-80.,94.000002220273));
#18513=CARTESIAN_POINT('',(45.3076914285238,-80.,94.000002220273));
#18514=CARTESIAN_POINT('',(-17.3461542857381,-80.,94.000002220273));
#18515=CARTESIAN_POINT('',(45.3076914285238,-80.,94.000002220273));
#18516=CARTESIAN_POINT('Origin',(45.3076914285238,-80.,90.493767999074));
#18517=CARTESIAN_POINT('',(45.3076914285238,-75.,90.493767999074));
#18518=CARTESIAN_POINT('',(45.3076914285238,-75.,105.246883999537));
#18519=CARTESIAN_POINT('',(45.3076914285238,-80.,90.493767999074));
#18520=CARTESIAN_POINT('',(45.3076914285238,-80.,85.246883999537));
#18521=CARTESIAN_POINT('',(45.3076914285238,-80.,90.493767999074));
#18522=CARTESIAN_POINT('Origin',(48.8031547097974,-80.,90.493767999074));
#18523=CARTESIAN_POINT('',(48.8031547097974,-75.,90.493767999074));
#18524=CARTESIAN_POINT('',(24.4015773548987,-75.,90.493767999074));
#18525=CARTESIAN_POINT('',(48.8031547097974,-80.,90.493767999074));
#18526=CARTESIAN_POINT('',(-15.5984226451013,-80.,90.493767999074));
#18527=CARTESIAN_POINT('',(48.8031547097974,-80.,90.493767999074));
#18528=CARTESIAN_POINT('Origin',(48.8031547097974,-80.,94.000002220273));
#18529=CARTESIAN_POINT('',(48.8031547097974,-75.,107.000001110137));
#18530=CARTESIAN_POINT('',(48.8031547097974,-80.,87.0000011101365));
#18531=CARTESIAN_POINT('Origin',(27.9230760439084,-80.,94.000002220273));
#18532=CARTESIAN_POINT('',(31.418539325182,-75.,94.000002220273));
#18533=CARTESIAN_POINT('',(27.9230760439084,-75.,94.000002220273));
#18534=CARTESIAN_POINT('',(13.9615380219542,-75.,94.000002220273));
#18535=CARTESIAN_POINT('',(31.418539325182,-80.,94.000002220273));
#18536=CARTESIAN_POINT('',(31.418539325182,-80.,94.000002220273));
#18537=CARTESIAN_POINT('',(27.9230760439084,-80.,94.000002220273));
#18538=CARTESIAN_POINT('',(-26.0384619780458,-80.,94.000002220273));
#18539=CARTESIAN_POINT('',(27.9230760439084,-80.,94.000002220273));
#18540=CARTESIAN_POINT('Origin',(27.9230760439084,-80.,90.493767999074));
#18541=CARTESIAN_POINT('',(27.9230760439084,-75.,90.493767999074));
#18542=CARTESIAN_POINT('',(27.9230760439084,-75.,105.246883999537));
#18543=CARTESIAN_POINT('',(27.9230760439084,-80.,90.493767999074));
#18544=CARTESIAN_POINT('',(27.9230760439084,-80.,85.246883999537));
#18545=CARTESIAN_POINT('',(27.9230760439084,-80.,90.493767999074));
#18546=CARTESIAN_POINT('Origin',(31.418539325182,-80.,90.493767999074));
#18547=CARTESIAN_POINT('',(31.418539325182,-75.,90.493767999074));
#18548=CARTESIAN_POINT('',(15.709269662591,-75.,90.493767999074));
#18549=CARTESIAN_POINT('',(31.418539325182,-80.,90.493767999074));
#18550=CARTESIAN_POINT('',(-24.290730337409,-80.,90.493767999074));
#18551=CARTESIAN_POINT('',(31.418539325182,-80.,90.493767999074));
#18552=CARTESIAN_POINT('Origin',(31.418539325182,-80.,94.000002220273));
#18553=CARTESIAN_POINT('',(31.418539325182,-75.,107.000001110137));
#18554=CARTESIAN_POINT('',(31.418539325182,-80.,87.0000011101365));
#18555=CARTESIAN_POINT('Origin',(-6.84615472532236,-80.,100.111113331384));
#18556=CARTESIAN_POINT('',(-3.35069144404879,-75.,100.111113331384));
#18557=CARTESIAN_POINT('',(-6.84615472532236,-75.,100.111113331384));
#18558=CARTESIAN_POINT('',(-3.42307736266117,-75.,100.111113331384));
#18559=CARTESIAN_POINT('',(-3.35069144404879,-80.,100.111113331384));
#18560=CARTESIAN_POINT('',(-3.35069144404879,-80.,100.111113331384));
#18561=CARTESIAN_POINT('',(-6.84615472532236,-80.,100.111113331384));
#18562=CARTESIAN_POINT('',(-43.4230773626612,-80.,100.111113331384));
#18563=CARTESIAN_POINT('',(-6.84615472532236,-80.,100.111113331384));
#18564=CARTESIAN_POINT('Origin',(-6.84615472532236,-80.,96.6048791101851));
#18565=CARTESIAN_POINT('',(-6.84615472532236,-75.,96.6048791101851));
#18566=CARTESIAN_POINT('',(-6.84615472532236,-75.,108.302439555093));
#18567=CARTESIAN_POINT('',(-6.84615472532236,-80.,96.6048791101851));
#18568=CARTESIAN_POINT('',(-6.84615472532235,-80.,88.3024395550926));
#18569=CARTESIAN_POINT('',(-6.84615472532236,-80.,96.6048791101851));
#18570=CARTESIAN_POINT('Origin',(-3.35069144404879,-80.,96.6048791101851));
#18571=CARTESIAN_POINT('',(-3.35069144404879,-75.,96.6048791101851));
#18572=CARTESIAN_POINT('',(-1.67534572202439,-75.,96.6048791101851));
#18573=CARTESIAN_POINT('',(-3.35069144404879,-80.,96.6048791101851));
#18574=CARTESIAN_POINT('',(-41.6753457220244,-80.,96.6048791101851));
#18575=CARTESIAN_POINT('',(-3.35069144404879,-80.,96.6048791101851));
#18576=CARTESIAN_POINT('Origin',(-3.35069144404879,-80.,100.111113331384));
#18577=CARTESIAN_POINT('',(-3.35069144404879,-75.,110.055556665692));
#18578=CARTESIAN_POINT('',(-3.35069144404879,-80.,90.0555566656921));
#18579=CARTESIAN_POINT('Origin',(45.3076914285238,-80.,136.777779998051));
#18580=CARTESIAN_POINT('',(48.8031547097974,-75.,136.777779998051));
#18581=CARTESIAN_POINT('',(45.3076914285238,-75.,136.777779998051));
#18582=CARTESIAN_POINT('',(22.6538457142619,-75.,136.777779998051));
#18583=CARTESIAN_POINT('',(48.8031547097974,-80.,136.777779998051));
#18584=CARTESIAN_POINT('',(48.8031547097974,-80.,136.777779998051));
#18585=CARTESIAN_POINT('',(45.3076914285238,-80.,136.777779998051));
#18586=CARTESIAN_POINT('',(-17.3461542857381,-80.,136.777779998051));
#18587=CARTESIAN_POINT('',(45.3076914285238,-80.,136.777779998051));
#18588=CARTESIAN_POINT('Origin',(45.3076914285238,-80.,133.271545776852));
#18589=CARTESIAN_POINT('',(45.3076914285238,-75.,133.271545776852));
#18590=CARTESIAN_POINT('',(45.3076914285238,-75.,126.635772888426));
#18591=CARTESIAN_POINT('',(45.3076914285238,-80.,133.271545776852));
#18592=CARTESIAN_POINT('',(45.3076914285238,-80.,106.635772888426));
#18593=CARTESIAN_POINT('',(45.3076914285238,-80.,133.271545776852));
#18594=CARTESIAN_POINT('Origin',(48.8031547097974,-80.,133.271545776852));
#18595=CARTESIAN_POINT('',(48.8031547097974,-75.,133.271545776852));
#18596=CARTESIAN_POINT('',(24.4015773548987,-75.,133.271545776852));
#18597=CARTESIAN_POINT('',(48.8031547097974,-80.,133.271545776852));
#18598=CARTESIAN_POINT('',(-15.5984226451013,-80.,133.271545776852));
#18599=CARTESIAN_POINT('',(48.8031547097974,-80.,133.271545776852));
#18600=CARTESIAN_POINT('Origin',(48.8031547097974,-80.,136.777779998051));
#18601=CARTESIAN_POINT('',(48.8031547097974,-75.,128.388889999025));
#18602=CARTESIAN_POINT('',(48.8031547097974,-80.,108.388889999025));
#18603=CARTESIAN_POINT('Origin',(1.84615296698533,-80.,130.66666888694));
#18604=CARTESIAN_POINT('',(5.3416162482589,-75.,130.66666888694));
#18605=CARTESIAN_POINT('',(1.84615296698533,-75.,130.66666888694));
#18606=CARTESIAN_POINT('',(0.923076483492671,-75.,130.66666888694));
#18607=CARTESIAN_POINT('',(5.3416162482589,-80.,130.66666888694));
#18608=CARTESIAN_POINT('',(5.3416162482589,-80.,130.66666888694));
#18609=CARTESIAN_POINT('',(1.84615296698533,-80.,130.66666888694));
#18610=CARTESIAN_POINT('',(-39.0769235165073,-80.,130.66666888694));
#18611=CARTESIAN_POINT('',(1.84615296698533,-80.,130.66666888694));
#18612=CARTESIAN_POINT('Origin',(1.84615296698533,-80.,127.160434665741));
#18613=CARTESIAN_POINT('',(1.84615296698533,-75.,127.160434665741));
#18614=CARTESIAN_POINT('',(1.84615296698533,-75.,123.58021733287));
#18615=CARTESIAN_POINT('',(1.84615296698533,-80.,127.160434665741));
#18616=CARTESIAN_POINT('',(1.84615296698533,-80.,103.58021733287));
#18617=CARTESIAN_POINT('',(1.84615296698533,-80.,127.160434665741));
#18618=CARTESIAN_POINT('Origin',(5.3416162482589,-80.,127.160434665741));
#18619=CARTESIAN_POINT('',(5.3416162482589,-75.,127.160434665741));
#18620=CARTESIAN_POINT('',(2.67080812412945,-75.,127.160434665741));
#18621=CARTESIAN_POINT('',(5.3416162482589,-80.,127.160434665741));
#18622=CARTESIAN_POINT('',(-37.3291918758705,-80.,127.160434665741));
#18623=CARTESIAN_POINT('',(5.3416162482589,-80.,127.160434665741));
#18624=CARTESIAN_POINT('Origin',(5.3416162482589,-80.,130.66666888694));
#18625=CARTESIAN_POINT('',(5.3416162482589,-75.,125.33333444347));
#18626=CARTESIAN_POINT('',(5.3416162482589,-80.,105.33333444347));
#18627=CARTESIAN_POINT('Origin',(-12.0429991363565,-80.,90.493767999074));
#18628=CARTESIAN_POINT('',(-12.0429991363565,-80.,90.493767999074));
#18629=CARTESIAN_POINT('',(-15.53846241763,-80.,90.493767999074));
#18630=CARTESIAN_POINT('',(-46.0214995681782,-80.,90.493767999074));
#18631=CARTESIAN_POINT('',(-12.0429991363565,-70.,90.493767999074));
#18632=CARTESIAN_POINT('',(-12.0429991363565,-80.,90.493767999074));
#18633=CARTESIAN_POINT('',(-15.53846241763,-70.,90.493767999074));
#18634=CARTESIAN_POINT('',(-12.0429991363565,-70.,90.493767999074));
#18635=CARTESIAN_POINT('',(-15.53846241763,-80.,90.493767999074));
#18636=CARTESIAN_POINT('Origin',(-12.0429991363565,-80.,94.000002220273));
#18637=CARTESIAN_POINT('',(-12.0429991363565,-80.,94.000002220273));
#18638=CARTESIAN_POINT('',(-12.0429991363565,-80.,87.0000011101365));
#18639=CARTESIAN_POINT('',(-12.0429991363565,-70.,94.000002220273));
#18640=CARTESIAN_POINT('',(-12.0429991363565,-80.,94.000002220273));
#18641=CARTESIAN_POINT('',(-12.0429991363565,-70.,94.000002220273));
#18642=CARTESIAN_POINT('Origin',(-15.53846241763,-80.,94.000002220273));
#18643=CARTESIAN_POINT('',(-15.53846241763,-80.,94.000002220273));
#18644=CARTESIAN_POINT('',(-47.769231208815,-80.,94.000002220273));
#18645=CARTESIAN_POINT('',(-15.53846241763,-70.,94.000002220273));
#18646=CARTESIAN_POINT('',(-15.53846241763,-80.,94.000002220273));
#18647=CARTESIAN_POINT('',(-15.53846241763,-70.,94.000002220273));
#18648=CARTESIAN_POINT('Origin',(-15.53846241763,-80.,90.493767999074));
#18649=CARTESIAN_POINT('',(-15.53846241763,-80.,85.246883999537));
#18650=CARTESIAN_POINT('',(-15.53846241763,-70.,90.493767999074));
#18651=CARTESIAN_POINT('Origin',(-13.7907307769933,-70.,92.2468851096735));
#18652=CARTESIAN_POINT('Origin',(19.2307683516007,-80.,149.000002220273));
#18653=CARTESIAN_POINT('',(22.7262316328743,-75.,149.000002220273));
#18654=CARTESIAN_POINT('',(19.2307683516007,-75.,149.000002220273));
#18655=CARTESIAN_POINT('',(9.61538417580037,-75.,149.000002220273));
#18656=CARTESIAN_POINT('',(22.7262316328743,-80.,149.000002220273));
#18657=CARTESIAN_POINT('',(22.7262316328743,-80.,149.000002220273));
#18658=CARTESIAN_POINT('',(19.2307683516007,-80.,149.000002220273));
#18659=CARTESIAN_POINT('',(-30.3846158241996,-80.,149.000002220273));
#18660=CARTESIAN_POINT('',(19.2307683516007,-80.,149.000002220273));
#18661=CARTESIAN_POINT('Origin',(19.2307683516007,-80.,145.493767999074));
#18662=CARTESIAN_POINT('',(19.2307683516007,-75.,145.493767999074));
#18663=CARTESIAN_POINT('',(19.2307683516007,-75.,132.746883999537));
#18664=CARTESIAN_POINT('',(19.2307683516007,-80.,145.493767999074));
#18665=CARTESIAN_POINT('',(19.2307683516007,-80.,112.746883999537));
#18666=CARTESIAN_POINT('',(19.2307683516007,-80.,145.493767999074));
#18667=CARTESIAN_POINT('Origin',(22.7262316328743,-80.,145.493767999074));
#18668=CARTESIAN_POINT('',(22.7262316328743,-75.,145.493767999074));
#18669=CARTESIAN_POINT('',(11.3631158164372,-75.,145.493767999074));
#18670=CARTESIAN_POINT('',(22.7262316328743,-80.,145.493767999074));
#18671=CARTESIAN_POINT('',(-28.6368841835628,-80.,145.493767999074));
#18672=CARTESIAN_POINT('',(22.7262316328743,-80.,145.493767999074));
#18673=CARTESIAN_POINT('Origin',(22.7262316328743,-80.,149.000002220273));
#18674=CARTESIAN_POINT('',(22.7262316328743,-75.,134.500001110137));
#18675=CARTESIAN_POINT('',(22.7262316328743,-80.,114.500001110137));
#18676=CARTESIAN_POINT('Origin',(-50.3076931868608,-80.,118.444446664717));
#18677=CARTESIAN_POINT('',(-46.8122299055872,-75.,118.444446664717));
#18678=CARTESIAN_POINT('',(-50.3076931868608,-75.,118.444446664717));
#18679=CARTESIAN_POINT('',(-25.1538465934304,-75.,118.444446664717));
#18680=CARTESIAN_POINT('',(-46.8122299055872,-80.,118.444446664717));
#18681=CARTESIAN_POINT('',(-46.8122299055872,-80.,118.444446664717));
#18682=CARTESIAN_POINT('',(-50.3076931868608,-80.,118.444446664717));
#18683=CARTESIAN_POINT('',(-65.1538465934304,-80.,118.444446664717));
#18684=CARTESIAN_POINT('',(-50.3076931868608,-80.,118.444446664717));
#18685=CARTESIAN_POINT('Origin',(-50.3076931868608,-80.,114.938212443518));
#18686=CARTESIAN_POINT('',(-50.3076931868608,-75.,114.938212443518));
#18687=CARTESIAN_POINT('',(-50.3076931868608,-75.,117.469106221759));
#18688=CARTESIAN_POINT('',(-50.3076931868608,-80.,114.938212443518));
#18689=CARTESIAN_POINT('',(-50.3076931868608,-80.,97.4691062217592));
#18690=CARTESIAN_POINT('',(-50.3076931868608,-80.,114.938212443518));
#18691=CARTESIAN_POINT('Origin',(-46.8122299055872,-80.,114.938212443518));
#18692=CARTESIAN_POINT('',(-46.8122299055872,-75.,114.938212443518));
#18693=CARTESIAN_POINT('',(-23.4061149527936,-75.,114.938212443518));
#18694=CARTESIAN_POINT('',(-46.8122299055872,-80.,114.938212443518));
#18695=CARTESIAN_POINT('',(-63.4061149527936,-80.,114.938212443518));
#18696=CARTESIAN_POINT('',(-46.8122299055872,-80.,114.938212443518));
#18697=CARTESIAN_POINT('Origin',(-46.8122299055872,-80.,118.444446664717));
#18698=CARTESIAN_POINT('',(-46.8122299055872,-75.,119.222223332359));
#18699=CARTESIAN_POINT('',(-46.8122299055872,-80.,99.2222233323587));
#18700=CARTESIAN_POINT('Origin',(-38.1199222132796,-80.,114.938212443518));
#18701=CARTESIAN_POINT('',(-38.1199222132796,-80.,114.938212443518));
#18702=CARTESIAN_POINT('',(-41.6153854945531,-80.,114.938212443518));
#18703=CARTESIAN_POINT('',(-59.0599611066398,-80.,114.938212443518));
#18704=CARTESIAN_POINT('',(-38.1199222132796,-70.,114.938212443518));
#18705=CARTESIAN_POINT('',(-38.1199222132796,-80.,114.938212443518));
#18706=CARTESIAN_POINT('',(-41.6153854945531,-70.,114.938212443518));
#18707=CARTESIAN_POINT('',(-38.1199222132796,-70.,114.938212443518));
#18708=CARTESIAN_POINT('',(-41.6153854945531,-80.,114.938212443518));
#18709=CARTESIAN_POINT('Origin',(-38.1199222132796,-80.,118.444446664717));
#18710=CARTESIAN_POINT('',(-38.1199222132796,-80.,118.444446664717));
#18711=CARTESIAN_POINT('',(-38.1199222132796,-80.,99.2222233323587));
#18712=CARTESIAN_POINT('',(-38.1199222132796,-70.,118.444446664717));
#18713=CARTESIAN_POINT('',(-38.1199222132796,-80.,118.444446664717));
#18714=CARTESIAN_POINT('',(-38.1199222132796,-70.,118.444446664717));
#18715=CARTESIAN_POINT('Origin',(-41.6153854945531,-80.,118.444446664717));
#18716=CARTESIAN_POINT('',(-41.6153854945531,-80.,118.444446664717));
#18717=CARTESIAN_POINT('',(-60.8076927472766,-80.,118.444446664717));
#18718=CARTESIAN_POINT('',(-41.6153854945531,-70.,118.444446664717));
#18719=CARTESIAN_POINT('',(-41.6153854945531,-80.,118.444446664717));
#18720=CARTESIAN_POINT('',(-41.6153854945531,-70.,118.444446664717));
#18721=CARTESIAN_POINT('Origin',(-41.6153854945531,-80.,114.938212443518));
#18722=CARTESIAN_POINT('',(-41.6153854945531,-80.,97.4691062217592));
#18723=CARTESIAN_POINT('',(-41.6153854945531,-70.,114.938212443518));
#18724=CARTESIAN_POINT('Origin',(-39.8676538539163,-70.,116.691329554118));
#18725=CARTESIAN_POINT('Origin',(-59.0000008791685,-80.,118.444446664717));
#18726=CARTESIAN_POINT('',(-55.5045375978949,-75.,118.444446664717));
#18727=CARTESIAN_POINT('',(-59.0000008791685,-75.,118.444446664717));
#18728=CARTESIAN_POINT('',(-29.5000004395843,-75.,118.444446664717));
#18729=CARTESIAN_POINT('',(-55.5045375978949,-80.,118.444446664717));
#18730=CARTESIAN_POINT('',(-55.5045375978949,-80.,118.444446664717));
#18731=CARTESIAN_POINT('',(-59.0000008791685,-80.,118.444446664717));
#18732=CARTESIAN_POINT('',(-69.5000004395842,-80.,118.444446664717));
#18733=CARTESIAN_POINT('',(-59.0000008791685,-80.,118.444446664717));
#18734=CARTESIAN_POINT('Origin',(-59.0000008791685,-80.,114.938212443518));
#18735=CARTESIAN_POINT('',(-59.0000008791685,-75.,114.938212443518));
#18736=CARTESIAN_POINT('',(-59.0000008791685,-75.,117.469106221759));
#18737=CARTESIAN_POINT('',(-59.0000008791685,-80.,114.938212443518));
#18738=CARTESIAN_POINT('',(-59.0000008791685,-80.,97.4691062217592));
#18739=CARTESIAN_POINT('',(-59.0000008791685,-80.,114.938212443518));
#18740=CARTESIAN_POINT('Origin',(-55.5045375978949,-80.,114.938212443518));
#18741=CARTESIAN_POINT('',(-55.5045375978949,-75.,114.938212443518));
#18742=CARTESIAN_POINT('',(-27.7522687989475,-75.,114.938212443518));
#18743=CARTESIAN_POINT('',(-55.5045375978949,-80.,114.938212443518));
#18744=CARTESIAN_POINT('',(-67.7522687989475,-80.,114.938212443518));
#18745=CARTESIAN_POINT('',(-55.5045375978949,-80.,114.938212443518));
#18746=CARTESIAN_POINT('Origin',(-55.5045375978949,-80.,118.444446664717));
#18747=CARTESIAN_POINT('',(-55.5045375978949,-75.,119.222223332359));
#18748=CARTESIAN_POINT('',(-55.5045375978949,-80.,99.2222233323587));
#18749=CARTESIAN_POINT('Origin',(1.84615296698533,-80.,149.000002220273));
#18750=CARTESIAN_POINT('',(5.3416162482589,-75.,149.000002220273));
#18751=CARTESIAN_POINT('',(1.84615296698533,-75.,149.000002220273));
#18752=CARTESIAN_POINT('',(0.923076483492671,-75.,149.000002220273));
#18753=CARTESIAN_POINT('',(5.3416162482589,-80.,149.000002220273));
#18754=CARTESIAN_POINT('',(5.3416162482589,-80.,149.000002220273));
#18755=CARTESIAN_POINT('',(1.84615296698533,-80.,149.000002220273));
#18756=CARTESIAN_POINT('',(-39.0769235165073,-80.,149.000002220273));
#18757=CARTESIAN_POINT('',(1.84615296698533,-80.,149.000002220273));
#18758=CARTESIAN_POINT('Origin',(1.84615296698533,-80.,145.493767999074));
#18759=CARTESIAN_POINT('',(1.84615296698533,-75.,145.493767999074));
#18760=CARTESIAN_POINT('',(1.84615296698533,-75.,132.746883999537));
#18761=CARTESIAN_POINT('',(1.84615296698533,-80.,145.493767999074));
#18762=CARTESIAN_POINT('',(1.84615296698533,-80.,112.746883999537));
#18763=CARTESIAN_POINT('',(1.84615296698533,-80.,145.493767999074));
#18764=CARTESIAN_POINT('Origin',(5.3416162482589,-80.,145.493767999074));
#18765=CARTESIAN_POINT('',(5.3416162482589,-75.,145.493767999074));
#18766=CARTESIAN_POINT('',(2.67080812412945,-75.,145.493767999074));
#18767=CARTESIAN_POINT('',(5.3416162482589,-80.,145.493767999074));
#18768=CARTESIAN_POINT('',(-37.3291918758705,-80.,145.493767999074));
#18769=CARTESIAN_POINT('',(5.3416162482589,-80.,145.493767999074));
#18770=CARTESIAN_POINT('Origin',(5.3416162482589,-80.,149.000002220273));
#18771=CARTESIAN_POINT('',(5.3416162482589,-75.,134.500001110137));
#18772=CARTESIAN_POINT('',(5.3416162482589,-80.,114.500001110137));
#18773=CARTESIAN_POINT('Origin',(-12.0429991363565,-80.,114.938212443518));
#18774=CARTESIAN_POINT('',(-12.0429991363565,-80.,114.938212443518));
#18775=CARTESIAN_POINT('',(-15.53846241763,-80.,114.938212443518));
#18776=CARTESIAN_POINT('',(-46.0214995681782,-80.,114.938212443518));
#18777=CARTESIAN_POINT('',(-12.0429991363565,-70.,114.938212443518));
#18778=CARTESIAN_POINT('',(-12.0429991363565,-80.,114.938212443518));
#18779=CARTESIAN_POINT('',(-15.53846241763,-70.,114.938212443518));
#18780=CARTESIAN_POINT('',(-12.0429991363565,-70.,114.938212443518));
#18781=CARTESIAN_POINT('',(-15.53846241763,-80.,114.938212443518));
#18782=CARTESIAN_POINT('Origin',(-12.0429991363565,-80.,118.444446664717));
#18783=CARTESIAN_POINT('',(-12.0429991363565,-80.,118.444446664717));
#18784=CARTESIAN_POINT('',(-12.0429991363565,-80.,99.2222233323587));
#18785=CARTESIAN_POINT('',(-12.0429991363565,-70.,118.444446664717));
#18786=CARTESIAN_POINT('',(-12.0429991363565,-80.,118.444446664717));
#18787=CARTESIAN_POINT('',(-12.0429991363565,-70.,118.444446664717));
#18788=CARTESIAN_POINT('Origin',(-15.53846241763,-80.,118.444446664717));
#18789=CARTESIAN_POINT('',(-15.53846241763,-80.,118.444446664717));
#18790=CARTESIAN_POINT('',(-47.769231208815,-80.,118.444446664717));
#18791=CARTESIAN_POINT('',(-15.53846241763,-70.,118.444446664717));
#18792=CARTESIAN_POINT('',(-15.53846241763,-80.,118.444446664717));
#18793=CARTESIAN_POINT('',(-15.53846241763,-70.,118.444446664717));
#18794=CARTESIAN_POINT('Origin',(-15.53846241763,-80.,114.938212443518));
#18795=CARTESIAN_POINT('',(-15.53846241763,-80.,97.4691062217592));
#18796=CARTESIAN_POINT('',(-15.53846241763,-70.,114.938212443518));
#18797=CARTESIAN_POINT('Origin',(-13.7907307769933,-70.,116.691329554118));
#18798=CARTESIAN_POINT('Origin',(53.9999991208315,-80.,112.333335553606));
#18799=CARTESIAN_POINT('',(57.4954624021051,-75.,112.333335553606));
#18800=CARTESIAN_POINT('',(53.9999991208315,-75.,112.333335553606));
#18801=CARTESIAN_POINT('',(26.9999995604158,-75.,112.333335553606));
#18802=CARTESIAN_POINT('',(57.4954624021051,-80.,112.333335553606));
#18803=CARTESIAN_POINT('',(57.4954624021051,-80.,112.333335553606));
#18804=CARTESIAN_POINT('',(53.9999991208315,-80.,112.333335553606));
#18805=CARTESIAN_POINT('',(-13.0000004395842,-80.,112.333335553606));
#18806=CARTESIAN_POINT('',(53.9999991208315,-80.,112.333335553606));
#18807=CARTESIAN_POINT('Origin',(53.9999991208315,-80.,108.827101332407));
#18808=CARTESIAN_POINT('',(53.9999991208315,-75.,108.827101332407));
#18809=CARTESIAN_POINT('',(53.9999991208315,-75.,114.413550666204));
#18810=CARTESIAN_POINT('',(53.9999991208315,-80.,108.827101332407));
#18811=CARTESIAN_POINT('',(53.9999991208315,-80.,94.4135506662037));
#18812=CARTESIAN_POINT('',(53.9999991208315,-80.,108.827101332407));
#18813=CARTESIAN_POINT('Origin',(57.4954624021051,-80.,108.827101332407));
#18814=CARTESIAN_POINT('',(57.4954624021051,-75.,108.827101332407));
#18815=CARTESIAN_POINT('',(28.7477312010525,-75.,108.827101332407));
#18816=CARTESIAN_POINT('',(57.4954624021051,-80.,108.827101332407));
#18817=CARTESIAN_POINT('',(-11.2522687989475,-80.,108.827101332407));
#18818=CARTESIAN_POINT('',(57.4954624021051,-80.,108.827101332407));
#18819=CARTESIAN_POINT('Origin',(57.4954624021051,-80.,112.333335553606));
#18820=CARTESIAN_POINT('',(57.4954624021051,-75.,116.166667776803));
#18821=CARTESIAN_POINT('',(57.4954624021051,-80.,96.1666677768032));
#18822=CARTESIAN_POINT('Origin',(-50.3076931868608,-80.,112.333335553606));
#18823=CARTESIAN_POINT('',(-46.8122299055872,-75.,112.333335553606));
#18824=CARTESIAN_POINT('',(-50.3076931868608,-75.,112.333335553606));
#18825=CARTESIAN_POINT('',(-25.1538465934304,-75.,112.333335553606));
#18826=CARTESIAN_POINT('',(-46.8122299055872,-80.,112.333335553606));
#18827=CARTESIAN_POINT('',(-46.8122299055872,-80.,112.333335553606));
#18828=CARTESIAN_POINT('',(-50.3076931868608,-80.,112.333335553606));
#18829=CARTESIAN_POINT('',(-65.1538465934304,-80.,112.333335553606));
#18830=CARTESIAN_POINT('',(-50.3076931868608,-80.,112.333335553606));
#18831=CARTESIAN_POINT('Origin',(-50.3076931868608,-80.,108.827101332407));
#18832=CARTESIAN_POINT('',(-50.3076931868608,-75.,108.827101332407));
#18833=CARTESIAN_POINT('',(-50.3076931868608,-75.,114.413550666204));
#18834=CARTESIAN_POINT('',(-50.3076931868608,-80.,108.827101332407));
#18835=CARTESIAN_POINT('',(-50.3076931868608,-80.,94.4135506662037));
#18836=CARTESIAN_POINT('',(-50.3076931868608,-80.,108.827101332407));
#18837=CARTESIAN_POINT('Origin',(-46.8122299055872,-80.,108.827101332407));
#18838=CARTESIAN_POINT('',(-46.8122299055872,-75.,108.827101332407));
#18839=CARTESIAN_POINT('',(-23.4061149527936,-75.,108.827101332407));
#18840=CARTESIAN_POINT('',(-46.8122299055872,-80.,108.827101332407));
#18841=CARTESIAN_POINT('',(-63.4061149527936,-80.,108.827101332407));
#18842=CARTESIAN_POINT('',(-46.8122299055872,-80.,108.827101332407));
#18843=CARTESIAN_POINT('Origin',(-46.8122299055872,-80.,112.333335553606));
#18844=CARTESIAN_POINT('',(-46.8122299055872,-75.,116.166667776803));
#18845=CARTESIAN_POINT('',(-46.8122299055872,-80.,96.1666677768032));
#18846=CARTESIAN_POINT('Origin',(45.3076914285238,-80.,106.222224442495));
#18847=CARTESIAN_POINT('',(48.8031547097974,-75.,106.222224442495));
#18848=CARTESIAN_POINT('',(45.3076914285238,-75.,106.222224442495));
#18849=CARTESIAN_POINT('',(22.6538457142619,-75.,106.222224442495));
#18850=CARTESIAN_POINT('',(48.8031547097974,-80.,106.222224442495));
#18851=CARTESIAN_POINT('',(48.8031547097974,-80.,106.222224442495));
#18852=CARTESIAN_POINT('',(45.3076914285238,-80.,106.222224442495));
#18853=CARTESIAN_POINT('',(-17.3461542857381,-80.,106.222224442495));
#18854=CARTESIAN_POINT('',(45.3076914285238,-80.,106.222224442495));
#18855=CARTESIAN_POINT('Origin',(45.3076914285238,-80.,102.715990221296));
#18856=CARTESIAN_POINT('',(45.3076914285238,-75.,102.715990221296));
#18857=CARTESIAN_POINT('',(45.3076914285238,-75.,111.357995110648));
#18858=CARTESIAN_POINT('',(45.3076914285238,-80.,102.715990221296));
#18859=CARTESIAN_POINT('',(45.3076914285238,-80.,91.3579951106481));
#18860=CARTESIAN_POINT('',(45.3076914285238,-80.,102.715990221296));
#18861=CARTESIAN_POINT('Origin',(48.8031547097974,-80.,102.715990221296));
#18862=CARTESIAN_POINT('',(48.8031547097974,-75.,102.715990221296));
#18863=CARTESIAN_POINT('',(24.4015773548987,-75.,102.715990221296));
#18864=CARTESIAN_POINT('',(48.8031547097974,-80.,102.715990221296));
#18865=CARTESIAN_POINT('',(-15.5984226451013,-80.,102.715990221296));
#18866=CARTESIAN_POINT('',(48.8031547097974,-80.,102.715990221296));
#18867=CARTESIAN_POINT('Origin',(48.8031547097974,-80.,106.222224442495));
#18868=CARTESIAN_POINT('',(48.8031547097974,-75.,113.111112221248));
#18869=CARTESIAN_POINT('',(48.8031547097974,-80.,93.1111122212476));
#18870=CARTESIAN_POINT('Origin',(-24.2307701099377,-80.,112.333335553606));
#18871=CARTESIAN_POINT('',(-20.7353068286642,-75.,112.333335553606));
#18872=CARTESIAN_POINT('',(-24.2307701099377,-75.,112.333335553606));
#18873=CARTESIAN_POINT('',(-12.1153850549689,-75.,112.333335553606));
#18874=CARTESIAN_POINT('',(-20.7353068286642,-80.,112.333335553606));
#18875=CARTESIAN_POINT('',(-20.7353068286642,-80.,112.333335553606));
#18876=CARTESIAN_POINT('',(-24.2307701099377,-80.,112.333335553606));
#18877=CARTESIAN_POINT('',(-52.1153850549689,-80.,112.333335553606));
#18878=CARTESIAN_POINT('',(-24.2307701099377,-80.,112.333335553606));
#18879=CARTESIAN_POINT('Origin',(-24.2307701099377,-80.,108.827101332407));
#18880=CARTESIAN_POINT('',(-24.2307701099377,-75.,108.827101332407));
#18881=CARTESIAN_POINT('',(-24.2307701099377,-75.,114.413550666204));
#18882=CARTESIAN_POINT('',(-24.2307701099377,-80.,108.827101332407));
#18883=CARTESIAN_POINT('',(-24.2307701099377,-80.,94.4135506662037));
#18884=CARTESIAN_POINT('',(-24.2307701099377,-80.,108.827101332407));
#18885=CARTESIAN_POINT('Origin',(-20.7353068286642,-80.,108.827101332407));
#18886=CARTESIAN_POINT('',(-20.7353068286642,-75.,108.827101332407));
#18887=CARTESIAN_POINT('',(-10.3676534143321,-75.,108.827101332407));
#18888=CARTESIAN_POINT('',(-20.7353068286642,-80.,108.827101332407));
#18889=CARTESIAN_POINT('',(-50.3676534143321,-80.,108.827101332407));
#18890=CARTESIAN_POINT('',(-20.7353068286642,-80.,108.827101332407));
#18891=CARTESIAN_POINT('Origin',(-20.7353068286642,-80.,112.333335553606));
#18892=CARTESIAN_POINT('',(-20.7353068286642,-75.,116.166667776803));
#18893=CARTESIAN_POINT('',(-20.7353068286642,-80.,96.1666677768032));
#18894=CARTESIAN_POINT('Origin',(27.9230760439084,-80.,106.222224442495));
#18895=CARTESIAN_POINT('',(31.418539325182,-75.,106.222224442495));
#18896=CARTESIAN_POINT('',(27.9230760439084,-75.,106.222224442495));
#18897=CARTESIAN_POINT('',(13.9615380219542,-75.,106.222224442495));
#18898=CARTESIAN_POINT('',(31.418539325182,-80.,106.222224442495));
#18899=CARTESIAN_POINT('',(31.418539325182,-80.,106.222224442495));
#18900=CARTESIAN_POINT('',(27.9230760439084,-80.,106.222224442495));
#18901=CARTESIAN_POINT('',(-26.0384619780458,-80.,106.222224442495));
#18902=CARTESIAN_POINT('',(27.9230760439084,-80.,106.222224442495));
#18903=CARTESIAN_POINT('Origin',(27.9230760439084,-80.,102.715990221296));
#18904=CARTESIAN_POINT('',(27.9230760439084,-75.,102.715990221296));
#18905=CARTESIAN_POINT('',(27.9230760439084,-75.,111.357995110648));
#18906=CARTESIAN_POINT('',(27.9230760439084,-80.,102.715990221296));
#18907=CARTESIAN_POINT('',(27.9230760439084,-80.,91.3579951106481));
#18908=CARTESIAN_POINT('',(27.9230760439084,-80.,102.715990221296));
#18909=CARTESIAN_POINT('Origin',(31.418539325182,-80.,102.715990221296));
#18910=CARTESIAN_POINT('',(31.418539325182,-75.,102.715990221296));
#18911=CARTESIAN_POINT('',(15.709269662591,-75.,102.715990221296));
#18912=CARTESIAN_POINT('',(31.418539325182,-80.,102.715990221296));
#18913=CARTESIAN_POINT('',(-24.290730337409,-80.,102.715990221296));
#18914=CARTESIAN_POINT('',(31.418539325182,-80.,102.715990221296));
#18915=CARTESIAN_POINT('Origin',(31.418539325182,-80.,106.222224442495));
#18916=CARTESIAN_POINT('',(31.418539325182,-75.,113.111112221248));
#18917=CARTESIAN_POINT('',(31.418539325182,-80.,93.1111122212476));
#18918=CARTESIAN_POINT('Origin',(-12.0429991363565,-80.,108.827101332407));
#18919=CARTESIAN_POINT('',(-12.0429991363565,-80.,108.827101332407));
#18920=CARTESIAN_POINT('',(-15.53846241763,-80.,108.827101332407));
#18921=CARTESIAN_POINT('',(-46.0214995681782,-80.,108.827101332407));
#18922=CARTESIAN_POINT('',(-12.0429991363565,-70.,108.827101332407));
#18923=CARTESIAN_POINT('',(-12.0429991363565,-80.,108.827101332407));
#18924=CARTESIAN_POINT('',(-15.53846241763,-70.,108.827101332407));
#18925=CARTESIAN_POINT('',(-12.0429991363565,-70.,108.827101332407));
#18926=CARTESIAN_POINT('',(-15.53846241763,-80.,108.827101332407));
#18927=CARTESIAN_POINT('Origin',(-12.0429991363565,-80.,112.333335553606));
#18928=CARTESIAN_POINT('',(-12.0429991363565,-80.,112.333335553606));
#18929=CARTESIAN_POINT('',(-12.0429991363565,-80.,96.1666677768032));
#18930=CARTESIAN_POINT('',(-12.0429991363565,-70.,112.333335553606));
#18931=CARTESIAN_POINT('',(-12.0429991363565,-80.,112.333335553606));
#18932=CARTESIAN_POINT('',(-12.0429991363565,-70.,112.333335553606));
#18933=CARTESIAN_POINT('Origin',(-15.53846241763,-80.,112.333335553606));
#18934=CARTESIAN_POINT('',(-15.53846241763,-80.,112.333335553606));
#18935=CARTESIAN_POINT('',(-47.769231208815,-80.,112.333335553606));
#18936=CARTESIAN_POINT('',(-15.53846241763,-70.,112.333335553606));
#18937=CARTESIAN_POINT('',(-15.53846241763,-80.,112.333335553606));
#18938=CARTESIAN_POINT('',(-15.53846241763,-70.,112.333335553606));
#18939=CARTESIAN_POINT('Origin',(-15.53846241763,-80.,108.827101332407));
#18940=CARTESIAN_POINT('',(-15.53846241763,-80.,94.4135506662037));
#18941=CARTESIAN_POINT('',(-15.53846241763,-70.,108.827101332407));
#18942=CARTESIAN_POINT('Origin',(-13.7907307769933,-70.,110.580218443007));
#18943=CARTESIAN_POINT('Origin',(19.2307683516007,-80.,100.111113331384));
#18944=CARTESIAN_POINT('',(22.7262316328743,-75.,100.111113331384));
#18945=CARTESIAN_POINT('',(19.2307683516007,-75.,100.111113331384));
#18946=CARTESIAN_POINT('',(9.61538417580037,-75.,100.111113331384));
#18947=CARTESIAN_POINT('',(22.7262316328743,-80.,100.111113331384));
#18948=CARTESIAN_POINT('',(22.7262316328743,-80.,100.111113331384));
#18949=CARTESIAN_POINT('',(19.2307683516007,-80.,100.111113331384));
#18950=CARTESIAN_POINT('',(-30.3846158241996,-80.,100.111113331384));
#18951=CARTESIAN_POINT('',(19.2307683516007,-80.,100.111113331384));
#18952=CARTESIAN_POINT('Origin',(19.2307683516007,-80.,96.6048791101851));
#18953=CARTESIAN_POINT('',(19.2307683516007,-75.,96.6048791101851));
#18954=CARTESIAN_POINT('',(19.2307683516007,-75.,108.302439555093));
#18955=CARTESIAN_POINT('',(19.2307683516007,-80.,96.6048791101851));
#18956=CARTESIAN_POINT('',(19.2307683516007,-80.,88.3024395550926));
#18957=CARTESIAN_POINT('',(19.2307683516007,-80.,96.6048791101851));
#18958=CARTESIAN_POINT('Origin',(22.7262316328743,-80.,96.6048791101851));
#18959=CARTESIAN_POINT('',(22.7262316328743,-75.,96.6048791101851));
#18960=CARTESIAN_POINT('',(11.3631158164372,-75.,96.6048791101851));
#18961=CARTESIAN_POINT('',(22.7262316328743,-80.,96.6048791101851));
#18962=CARTESIAN_POINT('',(-28.6368841835628,-80.,96.6048791101851));
#18963=CARTESIAN_POINT('',(22.7262316328743,-80.,96.6048791101851));
#18964=CARTESIAN_POINT('Origin',(22.7262316328743,-80.,100.111113331384));
#18965=CARTESIAN_POINT('',(22.7262316328743,-75.,110.055556665692));
#18966=CARTESIAN_POINT('',(22.7262316328743,-80.,90.0555566656921));
#18967=CARTESIAN_POINT('Origin',(40.1108470174897,-80.,139.382656887963));
#18968=CARTESIAN_POINT('',(40.1108470174897,-80.,139.382656887963));
#18969=CARTESIAN_POINT('',(36.6153837362161,-80.,139.382656887963));
#18970=CARTESIAN_POINT('',(-19.9445764912552,-80.,139.382656887963));
#18971=CARTESIAN_POINT('',(40.1108470174897,-70.,139.382656887963));
#18972=CARTESIAN_POINT('',(40.1108470174897,-80.,139.382656887963));
#18973=CARTESIAN_POINT('',(36.6153837362161,-70.,139.382656887963));
#18974=CARTESIAN_POINT('',(40.1108470174897,-70.,139.382656887963));
#18975=CARTESIAN_POINT('',(36.6153837362161,-80.,139.382656887963));
#18976=CARTESIAN_POINT('Origin',(40.1108470174897,-80.,142.888891109162));
#18977=CARTESIAN_POINT('',(40.1108470174897,-80.,142.888891109162));
#18978=CARTESIAN_POINT('',(40.1108470174897,-80.,111.444445554581));
#18979=CARTESIAN_POINT('',(40.1108470174897,-70.,142.888891109162));
#18980=CARTESIAN_POINT('',(40.1108470174897,-80.,142.888891109162));
#18981=CARTESIAN_POINT('',(40.1108470174897,-70.,142.888891109162));
#18982=CARTESIAN_POINT('Origin',(36.6153837362161,-80.,142.888891109162));
#18983=CARTESIAN_POINT('',(36.6153837362161,-80.,142.888891109162));
#18984=CARTESIAN_POINT('',(-21.6923081318919,-80.,142.888891109162));
#18985=CARTESIAN_POINT('',(36.6153837362161,-70.,142.888891109162));
#18986=CARTESIAN_POINT('',(36.6153837362161,-80.,142.888891109162));
#18987=CARTESIAN_POINT('',(36.6153837362161,-70.,142.888891109162));
#18988=CARTESIAN_POINT('Origin',(36.6153837362161,-80.,139.382656887963));
#18989=CARTESIAN_POINT('',(36.6153837362161,-80.,109.691328443981));
#18990=CARTESIAN_POINT('',(36.6153837362161,-70.,139.382656887963));
#18991=CARTESIAN_POINT('Origin',(38.3631153768529,-70.,141.135773998562));
#18992=CARTESIAN_POINT('Origin',(19.2307683516007,-80.,142.888891109162));
#18993=CARTESIAN_POINT('',(22.7262316328743,-75.,142.888891109162));
#18994=CARTESIAN_POINT('',(19.2307683516007,-75.,142.888891109162));
#18995=CARTESIAN_POINT('',(9.61538417580037,-75.,142.888891109162));
#18996=CARTESIAN_POINT('',(22.7262316328743,-80.,142.888891109162));
#18997=CARTESIAN_POINT('',(22.7262316328743,-80.,142.888891109162));
#18998=CARTESIAN_POINT('',(19.2307683516007,-80.,142.888891109162));
#18999=CARTESIAN_POINT('',(-30.3846158241996,-80.,142.888891109162));
#19000=CARTESIAN_POINT('',(19.2307683516007,-80.,142.888891109162));
#19001=CARTESIAN_POINT('Origin',(19.2307683516007,-80.,139.382656887963));
#19002=CARTESIAN_POINT('',(19.2307683516007,-75.,139.382656887963));
#19003=CARTESIAN_POINT('',(19.2307683516007,-75.,129.691328443981));
#19004=CARTESIAN_POINT('',(19.2307683516007,-80.,139.382656887963));
#19005=CARTESIAN_POINT('',(19.2307683516007,-80.,109.691328443981));
#19006=CARTESIAN_POINT('',(19.2307683516007,-80.,139.382656887963));
#19007=CARTESIAN_POINT('Origin',(22.7262316328743,-80.,139.382656887963));
#19008=CARTESIAN_POINT('',(22.7262316328743,-75.,139.382656887963));
#19009=CARTESIAN_POINT('',(11.3631158164372,-75.,139.382656887963));
#19010=CARTESIAN_POINT('',(22.7262316328743,-80.,139.382656887963));
#19011=CARTESIAN_POINT('',(-28.6368841835628,-80.,139.382656887963));
#19012=CARTESIAN_POINT('',(22.7262316328743,-80.,139.382656887963));
#19013=CARTESIAN_POINT('Origin',(22.7262316328743,-80.,142.888891109162));
#19014=CARTESIAN_POINT('',(22.7262316328743,-75.,131.444445554581));
#19015=CARTESIAN_POINT('',(22.7262316328743,-80.,111.444445554581));
#19016=CARTESIAN_POINT('Origin',(27.9230760439084,-80.,100.111113331384));
#19017=CARTESIAN_POINT('',(31.418539325182,-75.,100.111113331384));
#19018=CARTESIAN_POINT('',(27.9230760439084,-75.,100.111113331384));
#19019=CARTESIAN_POINT('',(13.9615380219542,-75.,100.111113331384));
#19020=CARTESIAN_POINT('',(31.418539325182,-80.,100.111113331384));
#19021=CARTESIAN_POINT('',(31.418539325182,-80.,100.111113331384));
#19022=CARTESIAN_POINT('',(27.9230760439084,-80.,100.111113331384));
#19023=CARTESIAN_POINT('',(-26.0384619780458,-80.,100.111113331384));
#19024=CARTESIAN_POINT('',(27.9230760439084,-80.,100.111113331384));
#19025=CARTESIAN_POINT('Origin',(27.9230760439084,-80.,96.6048791101851));
#19026=CARTESIAN_POINT('',(27.9230760439084,-75.,96.6048791101851));
#19027=CARTESIAN_POINT('',(27.9230760439084,-75.,108.302439555093));
#19028=CARTESIAN_POINT('',(27.9230760439084,-80.,96.6048791101851));
#19029=CARTESIAN_POINT('',(27.9230760439084,-80.,88.3024395550926));
#19030=CARTESIAN_POINT('',(27.9230760439084,-80.,96.6048791101851));
#19031=CARTESIAN_POINT('Origin',(31.418539325182,-80.,96.6048791101851));
#19032=CARTESIAN_POINT('',(31.418539325182,-75.,96.6048791101851));
#19033=CARTESIAN_POINT('',(15.709269662591,-75.,96.6048791101851));
#19034=CARTESIAN_POINT('',(31.418539325182,-80.,96.6048791101851));
#19035=CARTESIAN_POINT('',(-24.290730337409,-80.,96.6048791101851));
#19036=CARTESIAN_POINT('',(31.418539325182,-80.,96.6048791101851));
#19037=CARTESIAN_POINT('Origin',(31.418539325182,-80.,100.111113331384));
#19038=CARTESIAN_POINT('',(31.418539325182,-75.,110.055556665692));
#19039=CARTESIAN_POINT('',(31.418539325182,-80.,90.0555566656921));
#19040=CARTESIAN_POINT('Origin',(-6.84615472532236,-80.,106.222224442495));
#19041=CARTESIAN_POINT('',(-3.35069144404879,-75.,106.222224442495));
#19042=CARTESIAN_POINT('',(-6.84615472532236,-75.,106.222224442495));
#19043=CARTESIAN_POINT('',(-3.42307736266117,-75.,106.222224442495));
#19044=CARTESIAN_POINT('',(-3.35069144404879,-80.,106.222224442495));
#19045=CARTESIAN_POINT('',(-3.35069144404879,-80.,106.222224442495));
#19046=CARTESIAN_POINT('',(-6.84615472532236,-80.,106.222224442495));
#19047=CARTESIAN_POINT('',(-43.4230773626612,-80.,106.222224442495));
#19048=CARTESIAN_POINT('',(-6.84615472532236,-80.,106.222224442495));
#19049=CARTESIAN_POINT('Origin',(-6.84615472532236,-80.,102.715990221296));
#19050=CARTESIAN_POINT('',(-6.84615472532236,-75.,102.715990221296));
#19051=CARTESIAN_POINT('',(-6.84615472532236,-75.,111.357995110648));
#19052=CARTESIAN_POINT('',(-6.84615472532236,-80.,102.715990221296));
#19053=CARTESIAN_POINT('',(-6.84615472532235,-80.,91.3579951106481));
#19054=CARTESIAN_POINT('',(-6.84615472532236,-80.,102.715990221296));
#19055=CARTESIAN_POINT('Origin',(-3.35069144404879,-80.,102.715990221296));
#19056=CARTESIAN_POINT('',(-3.35069144404879,-75.,102.715990221296));
#19057=CARTESIAN_POINT('',(-1.67534572202439,-75.,102.715990221296));
#19058=CARTESIAN_POINT('',(-3.35069144404879,-80.,102.715990221296));
#19059=CARTESIAN_POINT('',(-41.6753457220244,-80.,102.715990221296));
#19060=CARTESIAN_POINT('',(-3.35069144404879,-80.,102.715990221296));
#19061=CARTESIAN_POINT('Origin',(-3.35069144404879,-80.,106.222224442495));
#19062=CARTESIAN_POINT('',(-3.35069144404879,-75.,113.111112221248));
#19063=CARTESIAN_POINT('',(-3.35069144404879,-80.,93.1111122212476));
#19064=CARTESIAN_POINT('Origin',(40.1108470174897,-80.,133.271545776852));
#19065=CARTESIAN_POINT('',(40.1108470174897,-80.,133.271545776852));
#19066=CARTESIAN_POINT('',(36.6153837362161,-80.,133.271545776852));
#19067=CARTESIAN_POINT('',(-19.9445764912552,-80.,133.271545776852));
#19068=CARTESIAN_POINT('',(40.1108470174897,-70.,133.271545776852));
#19069=CARTESIAN_POINT('',(40.1108470174897,-80.,133.271545776852));
#19070=CARTESIAN_POINT('',(36.6153837362161,-70.,133.271545776852));
#19071=CARTESIAN_POINT('',(40.1108470174897,-70.,133.271545776852));
#19072=CARTESIAN_POINT('',(36.6153837362161,-80.,133.271545776852));
#19073=CARTESIAN_POINT('Origin',(40.1108470174897,-80.,136.777779998051));
#19074=CARTESIAN_POINT('',(40.1108470174897,-80.,136.777779998051));
#19075=CARTESIAN_POINT('',(40.1108470174897,-80.,108.388889999025));
#19076=CARTESIAN_POINT('',(40.1108470174897,-70.,136.777779998051));
#19077=CARTESIAN_POINT('',(40.1108470174897,-80.,136.777779998051));
#19078=CARTESIAN_POINT('',(40.1108470174897,-70.,136.777779998051));
#19079=CARTESIAN_POINT('Origin',(36.6153837362161,-80.,136.777779998051));
#19080=CARTESIAN_POINT('',(36.6153837362161,-80.,136.777779998051));
#19081=CARTESIAN_POINT('',(-21.6923081318919,-80.,136.777779998051));
#19082=CARTESIAN_POINT('',(36.6153837362161,-70.,136.777779998051));
#19083=CARTESIAN_POINT('',(36.6153837362161,-80.,136.777779998051));
#19084=CARTESIAN_POINT('',(36.6153837362161,-70.,136.777779998051));
#19085=CARTESIAN_POINT('Origin',(36.6153837362161,-80.,133.271545776852));
#19086=CARTESIAN_POINT('',(36.6153837362161,-80.,106.635772888426));
#19087=CARTESIAN_POINT('',(36.6153837362161,-70.,133.271545776852));
#19088=CARTESIAN_POINT('Origin',(38.3631153768529,-70.,135.024662887451));
#19089=CARTESIAN_POINT('Origin',(45.3076914285238,-80.,100.111113331384));
#19090=CARTESIAN_POINT('',(48.8031547097974,-75.,100.111113331384));
#19091=CARTESIAN_POINT('',(45.3076914285238,-75.,100.111113331384));
#19092=CARTESIAN_POINT('',(22.6538457142619,-75.,100.111113331384));
#19093=CARTESIAN_POINT('',(48.8031547097974,-80.,100.111113331384));
#19094=CARTESIAN_POINT('',(48.8031547097974,-80.,100.111113331384));
#19095=CARTESIAN_POINT('',(45.3076914285238,-80.,100.111113331384));
#19096=CARTESIAN_POINT('',(-17.3461542857381,-80.,100.111113331384));
#19097=CARTESIAN_POINT('',(45.3076914285238,-80.,100.111113331384));
#19098=CARTESIAN_POINT('Origin',(45.3076914285238,-80.,96.6048791101851));
#19099=CARTESIAN_POINT('',(45.3076914285238,-75.,96.6048791101851));
#19100=CARTESIAN_POINT('',(45.3076914285238,-75.,108.302439555093));
#19101=CARTESIAN_POINT('',(45.3076914285238,-80.,96.6048791101851));
#19102=CARTESIAN_POINT('',(45.3076914285238,-80.,88.3024395550926));
#19103=CARTESIAN_POINT('',(45.3076914285238,-80.,96.6048791101851));
#19104=CARTESIAN_POINT('Origin',(48.8031547097974,-80.,96.6048791101851));
#19105=CARTESIAN_POINT('',(48.8031547097974,-75.,96.6048791101851));
#19106=CARTESIAN_POINT('',(24.4015773548987,-75.,96.6048791101851));
#19107=CARTESIAN_POINT('',(48.8031547097974,-80.,96.6048791101851));
#19108=CARTESIAN_POINT('',(-15.5984226451013,-80.,96.6048791101851));
#19109=CARTESIAN_POINT('',(48.8031547097974,-80.,96.6048791101851));
#19110=CARTESIAN_POINT('Origin',(48.8031547097974,-80.,100.111113331384));
#19111=CARTESIAN_POINT('',(48.8031547097974,-75.,110.055556665692));
#19112=CARTESIAN_POINT('',(48.8031547097974,-80.,90.0555566656921));
#19113=CARTESIAN_POINT('Origin',(40.1108470174897,-80.,96.6048791101851));
#19114=CARTESIAN_POINT('',(40.1108470174897,-80.,96.6048791101851));
#19115=CARTESIAN_POINT('',(36.6153837362161,-80.,96.6048791101851));
#19116=CARTESIAN_POINT('',(-19.9445764912552,-80.,96.6048791101851));
#19117=CARTESIAN_POINT('',(40.1108470174897,-70.,96.6048791101851));
#19118=CARTESIAN_POINT('',(40.1108470174897,-80.,96.6048791101851));
#19119=CARTESIAN_POINT('',(36.6153837362161,-70.,96.6048791101851));
#19120=CARTESIAN_POINT('',(40.1108470174897,-70.,96.6048791101851));
#19121=CARTESIAN_POINT('',(36.6153837362161,-80.,96.6048791101851));
#19122=CARTESIAN_POINT('Origin',(40.1108470174897,-80.,100.111113331384));
#19123=CARTESIAN_POINT('',(40.1108470174897,-80.,100.111113331384));
#19124=CARTESIAN_POINT('',(40.1108470174897,-80.,90.0555566656921));
#19125=CARTESIAN_POINT('',(40.1108470174897,-70.,100.111113331384));
#19126=CARTESIAN_POINT('',(40.1108470174897,-80.,100.111113331384));
#19127=CARTESIAN_POINT('',(40.1108470174897,-70.,100.111113331384));
#19128=CARTESIAN_POINT('Origin',(36.6153837362161,-80.,100.111113331384));
#19129=CARTESIAN_POINT('',(36.6153837362161,-80.,100.111113331384));
#19130=CARTESIAN_POINT('',(-21.6923081318919,-80.,100.111113331384));
#19131=CARTESIAN_POINT('',(36.6153837362161,-70.,100.111113331384));
#19132=CARTESIAN_POINT('',(36.6153837362161,-80.,100.111113331384));
#19133=CARTESIAN_POINT('',(36.6153837362161,-70.,100.111113331384));
#19134=CARTESIAN_POINT('Origin',(36.6153837362161,-80.,96.6048791101851));
#19135=CARTESIAN_POINT('',(36.6153837362161,-80.,88.3024395550926));
#19136=CARTESIAN_POINT('',(36.6153837362161,-70.,96.6048791101851));
#19137=CARTESIAN_POINT('Origin',(38.3631153768529,-70.,98.3579962207846));
#19138=CARTESIAN_POINT('Origin',(-38.1199222132796,-80.,102.715990221296));
#19139=CARTESIAN_POINT('',(-38.1199222132796,-80.,102.715990221296));
#19140=CARTESIAN_POINT('',(-41.6153854945531,-80.,102.715990221296));
#19141=CARTESIAN_POINT('',(-59.0599611066398,-80.,102.715990221296));
#19142=CARTESIAN_POINT('',(-38.1199222132796,-70.,102.715990221296));
#19143=CARTESIAN_POINT('',(-38.1199222132796,-80.,102.715990221296));
#19144=CARTESIAN_POINT('',(-41.6153854945531,-70.,102.715990221296));
#19145=CARTESIAN_POINT('',(-38.1199222132796,-70.,102.715990221296));
#19146=CARTESIAN_POINT('',(-41.6153854945531,-80.,102.715990221296));
#19147=CARTESIAN_POINT('Origin',(-38.1199222132796,-80.,106.222224442495));
#19148=CARTESIAN_POINT('',(-38.1199222132796,-80.,106.222224442495));
#19149=CARTESIAN_POINT('',(-38.1199222132796,-80.,93.1111122212476));
#19150=CARTESIAN_POINT('',(-38.1199222132796,-70.,106.222224442495));
#19151=CARTESIAN_POINT('',(-38.1199222132796,-80.,106.222224442495));
#19152=CARTESIAN_POINT('',(-38.1199222132796,-70.,106.222224442495));
#19153=CARTESIAN_POINT('Origin',(-41.6153854945531,-80.,106.222224442495));
#19154=CARTESIAN_POINT('',(-41.6153854945531,-80.,106.222224442495));
#19155=CARTESIAN_POINT('',(-60.8076927472766,-80.,106.222224442495));
#19156=CARTESIAN_POINT('',(-41.6153854945531,-70.,106.222224442495));
#19157=CARTESIAN_POINT('',(-41.6153854945531,-80.,106.222224442495));
#19158=CARTESIAN_POINT('',(-41.6153854945531,-70.,106.222224442495));
#19159=CARTESIAN_POINT('Origin',(-41.6153854945531,-80.,102.715990221296));
#19160=CARTESIAN_POINT('',(-41.6153854945531,-80.,91.3579951106481));
#19161=CARTESIAN_POINT('',(-41.6153854945531,-70.,102.715990221296));
#19162=CARTESIAN_POINT('Origin',(-39.8676538539163,-70.,104.469107331896));
#19163=CARTESIAN_POINT('Origin',(1.84615296698533,-80.,136.777779998051));
#19164=CARTESIAN_POINT('',(5.3416162482589,-75.,136.777779998051));
#19165=CARTESIAN_POINT('',(1.84615296698533,-75.,136.777779998051));
#19166=CARTESIAN_POINT('',(0.923076483492671,-75.,136.777779998051));
#19167=CARTESIAN_POINT('',(5.3416162482589,-80.,136.777779998051));
#19168=CARTESIAN_POINT('',(5.3416162482589,-80.,136.777779998051));
#19169=CARTESIAN_POINT('',(1.84615296698533,-80.,136.777779998051));
#19170=CARTESIAN_POINT('',(-39.0769235165073,-80.,136.777779998051));
#19171=CARTESIAN_POINT('',(1.84615296698533,-80.,136.777779998051));
#19172=CARTESIAN_POINT('Origin',(1.84615296698533,-80.,133.271545776852));
#19173=CARTESIAN_POINT('',(1.84615296698533,-75.,133.271545776852));
#19174=CARTESIAN_POINT('',(1.84615296698533,-75.,126.635772888426));
#19175=CARTESIAN_POINT('',(1.84615296698533,-80.,133.271545776852));
#19176=CARTESIAN_POINT('',(1.84615296698533,-80.,106.635772888426));
#19177=CARTESIAN_POINT('',(1.84615296698533,-80.,133.271545776852));
#19178=CARTESIAN_POINT('Origin',(5.3416162482589,-80.,133.271545776852));
#19179=CARTESIAN_POINT('',(5.3416162482589,-75.,133.271545776852));
#19180=CARTESIAN_POINT('',(2.67080812412945,-75.,133.271545776852));
#19181=CARTESIAN_POINT('',(5.3416162482589,-80.,133.271545776852));
#19182=CARTESIAN_POINT('',(-37.3291918758705,-80.,133.271545776852));
#19183=CARTESIAN_POINT('',(5.3416162482589,-80.,133.271545776852));
#19184=CARTESIAN_POINT('Origin',(5.3416162482589,-80.,136.777779998051));
#19185=CARTESIAN_POINT('',(5.3416162482589,-75.,128.388889999025));
#19186=CARTESIAN_POINT('',(5.3416162482589,-80.,108.388889999025));
#19187=CARTESIAN_POINT('Origin',(53.9999991208315,-80.,106.222224442495));
#19188=CARTESIAN_POINT('',(57.4954624021051,-75.,106.222224442495));
#19189=CARTESIAN_POINT('',(53.9999991208315,-75.,106.222224442495));
#19190=CARTESIAN_POINT('',(26.9999995604158,-75.,106.222224442495));
#19191=CARTESIAN_POINT('',(57.4954624021051,-80.,106.222224442495));
#19192=CARTESIAN_POINT('',(57.4954624021051,-80.,106.222224442495));
#19193=CARTESIAN_POINT('',(53.9999991208315,-80.,106.222224442495));
#19194=CARTESIAN_POINT('',(-13.0000004395842,-80.,106.222224442495));
#19195=CARTESIAN_POINT('',(53.9999991208315,-80.,106.222224442495));
#19196=CARTESIAN_POINT('Origin',(53.9999991208315,-80.,102.715990221296));
#19197=CARTESIAN_POINT('',(53.9999991208315,-75.,102.715990221296));
#19198=CARTESIAN_POINT('',(53.9999991208315,-75.,111.357995110648));
#19199=CARTESIAN_POINT('',(53.9999991208315,-80.,102.715990221296));
#19200=CARTESIAN_POINT('',(53.9999991208315,-80.,91.3579951106481));
#19201=CARTESIAN_POINT('',(53.9999991208315,-80.,102.715990221296));
#19202=CARTESIAN_POINT('Origin',(57.4954624021051,-80.,102.715990221296));
#19203=CARTESIAN_POINT('',(57.4954624021051,-75.,102.715990221296));
#19204=CARTESIAN_POINT('',(28.7477312010525,-75.,102.715990221296));
#19205=CARTESIAN_POINT('',(57.4954624021051,-80.,102.715990221296));
#19206=CARTESIAN_POINT('',(-11.2522687989475,-80.,102.715990221296));
#19207=CARTESIAN_POINT('',(57.4954624021051,-80.,102.715990221296));
#19208=CARTESIAN_POINT('Origin',(57.4954624021051,-80.,106.222224442495));
#19209=CARTESIAN_POINT('',(57.4954624021051,-75.,113.111112221248));
#19210=CARTESIAN_POINT('',(57.4954624021051,-80.,93.1111122212476));
#19211=CARTESIAN_POINT('Origin',(27.9230760439084,-80.,142.888891109162));
#19212=CARTESIAN_POINT('',(31.418539325182,-75.,142.888891109162));
#19213=CARTESIAN_POINT('',(27.9230760439084,-75.,142.888891109162));
#19214=CARTESIAN_POINT('',(13.9615380219542,-75.,142.888891109162));
#19215=CARTESIAN_POINT('',(31.418539325182,-80.,142.888891109162));
#19216=CARTESIAN_POINT('',(31.418539325182,-80.,142.888891109162));
#19217=CARTESIAN_POINT('',(27.9230760439084,-80.,142.888891109162));
#19218=CARTESIAN_POINT('',(-26.0384619780458,-80.,142.888891109162));
#19219=CARTESIAN_POINT('',(27.9230760439084,-80.,142.888891109162));
#19220=CARTESIAN_POINT('Origin',(27.9230760439084,-80.,139.382656887963));
#19221=CARTESIAN_POINT('',(27.9230760439084,-75.,139.382656887963));
#19222=CARTESIAN_POINT('',(27.9230760439084,-75.,129.691328443981));
#19223=CARTESIAN_POINT('',(27.9230760439084,-80.,139.382656887963));
#19224=CARTESIAN_POINT('',(27.9230760439084,-80.,109.691328443981));
#19225=CARTESIAN_POINT('',(27.9230760439084,-80.,139.382656887963));
#19226=CARTESIAN_POINT('Origin',(31.418539325182,-80.,139.382656887963));
#19227=CARTESIAN_POINT('',(31.418539325182,-75.,139.382656887963));
#19228=CARTESIAN_POINT('',(15.709269662591,-75.,139.382656887963));
#19229=CARTESIAN_POINT('',(31.418539325182,-80.,139.382656887963));
#19230=CARTESIAN_POINT('',(-24.290730337409,-80.,139.382656887963));
#19231=CARTESIAN_POINT('',(31.418539325182,-80.,139.382656887963));
#19232=CARTESIAN_POINT('Origin',(31.418539325182,-80.,142.888891109162));
#19233=CARTESIAN_POINT('',(31.418539325182,-75.,131.444445554581));
#19234=CARTESIAN_POINT('',(31.418539325182,-80.,111.444445554581));
#19235=CARTESIAN_POINT('Origin',(-59.0000008791685,-80.,106.222224442495));
#19236=CARTESIAN_POINT('',(-55.5045375978949,-75.,106.222224442495));
#19237=CARTESIAN_POINT('',(-59.0000008791685,-75.,106.222224442495));
#19238=CARTESIAN_POINT('',(-29.5000004395843,-75.,106.222224442495));
#19239=CARTESIAN_POINT('',(-55.5045375978949,-80.,106.222224442495));
#19240=CARTESIAN_POINT('',(-55.5045375978949,-80.,106.222224442495));
#19241=CARTESIAN_POINT('',(-59.0000008791685,-80.,106.222224442495));
#19242=CARTESIAN_POINT('',(-69.5000004395842,-80.,106.222224442495));
#19243=CARTESIAN_POINT('',(-59.0000008791685,-80.,106.222224442495));
#19244=CARTESIAN_POINT('Origin',(-59.0000008791685,-80.,102.715990221296));
#19245=CARTESIAN_POINT('',(-59.0000008791685,-75.,102.715990221296));
#19246=CARTESIAN_POINT('',(-59.0000008791685,-75.,111.357995110648));
#19247=CARTESIAN_POINT('',(-59.0000008791685,-80.,102.715990221296));
#19248=CARTESIAN_POINT('',(-59.0000008791685,-80.,91.3579951106481));
#19249=CARTESIAN_POINT('',(-59.0000008791685,-80.,102.715990221296));
#19250=CARTESIAN_POINT('Origin',(-55.5045375978949,-80.,102.715990221296));
#19251=CARTESIAN_POINT('',(-55.5045375978949,-75.,102.715990221296));
#19252=CARTESIAN_POINT('',(-27.7522687989475,-75.,102.715990221296));
#19253=CARTESIAN_POINT('',(-55.5045375978949,-80.,102.715990221296));
#19254=CARTESIAN_POINT('',(-67.7522687989475,-80.,102.715990221296));
#19255=CARTESIAN_POINT('',(-55.5045375978949,-80.,102.715990221296));
#19256=CARTESIAN_POINT('Origin',(-55.5045375978949,-80.,106.222224442495));
#19257=CARTESIAN_POINT('',(-55.5045375978949,-75.,113.111112221248));
#19258=CARTESIAN_POINT('',(-55.5045375978949,-80.,93.1111122212476));
#19259=CARTESIAN_POINT('Origin',(40.1108470174897,-80.,102.715990221296));
#19260=CARTESIAN_POINT('',(40.1108470174897,-80.,102.715990221296));
#19261=CARTESIAN_POINT('',(36.6153837362161,-80.,102.715990221296));
#19262=CARTESIAN_POINT('',(-19.9445764912552,-80.,102.715990221296));
#19263=CARTESIAN_POINT('',(40.1108470174897,-70.,102.715990221296));
#19264=CARTESIAN_POINT('',(40.1108470174897,-80.,102.715990221296));
#19265=CARTESIAN_POINT('',(36.6153837362161,-70.,102.715990221296));
#19266=CARTESIAN_POINT('',(40.1108470174897,-70.,102.715990221296));
#19267=CARTESIAN_POINT('',(36.6153837362161,-80.,102.715990221296));
#19268=CARTESIAN_POINT('Origin',(40.1108470174897,-80.,106.222224442495));
#19269=CARTESIAN_POINT('',(40.1108470174897,-80.,106.222224442495));
#19270=CARTESIAN_POINT('',(40.1108470174897,-80.,93.1111122212476));
#19271=CARTESIAN_POINT('',(40.1108470174897,-70.,106.222224442495));
#19272=CARTESIAN_POINT('',(40.1108470174897,-80.,106.222224442495));
#19273=CARTESIAN_POINT('',(40.1108470174897,-70.,106.222224442495));
#19274=CARTESIAN_POINT('Origin',(36.6153837362161,-80.,106.222224442495));
#19275=CARTESIAN_POINT('',(36.6153837362161,-80.,106.222224442495));
#19276=CARTESIAN_POINT('',(-21.6923081318919,-80.,106.222224442495));
#19277=CARTESIAN_POINT('',(36.6153837362161,-70.,106.222224442495));
#19278=CARTESIAN_POINT('',(36.6153837362161,-80.,106.222224442495));
#19279=CARTESIAN_POINT('',(36.6153837362161,-70.,106.222224442495));
#19280=CARTESIAN_POINT('Origin',(36.6153837362161,-80.,102.715990221296));
#19281=CARTESIAN_POINT('',(36.6153837362161,-80.,91.3579951106481));
#19282=CARTESIAN_POINT('',(36.6153837362161,-70.,102.715990221296));
#19283=CARTESIAN_POINT('Origin',(38.3631153768529,-70.,104.469107331896));
#19284=CARTESIAN_POINT('Origin',(-6.84615472532236,-80.,112.333335553606));
#19285=CARTESIAN_POINT('',(-3.35069144404879,-75.,112.333335553606));
#19286=CARTESIAN_POINT('',(-6.84615472532236,-75.,112.333335553606));
#19287=CARTESIAN_POINT('',(-3.42307736266117,-75.,112.333335553606));
#19288=CARTESIAN_POINT('',(-3.35069144404879,-80.,112.333335553606));
#19289=CARTESIAN_POINT('',(-3.35069144404879,-80.,112.333335553606));
#19290=CARTESIAN_POINT('',(-6.84615472532236,-80.,112.333335553606));
#19291=CARTESIAN_POINT('',(-43.4230773626612,-80.,112.333335553606));
#19292=CARTESIAN_POINT('',(-6.84615472532236,-80.,112.333335553606));
#19293=CARTESIAN_POINT('Origin',(-6.84615472532236,-80.,108.827101332407));
#19294=CARTESIAN_POINT('',(-6.84615472532236,-75.,108.827101332407));
#19295=CARTESIAN_POINT('',(-6.84615472532236,-75.,114.413550666204));
#19296=CARTESIAN_POINT('',(-6.84615472532236,-80.,108.827101332407));
#19297=CARTESIAN_POINT('',(-6.84615472532235,-80.,94.4135506662037));
#19298=CARTESIAN_POINT('',(-6.84615472532236,-80.,108.827101332407));
#19299=CARTESIAN_POINT('Origin',(-3.35069144404879,-80.,108.827101332407));
#19300=CARTESIAN_POINT('',(-3.35069144404879,-75.,108.827101332407));
#19301=CARTESIAN_POINT('',(-1.67534572202439,-75.,108.827101332407));
#19302=CARTESIAN_POINT('',(-3.35069144404879,-80.,108.827101332407));
#19303=CARTESIAN_POINT('',(-41.6753457220244,-80.,108.827101332407));
#19304=CARTESIAN_POINT('',(-3.35069144404879,-80.,108.827101332407));
#19305=CARTESIAN_POINT('Origin',(-3.35069144404879,-80.,112.333335553606));
#19306=CARTESIAN_POINT('',(-3.35069144404879,-75.,116.166667776803));
#19307=CARTESIAN_POINT('',(-3.35069144404879,-80.,96.1666677768032));
#19308=CARTESIAN_POINT('Origin',(-32.9230778022454,-80.,112.333335553606));
#19309=CARTESIAN_POINT('',(-29.4276145209719,-75.,112.333335553606));
#19310=CARTESIAN_POINT('',(-32.9230778022454,-75.,112.333335553606));
#19311=CARTESIAN_POINT('',(-16.4615389011227,-75.,112.333335553606));
#19312=CARTESIAN_POINT('',(-29.4276145209719,-80.,112.333335553606));
#19313=CARTESIAN_POINT('',(-29.4276145209719,-80.,112.333335553606));
#19314=CARTESIAN_POINT('',(-32.9230778022454,-80.,112.333335553606));
#19315=CARTESIAN_POINT('',(-56.4615389011227,-80.,112.333335553606));
#19316=CARTESIAN_POINT('',(-32.9230778022454,-80.,112.333335553606));
#19317=CARTESIAN_POINT('Origin',(-32.9230778022454,-80.,108.827101332407));
#19318=CARTESIAN_POINT('',(-32.9230778022454,-75.,108.827101332407));
#19319=CARTESIAN_POINT('',(-32.9230778022454,-75.,114.413550666204));
#19320=CARTESIAN_POINT('',(-32.9230778022454,-80.,108.827101332407));
#19321=CARTESIAN_POINT('',(-32.9230778022454,-80.,94.4135506662037));
#19322=CARTESIAN_POINT('',(-32.9230778022454,-80.,108.827101332407));
#19323=CARTESIAN_POINT('Origin',(-29.4276145209719,-80.,108.827101332407));
#19324=CARTESIAN_POINT('',(-29.4276145209719,-75.,108.827101332407));
#19325=CARTESIAN_POINT('',(-14.7138072604859,-75.,108.827101332407));
#19326=CARTESIAN_POINT('',(-29.4276145209719,-80.,108.827101332407));
#19327=CARTESIAN_POINT('',(-54.7138072604859,-80.,108.827101332407));
#19328=CARTESIAN_POINT('',(-29.4276145209719,-80.,108.827101332407));
#19329=CARTESIAN_POINT('Origin',(-29.4276145209719,-80.,112.333335553606));
#19330=CARTESIAN_POINT('',(-29.4276145209719,-75.,116.166667776803));
#19331=CARTESIAN_POINT('',(-29.4276145209719,-80.,96.1666677768032));
#19332=CARTESIAN_POINT('Origin',(45.3076914285238,-80.,149.000002220273));
#19333=CARTESIAN_POINT('',(48.8031547097974,-75.,149.000002220273));
#19334=CARTESIAN_POINT('',(45.3076914285238,-75.,149.000002220273));
#19335=CARTESIAN_POINT('',(22.6538457142619,-75.,149.000002220273));
#19336=CARTESIAN_POINT('',(48.8031547097974,-80.,149.000002220273));
#19337=CARTESIAN_POINT('',(48.8031547097974,-80.,149.000002220273));
#19338=CARTESIAN_POINT('',(45.3076914285238,-80.,149.000002220273));
#19339=CARTESIAN_POINT('',(-17.3461542857381,-80.,149.000002220273));
#19340=CARTESIAN_POINT('',(45.3076914285238,-80.,149.000002220273));
#19341=CARTESIAN_POINT('Origin',(45.3076914285238,-80.,145.493767999074));
#19342=CARTESIAN_POINT('',(45.3076914285238,-75.,145.493767999074));
#19343=CARTESIAN_POINT('',(45.3076914285238,-75.,132.746883999537));
#19344=CARTESIAN_POINT('',(45.3076914285238,-80.,145.493767999074));
#19345=CARTESIAN_POINT('',(45.3076914285238,-80.,112.746883999537));
#19346=CARTESIAN_POINT('',(45.3076914285238,-80.,145.493767999074));
#19347=CARTESIAN_POINT('Origin',(48.8031547097974,-80.,145.493767999074));
#19348=CARTESIAN_POINT('',(48.8031547097974,-75.,145.493767999074));
#19349=CARTESIAN_POINT('',(24.4015773548987,-75.,145.493767999074));
#19350=CARTESIAN_POINT('',(48.8031547097974,-80.,145.493767999074));
#19351=CARTESIAN_POINT('',(-15.5984226451013,-80.,145.493767999074));
#19352=CARTESIAN_POINT('',(48.8031547097974,-80.,145.493767999074));
#19353=CARTESIAN_POINT('Origin',(48.8031547097974,-80.,149.000002220273));
#19354=CARTESIAN_POINT('',(48.8031547097974,-75.,134.500001110137));
#19355=CARTESIAN_POINT('',(48.8031547097974,-80.,114.500001110137));
#19356=CARTESIAN_POINT('Origin',(27.9230760439084,-80.,149.000002220273));
#19357=CARTESIAN_POINT('',(31.418539325182,-75.,149.000002220273));
#19358=CARTESIAN_POINT('',(27.9230760439084,-75.,149.000002220273));
#19359=CARTESIAN_POINT('',(13.9615380219542,-75.,149.000002220273));
#19360=CARTESIAN_POINT('',(31.418539325182,-80.,149.000002220273));
#19361=CARTESIAN_POINT('',(31.418539325182,-80.,149.000002220273));
#19362=CARTESIAN_POINT('',(27.9230760439084,-80.,149.000002220273));
#19363=CARTESIAN_POINT('',(-26.0384619780458,-80.,149.000002220273));
#19364=CARTESIAN_POINT('',(27.9230760439084,-80.,149.000002220273));
#19365=CARTESIAN_POINT('Origin',(27.9230760439084,-80.,145.493767999074));
#19366=CARTESIAN_POINT('',(27.9230760439084,-75.,145.493767999074));
#19367=CARTESIAN_POINT('',(27.9230760439084,-75.,132.746883999537));
#19368=CARTESIAN_POINT('',(27.9230760439084,-80.,145.493767999074));
#19369=CARTESIAN_POINT('',(27.9230760439084,-80.,112.746883999537));
#19370=CARTESIAN_POINT('',(27.9230760439084,-80.,145.493767999074));
#19371=CARTESIAN_POINT('Origin',(31.418539325182,-80.,145.493767999074));
#19372=CARTESIAN_POINT('',(31.418539325182,-75.,145.493767999074));
#19373=CARTESIAN_POINT('',(15.709269662591,-75.,145.493767999074));
#19374=CARTESIAN_POINT('',(31.418539325182,-80.,145.493767999074));
#19375=CARTESIAN_POINT('',(-24.290730337409,-80.,145.493767999074));
#19376=CARTESIAN_POINT('',(31.418539325182,-80.,145.493767999074));
#19377=CARTESIAN_POINT('Origin',(31.418539325182,-80.,149.000002220273));
#19378=CARTESIAN_POINT('',(31.418539325182,-75.,134.500001110137));
#19379=CARTESIAN_POINT('',(31.418539325182,-80.,114.500001110137));
#19380=CARTESIAN_POINT('Origin',(14.0339239405666,-80.,145.493767999074));
#19381=CARTESIAN_POINT('',(14.0339239405666,-80.,145.493767999074));
#19382=CARTESIAN_POINT('',(10.538460659293,-80.,145.493767999074));
#19383=CARTESIAN_POINT('',(-32.9830380297167,-80.,145.493767999074));
#19384=CARTESIAN_POINT('',(14.0339239405666,-70.,145.493767999074));
#19385=CARTESIAN_POINT('',(14.0339239405666,-80.,145.493767999074));
#19386=CARTESIAN_POINT('',(10.538460659293,-70.,145.493767999074));
#19387=CARTESIAN_POINT('',(14.0339239405666,-70.,145.493767999074));
#19388=CARTESIAN_POINT('',(10.538460659293,-80.,145.493767999074));
#19389=CARTESIAN_POINT('Origin',(14.0339239405666,-80.,149.000002220273));
#19390=CARTESIAN_POINT('',(14.0339239405666,-80.,149.000002220273));
#19391=CARTESIAN_POINT('',(14.0339239405666,-80.,114.500001110137));
#19392=CARTESIAN_POINT('',(14.0339239405666,-70.,149.000002220273));
#19393=CARTESIAN_POINT('',(14.0339239405666,-80.,149.000002220273));
#19394=CARTESIAN_POINT('',(14.0339239405666,-70.,149.000002220273));
#19395=CARTESIAN_POINT('Origin',(10.538460659293,-80.,149.000002220273));
#19396=CARTESIAN_POINT('',(10.538460659293,-80.,149.000002220273));
#19397=CARTESIAN_POINT('',(-34.7307696703535,-80.,149.000002220273));
#19398=CARTESIAN_POINT('',(10.538460659293,-70.,149.000002220273));
#19399=CARTESIAN_POINT('',(10.538460659293,-80.,149.000002220273));
#19400=CARTESIAN_POINT('',(10.538460659293,-70.,149.000002220273));
#19401=CARTESIAN_POINT('Origin',(10.538460659293,-80.,145.493767999074));
#19402=CARTESIAN_POINT('',(10.538460659293,-80.,112.746883999537));
#19403=CARTESIAN_POINT('',(10.538460659293,-70.,145.493767999074));
#19404=CARTESIAN_POINT('Origin',(12.2861922999298,-70.,147.246885109674));
#19405=CARTESIAN_POINT('Origin',(1.84615296698533,-80.,112.333335553606));
#19406=CARTESIAN_POINT('',(5.3416162482589,-75.,112.333335553606));
#19407=CARTESIAN_POINT('',(1.84615296698533,-75.,112.333335553606));
#19408=CARTESIAN_POINT('',(0.923076483492671,-75.,112.333335553606));
#19409=CARTESIAN_POINT('',(5.3416162482589,-80.,112.333335553606));
#19410=CARTESIAN_POINT('',(5.3416162482589,-80.,112.333335553606));
#19411=CARTESIAN_POINT('',(1.84615296698533,-80.,112.333335553606));
#19412=CARTESIAN_POINT('',(-39.0769235165073,-80.,112.333335553606));
#19413=CARTESIAN_POINT('',(1.84615296698533,-80.,112.333335553606));
#19414=CARTESIAN_POINT('Origin',(1.84615296698533,-80.,108.827101332407));
#19415=CARTESIAN_POINT('',(1.84615296698533,-75.,108.827101332407));
#19416=CARTESIAN_POINT('',(1.84615296698533,-75.,114.413550666204));
#19417=CARTESIAN_POINT('',(1.84615296698533,-80.,108.827101332407));
#19418=CARTESIAN_POINT('',(1.84615296698533,-80.,94.4135506662037));
#19419=CARTESIAN_POINT('',(1.84615296698533,-80.,108.827101332407));
#19420=CARTESIAN_POINT('Origin',(5.3416162482589,-80.,108.827101332407));
#19421=CARTESIAN_POINT('',(5.3416162482589,-75.,108.827101332407));
#19422=CARTESIAN_POINT('',(2.67080812412945,-75.,108.827101332407));
#19423=CARTESIAN_POINT('',(5.3416162482589,-80.,108.827101332407));
#19424=CARTESIAN_POINT('',(-37.3291918758705,-80.,108.827101332407));
#19425=CARTESIAN_POINT('',(5.3416162482589,-80.,108.827101332407));
#19426=CARTESIAN_POINT('Origin',(5.3416162482589,-80.,112.333335553606));
#19427=CARTESIAN_POINT('',(5.3416162482589,-75.,116.166667776803));
#19428=CARTESIAN_POINT('',(5.3416162482589,-80.,96.1666677768032));
#19429=CARTESIAN_POINT('Origin',(1.84615296698533,-80.,118.444446664717));
#19430=CARTESIAN_POINT('',(5.3416162482589,-75.,118.444446664717));
#19431=CARTESIAN_POINT('',(1.84615296698533,-75.,118.444446664717));
#19432=CARTESIAN_POINT('',(0.923076483492671,-75.,118.444446664717));
#19433=CARTESIAN_POINT('',(5.3416162482589,-80.,118.444446664717));
#19434=CARTESIAN_POINT('',(5.3416162482589,-80.,118.444446664717));
#19435=CARTESIAN_POINT('',(1.84615296698533,-80.,118.444446664717));
#19436=CARTESIAN_POINT('',(-39.0769235165073,-80.,118.444446664717));
#19437=CARTESIAN_POINT('',(1.84615296698533,-80.,118.444446664717));
#19438=CARTESIAN_POINT('Origin',(1.84615296698533,-80.,114.938212443518));
#19439=CARTESIAN_POINT('',(1.84615296698533,-75.,114.938212443518));
#19440=CARTESIAN_POINT('',(1.84615296698533,-75.,117.469106221759));
#19441=CARTESIAN_POINT('',(1.84615296698533,-80.,114.938212443518));
#19442=CARTESIAN_POINT('',(1.84615296698533,-80.,97.4691062217592));
#19443=CARTESIAN_POINT('',(1.84615296698533,-80.,114.938212443518));
#19444=CARTESIAN_POINT('Origin',(5.3416162482589,-80.,114.938212443518));
#19445=CARTESIAN_POINT('',(5.3416162482589,-75.,114.938212443518));
#19446=CARTESIAN_POINT('',(2.67080812412945,-75.,114.938212443518));
#19447=CARTESIAN_POINT('',(5.3416162482589,-80.,114.938212443518));
#19448=CARTESIAN_POINT('',(-37.3291918758705,-80.,114.938212443518));
#19449=CARTESIAN_POINT('',(5.3416162482589,-80.,114.938212443518));
#19450=CARTESIAN_POINT('Origin',(5.3416162482589,-80.,118.444446664717));
#19451=CARTESIAN_POINT('',(5.3416162482589,-75.,119.222223332359));
#19452=CARTESIAN_POINT('',(5.3416162482589,-80.,99.2222233323587));
#19453=CARTESIAN_POINT('Origin',(14.0339239405666,-80.,114.938212443518));
#19454=CARTESIAN_POINT('',(14.0339239405666,-80.,114.938212443518));
#19455=CARTESIAN_POINT('',(10.538460659293,-80.,114.938212443518));
#19456=CARTESIAN_POINT('',(-32.9830380297167,-80.,114.938212443518));
#19457=CARTESIAN_POINT('',(14.0339239405666,-70.,114.938212443518));
#19458=CARTESIAN_POINT('',(14.0339239405666,-80.,114.938212443518));
#19459=CARTESIAN_POINT('',(10.538460659293,-70.,114.938212443518));
#19460=CARTESIAN_POINT('',(14.0339239405666,-70.,114.938212443518));
#19461=CARTESIAN_POINT('',(10.538460659293,-80.,114.938212443518));
#19462=CARTESIAN_POINT('Origin',(14.0339239405666,-80.,118.444446664717));
#19463=CARTESIAN_POINT('',(14.0339239405666,-80.,118.444446664717));
#19464=CARTESIAN_POINT('',(14.0339239405666,-80.,99.2222233323587));
#19465=CARTESIAN_POINT('',(14.0339239405666,-70.,118.444446664717));
#19466=CARTESIAN_POINT('',(14.0339239405666,-80.,118.444446664717));
#19467=CARTESIAN_POINT('',(14.0339239405666,-70.,118.444446664717));
#19468=CARTESIAN_POINT('Origin',(10.538460659293,-80.,118.444446664717));
#19469=CARTESIAN_POINT('',(10.538460659293,-80.,118.444446664717));
#19470=CARTESIAN_POINT('',(-34.7307696703535,-80.,118.444446664717));
#19471=CARTESIAN_POINT('',(10.538460659293,-70.,118.444446664717));
#19472=CARTESIAN_POINT('',(10.538460659293,-80.,118.444446664717));
#19473=CARTESIAN_POINT('',(10.538460659293,-70.,118.444446664717));
#19474=CARTESIAN_POINT('Origin',(10.538460659293,-80.,114.938212443518));
#19475=CARTESIAN_POINT('',(10.538460659293,-80.,97.4691062217592));
#19476=CARTESIAN_POINT('',(10.538460659293,-70.,114.938212443518));
#19477=CARTESIAN_POINT('Origin',(12.2861922999298,-70.,116.691329554118));
#19478=CARTESIAN_POINT('Origin',(40.1108470174897,-80.,114.938212443518));
#19479=CARTESIAN_POINT('',(40.1108470174897,-80.,114.938212443518));
#19480=CARTESIAN_POINT('',(36.6153837362161,-80.,114.938212443518));
#19481=CARTESIAN_POINT('',(-19.9445764912552,-80.,114.938212443518));
#19482=CARTESIAN_POINT('',(40.1108470174897,-70.,114.938212443518));
#19483=CARTESIAN_POINT('',(40.1108470174897,-80.,114.938212443518));
#19484=CARTESIAN_POINT('',(36.6153837362161,-70.,114.938212443518));
#19485=CARTESIAN_POINT('',(40.1108470174897,-70.,114.938212443518));
#19486=CARTESIAN_POINT('',(36.6153837362161,-80.,114.938212443518));
#19487=CARTESIAN_POINT('Origin',(40.1108470174897,-80.,118.444446664717));
#19488=CARTESIAN_POINT('',(40.1108470174897,-80.,118.444446664717));
#19489=CARTESIAN_POINT('',(40.1108470174897,-80.,99.2222233323587));
#19490=CARTESIAN_POINT('',(40.1108470174897,-70.,118.444446664717));
#19491=CARTESIAN_POINT('',(40.1108470174897,-80.,118.444446664717));
#19492=CARTESIAN_POINT('',(40.1108470174897,-70.,118.444446664717));
#19493=CARTESIAN_POINT('Origin',(36.6153837362161,-80.,118.444446664717));
#19494=CARTESIAN_POINT('',(36.6153837362161,-80.,118.444446664717));
#19495=CARTESIAN_POINT('',(-21.6923081318919,-80.,118.444446664717));
#19496=CARTESIAN_POINT('',(36.6153837362161,-70.,118.444446664717));
#19497=CARTESIAN_POINT('',(36.6153837362161,-80.,118.444446664717));
#19498=CARTESIAN_POINT('',(36.6153837362161,-70.,118.444446664717));
#19499=CARTESIAN_POINT('Origin',(36.6153837362161,-80.,114.938212443518));
#19500=CARTESIAN_POINT('',(36.6153837362161,-80.,97.4691062217592));
#19501=CARTESIAN_POINT('',(36.6153837362161,-70.,114.938212443518));
#19502=CARTESIAN_POINT('Origin',(38.3631153768529,-70.,116.691329554118));
#19503=CARTESIAN_POINT('Origin',(-50.3076931868608,-80.,149.000002220273));
#19504=CARTESIAN_POINT('',(-46.8122299055872,-75.,149.000002220273));
#19505=CARTESIAN_POINT('',(-50.3076931868608,-75.,149.000002220273));
#19506=CARTESIAN_POINT('',(-25.1538465934304,-75.,149.000002220273));
#19507=CARTESIAN_POINT('',(-46.8122299055872,-80.,149.000002220273));
#19508=CARTESIAN_POINT('',(-46.8122299055872,-80.,149.000002220273));
#19509=CARTESIAN_POINT('',(-50.3076931868608,-80.,149.000002220273));
#19510=CARTESIAN_POINT('',(-65.1538465934304,-80.,149.000002220273));
#19511=CARTESIAN_POINT('',(-50.3076931868608,-80.,149.000002220273));
#19512=CARTESIAN_POINT('Origin',(-50.3076931868608,-80.,145.493767999074));
#19513=CARTESIAN_POINT('',(-50.3076931868608,-75.,145.493767999074));
#19514=CARTESIAN_POINT('',(-50.3076931868608,-75.,132.746883999537));
#19515=CARTESIAN_POINT('',(-50.3076931868608,-80.,145.493767999074));
#19516=CARTESIAN_POINT('',(-50.3076931868608,-80.,112.746883999537));
#19517=CARTESIAN_POINT('',(-50.3076931868608,-80.,145.493767999074));
#19518=CARTESIAN_POINT('Origin',(-46.8122299055872,-80.,145.493767999074));
#19519=CARTESIAN_POINT('',(-46.8122299055872,-75.,145.493767999074));
#19520=CARTESIAN_POINT('',(-23.4061149527936,-75.,145.493767999074));
#19521=CARTESIAN_POINT('',(-46.8122299055872,-80.,145.493767999074));
#19522=CARTESIAN_POINT('',(-63.4061149527936,-80.,145.493767999074));
#19523=CARTESIAN_POINT('',(-46.8122299055872,-80.,145.493767999074));
#19524=CARTESIAN_POINT('Origin',(-46.8122299055872,-80.,149.000002220273));
#19525=CARTESIAN_POINT('',(-46.8122299055872,-75.,134.500001110137));
#19526=CARTESIAN_POINT('',(-46.8122299055872,-80.,114.500001110137));
#19527=CARTESIAN_POINT('Origin',(-38.1199222132796,-80.,90.493767999074));
#19528=CARTESIAN_POINT('',(-38.1199222132796,-80.,90.493767999074));
#19529=CARTESIAN_POINT('',(-41.6153854945531,-80.,90.493767999074));
#19530=CARTESIAN_POINT('',(-59.0599611066398,-80.,90.493767999074));
#19531=CARTESIAN_POINT('',(-38.1199222132796,-70.,90.493767999074));
#19532=CARTESIAN_POINT('',(-38.1199222132796,-80.,90.493767999074));
#19533=CARTESIAN_POINT('',(-41.6153854945531,-70.,90.493767999074));
#19534=CARTESIAN_POINT('',(-38.1199222132796,-70.,90.493767999074));
#19535=CARTESIAN_POINT('',(-41.6153854945531,-80.,90.493767999074));
#19536=CARTESIAN_POINT('Origin',(-38.1199222132796,-80.,94.000002220273));
#19537=CARTESIAN_POINT('',(-38.1199222132796,-80.,94.000002220273));
#19538=CARTESIAN_POINT('',(-38.1199222132796,-80.,87.0000011101365));
#19539=CARTESIAN_POINT('',(-38.1199222132796,-70.,94.000002220273));
#19540=CARTESIAN_POINT('',(-38.1199222132796,-80.,94.000002220273));
#19541=CARTESIAN_POINT('',(-38.1199222132796,-70.,94.000002220273));
#19542=CARTESIAN_POINT('Origin',(-41.6153854945531,-80.,94.000002220273));
#19543=CARTESIAN_POINT('',(-41.6153854945531,-80.,94.000002220273));
#19544=CARTESIAN_POINT('',(-60.8076927472766,-80.,94.000002220273));
#19545=CARTESIAN_POINT('',(-41.6153854945531,-70.,94.000002220273));
#19546=CARTESIAN_POINT('',(-41.6153854945531,-80.,94.000002220273));
#19547=CARTESIAN_POINT('',(-41.6153854945531,-70.,94.000002220273));
#19548=CARTESIAN_POINT('Origin',(-41.6153854945531,-80.,90.493767999074));
#19549=CARTESIAN_POINT('',(-41.6153854945531,-80.,85.246883999537));
#19550=CARTESIAN_POINT('',(-41.6153854945531,-70.,90.493767999074));
#19551=CARTESIAN_POINT('Origin',(-39.8676538539163,-70.,92.2468851096735));
#19552=CARTESIAN_POINT('Origin',(19.2307683516007,-80.,94.000002220273));
#19553=CARTESIAN_POINT('',(22.7262316328743,-75.,94.000002220273));
#19554=CARTESIAN_POINT('',(19.2307683516007,-75.,94.000002220273));
#19555=CARTESIAN_POINT('',(9.61538417580037,-75.,94.000002220273));
#19556=CARTESIAN_POINT('',(22.7262316328743,-80.,94.000002220273));
#19557=CARTESIAN_POINT('',(22.7262316328743,-80.,94.000002220273));
#19558=CARTESIAN_POINT('',(19.2307683516007,-80.,94.000002220273));
#19559=CARTESIAN_POINT('',(-30.3846158241996,-80.,94.000002220273));
#19560=CARTESIAN_POINT('',(19.2307683516007,-80.,94.000002220273));
#19561=CARTESIAN_POINT('Origin',(19.2307683516007,-80.,90.493767999074));
#19562=CARTESIAN_POINT('',(19.2307683516007,-75.,90.493767999074));
#19563=CARTESIAN_POINT('',(19.2307683516007,-75.,105.246883999537));
#19564=CARTESIAN_POINT('',(19.2307683516007,-80.,90.493767999074));
#19565=CARTESIAN_POINT('',(19.2307683516007,-80.,85.246883999537));
#19566=CARTESIAN_POINT('',(19.2307683516007,-80.,90.493767999074));
#19567=CARTESIAN_POINT('Origin',(22.7262316328743,-80.,90.493767999074));
#19568=CARTESIAN_POINT('',(22.7262316328743,-75.,90.493767999074));
#19569=CARTESIAN_POINT('',(11.3631158164372,-75.,90.493767999074));
#19570=CARTESIAN_POINT('',(22.7262316328743,-80.,90.493767999074));
#19571=CARTESIAN_POINT('',(-28.6368841835628,-80.,90.493767999074));
#19572=CARTESIAN_POINT('',(22.7262316328743,-80.,90.493767999074));
#19573=CARTESIAN_POINT('Origin',(22.7262316328743,-80.,94.000002220273));
#19574=CARTESIAN_POINT('',(22.7262316328743,-75.,107.000001110137));
#19575=CARTESIAN_POINT('',(22.7262316328743,-80.,87.0000011101365));
#19576=CARTESIAN_POINT('Origin',(53.9999991208315,-80.,100.111113331384));
#19577=CARTESIAN_POINT('',(57.4954624021051,-75.,100.111113331384));
#19578=CARTESIAN_POINT('',(53.9999991208315,-75.,100.111113331384));
#19579=CARTESIAN_POINT('',(26.9999995604158,-75.,100.111113331384));
#19580=CARTESIAN_POINT('',(57.4954624021051,-80.,100.111113331384));
#19581=CARTESIAN_POINT('',(57.4954624021051,-80.,100.111113331384));
#19582=CARTESIAN_POINT('',(53.9999991208315,-80.,100.111113331384));
#19583=CARTESIAN_POINT('',(-13.0000004395842,-80.,100.111113331384));
#19584=CARTESIAN_POINT('',(53.9999991208315,-80.,100.111113331384));
#19585=CARTESIAN_POINT('Origin',(53.9999991208315,-80.,96.6048791101851));
#19586=CARTESIAN_POINT('',(53.9999991208315,-75.,96.6048791101851));
#19587=CARTESIAN_POINT('',(53.9999991208315,-75.,108.302439555093));
#19588=CARTESIAN_POINT('',(53.9999991208315,-80.,96.6048791101851));
#19589=CARTESIAN_POINT('',(53.9999991208315,-80.,88.3024395550926));
#19590=CARTESIAN_POINT('',(53.9999991208315,-80.,96.6048791101851));
#19591=CARTESIAN_POINT('Origin',(57.4954624021051,-80.,96.6048791101851));
#19592=CARTESIAN_POINT('',(57.4954624021051,-75.,96.6048791101851));
#19593=CARTESIAN_POINT('',(28.7477312010525,-75.,96.6048791101851));
#19594=CARTESIAN_POINT('',(57.4954624021051,-80.,96.6048791101851));
#19595=CARTESIAN_POINT('',(-11.2522687989475,-80.,96.6048791101851));
#19596=CARTESIAN_POINT('',(57.4954624021051,-80.,96.6048791101851));
#19597=CARTESIAN_POINT('Origin',(57.4954624021051,-80.,100.111113331384));
#19598=CARTESIAN_POINT('',(57.4954624021051,-75.,110.055556665692));
#19599=CARTESIAN_POINT('',(57.4954624021051,-80.,90.0555566656921));
#19600=CARTESIAN_POINT('Origin',(19.2307683516007,-80.,130.66666888694));
#19601=CARTESIAN_POINT('',(22.7262316328743,-75.,130.66666888694));
#19602=CARTESIAN_POINT('',(19.2307683516007,-75.,130.66666888694));
#19603=CARTESIAN_POINT('',(9.61538417580037,-75.,130.66666888694));
#19604=CARTESIAN_POINT('',(22.7262316328743,-80.,130.66666888694));
#19605=CARTESIAN_POINT('',(22.7262316328743,-80.,130.66666888694));
#19606=CARTESIAN_POINT('',(19.2307683516007,-80.,130.66666888694));
#19607=CARTESIAN_POINT('',(-30.3846158241996,-80.,130.66666888694));
#19608=CARTESIAN_POINT('',(19.2307683516007,-80.,130.66666888694));
#19609=CARTESIAN_POINT('Origin',(19.2307683516007,-80.,127.160434665741));
#19610=CARTESIAN_POINT('',(19.2307683516007,-75.,127.160434665741));
#19611=CARTESIAN_POINT('',(19.2307683516007,-75.,123.58021733287));
#19612=CARTESIAN_POINT('',(19.2307683516007,-80.,127.160434665741));
#19613=CARTESIAN_POINT('',(19.2307683516007,-80.,103.58021733287));
#19614=CARTESIAN_POINT('',(19.2307683516007,-80.,127.160434665741));
#19615=CARTESIAN_POINT('Origin',(22.7262316328743,-80.,127.160434665741));
#19616=CARTESIAN_POINT('',(22.7262316328743,-75.,127.160434665741));
#19617=CARTESIAN_POINT('',(11.3631158164372,-75.,127.160434665741));
#19618=CARTESIAN_POINT('',(22.7262316328743,-80.,127.160434665741));
#19619=CARTESIAN_POINT('',(-28.6368841835628,-80.,127.160434665741));
#19620=CARTESIAN_POINT('',(22.7262316328743,-80.,127.160434665741));
#19621=CARTESIAN_POINT('Origin',(22.7262316328743,-80.,130.66666888694));
#19622=CARTESIAN_POINT('',(22.7262316328743,-75.,125.33333444347));
#19623=CARTESIAN_POINT('',(22.7262316328743,-80.,105.33333444347));
#19624=CARTESIAN_POINT('Origin',(45.3076914285238,-80.,130.66666888694));
#19625=CARTESIAN_POINT('',(48.8031547097974,-75.,130.66666888694));
#19626=CARTESIAN_POINT('',(45.3076914285238,-75.,130.66666888694));
#19627=CARTESIAN_POINT('',(22.6538457142619,-75.,130.66666888694));
#19628=CARTESIAN_POINT('',(48.8031547097974,-80.,130.66666888694));
#19629=CARTESIAN_POINT('',(48.8031547097974,-80.,130.66666888694));
#19630=CARTESIAN_POINT('',(45.3076914285238,-80.,130.66666888694));
#19631=CARTESIAN_POINT('',(-17.3461542857381,-80.,130.66666888694));
#19632=CARTESIAN_POINT('',(45.3076914285238,-80.,130.66666888694));
#19633=CARTESIAN_POINT('Origin',(45.3076914285238,-80.,127.160434665741));
#19634=CARTESIAN_POINT('',(45.3076914285238,-75.,127.160434665741));
#19635=CARTESIAN_POINT('',(45.3076914285238,-75.,123.58021733287));
#19636=CARTESIAN_POINT('',(45.3076914285238,-80.,127.160434665741));
#19637=CARTESIAN_POINT('',(45.3076914285238,-80.,103.58021733287));
#19638=CARTESIAN_POINT('',(45.3076914285238,-80.,127.160434665741));
#19639=CARTESIAN_POINT('Origin',(48.8031547097974,-80.,127.160434665741));
#19640=CARTESIAN_POINT('',(48.8031547097974,-75.,127.160434665741));
#19641=CARTESIAN_POINT('',(24.4015773548987,-75.,127.160434665741));
#19642=CARTESIAN_POINT('',(48.8031547097974,-80.,127.160434665741));
#19643=CARTESIAN_POINT('',(-15.5984226451013,-80.,127.160434665741));
#19644=CARTESIAN_POINT('',(48.8031547097974,-80.,127.160434665741));
#19645=CARTESIAN_POINT('Origin',(48.8031547097974,-80.,130.66666888694));
#19646=CARTESIAN_POINT('',(48.8031547097974,-75.,125.33333444347));
#19647=CARTESIAN_POINT('',(48.8031547097974,-80.,105.33333444347));
#19648=CARTESIAN_POINT('Origin',(-6.84615472532236,-80.,94.000002220273));
#19649=CARTESIAN_POINT('',(-3.35069144404879,-75.,94.000002220273));
#19650=CARTESIAN_POINT('',(-6.84615472532236,-75.,94.000002220273));
#19651=CARTESIAN_POINT('',(-3.42307736266117,-75.,94.000002220273));
#19652=CARTESIAN_POINT('',(-3.35069144404879,-80.,94.000002220273));
#19653=CARTESIAN_POINT('',(-3.35069144404879,-80.,94.000002220273));
#19654=CARTESIAN_POINT('',(-6.84615472532236,-80.,94.000002220273));
#19655=CARTESIAN_POINT('',(-43.4230773626612,-80.,94.000002220273));
#19656=CARTESIAN_POINT('',(-6.84615472532236,-80.,94.000002220273));
#19657=CARTESIAN_POINT('Origin',(-6.84615472532236,-80.,90.493767999074));
#19658=CARTESIAN_POINT('',(-6.84615472532236,-75.,90.493767999074));
#19659=CARTESIAN_POINT('',(-6.84615472532236,-75.,105.246883999537));
#19660=CARTESIAN_POINT('',(-6.84615472532236,-80.,90.493767999074));
#19661=CARTESIAN_POINT('',(-6.84615472532235,-80.,85.246883999537));
#19662=CARTESIAN_POINT('',(-6.84615472532236,-80.,90.493767999074));
#19663=CARTESIAN_POINT('Origin',(-3.35069144404879,-80.,90.493767999074));
#19664=CARTESIAN_POINT('',(-3.35069144404879,-75.,90.493767999074));
#19665=CARTESIAN_POINT('',(-1.67534572202439,-75.,90.493767999074));
#19666=CARTESIAN_POINT('',(-3.35069144404879,-80.,90.493767999074));
#19667=CARTESIAN_POINT('',(-41.6753457220244,-80.,90.493767999074));
#19668=CARTESIAN_POINT('',(-3.35069144404879,-80.,90.493767999074));
#19669=CARTESIAN_POINT('Origin',(-3.35069144404879,-80.,94.000002220273));
#19670=CARTESIAN_POINT('',(-3.35069144404879,-75.,107.000001110137));
#19671=CARTESIAN_POINT('',(-3.35069144404879,-80.,87.0000011101365));
#19672=CARTESIAN_POINT('Origin',(-24.2307701099377,-80.,100.111113331384));
#19673=CARTESIAN_POINT('',(-20.7353068286642,-75.,100.111113331384));
#19674=CARTESIAN_POINT('',(-24.2307701099377,-75.,100.111113331384));
#19675=CARTESIAN_POINT('',(-12.1153850549689,-75.,100.111113331384));
#19676=CARTESIAN_POINT('',(-20.7353068286642,-80.,100.111113331384));
#19677=CARTESIAN_POINT('',(-20.7353068286642,-80.,100.111113331384));
#19678=CARTESIAN_POINT('',(-24.2307701099377,-80.,100.111113331384));
#19679=CARTESIAN_POINT('',(-52.1153850549689,-80.,100.111113331384));
#19680=CARTESIAN_POINT('',(-24.2307701099377,-80.,100.111113331384));
#19681=CARTESIAN_POINT('Origin',(-24.2307701099377,-80.,96.6048791101851));
#19682=CARTESIAN_POINT('',(-24.2307701099377,-75.,96.6048791101851));
#19683=CARTESIAN_POINT('',(-24.2307701099377,-75.,108.302439555093));
#19684=CARTESIAN_POINT('',(-24.2307701099377,-80.,96.6048791101851));
#19685=CARTESIAN_POINT('',(-24.2307701099377,-80.,88.3024395550926));
#19686=CARTESIAN_POINT('',(-24.2307701099377,-80.,96.6048791101851));
#19687=CARTESIAN_POINT('Origin',(-20.7353068286642,-80.,96.6048791101851));
#19688=CARTESIAN_POINT('',(-20.7353068286642,-75.,96.6048791101851));
#19689=CARTESIAN_POINT('',(-10.3676534143321,-75.,96.6048791101851));
#19690=CARTESIAN_POINT('',(-20.7353068286642,-80.,96.6048791101851));
#19691=CARTESIAN_POINT('',(-50.3676534143321,-80.,96.6048791101851));
#19692=CARTESIAN_POINT('',(-20.7353068286642,-80.,96.6048791101851));
#19693=CARTESIAN_POINT('Origin',(-20.7353068286642,-80.,100.111113331384));
#19694=CARTESIAN_POINT('',(-20.7353068286642,-75.,110.055556665692));
#19695=CARTESIAN_POINT('',(-20.7353068286642,-80.,90.0555566656921));
#19696=CARTESIAN_POINT('Origin',(-6.84615472532236,-80.,130.66666888694));
#19697=CARTESIAN_POINT('',(-3.35069144404879,-75.,130.66666888694));
#19698=CARTESIAN_POINT('',(-6.84615472532236,-75.,130.66666888694));
#19699=CARTESIAN_POINT('',(-3.42307736266117,-75.,130.66666888694));
#19700=CARTESIAN_POINT('',(-3.35069144404879,-80.,130.66666888694));
#19701=CARTESIAN_POINT('',(-3.35069144404879,-80.,130.66666888694));
#19702=CARTESIAN_POINT('',(-6.84615472532236,-80.,130.66666888694));
#19703=CARTESIAN_POINT('',(-43.4230773626612,-80.,130.66666888694));
#19704=CARTESIAN_POINT('',(-6.84615472532236,-80.,130.66666888694));
#19705=CARTESIAN_POINT('Origin',(-6.84615472532236,-80.,127.160434665741));
#19706=CARTESIAN_POINT('',(-6.84615472532236,-75.,127.160434665741));
#19707=CARTESIAN_POINT('',(-6.84615472532236,-75.,123.58021733287));
#19708=CARTESIAN_POINT('',(-6.84615472532236,-80.,127.160434665741));
#19709=CARTESIAN_POINT('',(-6.84615472532235,-80.,103.58021733287));
#19710=CARTESIAN_POINT('',(-6.84615472532236,-80.,127.160434665741));
#19711=CARTESIAN_POINT('Origin',(-3.35069144404879,-80.,127.160434665741));
#19712=CARTESIAN_POINT('',(-3.35069144404879,-75.,127.160434665741));
#19713=CARTESIAN_POINT('',(-1.67534572202439,-75.,127.160434665741));
#19714=CARTESIAN_POINT('',(-3.35069144404879,-80.,127.160434665741));
#19715=CARTESIAN_POINT('',(-41.6753457220244,-80.,127.160434665741));
#19716=CARTESIAN_POINT('',(-3.35069144404879,-80.,127.160434665741));
#19717=CARTESIAN_POINT('Origin',(-3.35069144404879,-80.,130.66666888694));
#19718=CARTESIAN_POINT('',(-3.35069144404879,-75.,125.33333444347));
#19719=CARTESIAN_POINT('',(-3.35069144404879,-80.,105.33333444347));
#19720=CARTESIAN_POINT('Origin',(-24.2307701099377,-80.,136.777779998051));
#19721=CARTESIAN_POINT('',(-20.7353068286642,-75.,136.777779998051));
#19722=CARTESIAN_POINT('',(-24.2307701099377,-75.,136.777779998051));
#19723=CARTESIAN_POINT('',(-12.1153850549689,-75.,136.777779998051));
#19724=CARTESIAN_POINT('',(-20.7353068286642,-80.,136.777779998051));
#19725=CARTESIAN_POINT('',(-20.7353068286642,-80.,136.777779998051));
#19726=CARTESIAN_POINT('',(-24.2307701099377,-80.,136.777779998051));
#19727=CARTESIAN_POINT('',(-52.1153850549689,-80.,136.777779998051));
#19728=CARTESIAN_POINT('',(-24.2307701099377,-80.,136.777779998051));
#19729=CARTESIAN_POINT('Origin',(-24.2307701099377,-80.,133.271545776852));
#19730=CARTESIAN_POINT('',(-24.2307701099377,-75.,133.271545776852));
#19731=CARTESIAN_POINT('',(-24.2307701099377,-75.,126.635772888426));
#19732=CARTESIAN_POINT('',(-24.2307701099377,-80.,133.271545776852));
#19733=CARTESIAN_POINT('',(-24.2307701099377,-80.,106.635772888426));
#19734=CARTESIAN_POINT('',(-24.2307701099377,-80.,133.271545776852));
#19735=CARTESIAN_POINT('Origin',(-20.7353068286642,-80.,133.271545776852));
#19736=CARTESIAN_POINT('',(-20.7353068286642,-75.,133.271545776852));
#19737=CARTESIAN_POINT('',(-10.3676534143321,-75.,133.271545776852));
#19738=CARTESIAN_POINT('',(-20.7353068286642,-80.,133.271545776852));
#19739=CARTESIAN_POINT('',(-50.3676534143321,-80.,133.271545776852));
#19740=CARTESIAN_POINT('',(-20.7353068286642,-80.,133.271545776852));
#19741=CARTESIAN_POINT('Origin',(-20.7353068286642,-80.,136.777779998051));
#19742=CARTESIAN_POINT('',(-20.7353068286642,-75.,128.388889999025));
#19743=CARTESIAN_POINT('',(-20.7353068286642,-80.,108.388889999025));
#19744=CARTESIAN_POINT('Origin',(-38.1199222132796,-80.,121.04932355463));
#19745=CARTESIAN_POINT('',(-38.1199222132796,-80.,121.04932355463));
#19746=CARTESIAN_POINT('',(-41.6153854945531,-80.,121.04932355463));
#19747=CARTESIAN_POINT('',(-59.0599611066398,-80.,121.04932355463));
#19748=CARTESIAN_POINT('',(-38.1199222132796,-70.,121.04932355463));
#19749=CARTESIAN_POINT('',(-38.1199222132796,-80.,121.04932355463));
#19750=CARTESIAN_POINT('',(-41.6153854945531,-70.,121.04932355463));
#19751=CARTESIAN_POINT('',(-38.1199222132796,-70.,121.04932355463));
#19752=CARTESIAN_POINT('',(-41.6153854945531,-80.,121.04932355463));
#19753=CARTESIAN_POINT('Origin',(-38.1199222132796,-80.,124.555557775829));
#19754=CARTESIAN_POINT('',(-38.1199222132796,-80.,124.555557775829));
#19755=CARTESIAN_POINT('',(-38.1199222132796,-80.,102.277778887914));
#19756=CARTESIAN_POINT('',(-38.1199222132796,-70.,124.555557775829));
#19757=CARTESIAN_POINT('',(-38.1199222132796,-80.,124.555557775829));
#19758=CARTESIAN_POINT('',(-38.1199222132796,-70.,124.555557775829));
#19759=CARTESIAN_POINT('Origin',(-41.6153854945531,-80.,124.555557775829));
#19760=CARTESIAN_POINT('',(-41.6153854945531,-80.,124.555557775829));
#19761=CARTESIAN_POINT('',(-60.8076927472766,-80.,124.555557775829));
#19762=CARTESIAN_POINT('',(-41.6153854945531,-70.,124.555557775829));
#19763=CARTESIAN_POINT('',(-41.6153854945531,-80.,124.555557775829));
#19764=CARTESIAN_POINT('',(-41.6153854945531,-70.,124.555557775829));
#19765=CARTESIAN_POINT('Origin',(-41.6153854945531,-80.,121.04932355463));
#19766=CARTESIAN_POINT('',(-41.6153854945531,-80.,100.524661777315));
#19767=CARTESIAN_POINT('',(-41.6153854945531,-70.,121.04932355463));
#19768=CARTESIAN_POINT('Origin',(-39.8676538539163,-70.,122.802440665229));
#19769=CARTESIAN_POINT('Origin',(-59.0000008791685,-80.,124.555557775829));
#19770=CARTESIAN_POINT('',(-55.5045375978949,-75.,124.555557775829));
#19771=CARTESIAN_POINT('',(-59.0000008791685,-75.,124.555557775829));
#19772=CARTESIAN_POINT('',(-29.5000004395843,-75.,124.555557775829));
#19773=CARTESIAN_POINT('',(-55.5045375978949,-80.,124.555557775829));
#19774=CARTESIAN_POINT('',(-55.5045375978949,-80.,124.555557775829));
#19775=CARTESIAN_POINT('',(-59.0000008791685,-80.,124.555557775829));
#19776=CARTESIAN_POINT('',(-69.5000004395842,-80.,124.555557775829));
#19777=CARTESIAN_POINT('',(-59.0000008791685,-80.,124.555557775829));
#19778=CARTESIAN_POINT('Origin',(-59.0000008791685,-80.,121.04932355463));
#19779=CARTESIAN_POINT('',(-59.0000008791685,-75.,121.04932355463));
#19780=CARTESIAN_POINT('',(-59.0000008791685,-75.,120.524661777315));
#19781=CARTESIAN_POINT('',(-59.0000008791685,-80.,121.04932355463));
#19782=CARTESIAN_POINT('',(-59.0000008791685,-80.,100.524661777315));
#19783=CARTESIAN_POINT('',(-59.0000008791685,-80.,121.04932355463));
#19784=CARTESIAN_POINT('Origin',(-55.5045375978949,-80.,121.04932355463));
#19785=CARTESIAN_POINT('',(-55.5045375978949,-75.,121.04932355463));
#19786=CARTESIAN_POINT('',(-27.7522687989475,-75.,121.04932355463));
#19787=CARTESIAN_POINT('',(-55.5045375978949,-80.,121.04932355463));
#19788=CARTESIAN_POINT('',(-67.7522687989475,-80.,121.04932355463));
#19789=CARTESIAN_POINT('',(-55.5045375978949,-80.,121.04932355463));
#19790=CARTESIAN_POINT('Origin',(-55.5045375978949,-80.,124.555557775829));
#19791=CARTESIAN_POINT('',(-55.5045375978949,-75.,122.277778887914));
#19792=CARTESIAN_POINT('',(-55.5045375978949,-80.,102.277778887914));
#19793=CARTESIAN_POINT('Origin',(-50.3076931868608,-80.,136.777779998051));
#19794=CARTESIAN_POINT('',(-46.8122299055872,-75.,136.777779998051));
#19795=CARTESIAN_POINT('',(-50.3076931868608,-75.,136.777779998051));
#19796=CARTESIAN_POINT('',(-25.1538465934304,-75.,136.777779998051));
#19797=CARTESIAN_POINT('',(-46.8122299055872,-80.,136.777779998051));
#19798=CARTESIAN_POINT('',(-46.8122299055872,-80.,136.777779998051));
#19799=CARTESIAN_POINT('',(-50.3076931868608,-80.,136.777779998051));
#19800=CARTESIAN_POINT('',(-65.1538465934304,-80.,136.777779998051));
#19801=CARTESIAN_POINT('',(-50.3076931868608,-80.,136.777779998051));
#19802=CARTESIAN_POINT('Origin',(-50.3076931868608,-80.,133.271545776852));
#19803=CARTESIAN_POINT('',(-50.3076931868608,-75.,133.271545776852));
#19804=CARTESIAN_POINT('',(-50.3076931868608,-75.,126.635772888426));
#19805=CARTESIAN_POINT('',(-50.3076931868608,-80.,133.271545776852));
#19806=CARTESIAN_POINT('',(-50.3076931868608,-80.,106.635772888426));
#19807=CARTESIAN_POINT('',(-50.3076931868608,-80.,133.271545776852));
#19808=CARTESIAN_POINT('Origin',(-46.8122299055872,-80.,133.271545776852));
#19809=CARTESIAN_POINT('',(-46.8122299055872,-75.,133.271545776852));
#19810=CARTESIAN_POINT('',(-23.4061149527936,-75.,133.271545776852));
#19811=CARTESIAN_POINT('',(-46.8122299055872,-80.,133.271545776852));
#19812=CARTESIAN_POINT('',(-63.4061149527936,-80.,133.271545776852));
#19813=CARTESIAN_POINT('',(-46.8122299055872,-80.,133.271545776852));
#19814=CARTESIAN_POINT('Origin',(-46.8122299055872,-80.,136.777779998051));
#19815=CARTESIAN_POINT('',(-46.8122299055872,-75.,128.388889999025));
#19816=CARTESIAN_POINT('',(-46.8122299055872,-80.,108.388889999025));
#19817=CARTESIAN_POINT('Origin',(-32.9230778022454,-80.,142.888891109162));
#19818=CARTESIAN_POINT('',(-29.4276145209719,-75.,142.888891109162));
#19819=CARTESIAN_POINT('',(-32.9230778022454,-75.,142.888891109162));
#19820=CARTESIAN_POINT('',(-16.4615389011227,-75.,142.888891109162));
#19821=CARTESIAN_POINT('',(-29.4276145209719,-80.,142.888891109162));
#19822=CARTESIAN_POINT('',(-29.4276145209719,-80.,142.888891109162));
#19823=CARTESIAN_POINT('',(-32.9230778022454,-80.,142.888891109162));
#19824=CARTESIAN_POINT('',(-56.4615389011227,-80.,142.888891109162));
#19825=CARTESIAN_POINT('',(-32.9230778022454,-80.,142.888891109162));
#19826=CARTESIAN_POINT('Origin',(-32.9230778022454,-80.,139.382656887963));
#19827=CARTESIAN_POINT('',(-32.9230778022454,-75.,139.382656887963));
#19828=CARTESIAN_POINT('',(-32.9230778022454,-75.,129.691328443981));
#19829=CARTESIAN_POINT('',(-32.9230778022454,-80.,139.382656887963));
#19830=CARTESIAN_POINT('',(-32.9230778022454,-80.,109.691328443981));
#19831=CARTESIAN_POINT('',(-32.9230778022454,-80.,139.382656887963));
#19832=CARTESIAN_POINT('Origin',(-29.4276145209719,-80.,139.382656887963));
#19833=CARTESIAN_POINT('',(-29.4276145209719,-75.,139.382656887963));
#19834=CARTESIAN_POINT('',(-14.7138072604859,-75.,139.382656887963));
#19835=CARTESIAN_POINT('',(-29.4276145209719,-80.,139.382656887963));
#19836=CARTESIAN_POINT('',(-54.7138072604859,-80.,139.382656887963));
#19837=CARTESIAN_POINT('',(-29.4276145209719,-80.,139.382656887963));
#19838=CARTESIAN_POINT('Origin',(-29.4276145209719,-80.,142.888891109162));
#19839=CARTESIAN_POINT('',(-29.4276145209719,-75.,131.444445554581));
#19840=CARTESIAN_POINT('',(-29.4276145209719,-80.,111.444445554581));
#19841=CARTESIAN_POINT('Origin',(-32.9230778022454,-80.,149.000002220273));
#19842=CARTESIAN_POINT('',(-29.4276145209719,-75.,149.000002220273));
#19843=CARTESIAN_POINT('',(-32.9230778022454,-75.,149.000002220273));
#19844=CARTESIAN_POINT('',(-16.4615389011227,-75.,149.000002220273));
#19845=CARTESIAN_POINT('',(-29.4276145209719,-80.,149.000002220273));
#19846=CARTESIAN_POINT('',(-29.4276145209719,-80.,149.000002220273));
#19847=CARTESIAN_POINT('',(-32.9230778022454,-80.,149.000002220273));
#19848=CARTESIAN_POINT('',(-56.4615389011227,-80.,149.000002220273));
#19849=CARTESIAN_POINT('',(-32.9230778022454,-80.,149.000002220273));
#19850=CARTESIAN_POINT('Origin',(-32.9230778022454,-80.,145.493767999074));
#19851=CARTESIAN_POINT('',(-32.9230778022454,-75.,145.493767999074));
#19852=CARTESIAN_POINT('',(-32.9230778022454,-75.,132.746883999537));
#19853=CARTESIAN_POINT('',(-32.9230778022454,-80.,145.493767999074));
#19854=CARTESIAN_POINT('',(-32.9230778022454,-80.,112.746883999537));
#19855=CARTESIAN_POINT('',(-32.9230778022454,-80.,145.493767999074));
#19856=CARTESIAN_POINT('Origin',(-29.4276145209719,-80.,145.493767999074));
#19857=CARTESIAN_POINT('',(-29.4276145209719,-75.,145.493767999074));
#19858=CARTESIAN_POINT('',(-14.7138072604859,-75.,145.493767999074));
#19859=CARTESIAN_POINT('',(-29.4276145209719,-80.,145.493767999074));
#19860=CARTESIAN_POINT('',(-54.7138072604859,-80.,145.493767999074));
#19861=CARTESIAN_POINT('',(-29.4276145209719,-80.,145.493767999074));
#19862=CARTESIAN_POINT('Origin',(-29.4276145209719,-80.,149.000002220273));
#19863=CARTESIAN_POINT('',(-29.4276145209719,-75.,134.500001110137));
#19864=CARTESIAN_POINT('',(-29.4276145209719,-80.,114.500001110137));
#19865=CARTESIAN_POINT('Origin',(-24.2307701099377,-80.,149.000002220273));
#19866=CARTESIAN_POINT('',(-20.7353068286642,-75.,149.000002220273));
#19867=CARTESIAN_POINT('',(-24.2307701099377,-75.,149.000002220273));
#19868=CARTESIAN_POINT('',(-12.1153850549689,-75.,149.000002220273));
#19869=CARTESIAN_POINT('',(-20.7353068286642,-80.,149.000002220273));
#19870=CARTESIAN_POINT('',(-20.7353068286642,-80.,149.000002220273));
#19871=CARTESIAN_POINT('',(-24.2307701099377,-80.,149.000002220273));
#19872=CARTESIAN_POINT('',(-52.1153850549689,-80.,149.000002220273));
#19873=CARTESIAN_POINT('',(-24.2307701099377,-80.,149.000002220273));
#19874=CARTESIAN_POINT('Origin',(-24.2307701099377,-80.,145.493767999074));
#19875=CARTESIAN_POINT('',(-24.2307701099377,-75.,145.493767999074));
#19876=CARTESIAN_POINT('',(-24.2307701099377,-75.,132.746883999537));
#19877=CARTESIAN_POINT('',(-24.2307701099377,-80.,145.493767999074));
#19878=CARTESIAN_POINT('',(-24.2307701099377,-80.,112.746883999537));
#19879=CARTESIAN_POINT('',(-24.2307701099377,-80.,145.493767999074));
#19880=CARTESIAN_POINT('Origin',(-20.7353068286642,-80.,145.493767999074));
#19881=CARTESIAN_POINT('',(-20.7353068286642,-75.,145.493767999074));
#19882=CARTESIAN_POINT('',(-10.3676534143321,-75.,145.493767999074));
#19883=CARTESIAN_POINT('',(-20.7353068286642,-80.,145.493767999074));
#19884=CARTESIAN_POINT('',(-50.3676534143321,-80.,145.493767999074));
#19885=CARTESIAN_POINT('',(-20.7353068286642,-80.,145.493767999074));
#19886=CARTESIAN_POINT('Origin',(-20.7353068286642,-80.,149.000002220273));
#19887=CARTESIAN_POINT('',(-20.7353068286642,-75.,134.500001110137));
#19888=CARTESIAN_POINT('',(-20.7353068286642,-80.,114.500001110137));
#19889=CARTESIAN_POINT('Origin',(19.2307683516007,-80.,124.555557775829));
#19890=CARTESIAN_POINT('',(22.7262316328743,-75.,124.555557775829));
#19891=CARTESIAN_POINT('',(19.2307683516007,-75.,124.555557775829));
#19892=CARTESIAN_POINT('',(9.61538417580037,-75.,124.555557775829));
#19893=CARTESIAN_POINT('',(22.7262316328743,-80.,124.555557775829));
#19894=CARTESIAN_POINT('',(22.7262316328743,-80.,124.555557775829));
#19895=CARTESIAN_POINT('',(19.2307683516007,-80.,124.555557775829));
#19896=CARTESIAN_POINT('',(-30.3846158241996,-80.,124.555557775829));
#19897=CARTESIAN_POINT('',(19.2307683516007,-80.,124.555557775829));
#19898=CARTESIAN_POINT('Origin',(19.2307683516007,-80.,121.04932355463));
#19899=CARTESIAN_POINT('',(19.2307683516007,-75.,121.04932355463));
#19900=CARTESIAN_POINT('',(19.2307683516007,-75.,120.524661777315));
#19901=CARTESIAN_POINT('',(19.2307683516007,-80.,121.04932355463));
#19902=CARTESIAN_POINT('',(19.2307683516007,-80.,100.524661777315));
#19903=CARTESIAN_POINT('',(19.2307683516007,-80.,121.04932355463));
#19904=CARTESIAN_POINT('Origin',(22.7262316328743,-80.,121.04932355463));
#19905=CARTESIAN_POINT('',(22.7262316328743,-75.,121.04932355463));
#19906=CARTESIAN_POINT('',(11.3631158164372,-75.,121.04932355463));
#19907=CARTESIAN_POINT('',(22.7262316328743,-80.,121.04932355463));
#19908=CARTESIAN_POINT('',(-28.6368841835628,-80.,121.04932355463));
#19909=CARTESIAN_POINT('',(22.7262316328743,-80.,121.04932355463));
#19910=CARTESIAN_POINT('Origin',(22.7262316328743,-80.,124.555557775829));
#19911=CARTESIAN_POINT('',(22.7262316328743,-75.,122.277778887914));
#19912=CARTESIAN_POINT('',(22.7262316328743,-80.,102.277778887914));
#19913=CARTESIAN_POINT('Origin',(-12.0429991363565,-80.,145.493767999074));
#19914=CARTESIAN_POINT('',(-12.0429991363565,-80.,145.493767999074));
#19915=CARTESIAN_POINT('',(-15.53846241763,-80.,145.493767999074));
#19916=CARTESIAN_POINT('',(-46.0214995681782,-80.,145.493767999074));
#19917=CARTESIAN_POINT('',(-12.0429991363565,-70.,145.493767999074));
#19918=CARTESIAN_POINT('',(-12.0429991363565,-80.,145.493767999074));
#19919=CARTESIAN_POINT('',(-15.53846241763,-70.,145.493767999074));
#19920=CARTESIAN_POINT('',(-12.0429991363565,-70.,145.493767999074));
#19921=CARTESIAN_POINT('',(-15.53846241763,-80.,145.493767999074));
#19922=CARTESIAN_POINT('Origin',(-12.0429991363565,-80.,149.000002220273));
#19923=CARTESIAN_POINT('',(-12.0429991363565,-80.,149.000002220273));
#19924=CARTESIAN_POINT('',(-12.0429991363565,-80.,114.500001110137));
#19925=CARTESIAN_POINT('',(-12.0429991363565,-70.,149.000002220273));
#19926=CARTESIAN_POINT('',(-12.0429991363565,-80.,149.000002220273));
#19927=CARTESIAN_POINT('',(-12.0429991363565,-70.,149.000002220273));
#19928=CARTESIAN_POINT('Origin',(-15.53846241763,-80.,149.000002220273));
#19929=CARTESIAN_POINT('',(-15.53846241763,-80.,149.000002220273));
#19930=CARTESIAN_POINT('',(-47.769231208815,-80.,149.000002220273));
#19931=CARTESIAN_POINT('',(-15.53846241763,-70.,149.000002220273));
#19932=CARTESIAN_POINT('',(-15.53846241763,-80.,149.000002220273));
#19933=CARTESIAN_POINT('',(-15.53846241763,-70.,149.000002220273));
#19934=CARTESIAN_POINT('Origin',(-15.53846241763,-80.,145.493767999074));
#19935=CARTESIAN_POINT('',(-15.53846241763,-80.,112.746883999537));
#19936=CARTESIAN_POINT('',(-15.53846241763,-70.,145.493767999074));
#19937=CARTESIAN_POINT('Origin',(-13.7907307769933,-70.,147.246885109674));
#19938=CARTESIAN_POINT('Origin',(-24.2307701099377,-80.,142.888891109162));
#19939=CARTESIAN_POINT('',(-20.7353068286642,-75.,142.888891109162));
#19940=CARTESIAN_POINT('',(-24.2307701099377,-75.,142.888891109162));
#19941=CARTESIAN_POINT('',(-12.1153850549689,-75.,142.888891109162));
#19942=CARTESIAN_POINT('',(-20.7353068286642,-80.,142.888891109162));
#19943=CARTESIAN_POINT('',(-20.7353068286642,-80.,142.888891109162));
#19944=CARTESIAN_POINT('',(-24.2307701099377,-80.,142.888891109162));
#19945=CARTESIAN_POINT('',(-52.1153850549689,-80.,142.888891109162));
#19946=CARTESIAN_POINT('',(-24.2307701099377,-80.,142.888891109162));
#19947=CARTESIAN_POINT('Origin',(-24.2307701099377,-80.,139.382656887963));
#19948=CARTESIAN_POINT('',(-24.2307701099377,-75.,139.382656887963));
#19949=CARTESIAN_POINT('',(-24.2307701099377,-75.,129.691328443981));
#19950=CARTESIAN_POINT('',(-24.2307701099377,-80.,139.382656887963));
#19951=CARTESIAN_POINT('',(-24.2307701099377,-80.,109.691328443981));
#19952=CARTESIAN_POINT('',(-24.2307701099377,-80.,139.382656887963));
#19953=CARTESIAN_POINT('Origin',(-20.7353068286642,-80.,139.382656887963));
#19954=CARTESIAN_POINT('',(-20.7353068286642,-75.,139.382656887963));
#19955=CARTESIAN_POINT('',(-10.3676534143321,-75.,139.382656887963));
#19956=CARTESIAN_POINT('',(-20.7353068286642,-80.,139.382656887963));
#19957=CARTESIAN_POINT('',(-50.3676534143321,-80.,139.382656887963));
#19958=CARTESIAN_POINT('',(-20.7353068286642,-80.,139.382656887963));
#19959=CARTESIAN_POINT('Origin',(-20.7353068286642,-80.,142.888891109162));
#19960=CARTESIAN_POINT('',(-20.7353068286642,-75.,131.444445554581));
#19961=CARTESIAN_POINT('',(-20.7353068286642,-80.,111.444445554581));
#19962=CARTESIAN_POINT('Origin',(-32.9230778022454,-80.,136.777779998051));
#19963=CARTESIAN_POINT('',(-29.4276145209719,-75.,136.777779998051));
#19964=CARTESIAN_POINT('',(-32.9230778022454,-75.,136.777779998051));
#19965=CARTESIAN_POINT('',(-16.4615389011227,-75.,136.777779998051));
#19966=CARTESIAN_POINT('',(-29.4276145209719,-80.,136.777779998051));
#19967=CARTESIAN_POINT('',(-29.4276145209719,-80.,136.777779998051));
#19968=CARTESIAN_POINT('',(-32.9230778022454,-80.,136.777779998051));
#19969=CARTESIAN_POINT('',(-56.4615389011227,-80.,136.777779998051));
#19970=CARTESIAN_POINT('',(-32.9230778022454,-80.,136.777779998051));
#19971=CARTESIAN_POINT('Origin',(-32.9230778022454,-80.,133.271545776852));
#19972=CARTESIAN_POINT('',(-32.9230778022454,-75.,133.271545776852));
#19973=CARTESIAN_POINT('',(-32.9230778022454,-75.,126.635772888426));
#19974=CARTESIAN_POINT('',(-32.9230778022454,-80.,133.271545776852));
#19975=CARTESIAN_POINT('',(-32.9230778022454,-80.,106.635772888426));
#19976=CARTESIAN_POINT('',(-32.9230778022454,-80.,133.271545776852));
#19977=CARTESIAN_POINT('Origin',(-29.4276145209719,-80.,133.271545776852));
#19978=CARTESIAN_POINT('',(-29.4276145209719,-75.,133.271545776852));
#19979=CARTESIAN_POINT('',(-14.7138072604859,-75.,133.271545776852));
#19980=CARTESIAN_POINT('',(-29.4276145209719,-80.,133.271545776852));
#19981=CARTESIAN_POINT('',(-54.7138072604859,-80.,133.271545776852));
#19982=CARTESIAN_POINT('',(-29.4276145209719,-80.,133.271545776852));
#19983=CARTESIAN_POINT('Origin',(-29.4276145209719,-80.,136.777779998051));
#19984=CARTESIAN_POINT('',(-29.4276145209719,-75.,128.388889999025));
#19985=CARTESIAN_POINT('',(-29.4276145209719,-80.,108.388889999025));
#19986=CARTESIAN_POINT('Origin',(-38.1199222132796,-80.,145.493767999074));
#19987=CARTESIAN_POINT('',(-38.1199222132796,-80.,145.493767999074));
#19988=CARTESIAN_POINT('',(-41.6153854945531,-80.,145.493767999074));
#19989=CARTESIAN_POINT('',(-59.0599611066398,-80.,145.493767999074));
#19990=CARTESIAN_POINT('',(-38.1199222132796,-70.,145.493767999074));
#19991=CARTESIAN_POINT('',(-38.1199222132796,-80.,145.493767999074));
#19992=CARTESIAN_POINT('',(-41.6153854945531,-70.,145.493767999074));
#19993=CARTESIAN_POINT('',(-38.1199222132796,-70.,145.493767999074));
#19994=CARTESIAN_POINT('',(-41.6153854945531,-80.,145.493767999074));
#19995=CARTESIAN_POINT('Origin',(-38.1199222132796,-80.,149.000002220273));
#19996=CARTESIAN_POINT('',(-38.1199222132796,-80.,149.000002220273));
#19997=CARTESIAN_POINT('',(-38.1199222132796,-80.,114.500001110137));
#19998=CARTESIAN_POINT('',(-38.1199222132796,-70.,149.000002220273));
#19999=CARTESIAN_POINT('',(-38.1199222132796,-80.,149.000002220273));
#20000=CARTESIAN_POINT('',(-38.1199222132796,-70.,149.000002220273));
#20001=CARTESIAN_POINT('Origin',(-41.6153854945531,-80.,149.000002220273));
#20002=CARTESIAN_POINT('',(-41.6153854945531,-80.,149.000002220273));
#20003=CARTESIAN_POINT('',(-60.8076927472766,-80.,149.000002220273));
#20004=CARTESIAN_POINT('',(-41.6153854945531,-70.,149.000002220273));
#20005=CARTESIAN_POINT('',(-41.6153854945531,-80.,149.000002220273));
#20006=CARTESIAN_POINT('',(-41.6153854945531,-70.,149.000002220273));
#20007=CARTESIAN_POINT('Origin',(-41.6153854945531,-80.,145.493767999074));
#20008=CARTESIAN_POINT('',(-41.6153854945531,-80.,112.746883999537));
#20009=CARTESIAN_POINT('',(-41.6153854945531,-70.,145.493767999074));
#20010=CARTESIAN_POINT('Origin',(-39.8676538539163,-70.,147.246885109674));
#20011=CARTESIAN_POINT('Origin',(53.9999991208315,-80.,124.555557775829));
#20012=CARTESIAN_POINT('',(57.4954624021051,-75.,124.555557775829));
#20013=CARTESIAN_POINT('',(53.9999991208315,-75.,124.555557775829));
#20014=CARTESIAN_POINT('',(26.9999995604158,-75.,124.555557775829));
#20015=CARTESIAN_POINT('',(57.4954624021051,-80.,124.555557775829));
#20016=CARTESIAN_POINT('',(57.4954624021051,-80.,124.555557775829));
#20017=CARTESIAN_POINT('',(53.9999991208315,-80.,124.555557775829));
#20018=CARTESIAN_POINT('',(-13.0000004395842,-80.,124.555557775829));
#20019=CARTESIAN_POINT('',(53.9999991208315,-80.,124.555557775829));
#20020=CARTESIAN_POINT('Origin',(53.9999991208315,-80.,121.04932355463));
#20021=CARTESIAN_POINT('',(53.9999991208315,-75.,121.04932355463));
#20022=CARTESIAN_POINT('',(53.9999991208315,-75.,120.524661777315));
#20023=CARTESIAN_POINT('',(53.9999991208315,-80.,121.04932355463));
#20024=CARTESIAN_POINT('',(53.9999991208315,-80.,100.524661777315));
#20025=CARTESIAN_POINT('',(53.9999991208315,-80.,121.04932355463));
#20026=CARTESIAN_POINT('Origin',(57.4954624021051,-80.,121.04932355463));
#20027=CARTESIAN_POINT('',(57.4954624021051,-75.,121.04932355463));
#20028=CARTESIAN_POINT('',(28.7477312010525,-75.,121.04932355463));
#20029=CARTESIAN_POINT('',(57.4954624021051,-80.,121.04932355463));
#20030=CARTESIAN_POINT('',(-11.2522687989475,-80.,121.04932355463));
#20031=CARTESIAN_POINT('',(57.4954624021051,-80.,121.04932355463));
#20032=CARTESIAN_POINT('Origin',(57.4954624021051,-80.,124.555557775829));
#20033=CARTESIAN_POINT('',(57.4954624021051,-75.,122.277778887914));
#20034=CARTESIAN_POINT('',(57.4954624021051,-80.,102.277778887914));
#20035=CARTESIAN_POINT('Origin',(-59.0000008791685,-80.,136.777779998051));
#20036=CARTESIAN_POINT('',(-55.5045375978949,-75.,136.777779998051));
#20037=CARTESIAN_POINT('',(-59.0000008791685,-75.,136.777779998051));
#20038=CARTESIAN_POINT('',(-29.5000004395843,-75.,136.777779998051));
#20039=CARTESIAN_POINT('',(-55.5045375978949,-80.,136.777779998051));
#20040=CARTESIAN_POINT('',(-55.5045375978949,-80.,136.777779998051));
#20041=CARTESIAN_POINT('',(-59.0000008791685,-80.,136.777779998051));
#20042=CARTESIAN_POINT('',(-69.5000004395842,-80.,136.777779998051));
#20043=CARTESIAN_POINT('',(-59.0000008791685,-80.,136.777779998051));
#20044=CARTESIAN_POINT('Origin',(-59.0000008791685,-80.,133.271545776852));
#20045=CARTESIAN_POINT('',(-59.0000008791685,-75.,133.271545776852));
#20046=CARTESIAN_POINT('',(-59.0000008791685,-75.,126.635772888426));
#20047=CARTESIAN_POINT('',(-59.0000008791685,-80.,133.271545776852));
#20048=CARTESIAN_POINT('',(-59.0000008791685,-80.,106.635772888426));
#20049=CARTESIAN_POINT('',(-59.0000008791685,-80.,133.271545776852));
#20050=CARTESIAN_POINT('Origin',(-55.5045375978949,-80.,133.271545776852));
#20051=CARTESIAN_POINT('',(-55.5045375978949,-75.,133.271545776852));
#20052=CARTESIAN_POINT('',(-27.7522687989475,-75.,133.271545776852));
#20053=CARTESIAN_POINT('',(-55.5045375978949,-80.,133.271545776852));
#20054=CARTESIAN_POINT('',(-67.7522687989475,-80.,133.271545776852));
#20055=CARTESIAN_POINT('',(-55.5045375978949,-80.,133.271545776852));
#20056=CARTESIAN_POINT('Origin',(-55.5045375978949,-80.,136.777779998051));
#20057=CARTESIAN_POINT('',(-55.5045375978949,-75.,128.388889999025));
#20058=CARTESIAN_POINT('',(-55.5045375978949,-80.,108.388889999025));
#20059=CARTESIAN_POINT('Origin',(-12.0429991363565,-80.,127.160434665741));
#20060=CARTESIAN_POINT('',(-12.0429991363565,-80.,127.160434665741));
#20061=CARTESIAN_POINT('',(-15.53846241763,-80.,127.160434665741));
#20062=CARTESIAN_POINT('',(-46.0214995681782,-80.,127.160434665741));
#20063=CARTESIAN_POINT('',(-12.0429991363565,-70.,127.160434665741));
#20064=CARTESIAN_POINT('',(-12.0429991363565,-80.,127.160434665741));
#20065=CARTESIAN_POINT('',(-15.53846241763,-70.,127.160434665741));
#20066=CARTESIAN_POINT('',(-12.0429991363565,-70.,127.160434665741));
#20067=CARTESIAN_POINT('',(-15.53846241763,-80.,127.160434665741));
#20068=CARTESIAN_POINT('Origin',(-12.0429991363565,-80.,130.66666888694));
#20069=CARTESIAN_POINT('',(-12.0429991363565,-80.,130.66666888694));
#20070=CARTESIAN_POINT('',(-12.0429991363565,-80.,105.33333444347));
#20071=CARTESIAN_POINT('',(-12.0429991363565,-70.,130.66666888694));
#20072=CARTESIAN_POINT('',(-12.0429991363565,-80.,130.66666888694));
#20073=CARTESIAN_POINT('',(-12.0429991363565,-70.,130.66666888694));
#20074=CARTESIAN_POINT('Origin',(-15.53846241763,-80.,130.66666888694));
#20075=CARTESIAN_POINT('',(-15.53846241763,-80.,130.66666888694));
#20076=CARTESIAN_POINT('',(-47.769231208815,-80.,130.66666888694));
#20077=CARTESIAN_POINT('',(-15.53846241763,-70.,130.66666888694));
#20078=CARTESIAN_POINT('',(-15.53846241763,-80.,130.66666888694));
#20079=CARTESIAN_POINT('',(-15.53846241763,-70.,130.66666888694));
#20080=CARTESIAN_POINT('Origin',(-15.53846241763,-80.,127.160434665741));
#20081=CARTESIAN_POINT('',(-15.53846241763,-80.,103.58021733287));
#20082=CARTESIAN_POINT('',(-15.53846241763,-70.,127.160434665741));
#20083=CARTESIAN_POINT('Origin',(-13.7907307769933,-70.,128.91355177634));
#20084=CARTESIAN_POINT('Origin',(-24.2307701099377,-80.,130.66666888694));
#20085=CARTESIAN_POINT('',(-20.7353068286642,-75.,130.66666888694));
#20086=CARTESIAN_POINT('',(-24.2307701099377,-75.,130.66666888694));
#20087=CARTESIAN_POINT('',(-12.1153850549689,-75.,130.66666888694));
#20088=CARTESIAN_POINT('',(-20.7353068286642,-80.,130.66666888694));
#20089=CARTESIAN_POINT('',(-20.7353068286642,-80.,130.66666888694));
#20090=CARTESIAN_POINT('',(-24.2307701099377,-80.,130.66666888694));
#20091=CARTESIAN_POINT('',(-52.1153850549689,-80.,130.66666888694));
#20092=CARTESIAN_POINT('',(-24.2307701099377,-80.,130.66666888694));
#20093=CARTESIAN_POINT('Origin',(-24.2307701099377,-80.,127.160434665741));
#20094=CARTESIAN_POINT('',(-24.2307701099377,-75.,127.160434665741));
#20095=CARTESIAN_POINT('',(-24.2307701099377,-75.,123.58021733287));
#20096=CARTESIAN_POINT('',(-24.2307701099377,-80.,127.160434665741));
#20097=CARTESIAN_POINT('',(-24.2307701099377,-80.,103.58021733287));
#20098=CARTESIAN_POINT('',(-24.2307701099377,-80.,127.160434665741));
#20099=CARTESIAN_POINT('Origin',(-20.7353068286642,-80.,127.160434665741));
#20100=CARTESIAN_POINT('',(-20.7353068286642,-75.,127.160434665741));
#20101=CARTESIAN_POINT('',(-10.3676534143321,-75.,127.160434665741));
#20102=CARTESIAN_POINT('',(-20.7353068286642,-80.,127.160434665741));
#20103=CARTESIAN_POINT('',(-50.3676534143321,-80.,127.160434665741));
#20104=CARTESIAN_POINT('',(-20.7353068286642,-80.,127.160434665741));
#20105=CARTESIAN_POINT('Origin',(-20.7353068286642,-80.,130.66666888694));
#20106=CARTESIAN_POINT('',(-20.7353068286642,-75.,125.33333444347));
#20107=CARTESIAN_POINT('',(-20.7353068286642,-80.,105.33333444347));
#20108=CARTESIAN_POINT('Origin',(-12.0429991363565,-80.,133.271545776852));
#20109=CARTESIAN_POINT('',(-12.0429991363565,-80.,133.271545776852));
#20110=CARTESIAN_POINT('',(-15.53846241763,-80.,133.271545776852));
#20111=CARTESIAN_POINT('',(-46.0214995681782,-80.,133.271545776852));
#20112=CARTESIAN_POINT('',(-12.0429991363565,-70.,133.271545776852));
#20113=CARTESIAN_POINT('',(-12.0429991363565,-80.,133.271545776852));
#20114=CARTESIAN_POINT('',(-15.53846241763,-70.,133.271545776852));
#20115=CARTESIAN_POINT('',(-12.0429991363565,-70.,133.271545776852));
#20116=CARTESIAN_POINT('',(-15.53846241763,-80.,133.271545776852));
#20117=CARTESIAN_POINT('Origin',(-12.0429991363565,-80.,136.777779998051));
#20118=CARTESIAN_POINT('',(-12.0429991363565,-80.,136.777779998051));
#20119=CARTESIAN_POINT('',(-12.0429991363565,-80.,108.388889999025));
#20120=CARTESIAN_POINT('',(-12.0429991363565,-70.,136.777779998051));
#20121=CARTESIAN_POINT('',(-12.0429991363565,-80.,136.777779998051));
#20122=CARTESIAN_POINT('',(-12.0429991363565,-70.,136.777779998051));
#20123=CARTESIAN_POINT('Origin',(-15.53846241763,-80.,136.777779998051));
#20124=CARTESIAN_POINT('',(-15.53846241763,-80.,136.777779998051));
#20125=CARTESIAN_POINT('',(-47.769231208815,-80.,136.777779998051));
#20126=CARTESIAN_POINT('',(-15.53846241763,-70.,136.777779998051));
#20127=CARTESIAN_POINT('',(-15.53846241763,-80.,136.777779998051));
#20128=CARTESIAN_POINT('',(-15.53846241763,-70.,136.777779998051));
#20129=CARTESIAN_POINT('Origin',(-15.53846241763,-80.,133.271545776852));
#20130=CARTESIAN_POINT('',(-15.53846241763,-80.,106.635772888426));
#20131=CARTESIAN_POINT('',(-15.53846241763,-70.,133.271545776852));
#20132=CARTESIAN_POINT('Origin',(-13.7907307769933,-70.,135.024662887451));
#20133=CARTESIAN_POINT('Origin',(-6.84615472532236,-80.,124.555557775829));
#20134=CARTESIAN_POINT('',(-3.35069144404879,-75.,124.555557775829));
#20135=CARTESIAN_POINT('',(-6.84615472532236,-75.,124.555557775829));
#20136=CARTESIAN_POINT('',(-3.42307736266117,-75.,124.555557775829));
#20137=CARTESIAN_POINT('',(-3.35069144404879,-80.,124.555557775829));
#20138=CARTESIAN_POINT('',(-3.35069144404879,-80.,124.555557775829));
#20139=CARTESIAN_POINT('',(-6.84615472532236,-80.,124.555557775829));
#20140=CARTESIAN_POINT('',(-43.4230773626612,-80.,124.555557775829));
#20141=CARTESIAN_POINT('',(-6.84615472532236,-80.,124.555557775829));
#20142=CARTESIAN_POINT('Origin',(-6.84615472532236,-80.,121.04932355463));
#20143=CARTESIAN_POINT('',(-6.84615472532236,-75.,121.04932355463));
#20144=CARTESIAN_POINT('',(-6.84615472532236,-75.,120.524661777315));
#20145=CARTESIAN_POINT('',(-6.84615472532236,-80.,121.04932355463));
#20146=CARTESIAN_POINT('',(-6.84615472532235,-80.,100.524661777315));
#20147=CARTESIAN_POINT('',(-6.84615472532236,-80.,121.04932355463));
#20148=CARTESIAN_POINT('Origin',(-3.35069144404879,-80.,121.04932355463));
#20149=CARTESIAN_POINT('',(-3.35069144404879,-75.,121.04932355463));
#20150=CARTESIAN_POINT('',(-1.67534572202439,-75.,121.04932355463));
#20151=CARTESIAN_POINT('',(-3.35069144404879,-80.,121.04932355463));
#20152=CARTESIAN_POINT('',(-41.6753457220244,-80.,121.04932355463));
#20153=CARTESIAN_POINT('',(-3.35069144404879,-80.,121.04932355463));
#20154=CARTESIAN_POINT('Origin',(-3.35069144404879,-80.,124.555557775829));
#20155=CARTESIAN_POINT('',(-3.35069144404879,-75.,122.277778887914));
#20156=CARTESIAN_POINT('',(-3.35069144404879,-80.,102.277778887914));
#20157=CARTESIAN_POINT('Origin',(-50.3076931868608,-80.,94.000002220273));
#20158=CARTESIAN_POINT('',(-46.8122299055872,-75.,94.000002220273));
#20159=CARTESIAN_POINT('',(-50.3076931868608,-75.,94.000002220273));
#20160=CARTESIAN_POINT('',(-25.1538465934304,-75.,94.000002220273));
#20161=CARTESIAN_POINT('',(-46.8122299055872,-80.,94.000002220273));
#20162=CARTESIAN_POINT('',(-46.8122299055872,-80.,94.000002220273));
#20163=CARTESIAN_POINT('',(-50.3076931868608,-80.,94.000002220273));
#20164=CARTESIAN_POINT('',(-65.1538465934304,-80.,94.000002220273));
#20165=CARTESIAN_POINT('',(-50.3076931868608,-80.,94.000002220273));
#20166=CARTESIAN_POINT('Origin',(-50.3076931868608,-80.,90.493767999074));
#20167=CARTESIAN_POINT('',(-50.3076931868608,-75.,90.493767999074));
#20168=CARTESIAN_POINT('',(-50.3076931868608,-75.,105.246883999537));
#20169=CARTESIAN_POINT('',(-50.3076931868608,-80.,90.493767999074));
#20170=CARTESIAN_POINT('',(-50.3076931868608,-80.,85.246883999537));
#20171=CARTESIAN_POINT('',(-50.3076931868608,-80.,90.493767999074));
#20172=CARTESIAN_POINT('Origin',(-46.8122299055872,-80.,90.493767999074));
#20173=CARTESIAN_POINT('',(-46.8122299055872,-75.,90.493767999074));
#20174=CARTESIAN_POINT('',(-23.4061149527936,-75.,90.493767999074));
#20175=CARTESIAN_POINT('',(-46.8122299055872,-80.,90.493767999074));
#20176=CARTESIAN_POINT('',(-63.4061149527936,-80.,90.493767999074));
#20177=CARTESIAN_POINT('',(-46.8122299055872,-80.,90.493767999074));
#20178=CARTESIAN_POINT('Origin',(-46.8122299055872,-80.,94.000002220273));
#20179=CARTESIAN_POINT('',(-46.8122299055872,-75.,107.000001110137));
#20180=CARTESIAN_POINT('',(-46.8122299055872,-80.,87.0000011101365));
#20181=CARTESIAN_POINT('Origin',(40.1108470174897,-80.,127.160434665741));
#20182=CARTESIAN_POINT('',(40.1108470174897,-80.,127.160434665741));
#20183=CARTESIAN_POINT('',(36.6153837362161,-80.,127.160434665741));
#20184=CARTESIAN_POINT('',(-19.9445764912552,-80.,127.160434665741));
#20185=CARTESIAN_POINT('',(40.1108470174897,-70.,127.160434665741));
#20186=CARTESIAN_POINT('',(40.1108470174897,-80.,127.160434665741));
#20187=CARTESIAN_POINT('',(36.6153837362161,-70.,127.160434665741));
#20188=CARTESIAN_POINT('',(40.1108470174897,-70.,127.160434665741));
#20189=CARTESIAN_POINT('',(36.6153837362161,-80.,127.160434665741));
#20190=CARTESIAN_POINT('Origin',(40.1108470174897,-80.,130.66666888694));
#20191=CARTESIAN_POINT('',(40.1108470174897,-80.,130.66666888694));
#20192=CARTESIAN_POINT('',(40.1108470174897,-80.,105.33333444347));
#20193=CARTESIAN_POINT('',(40.1108470174897,-70.,130.66666888694));
#20194=CARTESIAN_POINT('',(40.1108470174897,-80.,130.66666888694));
#20195=CARTESIAN_POINT('',(40.1108470174897,-70.,130.66666888694));
#20196=CARTESIAN_POINT('Origin',(36.6153837362161,-80.,130.66666888694));
#20197=CARTESIAN_POINT('',(36.6153837362161,-80.,130.66666888694));
#20198=CARTESIAN_POINT('',(-21.6923081318919,-80.,130.66666888694));
#20199=CARTESIAN_POINT('',(36.6153837362161,-70.,130.66666888694));
#20200=CARTESIAN_POINT('',(36.6153837362161,-80.,130.66666888694));
#20201=CARTESIAN_POINT('',(36.6153837362161,-70.,130.66666888694));
#20202=CARTESIAN_POINT('Origin',(36.6153837362161,-80.,127.160434665741));
#20203=CARTESIAN_POINT('',(36.6153837362161,-80.,103.58021733287));
#20204=CARTESIAN_POINT('',(36.6153837362161,-70.,127.160434665741));
#20205=CARTESIAN_POINT('Origin',(38.3631153768529,-70.,128.91355177634));
#20206=CARTESIAN_POINT('Origin',(-24.2307701099377,-80.,94.000002220273));
#20207=CARTESIAN_POINT('',(-20.7353068286642,-75.,94.000002220273));
#20208=CARTESIAN_POINT('',(-24.2307701099377,-75.,94.000002220273));
#20209=CARTESIAN_POINT('',(-12.1153850549689,-75.,94.000002220273));
#20210=CARTESIAN_POINT('',(-20.7353068286642,-80.,94.000002220273));
#20211=CARTESIAN_POINT('',(-20.7353068286642,-80.,94.000002220273));
#20212=CARTESIAN_POINT('',(-24.2307701099377,-80.,94.000002220273));
#20213=CARTESIAN_POINT('',(-52.1153850549689,-80.,94.000002220273));
#20214=CARTESIAN_POINT('',(-24.2307701099377,-80.,94.000002220273));
#20215=CARTESIAN_POINT('Origin',(-24.2307701099377,-80.,90.493767999074));
#20216=CARTESIAN_POINT('',(-24.2307701099377,-75.,90.493767999074));
#20217=CARTESIAN_POINT('',(-24.2307701099377,-75.,105.246883999537));
#20218=CARTESIAN_POINT('',(-24.2307701099377,-80.,90.493767999074));
#20219=CARTESIAN_POINT('',(-24.2307701099377,-80.,85.246883999537));
#20220=CARTESIAN_POINT('',(-24.2307701099377,-80.,90.493767999074));
#20221=CARTESIAN_POINT('Origin',(-20.7353068286642,-80.,90.493767999074));
#20222=CARTESIAN_POINT('',(-20.7353068286642,-75.,90.493767999074));
#20223=CARTESIAN_POINT('',(-10.3676534143321,-75.,90.493767999074));
#20224=CARTESIAN_POINT('',(-20.7353068286642,-80.,90.493767999074));
#20225=CARTESIAN_POINT('',(-50.3676534143321,-80.,90.493767999074));
#20226=CARTESIAN_POINT('',(-20.7353068286642,-80.,90.493767999074));
#20227=CARTESIAN_POINT('Origin',(-20.7353068286642,-80.,94.000002220273));
#20228=CARTESIAN_POINT('',(-20.7353068286642,-75.,107.000001110137));
#20229=CARTESIAN_POINT('',(-20.7353068286642,-80.,87.0000011101365));
#20230=CARTESIAN_POINT('Origin',(1.84615296698533,-80.,124.555557775829));
#20231=CARTESIAN_POINT('',(5.3416162482589,-75.,124.555557775829));
#20232=CARTESIAN_POINT('',(1.84615296698533,-75.,124.555557775829));
#20233=CARTESIAN_POINT('',(0.923076483492671,-75.,124.555557775829));
#20234=CARTESIAN_POINT('',(5.3416162482589,-80.,124.555557775829));
#20235=CARTESIAN_POINT('',(5.3416162482589,-80.,124.555557775829));
#20236=CARTESIAN_POINT('',(1.84615296698533,-80.,124.555557775829));
#20237=CARTESIAN_POINT('',(-39.0769235165073,-80.,124.555557775829));
#20238=CARTESIAN_POINT('',(1.84615296698533,-80.,124.555557775829));
#20239=CARTESIAN_POINT('Origin',(1.84615296698533,-80.,121.04932355463));
#20240=CARTESIAN_POINT('',(1.84615296698533,-75.,121.04932355463));
#20241=CARTESIAN_POINT('',(1.84615296698533,-75.,120.524661777315));
#20242=CARTESIAN_POINT('',(1.84615296698533,-80.,121.04932355463));
#20243=CARTESIAN_POINT('',(1.84615296698533,-80.,100.524661777315));
#20244=CARTESIAN_POINT('',(1.84615296698533,-80.,121.04932355463));
#20245=CARTESIAN_POINT('Origin',(5.3416162482589,-80.,121.04932355463));
#20246=CARTESIAN_POINT('',(5.3416162482589,-75.,121.04932355463));
#20247=CARTESIAN_POINT('',(2.67080812412945,-75.,121.04932355463));
#20248=CARTESIAN_POINT('',(5.3416162482589,-80.,121.04932355463));
#20249=CARTESIAN_POINT('',(-37.3291918758705,-80.,121.04932355463));
#20250=CARTESIAN_POINT('',(5.3416162482589,-80.,121.04932355463));
#20251=CARTESIAN_POINT('Origin',(5.3416162482589,-80.,124.555557775829));
#20252=CARTESIAN_POINT('',(5.3416162482589,-75.,122.277778887914));
#20253=CARTESIAN_POINT('',(5.3416162482589,-80.,102.277778887914));
#20254=CARTESIAN_POINT('Origin',(1.84615296698533,-80.,94.000002220273));
#20255=CARTESIAN_POINT('',(5.3416162482589,-75.,94.000002220273));
#20256=CARTESIAN_POINT('',(1.84615296698533,-75.,94.000002220273));
#20257=CARTESIAN_POINT('',(0.923076483492671,-75.,94.000002220273));
#20258=CARTESIAN_POINT('',(5.3416162482589,-80.,94.000002220273));
#20259=CARTESIAN_POINT('',(5.3416162482589,-80.,94.000002220273));
#20260=CARTESIAN_POINT('',(1.84615296698533,-80.,94.000002220273));
#20261=CARTESIAN_POINT('',(-39.0769235165073,-80.,94.000002220273));
#20262=CARTESIAN_POINT('',(1.84615296698533,-80.,94.000002220273));
#20263=CARTESIAN_POINT('Origin',(1.84615296698533,-80.,90.493767999074));
#20264=CARTESIAN_POINT('',(1.84615296698533,-75.,90.493767999074));
#20265=CARTESIAN_POINT('',(1.84615296698533,-75.,105.246883999537));
#20266=CARTESIAN_POINT('',(1.84615296698533,-80.,90.493767999074));
#20267=CARTESIAN_POINT('',(1.84615296698533,-80.,85.246883999537));
#20268=CARTESIAN_POINT('',(1.84615296698533,-80.,90.493767999074));
#20269=CARTESIAN_POINT('Origin',(5.3416162482589,-80.,90.493767999074));
#20270=CARTESIAN_POINT('',(5.3416162482589,-75.,90.493767999074));
#20271=CARTESIAN_POINT('',(2.67080812412945,-75.,90.493767999074));
#20272=CARTESIAN_POINT('',(5.3416162482589,-80.,90.493767999074));
#20273=CARTESIAN_POINT('',(-37.3291918758705,-80.,90.493767999074));
#20274=CARTESIAN_POINT('',(5.3416162482589,-80.,90.493767999074));
#20275=CARTESIAN_POINT('Origin',(5.3416162482589,-80.,94.000002220273));
#20276=CARTESIAN_POINT('',(5.3416162482589,-75.,107.000001110137));
#20277=CARTESIAN_POINT('',(5.3416162482589,-80.,87.0000011101365));
#20278=CARTESIAN_POINT('Origin',(53.9999991208315,-80.,136.777779998051));
#20279=CARTESIAN_POINT('',(57.4954624021051,-75.,136.777779998051));
#20280=CARTESIAN_POINT('',(53.9999991208315,-75.,136.777779998051));
#20281=CARTESIAN_POINT('',(26.9999995604158,-75.,136.777779998051));
#20282=CARTESIAN_POINT('',(57.4954624021051,-80.,136.777779998051));
#20283=CARTESIAN_POINT('',(57.4954624021051,-80.,136.777779998051));
#20284=CARTESIAN_POINT('',(53.9999991208315,-80.,136.777779998051));
#20285=CARTESIAN_POINT('',(-13.0000004395842,-80.,136.777779998051));
#20286=CARTESIAN_POINT('',(53.9999991208315,-80.,136.777779998051));
#20287=CARTESIAN_POINT('Origin',(53.9999991208315,-80.,133.271545776852));
#20288=CARTESIAN_POINT('',(53.9999991208315,-75.,133.271545776852));
#20289=CARTESIAN_POINT('',(53.9999991208315,-75.,126.635772888426));
#20290=CARTESIAN_POINT('',(53.9999991208315,-80.,133.271545776852));
#20291=CARTESIAN_POINT('',(53.9999991208315,-80.,106.635772888426));
#20292=CARTESIAN_POINT('',(53.9999991208315,-80.,133.271545776852));
#20293=CARTESIAN_POINT('Origin',(57.4954624021051,-80.,133.271545776852));
#20294=CARTESIAN_POINT('',(57.4954624021051,-75.,133.271545776852));
#20295=CARTESIAN_POINT('',(28.7477312010525,-75.,133.271545776852));
#20296=CARTESIAN_POINT('',(57.4954624021051,-80.,133.271545776852));
#20297=CARTESIAN_POINT('',(-11.2522687989475,-80.,133.271545776852));
#20298=CARTESIAN_POINT('',(57.4954624021051,-80.,133.271545776852));
#20299=CARTESIAN_POINT('Origin',(57.4954624021051,-80.,136.777779998051));
#20300=CARTESIAN_POINT('',(57.4954624021051,-75.,128.388889999025));
#20301=CARTESIAN_POINT('',(57.4954624021051,-80.,108.388889999025));
#20302=CARTESIAN_POINT('Origin',(40.1108470174897,-80.,90.493767999074));
#20303=CARTESIAN_POINT('',(40.1108470174897,-80.,90.493767999074));
#20304=CARTESIAN_POINT('',(36.6153837362161,-80.,90.493767999074));
#20305=CARTESIAN_POINT('',(-19.9445764912552,-80.,90.493767999074));
#20306=CARTESIAN_POINT('',(40.1108470174897,-70.,90.493767999074));
#20307=CARTESIAN_POINT('',(40.1108470174897,-80.,90.493767999074));
#20308=CARTESIAN_POINT('',(36.6153837362161,-70.,90.493767999074));
#20309=CARTESIAN_POINT('',(40.1108470174897,-70.,90.493767999074));
#20310=CARTESIAN_POINT('',(36.6153837362161,-80.,90.493767999074));
#20311=CARTESIAN_POINT('Origin',(40.1108470174897,-80.,94.000002220273));
#20312=CARTESIAN_POINT('',(40.1108470174897,-80.,94.000002220273));
#20313=CARTESIAN_POINT('',(40.1108470174897,-80.,87.0000011101365));
#20314=CARTESIAN_POINT('',(40.1108470174897,-70.,94.000002220273));
#20315=CARTESIAN_POINT('',(40.1108470174897,-80.,94.000002220273));
#20316=CARTESIAN_POINT('',(40.1108470174897,-70.,94.000002220273));
#20317=CARTESIAN_POINT('Origin',(36.6153837362161,-80.,94.000002220273));
#20318=CARTESIAN_POINT('',(36.6153837362161,-80.,94.000002220273));
#20319=CARTESIAN_POINT('',(-21.6923081318919,-80.,94.000002220273));
#20320=CARTESIAN_POINT('',(36.6153837362161,-70.,94.000002220273));
#20321=CARTESIAN_POINT('',(36.6153837362161,-80.,94.000002220273));
#20322=CARTESIAN_POINT('',(36.6153837362161,-70.,94.000002220273));
#20323=CARTESIAN_POINT('Origin',(36.6153837362161,-80.,90.493767999074));
#20324=CARTESIAN_POINT('',(36.6153837362161,-80.,85.246883999537));
#20325=CARTESIAN_POINT('',(36.6153837362161,-70.,90.493767999074));
#20326=CARTESIAN_POINT('Origin',(38.3631153768529,-70.,92.2468851096735));
#20327=CARTESIAN_POINT('Origin',(-59.0000008791685,-80.,145.493767999074));
#20328=CARTESIAN_POINT('',(-59.0000008791685,-75.,149.000002220273));
#20329=CARTESIAN_POINT('',(-59.0000008791685,-75.,145.493767999074));
#20330=CARTESIAN_POINT('',(-59.0000008791685,-75.,132.746883999537));
#20331=CARTESIAN_POINT('',(-59.0000008791685,-80.,149.000002220273));
#20332=CARTESIAN_POINT('',(-59.0000008791685,-80.,149.000002220273));
#20333=CARTESIAN_POINT('',(-59.0000008791685,-80.,145.493767999074));
#20334=CARTESIAN_POINT('',(-59.0000008791685,-80.,112.746883999537));
#20335=CARTESIAN_POINT('',(-59.0000008791685,-80.,145.493767999074));
#20336=CARTESIAN_POINT('Origin',(-55.5045375978949,-80.,145.493767999074));
#20337=CARTESIAN_POINT('',(-55.5045375978949,-75.,145.493767999074));
#20338=CARTESIAN_POINT('',(-27.7522687989475,-75.,145.493767999074));
#20339=CARTESIAN_POINT('',(-55.5045375978949,-80.,145.493767999074));
#20340=CARTESIAN_POINT('',(-67.7522687989475,-80.,145.493767999074));
#20341=CARTESIAN_POINT('',(-55.5045375978949,-80.,145.493767999074));
#20342=CARTESIAN_POINT('Origin',(-55.5045375978949,-80.,149.000002220273));
#20343=CARTESIAN_POINT('',(-55.5045375978949,-75.,149.000002220273));
#20344=CARTESIAN_POINT('',(-55.5045375978949,-75.,134.500001110137));
#20345=CARTESIAN_POINT('',(-55.5045375978949,-80.,149.000002220273));
#20346=CARTESIAN_POINT('',(-55.5045375978949,-80.,114.500001110137));
#20347=CARTESIAN_POINT('',(-55.5045375978949,-80.,149.000002220273));
#20348=CARTESIAN_POINT('Origin',(-59.0000008791685,-80.,149.000002220273));
#20349=CARTESIAN_POINT('',(-29.5000004395843,-75.,149.000002220273));
#20350=CARTESIAN_POINT('',(-69.5000004395842,-80.,149.000002220273));
#20351=CARTESIAN_POINT('Origin',(45.3076914285238,-80.,112.333335553606));
#20352=CARTESIAN_POINT('',(48.8031547097974,-75.,112.333335553606));
#20353=CARTESIAN_POINT('',(45.3076914285238,-75.,112.333335553606));
#20354=CARTESIAN_POINT('',(22.6538457142619,-75.,112.333335553606));
#20355=CARTESIAN_POINT('',(48.8031547097974,-80.,112.333335553606));
#20356=CARTESIAN_POINT('',(48.8031547097974,-80.,112.333335553606));
#20357=CARTESIAN_POINT('',(45.3076914285238,-80.,112.333335553606));
#20358=CARTESIAN_POINT('',(-17.3461542857381,-80.,112.333335553606));
#20359=CARTESIAN_POINT('',(45.3076914285238,-80.,112.333335553606));
#20360=CARTESIAN_POINT('Origin',(45.3076914285238,-80.,108.827101332407));
#20361=CARTESIAN_POINT('',(45.3076914285238,-75.,108.827101332407));
#20362=CARTESIAN_POINT('',(45.3076914285238,-75.,114.413550666204));
#20363=CARTESIAN_POINT('',(45.3076914285238,-80.,108.827101332407));
#20364=CARTESIAN_POINT('',(45.3076914285238,-80.,94.4135506662037));
#20365=CARTESIAN_POINT('',(45.3076914285238,-80.,108.827101332407));
#20366=CARTESIAN_POINT('Origin',(48.8031547097974,-80.,108.827101332407));
#20367=CARTESIAN_POINT('',(48.8031547097974,-75.,108.827101332407));
#20368=CARTESIAN_POINT('',(24.4015773548987,-75.,108.827101332407));
#20369=CARTESIAN_POINT('',(48.8031547097974,-80.,108.827101332407));
#20370=CARTESIAN_POINT('',(-15.5984226451013,-80.,108.827101332407));
#20371=CARTESIAN_POINT('',(48.8031547097974,-80.,108.827101332407));
#20372=CARTESIAN_POINT('Origin',(48.8031547097974,-80.,112.333335553606));
#20373=CARTESIAN_POINT('',(48.8031547097974,-75.,116.166667776803));
#20374=CARTESIAN_POINT('',(48.8031547097974,-80.,96.1666677768032));
#20375=CARTESIAN_POINT('Origin',(14.0339239405666,-80.,108.827101332407));
#20376=CARTESIAN_POINT('',(14.0339239405666,-80.,108.827101332407));
#20377=CARTESIAN_POINT('',(10.538460659293,-80.,108.827101332407));
#20378=CARTESIAN_POINT('',(-32.9830380297167,-80.,108.827101332407));
#20379=CARTESIAN_POINT('',(14.0339239405666,-70.,108.827101332407));
#20380=CARTESIAN_POINT('',(14.0339239405666,-80.,108.827101332407));
#20381=CARTESIAN_POINT('',(10.538460659293,-70.,108.827101332407));
#20382=CARTESIAN_POINT('',(14.0339239405666,-70.,108.827101332407));
#20383=CARTESIAN_POINT('',(10.538460659293,-80.,108.827101332407));
#20384=CARTESIAN_POINT('Origin',(14.0339239405666,-80.,112.333335553606));
#20385=CARTESIAN_POINT('',(14.0339239405666,-80.,112.333335553606));
#20386=CARTESIAN_POINT('',(14.0339239405666,-80.,96.1666677768032));
#20387=CARTESIAN_POINT('',(14.0339239405666,-70.,112.333335553606));
#20388=CARTESIAN_POINT('',(14.0339239405666,-80.,112.333335553606));
#20389=CARTESIAN_POINT('',(14.0339239405666,-70.,112.333335553606));
#20390=CARTESIAN_POINT('Origin',(10.538460659293,-80.,112.333335553606));
#20391=CARTESIAN_POINT('',(10.538460659293,-80.,112.333335553606));
#20392=CARTESIAN_POINT('',(-34.7307696703535,-80.,112.333335553606));
#20393=CARTESIAN_POINT('',(10.538460659293,-70.,112.333335553606));
#20394=CARTESIAN_POINT('',(10.538460659293,-80.,112.333335553606));
#20395=CARTESIAN_POINT('',(10.538460659293,-70.,112.333335553606));
#20396=CARTESIAN_POINT('Origin',(10.538460659293,-80.,108.827101332407));
#20397=CARTESIAN_POINT('',(10.538460659293,-80.,94.4135506662037));
#20398=CARTESIAN_POINT('',(10.538460659293,-70.,108.827101332407));
#20399=CARTESIAN_POINT('Origin',(12.2861922999298,-70.,110.580218443007));
#20400=CARTESIAN_POINT('Origin',(19.2307683516007,-80.,112.333335553606));
#20401=CARTESIAN_POINT('',(22.7262316328743,-75.,112.333335553606));
#20402=CARTESIAN_POINT('',(19.2307683516007,-75.,112.333335553606));
#20403=CARTESIAN_POINT('',(9.61538417580037,-75.,112.333335553606));
#20404=CARTESIAN_POINT('',(22.7262316328743,-80.,112.333335553606));
#20405=CARTESIAN_POINT('',(22.7262316328743,-80.,112.333335553606));
#20406=CARTESIAN_POINT('',(19.2307683516007,-80.,112.333335553606));
#20407=CARTESIAN_POINT('',(-30.3846158241996,-80.,112.333335553606));
#20408=CARTESIAN_POINT('',(19.2307683516007,-80.,112.333335553606));
#20409=CARTESIAN_POINT('Origin',(19.2307683516007,-80.,108.827101332407));
#20410=CARTESIAN_POINT('',(19.2307683516007,-75.,108.827101332407));
#20411=CARTESIAN_POINT('',(19.2307683516007,-75.,114.413550666204));
#20412=CARTESIAN_POINT('',(19.2307683516007,-80.,108.827101332407));
#20413=CARTESIAN_POINT('',(19.2307683516007,-80.,94.4135506662037));
#20414=CARTESIAN_POINT('',(19.2307683516007,-80.,108.827101332407));
#20415=CARTESIAN_POINT('Origin',(22.7262316328743,-80.,108.827101332407));
#20416=CARTESIAN_POINT('',(22.7262316328743,-75.,108.827101332407));
#20417=CARTESIAN_POINT('',(11.3631158164372,-75.,108.827101332407));
#20418=CARTESIAN_POINT('',(22.7262316328743,-80.,108.827101332407));
#20419=CARTESIAN_POINT('',(-28.6368841835628,-80.,108.827101332407));
#20420=CARTESIAN_POINT('',(22.7262316328743,-80.,108.827101332407));
#20421=CARTESIAN_POINT('Origin',(22.7262316328743,-80.,112.333335553606));
#20422=CARTESIAN_POINT('',(22.7262316328743,-75.,116.166667776803));
#20423=CARTESIAN_POINT('',(22.7262316328743,-80.,96.1666677768032));
#20424=CARTESIAN_POINT('Origin',(19.2307683516007,-80.,118.444446664717));
#20425=CARTESIAN_POINT('',(22.7262316328743,-75.,118.444446664717));
#20426=CARTESIAN_POINT('',(19.2307683516007,-75.,118.444446664717));
#20427=CARTESIAN_POINT('',(9.61538417580037,-75.,118.444446664717));
#20428=CARTESIAN_POINT('',(22.7262316328743,-80.,118.444446664717));
#20429=CARTESIAN_POINT('',(22.7262316328743,-80.,118.444446664717));
#20430=CARTESIAN_POINT('',(19.2307683516007,-80.,118.444446664717));
#20431=CARTESIAN_POINT('',(-30.3846158241996,-80.,118.444446664717));
#20432=CARTESIAN_POINT('',(19.2307683516007,-80.,118.444446664717));
#20433=CARTESIAN_POINT('Origin',(19.2307683516007,-80.,114.938212443518));
#20434=CARTESIAN_POINT('',(19.2307683516007,-75.,114.938212443518));
#20435=CARTESIAN_POINT('',(19.2307683516007,-75.,117.469106221759));
#20436=CARTESIAN_POINT('',(19.2307683516007,-80.,114.938212443518));
#20437=CARTESIAN_POINT('',(19.2307683516007,-80.,97.4691062217592));
#20438=CARTESIAN_POINT('',(19.2307683516007,-80.,114.938212443518));
#20439=CARTESIAN_POINT('Origin',(22.7262316328743,-80.,114.938212443518));
#20440=CARTESIAN_POINT('',(22.7262316328743,-75.,114.938212443518));
#20441=CARTESIAN_POINT('',(11.3631158164372,-75.,114.938212443518));
#20442=CARTESIAN_POINT('',(22.7262316328743,-80.,114.938212443518));
#20443=CARTESIAN_POINT('',(-28.6368841835628,-80.,114.938212443518));
#20444=CARTESIAN_POINT('',(22.7262316328743,-80.,114.938212443518));
#20445=CARTESIAN_POINT('Origin',(22.7262316328743,-80.,118.444446664717));
#20446=CARTESIAN_POINT('',(22.7262316328743,-75.,119.222223332359));
#20447=CARTESIAN_POINT('',(22.7262316328743,-80.,99.2222233323587));
#20448=CARTESIAN_POINT('Origin',(-24.2307701099377,-80.,118.444446664717));
#20449=CARTESIAN_POINT('',(-20.7353068286642,-75.,118.444446664717));
#20450=CARTESIAN_POINT('',(-24.2307701099377,-75.,118.444446664717));
#20451=CARTESIAN_POINT('',(-12.1153850549689,-75.,118.444446664717));
#20452=CARTESIAN_POINT('',(-20.7353068286642,-80.,118.444446664717));
#20453=CARTESIAN_POINT('',(-20.7353068286642,-80.,118.444446664717));
#20454=CARTESIAN_POINT('',(-24.2307701099377,-80.,118.444446664717));
#20455=CARTESIAN_POINT('',(-52.1153850549689,-80.,118.444446664717));
#20456=CARTESIAN_POINT('',(-24.2307701099377,-80.,118.444446664717));
#20457=CARTESIAN_POINT('Origin',(-24.2307701099377,-80.,114.938212443518));
#20458=CARTESIAN_POINT('',(-24.2307701099377,-75.,114.938212443518));
#20459=CARTESIAN_POINT('',(-24.2307701099377,-75.,117.469106221759));
#20460=CARTESIAN_POINT('',(-24.2307701099377,-80.,114.938212443518));
#20461=CARTESIAN_POINT('',(-24.2307701099377,-80.,97.4691062217592));
#20462=CARTESIAN_POINT('',(-24.2307701099377,-80.,114.938212443518));
#20463=CARTESIAN_POINT('Origin',(-20.7353068286642,-80.,114.938212443518));
#20464=CARTESIAN_POINT('',(-20.7353068286642,-75.,114.938212443518));
#20465=CARTESIAN_POINT('',(-10.3676534143321,-75.,114.938212443518));
#20466=CARTESIAN_POINT('',(-20.7353068286642,-80.,114.938212443518));
#20467=CARTESIAN_POINT('',(-50.3676534143321,-80.,114.938212443518));
#20468=CARTESIAN_POINT('',(-20.7353068286642,-80.,114.938212443518));
#20469=CARTESIAN_POINT('Origin',(-20.7353068286642,-80.,118.444446664717));
#20470=CARTESIAN_POINT('',(-20.7353068286642,-75.,119.222223332359));
#20471=CARTESIAN_POINT('',(-20.7353068286642,-80.,99.2222233323587));
#20472=CARTESIAN_POINT('Origin',(-6.84615472532236,-80.,118.444446664717));
#20473=CARTESIAN_POINT('',(-3.35069144404879,-75.,118.444446664717));
#20474=CARTESIAN_POINT('',(-6.84615472532236,-75.,118.444446664717));
#20475=CARTESIAN_POINT('',(-3.42307736266117,-75.,118.444446664717));
#20476=CARTESIAN_POINT('',(-3.35069144404879,-80.,118.444446664717));
#20477=CARTESIAN_POINT('',(-3.35069144404879,-80.,118.444446664717));
#20478=CARTESIAN_POINT('',(-6.84615472532236,-80.,118.444446664717));
#20479=CARTESIAN_POINT('',(-43.4230773626612,-80.,118.444446664717));
#20480=CARTESIAN_POINT('',(-6.84615472532236,-80.,118.444446664717));
#20481=CARTESIAN_POINT('Origin',(-6.84615472532236,-80.,114.938212443518));
#20482=CARTESIAN_POINT('',(-6.84615472532236,-75.,114.938212443518));
#20483=CARTESIAN_POINT('',(-6.84615472532236,-75.,117.469106221759));
#20484=CARTESIAN_POINT('',(-6.84615472532236,-80.,114.938212443518));
#20485=CARTESIAN_POINT('',(-6.84615472532235,-80.,97.4691062217592));
#20486=CARTESIAN_POINT('',(-6.84615472532236,-80.,114.938212443518));
#20487=CARTESIAN_POINT('Origin',(-3.35069144404879,-80.,114.938212443518));
#20488=CARTESIAN_POINT('',(-3.35069144404879,-75.,114.938212443518));
#20489=CARTESIAN_POINT('',(-1.67534572202439,-75.,114.938212443518));
#20490=CARTESIAN_POINT('',(-3.35069144404879,-80.,114.938212443518));
#20491=CARTESIAN_POINT('',(-41.6753457220244,-80.,114.938212443518));
#20492=CARTESIAN_POINT('',(-3.35069144404879,-80.,114.938212443518));
#20493=CARTESIAN_POINT('Origin',(-3.35069144404879,-80.,118.444446664717));
#20494=CARTESIAN_POINT('',(-3.35069144404879,-75.,119.222223332359));
#20495=CARTESIAN_POINT('',(-3.35069144404879,-80.,99.2222233323587));
#20496=CARTESIAN_POINT('Origin',(40.1108470174897,-80.,145.493767999074));
#20497=CARTESIAN_POINT('',(40.1108470174897,-80.,145.493767999074));
#20498=CARTESIAN_POINT('',(36.6153837362161,-80.,145.493767999074));
#20499=CARTESIAN_POINT('',(-19.9445764912552,-80.,145.493767999074));
#20500=CARTESIAN_POINT('',(40.1108470174897,-70.,145.493767999074));
#20501=CARTESIAN_POINT('',(40.1108470174897,-80.,145.493767999074));
#20502=CARTESIAN_POINT('',(36.6153837362161,-70.,145.493767999074));
#20503=CARTESIAN_POINT('',(40.1108470174897,-70.,145.493767999074));
#20504=CARTESIAN_POINT('',(36.6153837362161,-80.,145.493767999074));
#20505=CARTESIAN_POINT('Origin',(40.1108470174897,-80.,149.000002220273));
#20506=CARTESIAN_POINT('',(40.1108470174897,-80.,149.000002220273));
#20507=CARTESIAN_POINT('',(40.1108470174897,-80.,114.500001110137));
#20508=CARTESIAN_POINT('',(40.1108470174897,-70.,149.000002220273));
#20509=CARTESIAN_POINT('',(40.1108470174897,-80.,149.000002220273));
#20510=CARTESIAN_POINT('',(40.1108470174897,-70.,149.000002220273));
#20511=CARTESIAN_POINT('Origin',(36.6153837362161,-80.,149.000002220273));
#20512=CARTESIAN_POINT('',(36.6153837362161,-80.,149.000002220273));
#20513=CARTESIAN_POINT('',(-21.6923081318919,-80.,149.000002220273));
#20514=CARTESIAN_POINT('',(36.6153837362161,-70.,149.000002220273));
#20515=CARTESIAN_POINT('',(36.6153837362161,-80.,149.000002220273));
#20516=CARTESIAN_POINT('',(36.6153837362161,-70.,149.000002220273));
#20517=CARTESIAN_POINT('Origin',(36.6153837362161,-80.,145.493767999074));
#20518=CARTESIAN_POINT('',(36.6153837362161,-80.,112.746883999537));
#20519=CARTESIAN_POINT('',(36.6153837362161,-70.,145.493767999074));
#20520=CARTESIAN_POINT('Origin',(38.3631153768529,-70.,147.246885109674));
#20521=CARTESIAN_POINT('Origin',(1.84615296698533,-80.,106.222224442495));
#20522=CARTESIAN_POINT('',(5.3416162482589,-75.,106.222224442495));
#20523=CARTESIAN_POINT('',(1.84615296698533,-75.,106.222224442495));
#20524=CARTESIAN_POINT('',(0.923076483492671,-75.,106.222224442495));
#20525=CARTESIAN_POINT('',(5.3416162482589,-80.,106.222224442495));
#20526=CARTESIAN_POINT('',(5.3416162482589,-80.,106.222224442495));
#20527=CARTESIAN_POINT('',(1.84615296698533,-80.,106.222224442495));
#20528=CARTESIAN_POINT('',(-39.0769235165073,-80.,106.222224442495));
#20529=CARTESIAN_POINT('',(1.84615296698533,-80.,106.222224442495));
#20530=CARTESIAN_POINT('Origin',(1.84615296698533,-80.,102.715990221296));
#20531=CARTESIAN_POINT('',(1.84615296698533,-75.,102.715990221296));
#20532=CARTESIAN_POINT('',(1.84615296698533,-75.,111.357995110648));
#20533=CARTESIAN_POINT('',(1.84615296698533,-80.,102.715990221296));
#20534=CARTESIAN_POINT('',(1.84615296698533,-80.,91.3579951106481));
#20535=CARTESIAN_POINT('',(1.84615296698533,-80.,102.715990221296));
#20536=CARTESIAN_POINT('Origin',(5.3416162482589,-80.,102.715990221296));
#20537=CARTESIAN_POINT('',(5.3416162482589,-75.,102.715990221296));
#20538=CARTESIAN_POINT('',(2.67080812412945,-75.,102.715990221296));
#20539=CARTESIAN_POINT('',(5.3416162482589,-80.,102.715990221296));
#20540=CARTESIAN_POINT('',(-37.3291918758705,-80.,102.715990221296));
#20541=CARTESIAN_POINT('',(5.3416162482589,-80.,102.715990221296));
#20542=CARTESIAN_POINT('Origin',(5.3416162482589,-80.,106.222224442495));
#20543=CARTESIAN_POINT('',(5.3416162482589,-75.,113.111112221248));
#20544=CARTESIAN_POINT('',(5.3416162482589,-80.,93.1111122212476));
#20545=CARTESIAN_POINT('Origin',(14.0339239405666,-80.,96.6048791101851));
#20546=CARTESIAN_POINT('',(14.0339239405666,-80.,96.6048791101851));
#20547=CARTESIAN_POINT('',(10.538460659293,-80.,96.6048791101851));
#20548=CARTESIAN_POINT('',(-32.9830380297167,-80.,96.6048791101851));
#20549=CARTESIAN_POINT('',(14.0339239405666,-70.,96.6048791101851));
#20550=CARTESIAN_POINT('',(14.0339239405666,-80.,96.6048791101851));
#20551=CARTESIAN_POINT('',(10.538460659293,-70.,96.6048791101851));
#20552=CARTESIAN_POINT('',(14.0339239405666,-70.,96.6048791101851));
#20553=CARTESIAN_POINT('',(10.538460659293,-80.,96.6048791101851));
#20554=CARTESIAN_POINT('Origin',(14.0339239405666,-80.,100.111113331384));
#20555=CARTESIAN_POINT('',(14.0339239405666,-80.,100.111113331384));
#20556=CARTESIAN_POINT('',(14.0339239405666,-80.,90.0555566656921));
#20557=CARTESIAN_POINT('',(14.0339239405666,-70.,100.111113331384));
#20558=CARTESIAN_POINT('',(14.0339239405666,-80.,100.111113331384));
#20559=CARTESIAN_POINT('',(14.0339239405666,-70.,100.111113331384));
#20560=CARTESIAN_POINT('Origin',(10.538460659293,-80.,100.111113331384));
#20561=CARTESIAN_POINT('',(10.538460659293,-80.,100.111113331384));
#20562=CARTESIAN_POINT('',(-34.7307696703535,-80.,100.111113331384));
#20563=CARTESIAN_POINT('',(10.538460659293,-70.,100.111113331384));
#20564=CARTESIAN_POINT('',(10.538460659293,-80.,100.111113331384));
#20565=CARTESIAN_POINT('',(10.538460659293,-70.,100.111113331384));
#20566=CARTESIAN_POINT('Origin',(10.538460659293,-80.,96.6048791101851));
#20567=CARTESIAN_POINT('',(10.538460659293,-80.,88.3024395550926));
#20568=CARTESIAN_POINT('',(10.538460659293,-70.,96.6048791101851));
#20569=CARTESIAN_POINT('Origin',(12.2861922999298,-70.,98.3579962207846));
#20570=CARTESIAN_POINT('Origin',(19.2307683516007,-80.,106.222224442495));
#20571=CARTESIAN_POINT('',(22.7262316328743,-75.,106.222224442495));
#20572=CARTESIAN_POINT('',(19.2307683516007,-75.,106.222224442495));
#20573=CARTESIAN_POINT('',(9.61538417580037,-75.,106.222224442495));
#20574=CARTESIAN_POINT('',(22.7262316328743,-80.,106.222224442495));
#20575=CARTESIAN_POINT('',(22.7262316328743,-80.,106.222224442495));
#20576=CARTESIAN_POINT('',(19.2307683516007,-80.,106.222224442495));
#20577=CARTESIAN_POINT('',(-30.3846158241996,-80.,106.222224442495));
#20578=CARTESIAN_POINT('',(19.2307683516007,-80.,106.222224442495));
#20579=CARTESIAN_POINT('Origin',(19.2307683516007,-80.,102.715990221296));
#20580=CARTESIAN_POINT('',(19.2307683516007,-75.,102.715990221296));
#20581=CARTESIAN_POINT('',(19.2307683516007,-75.,111.357995110648));
#20582=CARTESIAN_POINT('',(19.2307683516007,-80.,102.715990221296));
#20583=CARTESIAN_POINT('',(19.2307683516007,-80.,91.3579951106481));
#20584=CARTESIAN_POINT('',(19.2307683516007,-80.,102.715990221296));
#20585=CARTESIAN_POINT('Origin',(22.7262316328743,-80.,102.715990221296));
#20586=CARTESIAN_POINT('',(22.7262316328743,-75.,102.715990221296));
#20587=CARTESIAN_POINT('',(11.3631158164372,-75.,102.715990221296));
#20588=CARTESIAN_POINT('',(22.7262316328743,-80.,102.715990221296));
#20589=CARTESIAN_POINT('',(-28.6368841835628,-80.,102.715990221296));
#20590=CARTESIAN_POINT('',(22.7262316328743,-80.,102.715990221296));
#20591=CARTESIAN_POINT('Origin',(22.7262316328743,-80.,106.222224442495));
#20592=CARTESIAN_POINT('',(22.7262316328743,-75.,113.111112221248));
#20593=CARTESIAN_POINT('',(22.7262316328743,-80.,93.1111122212476));
#20594=CARTESIAN_POINT('Origin',(1.84615296698533,-80.,100.111113331384));
#20595=CARTESIAN_POINT('',(5.3416162482589,-75.,100.111113331384));
#20596=CARTESIAN_POINT('',(1.84615296698533,-75.,100.111113331384));
#20597=CARTESIAN_POINT('',(0.923076483492671,-75.,100.111113331384));
#20598=CARTESIAN_POINT('',(5.3416162482589,-80.,100.111113331384));
#20599=CARTESIAN_POINT('',(5.3416162482589,-80.,100.111113331384));
#20600=CARTESIAN_POINT('',(1.84615296698533,-80.,100.111113331384));
#20601=CARTESIAN_POINT('',(-39.0769235165073,-80.,100.111113331384));
#20602=CARTESIAN_POINT('',(1.84615296698533,-80.,100.111113331384));
#20603=CARTESIAN_POINT('Origin',(1.84615296698533,-80.,96.6048791101851));
#20604=CARTESIAN_POINT('',(1.84615296698533,-75.,96.6048791101851));
#20605=CARTESIAN_POINT('',(1.84615296698533,-75.,108.302439555093));
#20606=CARTESIAN_POINT('',(1.84615296698533,-80.,96.6048791101851));
#20607=CARTESIAN_POINT('',(1.84615296698533,-80.,88.3024395550926));
#20608=CARTESIAN_POINT('',(1.84615296698533,-80.,96.6048791101851));
#20609=CARTESIAN_POINT('Origin',(5.3416162482589,-80.,96.6048791101851));
#20610=CARTESIAN_POINT('',(5.3416162482589,-75.,96.6048791101851));
#20611=CARTESIAN_POINT('',(2.67080812412945,-75.,96.6048791101851));
#20612=CARTESIAN_POINT('',(5.3416162482589,-80.,96.6048791101851));
#20613=CARTESIAN_POINT('',(-37.3291918758705,-80.,96.6048791101851));
#20614=CARTESIAN_POINT('',(5.3416162482589,-80.,96.6048791101851));
#20615=CARTESIAN_POINT('Origin',(5.3416162482589,-80.,100.111113331384));
#20616=CARTESIAN_POINT('',(5.3416162482589,-75.,110.055556665692));
#20617=CARTESIAN_POINT('',(5.3416162482589,-80.,90.0555566656921));
#20618=CARTESIAN_POINT('Origin',(-32.9230778022454,-80.,106.222224442495));
#20619=CARTESIAN_POINT('',(-29.4276145209719,-75.,106.222224442495));
#20620=CARTESIAN_POINT('',(-32.9230778022454,-75.,106.222224442495));
#20621=CARTESIAN_POINT('',(-16.4615389011227,-75.,106.222224442495));
#20622=CARTESIAN_POINT('',(-29.4276145209719,-80.,106.222224442495));
#20623=CARTESIAN_POINT('',(-29.4276145209719,-80.,106.222224442495));
#20624=CARTESIAN_POINT('',(-32.9230778022454,-80.,106.222224442495));
#20625=CARTESIAN_POINT('',(-56.4615389011227,-80.,106.222224442495));
#20626=CARTESIAN_POINT('',(-32.9230778022454,-80.,106.222224442495));
#20627=CARTESIAN_POINT('Origin',(-32.9230778022454,-80.,102.715990221296));
#20628=CARTESIAN_POINT('',(-32.9230778022454,-75.,102.715990221296));
#20629=CARTESIAN_POINT('',(-32.9230778022454,-75.,111.357995110648));
#20630=CARTESIAN_POINT('',(-32.9230778022454,-80.,102.715990221296));
#20631=CARTESIAN_POINT('',(-32.9230778022454,-80.,91.3579951106481));
#20632=CARTESIAN_POINT('',(-32.9230778022454,-80.,102.715990221296));
#20633=CARTESIAN_POINT('Origin',(-29.4276145209719,-80.,102.715990221296));
#20634=CARTESIAN_POINT('',(-29.4276145209719,-75.,102.715990221296));
#20635=CARTESIAN_POINT('',(-14.7138072604859,-75.,102.715990221296));
#20636=CARTESIAN_POINT('',(-29.4276145209719,-80.,102.715990221296));
#20637=CARTESIAN_POINT('',(-54.7138072604859,-80.,102.715990221296));
#20638=CARTESIAN_POINT('',(-29.4276145209719,-80.,102.715990221296));
#20639=CARTESIAN_POINT('Origin',(-29.4276145209719,-80.,106.222224442495));
#20640=CARTESIAN_POINT('',(-29.4276145209719,-75.,113.111112221248));
#20641=CARTESIAN_POINT('',(-29.4276145209719,-80.,93.1111122212476));
#20642=CARTESIAN_POINT('Origin',(14.0339239405666,-80.,139.382656887963));
#20643=CARTESIAN_POINT('',(14.0339239405666,-80.,139.382656887963));
#20644=CARTESIAN_POINT('',(10.538460659293,-80.,139.382656887963));
#20645=CARTESIAN_POINT('',(-32.9830380297167,-80.,139.382656887963));
#20646=CARTESIAN_POINT('',(14.0339239405666,-70.,139.382656887963));
#20647=CARTESIAN_POINT('',(14.0339239405666,-80.,139.382656887963));
#20648=CARTESIAN_POINT('',(10.538460659293,-70.,139.382656887963));
#20649=CARTESIAN_POINT('',(14.0339239405666,-70.,139.382656887963));
#20650=CARTESIAN_POINT('',(10.538460659293,-80.,139.382656887963));
#20651=CARTESIAN_POINT('Origin',(14.0339239405666,-80.,142.888891109162));
#20652=CARTESIAN_POINT('',(14.0339239405666,-80.,142.888891109162));
#20653=CARTESIAN_POINT('',(14.0339239405666,-80.,111.444445554581));
#20654=CARTESIAN_POINT('',(14.0339239405666,-70.,142.888891109162));
#20655=CARTESIAN_POINT('',(14.0339239405666,-80.,142.888891109162));
#20656=CARTESIAN_POINT('',(14.0339239405666,-70.,142.888891109162));
#20657=CARTESIAN_POINT('Origin',(10.538460659293,-80.,142.888891109162));
#20658=CARTESIAN_POINT('',(10.538460659293,-80.,142.888891109162));
#20659=CARTESIAN_POINT('',(-34.7307696703535,-80.,142.888891109162));
#20660=CARTESIAN_POINT('',(10.538460659293,-70.,142.888891109162));
#20661=CARTESIAN_POINT('',(10.538460659293,-80.,142.888891109162));
#20662=CARTESIAN_POINT('',(10.538460659293,-70.,142.888891109162));
#20663=CARTESIAN_POINT('Origin',(10.538460659293,-80.,139.382656887963));
#20664=CARTESIAN_POINT('',(10.538460659293,-80.,109.691328443981));
#20665=CARTESIAN_POINT('',(10.538460659293,-70.,139.382656887963));
#20666=CARTESIAN_POINT('Origin',(12.2861922999298,-70.,141.135773998562));
#20667=CARTESIAN_POINT('Origin',(-12.0429991363565,-80.,102.715990221296));
#20668=CARTESIAN_POINT('',(-12.0429991363565,-80.,102.715990221296));
#20669=CARTESIAN_POINT('',(-15.53846241763,-80.,102.715990221296));
#20670=CARTESIAN_POINT('',(-46.0214995681782,-80.,102.715990221296));
#20671=CARTESIAN_POINT('',(-12.0429991363565,-70.,102.715990221296));
#20672=CARTESIAN_POINT('',(-12.0429991363565,-80.,102.715990221296));
#20673=CARTESIAN_POINT('',(-15.53846241763,-70.,102.715990221296));
#20674=CARTESIAN_POINT('',(-12.0429991363565,-70.,102.715990221296));
#20675=CARTESIAN_POINT('',(-15.53846241763,-80.,102.715990221296));
#20676=CARTESIAN_POINT('Origin',(-12.0429991363565,-80.,106.222224442495));
#20677=CARTESIAN_POINT('',(-12.0429991363565,-80.,106.222224442495));
#20678=CARTESIAN_POINT('',(-12.0429991363565,-80.,93.1111122212476));
#20679=CARTESIAN_POINT('',(-12.0429991363565,-70.,106.222224442495));
#20680=CARTESIAN_POINT('',(-12.0429991363565,-80.,106.222224442495));
#20681=CARTESIAN_POINT('',(-12.0429991363565,-70.,106.222224442495));
#20682=CARTESIAN_POINT('Origin',(-15.53846241763,-80.,106.222224442495));
#20683=CARTESIAN_POINT('',(-15.53846241763,-80.,106.222224442495));
#20684=CARTESIAN_POINT('',(-47.769231208815,-80.,106.222224442495));
#20685=CARTESIAN_POINT('',(-15.53846241763,-70.,106.222224442495));
#20686=CARTESIAN_POINT('',(-15.53846241763,-80.,106.222224442495));
#20687=CARTESIAN_POINT('',(-15.53846241763,-70.,106.222224442495));
#20688=CARTESIAN_POINT('Origin',(-15.53846241763,-80.,102.715990221296));
#20689=CARTESIAN_POINT('',(-15.53846241763,-80.,91.3579951106481));
#20690=CARTESIAN_POINT('',(-15.53846241763,-70.,102.715990221296));
#20691=CARTESIAN_POINT('Origin',(-13.7907307769933,-70.,104.469107331896));
#20692=CARTESIAN_POINT('Origin',(1.84615296698533,-80.,142.888891109162));
#20693=CARTESIAN_POINT('',(5.3416162482589,-75.,142.888891109162));
#20694=CARTESIAN_POINT('',(1.84615296698533,-75.,142.888891109162));
#20695=CARTESIAN_POINT('',(0.923076483492671,-75.,142.888891109162));
#20696=CARTESIAN_POINT('',(5.3416162482589,-80.,142.888891109162));
#20697=CARTESIAN_POINT('',(5.3416162482589,-80.,142.888891109162));
#20698=CARTESIAN_POINT('',(1.84615296698533,-80.,142.888891109162));
#20699=CARTESIAN_POINT('',(-39.0769235165073,-80.,142.888891109162));
#20700=CARTESIAN_POINT('',(1.84615296698533,-80.,142.888891109162));
#20701=CARTESIAN_POINT('Origin',(1.84615296698533,-80.,139.382656887963));
#20702=CARTESIAN_POINT('',(1.84615296698533,-75.,139.382656887963));
#20703=CARTESIAN_POINT('',(1.84615296698533,-75.,129.691328443981));
#20704=CARTESIAN_POINT('',(1.84615296698533,-80.,139.382656887963));
#20705=CARTESIAN_POINT('',(1.84615296698533,-80.,109.691328443981));
#20706=CARTESIAN_POINT('',(1.84615296698533,-80.,139.382656887963));
#20707=CARTESIAN_POINT('Origin',(5.3416162482589,-80.,139.382656887963));
#20708=CARTESIAN_POINT('',(5.3416162482589,-75.,139.382656887963));
#20709=CARTESIAN_POINT('',(2.67080812412945,-75.,139.382656887963));
#20710=CARTESIAN_POINT('',(5.3416162482589,-80.,139.382656887963));
#20711=CARTESIAN_POINT('',(-37.3291918758705,-80.,139.382656887963));
#20712=CARTESIAN_POINT('',(5.3416162482589,-80.,139.382656887963));
#20713=CARTESIAN_POINT('Origin',(5.3416162482589,-80.,142.888891109162));
#20714=CARTESIAN_POINT('',(5.3416162482589,-75.,131.444445554581));
#20715=CARTESIAN_POINT('',(5.3416162482589,-80.,111.444445554581));
#20716=CARTESIAN_POINT('Origin',(-59.0000008791685,-80.,100.111113331384));
#20717=CARTESIAN_POINT('',(-55.5045375978949,-75.,100.111113331384));
#20718=CARTESIAN_POINT('',(-59.0000008791685,-75.,100.111113331384));
#20719=CARTESIAN_POINT('',(-29.5000004395843,-75.,100.111113331384));
#20720=CARTESIAN_POINT('',(-55.5045375978949,-80.,100.111113331384));
#20721=CARTESIAN_POINT('',(-55.5045375978949,-80.,100.111113331384));
#20722=CARTESIAN_POINT('',(-59.0000008791685,-80.,100.111113331384));
#20723=CARTESIAN_POINT('',(-69.5000004395842,-80.,100.111113331384));
#20724=CARTESIAN_POINT('',(-59.0000008791685,-80.,100.111113331384));
#20725=CARTESIAN_POINT('Origin',(-59.0000008791685,-80.,96.6048791101851));
#20726=CARTESIAN_POINT('',(-59.0000008791685,-75.,96.6048791101851));
#20727=CARTESIAN_POINT('',(-59.0000008791685,-75.,108.302439555093));
#20728=CARTESIAN_POINT('',(-59.0000008791685,-80.,96.6048791101851));
#20729=CARTESIAN_POINT('',(-59.0000008791685,-80.,88.3024395550926));
#20730=CARTESIAN_POINT('',(-59.0000008791685,-80.,96.6048791101851));
#20731=CARTESIAN_POINT('Origin',(-55.5045375978949,-80.,96.6048791101851));
#20732=CARTESIAN_POINT('',(-55.5045375978949,-75.,96.6048791101851));
#20733=CARTESIAN_POINT('',(-27.7522687989475,-75.,96.6048791101851));
#20734=CARTESIAN_POINT('',(-55.5045375978949,-80.,96.6048791101851));
#20735=CARTESIAN_POINT('',(-67.7522687989475,-80.,96.6048791101851));
#20736=CARTESIAN_POINT('',(-55.5045375978949,-80.,96.6048791101851));
#20737=CARTESIAN_POINT('Origin',(-55.5045375978949,-80.,100.111113331384));
#20738=CARTESIAN_POINT('',(-55.5045375978949,-75.,110.055556665692));
#20739=CARTESIAN_POINT('',(-55.5045375978949,-80.,90.0555566656921));
#20740=CARTESIAN_POINT('Origin',(27.9230760439084,-80.,136.777779998051));
#20741=CARTESIAN_POINT('',(31.418539325182,-75.,136.777779998051));
#20742=CARTESIAN_POINT('',(27.9230760439084,-75.,136.777779998051));
#20743=CARTESIAN_POINT('',(13.9615380219542,-75.,136.777779998051));
#20744=CARTESIAN_POINT('',(31.418539325182,-80.,136.777779998051));
#20745=CARTESIAN_POINT('',(31.418539325182,-80.,136.777779998051));
#20746=CARTESIAN_POINT('',(27.9230760439084,-80.,136.777779998051));
#20747=CARTESIAN_POINT('',(-26.0384619780458,-80.,136.777779998051));
#20748=CARTESIAN_POINT('',(27.9230760439084,-80.,136.777779998051));
#20749=CARTESIAN_POINT('Origin',(27.9230760439084,-80.,133.271545776852));
#20750=CARTESIAN_POINT('',(27.9230760439084,-75.,133.271545776852));
#20751=CARTESIAN_POINT('',(27.9230760439084,-75.,126.635772888426));
#20752=CARTESIAN_POINT('',(27.9230760439084,-80.,133.271545776852));
#20753=CARTESIAN_POINT('',(27.9230760439084,-80.,106.635772888426));
#20754=CARTESIAN_POINT('',(27.9230760439084,-80.,133.271545776852));
#20755=CARTESIAN_POINT('Origin',(31.418539325182,-80.,133.271545776852));
#20756=CARTESIAN_POINT('',(31.418539325182,-75.,133.271545776852));
#20757=CARTESIAN_POINT('',(15.709269662591,-75.,133.271545776852));
#20758=CARTESIAN_POINT('',(31.418539325182,-80.,133.271545776852));
#20759=CARTESIAN_POINT('',(-24.290730337409,-80.,133.271545776852));
#20760=CARTESIAN_POINT('',(31.418539325182,-80.,133.271545776852));
#20761=CARTESIAN_POINT('Origin',(31.418539325182,-80.,136.777779998051));
#20762=CARTESIAN_POINT('',(31.418539325182,-75.,128.388889999025));
#20763=CARTESIAN_POINT('',(31.418539325182,-80.,108.388889999025));
#20764=CARTESIAN_POINT('Origin',(-32.9230778022454,-80.,100.111113331384));
#20765=CARTESIAN_POINT('',(-29.4276145209719,-75.,100.111113331384));
#20766=CARTESIAN_POINT('',(-32.9230778022454,-75.,100.111113331384));
#20767=CARTESIAN_POINT('',(-16.4615389011227,-75.,100.111113331384));
#20768=CARTESIAN_POINT('',(-29.4276145209719,-80.,100.111113331384));
#20769=CARTESIAN_POINT('',(-29.4276145209719,-80.,100.111113331384));
#20770=CARTESIAN_POINT('',(-32.9230778022454,-80.,100.111113331384));
#20771=CARTESIAN_POINT('',(-56.4615389011227,-80.,100.111113331384));
#20772=CARTESIAN_POINT('',(-32.9230778022454,-80.,100.111113331384));
#20773=CARTESIAN_POINT('Origin',(-32.9230778022454,-80.,96.6048791101851));
#20774=CARTESIAN_POINT('',(-32.9230778022454,-75.,96.6048791101851));
#20775=CARTESIAN_POINT('',(-32.9230778022454,-75.,108.302439555093));
#20776=CARTESIAN_POINT('',(-32.9230778022454,-80.,96.6048791101851));
#20777=CARTESIAN_POINT('',(-32.9230778022454,-80.,88.3024395550926));
#20778=CARTESIAN_POINT('',(-32.9230778022454,-80.,96.6048791101851));
#20779=CARTESIAN_POINT('Origin',(-29.4276145209719,-80.,96.6048791101851));
#20780=CARTESIAN_POINT('',(-29.4276145209719,-75.,96.6048791101851));
#20781=CARTESIAN_POINT('',(-14.7138072604859,-75.,96.6048791101851));
#20782=CARTESIAN_POINT('',(-29.4276145209719,-80.,96.6048791101851));
#20783=CARTESIAN_POINT('',(-54.7138072604859,-80.,96.6048791101851));
#20784=CARTESIAN_POINT('',(-29.4276145209719,-80.,96.6048791101851));
#20785=CARTESIAN_POINT('Origin',(-29.4276145209719,-80.,100.111113331384));
#20786=CARTESIAN_POINT('',(-29.4276145209719,-75.,110.055556665692));
#20787=CARTESIAN_POINT('',(-29.4276145209719,-80.,90.0555566656921));
#20788=CARTESIAN_POINT('Origin',(43.6622574531527,35.9652771764754,160.));
#20789=CARTESIAN_POINT('',(43.6622574531527,35.9652771764754,160.));
#20790=CARTESIAN_POINT('',(43.6622574531527,-75.,140.));
#20791=CARTESIAN_POINT('Origin',(36.084373293711,35.9652771764754,160.));
#20792=CARTESIAN_POINT('',(36.084373293711,35.9652771764754,155.));
#20793=CARTESIAN_POINT('Origin',(-9.38293166293975,35.9652771764754,160.));
#20794=CARTESIAN_POINT('',(-9.38293166293975,35.9652771764754,160.));
#20795=CARTESIAN_POINT('',(-9.38293166293975,-75.,140.));
#20796=CARTESIAN_POINT('Origin',(-17.190448675698,35.9652771764754,160.));
#20797=CARTESIAN_POINT('',(-17.190448675698,35.9652771764754,155.));
#20798=CARTESIAN_POINT('Origin',(-35.331444087695,35.9652771764754,160.));
#20799=CARTESIAN_POINT('',(-35.331444087695,35.9652771764754,160.));
#20800=CARTESIAN_POINT('',(-35.331444087695,-75.,140.));
#20801=CARTESIAN_POINT('Origin',(-43.3685939537696,35.9652771764754,160.));
#20802=CARTESIAN_POINT('',(-43.3685939537696,35.9652771764754,155.));
#20803=CARTESIAN_POINT('Origin',(16.7952136151318,35.9652771764754,160.));
#20804=CARTESIAN_POINT('',(16.7952136151318,35.9652771764754,160.));
#20805=CARTESIAN_POINT('',(16.7952136151318,-75.,140.));
#20806=CARTESIAN_POINT('Origin',(36.084373293711,-79.7696808949991,160.));
#20807=CARTESIAN_POINT('',(36.084373293711,-75.,140.));
#20808=CARTESIAN_POINT('Origin',(-17.190448675698,-79.7696808949991,160.));
#20809=CARTESIAN_POINT('',(-17.190448675698,-75.,140.));
#20810=CARTESIAN_POINT('Origin',(-43.3685939537696,-79.7696808949991,160.));
#20811=CARTESIAN_POINT('',(-43.3685939537696,-75.,140.));
#20812=CARTESIAN_POINT('Origin',(8.75806374905725,-79.7696808949991,160.));
#20813=CARTESIAN_POINT('',(8.75806374905725,-75.,140.));
#20814=CARTESIAN_POINT('',(8.75806374905725,35.9652771764754,155.));
#20815=CARTESIAN_POINT('Origin',(8.75806374905725,35.9652771764754,160.));
#20816=CARTESIAN_POINT('Origin',(8.88178419700125E-15,-75.,120.));
#20817=CARTESIAN_POINT('',(65.,-75.,100.));
#20818=CARTESIAN_POINT('Origin',(8.88178419700125E-15,-75.,120.));
#20819=CARTESIAN_POINT('Origin',(8.88178419700125E-15,-75.,120.));
#20820=CARTESIAN_POINT('Origin',(8.88178419700125E-15,-75.,120.));
#20821=CARTESIAN_POINT('Origin',(-65.,-80.,80.));
#20822=CARTESIAN_POINT('',(-65.,-75.,100.));
#20823=CARTESIAN_POINT('Origin',(8.88178419700125E-15,-75.,120.));
#20824=CARTESIAN_POINT('Origin',(65.,80.,80.));
#20825=CARTESIAN_POINT('',(65.,80.,80.));
#20826=CARTESIAN_POINT('Origin',(80.,80.,80.));
#20827=CARTESIAN_POINT('Origin',(-80.,-80.,80.));
#20828=UNCERTAINTY_MEASURE_WITH_UNIT(LENGTH_MEASURE(0.01),#20832,
'DISTANCE_ACCURACY_VALUE',
'Maximum model space distance between geometric entities at asserted c
onnectivities');
#20829=UNCERTAINTY_MEASURE_WITH_UNIT(LENGTH_MEASURE(0.01),#20832,
'DISTANCE_ACCURACY_VALUE',
'Maximum model space distance between geometric entities at asserted c
onnectivities');
#20830=(
GEOMETRIC_REPRESENTATION_CONTEXT(3)
GLOBAL_UNCERTAINTY_ASSIGNED_CONTEXT((#20828))
GLOBAL_UNIT_ASSIGNED_CONTEXT((#20832,#20834,#20835))
REPRESENTATION_CONTEXT('','3D')
);
#20831=(
GEOMETRIC_REPRESENTATION_CONTEXT(3)
GLOBAL_UNCERTAINTY_ASSIGNED_CONTEXT((#20829))
GLOBAL_UNIT_ASSIGNED_CONTEXT((#20832,#20834,#20835))
REPRESENTATION_CONTEXT('','3D')
);
#20832=(
LENGTH_UNIT()
NAMED_UNIT(*)
SI_UNIT(.MILLI.,.METRE.)
);
#20833=(
LENGTH_UNIT()
NAMED_UNIT(*)
SI_UNIT($,.METRE.)
);
#20834=(
NAMED_UNIT(*)
PLANE_ANGLE_UNIT()
SI_UNIT($,.RADIAN.)
);
#20835=(
NAMED_UNIT(*)
SI_UNIT($,.STERADIAN.)
SOLID_ANGLE_UNIT()
);
#20836=SHAPE_DEFINITION_REPRESENTATION(#20837,#20838);
#20837=PRODUCT_DEFINITION_SHAPE('',$,#20840);
#20838=SHAPE_REPRESENTATION('',(#13376),#20830);
#20839=PRODUCT_DEFINITION_CONTEXT('part definition',#20844,'design');
#20840=PRODUCT_DEFINITION('2026-02-16-19-43-46-281','NAS-rack',#20841,#20839);
#20841=PRODUCT_DEFINITION_FORMATION('',$,#20846);
#20842=PRODUCT_RELATED_PRODUCT_CATEGORY('NAS-rack','NAS-rack',(#20846));
#20843=APPLICATION_PROTOCOL_DEFINITION('international standard',
'automotive_design',2009,#20844);
#20844=APPLICATION_CONTEXT(
'Core Data for Automotive Mechanical Design Process');
#20845=PRODUCT_CONTEXT('part definition',#20844,'mechanical');
#20846=PRODUCT('2026-02-16-19-43-46-281','NAS-rack',$,(#20845));
#20847=PRESENTATION_STYLE_ASSIGNMENT((#20849));
#20848=PRESENTATION_STYLE_ASSIGNMENT((#20850));
#20849=SURFACE_STYLE_USAGE(.BOTH.,#20851);
#20850=SURFACE_STYLE_USAGE(.BOTH.,#20852);
#20851=SURFACE_SIDE_STYLE('',(#20853));
#20852=SURFACE_SIDE_STYLE('',(#20854));
#20853=SURFACE_STYLE_FILL_AREA(#20855);
#20854=SURFACE_STYLE_FILL_AREA(#20856);
#20855=FILL_AREA_STYLE('Steel - Satin',(#20857));
#20856=FILL_AREA_STYLE('EPX 86FR (with Carbon M2 M3 L1 3D Printers)',(#20858));
#20857=FILL_AREA_STYLE_COLOUR('Steel - Satin',#20859);
#20858=FILL_AREA_STYLE_COLOUR(
'EPX 86FR (with Carbon M2 M3 L1 3D Printers)',#20860);
#20859=COLOUR_RGB('Steel - Satin',0.627450980392157,0.627450980392157,0.627450980392157);
#20860=COLOUR_RGB('EPX 86FR (with Carbon M2 M3 L1 3D Printers)',0.247058823529412,
0.247058823529412,0.247058823529412);
ENDSEC;
END-ISO-10303-21;
