ISO-10303-21;
HEADER;
/* Generated by software containing ST-Developer
 * from STEP Tools, Inc. (www.steptools.com) 
 */

FILE_DESCRIPTION(
/* description */ (''),
/* implementation_level */ '2;1');

FILE_NAME(
/* name */ 'pi-rack.step',
/* time_stamp */ '2026-02-16T19:43:52+05:30',
/* author */ (''),
/* organization */ (''),
/* preprocessor_version */ 'ST-DEVELOPER v20.1',
/* originating_system */ 'Autodesk Translation Framework v14.24.0.0',
/* authorisation */ '');

FILE_SCHEMA (('AUTOMOTIVE_DESIGN { 1 0 10303 214 3 1 1 }'));
ENDSEC;

DATA;
#10=MECHANICAL_DESIGN_GEOMETRIC_PRESENTATION_REPRESENTATION('',(#14,#15),
#13536);
#11=SHAPE_REPRESENTATION_RELATIONSHIP('SRR','None',#13543,#12);
#12=ADVANCED_BREP_SHAPE_REPRESENTATION('',(#13),#13535);
#13=MANIFOLD_SOLID_BREP('pi-rack',#8084);
#14=STYLED_ITEM('',(#13554),#8061);
#15=STYLED_ITEM('',(#13553),#13);
#16=CYLINDRICAL_SURFACE('',#8268,2.25);
#17=CYLINDRICAL_SURFACE('',#8270,2.25);
#18=CYLINDRICAL_SURFACE('',#8272,2.25000000000001);
#19=CYLINDRICAL_SURFACE('',#8274,2.25);
#20=CYLINDRICAL_SURFACE('',#8276,2.25);
#21=CYLINDRICAL_SURFACE('',#8278,2.25);
#22=CYLINDRICAL_SURFACE('',#8280,2.25);
#23=CYLINDRICAL_SURFACE('',#8282,2.25000000000001);
#24=CYLINDRICAL_SURFACE('',#8284,2.25);
#25=CYLINDRICAL_SURFACE('',#8286,2.25);
#26=CYLINDRICAL_SURFACE('',#8288,2.25);
#27=CYLINDRICAL_SURFACE('',#8290,2.25000000000001);
#28=CYLINDRICAL_SURFACE('',#8292,2.25000000000001);
#29=CYLINDRICAL_SURFACE('',#8294,2.25);
#30=CYLINDRICAL_SURFACE('',#8296,2.25000000000001);
#31=CYLINDRICAL_SURFACE('',#8298,2.25);
#32=CYLINDRICAL_SURFACE('',#8300,2.25);
#33=CYLINDRICAL_SURFACE('',#8302,2.25);
#34=CYLINDRICAL_SURFACE('',#8304,2.25000000000001);
#35=CYLINDRICAL_SURFACE('',#8306,2.25);
#36=CYLINDRICAL_SURFACE('',#8308,2.25);
#37=CYLINDRICAL_SURFACE('',#8310,2.25);
#38=CYLINDRICAL_SURFACE('',#8312,2.25);
#39=CYLINDRICAL_SURFACE('',#8314,2.25000000000001);
#40=CYLINDRICAL_SURFACE('',#8316,2.25);
#41=CYLINDRICAL_SURFACE('',#8318,2.25);
#42=CYLINDRICAL_SURFACE('',#8320,2.25);
#43=CYLINDRICAL_SURFACE('',#8322,2.25000000000001);
#44=CYLINDRICAL_SURFACE('',#8324,2.25000000000001);
#45=CYLINDRICAL_SURFACE('',#8326,2.25);
#46=CYLINDRICAL_SURFACE('',#8328,2.25000000000001);
#47=CYLINDRICAL_SURFACE('',#8330,2.25);
#48=CYLINDRICAL_SURFACE('',#8342,2.25);
#49=CYLINDRICAL_SURFACE('',#8345,2.25);
#50=CYLINDRICAL_SURFACE('',#8348,2.25);
#51=CYLINDRICAL_SURFACE('',#8351,2.25);
#52=CYLINDRICAL_SURFACE('',#8354,2.25000000000001);
#53=CYLINDRICAL_SURFACE('',#8357,2.25000000000001);
#54=CYLINDRICAL_SURFACE('',#8360,2.25);
#55=CYLINDRICAL_SURFACE('',#8363,2.25);
#56=CYLINDRICAL_SURFACE('',#8366,2.25);
#57=CYLINDRICAL_SURFACE('',#8369,2.25);
#58=CYLINDRICAL_SURFACE('',#8372,2.25);
#59=CYLINDRICAL_SURFACE('',#8375,2.25);
#60=CYLINDRICAL_SURFACE('',#8378,2.25);
#61=CYLINDRICAL_SURFACE('',#8381,2.25);
#62=CYLINDRICAL_SURFACE('',#8384,2.25);
#63=CYLINDRICAL_SURFACE('',#8387,2.25);
#64=CYLINDRICAL_SURFACE('',#8390,2.25);
#65=CYLINDRICAL_SURFACE('',#8393,2.25);
#66=CYLINDRICAL_SURFACE('',#8396,2.25);
#67=CYLINDRICAL_SURFACE('',#8399,2.25);
#68=CYLINDRICAL_SURFACE('',#8402,2.25000000000001);
#69=CYLINDRICAL_SURFACE('',#8405,2.25000000000001);
#70=CYLINDRICAL_SURFACE('',#8408,2.25000000000001);
#71=CYLINDRICAL_SURFACE('',#8411,2.25000000000001);
#72=CYLINDRICAL_SURFACE('',#8414,2.25);
#73=CYLINDRICAL_SURFACE('',#8417,2.25);
#74=CYLINDRICAL_SURFACE('',#8420,2.25000000000001);
#75=CYLINDRICAL_SURFACE('',#8423,2.25000000000001);
#76=CYLINDRICAL_SURFACE('',#8426,2.25000000000001);
#77=CYLINDRICAL_SURFACE('',#8429,2.25000000000001);
#78=CYLINDRICAL_SURFACE('',#8432,2.25);
#79=CYLINDRICAL_SURFACE('',#8435,2.25);
#80=CYLINDRICAL_SURFACE('',#8438,2.25);
#81=CYLINDRICAL_SURFACE('',#8440,2.25);
#82=CYLINDRICAL_SURFACE('',#8442,2.25000000000001);
#83=CYLINDRICAL_SURFACE('',#8445,2.25000000000001);
#84=CYLINDRICAL_SURFACE('',#8448,2.25);
#85=CYLINDRICAL_SURFACE('',#8450,2.25);
#86=CYLINDRICAL_SURFACE('',#8452,2.25000000000001);
#87=CYLINDRICAL_SURFACE('',#8455,2.25000000000001);
#88=CYLINDRICAL_SURFACE('',#8458,2.25000000000001);
#89=CYLINDRICAL_SURFACE('',#8461,2.25000000000001);
#90=CYLINDRICAL_SURFACE('',#8464,2.25);
#91=CYLINDRICAL_SURFACE('',#8467,2.25);
#92=CYLINDRICAL_SURFACE('',#8470,2.25000000000001);
#93=CYLINDRICAL_SURFACE('',#8473,2.25000000000001);
#94=CYLINDRICAL_SURFACE('',#8476,2.25);
#95=CYLINDRICAL_SURFACE('',#8479,2.25);
#96=CYLINDRICAL_SURFACE('',#8482,2.25000000000001);
#97=CYLINDRICAL_SURFACE('',#8485,2.25000000000001);
#98=CYLINDRICAL_SURFACE('',#8488,2.25000000000001);
#99=CYLINDRICAL_SURFACE('',#8490,2.25000000000001);
#100=CYLINDRICAL_SURFACE('',#8492,2.25);
#101=CYLINDRICAL_SURFACE('',#8494,2.25);
#102=CYLINDRICAL_SURFACE('',#8496,2.25000000000001);
#103=CYLINDRICAL_SURFACE('',#8499,2.25000000000001);
#104=CYLINDRICAL_SURFACE('',#8502,2.25);
#105=CYLINDRICAL_SURFACE('',#8505,2.25);
#106=CYLINDRICAL_SURFACE('',#8508,2.25000000000001);
#107=CYLINDRICAL_SURFACE('',#8511,2.25000000000001);
#108=CYLINDRICAL_SURFACE('',#8514,2.25);
#109=CYLINDRICAL_SURFACE('',#8517,2.25);
#110=CYLINDRICAL_SURFACE('',#8520,2.25);
#111=CYLINDRICAL_SURFACE('',#8523,2.25);
#112=CYLINDRICAL_SURFACE('',#8526,2.25000000000001);
#113=CYLINDRICAL_SURFACE('',#8529,2.25000000000001);
#114=CYLINDRICAL_SURFACE('',#8532,2.25000000000001);
#115=CYLINDRICAL_SURFACE('',#8535,2.25000000000001);
#116=CYLINDRICAL_SURFACE('',#8538,2.25000000000001);
#117=CYLINDRICAL_SURFACE('',#8541,2.25000000000001);
#118=CYLINDRICAL_SURFACE('',#8544,2.25);
#119=CYLINDRICAL_SURFACE('',#8546,2.25);
#120=CYLINDRICAL_SURFACE('',#8548,2.25);
#121=CYLINDRICAL_SURFACE('',#8550,2.25);
#122=CYLINDRICAL_SURFACE('',#8552,2.25);
#123=CYLINDRICAL_SURFACE('',#8554,2.25);
#124=CYLINDRICAL_SURFACE('',#8556,2.25000000000001);
#125=CYLINDRICAL_SURFACE('',#8558,2.25000000000001);
#126=CYLINDRICAL_SURFACE('',#8560,2.25);
#127=CYLINDRICAL_SURFACE('',#8563,2.25);
#128=CYLINDRICAL_SURFACE('',#8566,2.25);
#129=CYLINDRICAL_SURFACE('',#8569,2.25);
#130=CYLINDRICAL_SURFACE('',#8572,2.25);
#131=CYLINDRICAL_SURFACE('',#8575,2.25);
#132=CYLINDRICAL_SURFACE('',#8578,2.25);
#133=CYLINDRICAL_SURFACE('',#8581,2.25);
#134=CYLINDRICAL_SURFACE('',#8584,2.25);
#135=CYLINDRICAL_SURFACE('',#8587,2.25);
#136=CYLINDRICAL_SURFACE('',#8590,2.25);
#137=CYLINDRICAL_SURFACE('',#8593,2.25);
#138=CYLINDRICAL_SURFACE('',#8596,2.25);
#139=CYLINDRICAL_SURFACE('',#8599,2.25);
#140=CYLINDRICAL_SURFACE('',#8602,2.25);
#141=CYLINDRICAL_SURFACE('',#8605,2.25);
#142=CYLINDRICAL_SURFACE('',#8608,2.25);
#143=CYLINDRICAL_SURFACE('',#8611,2.25);
#144=CYLINDRICAL_SURFACE('',#8614,2.25);
#145=CYLINDRICAL_SURFACE('',#8617,2.25);
#146=CYLINDRICAL_SURFACE('',#8620,2.25000000000001);
#147=CYLINDRICAL_SURFACE('',#8623,2.25000000000001);
#148=CYLINDRICAL_SURFACE('',#8626,2.25);
#149=CYLINDRICAL_SURFACE('',#8629,2.25);
#150=CYLINDRICAL_SURFACE('',#8632,2.25000000000001);
#151=CYLINDRICAL_SURFACE('',#8635,2.25000000000001);
#152=CYLINDRICAL_SURFACE('',#8638,2.25000000000001);
#153=CYLINDRICAL_SURFACE('',#8641,2.25000000000001);
#154=CYLINDRICAL_SURFACE('',#8644,2.25);
#155=CYLINDRICAL_SURFACE('',#8647,2.25);
#156=CYLINDRICAL_SURFACE('',#8650,2.25);
#157=CYLINDRICAL_SURFACE('',#8653,2.25);
#158=CYLINDRICAL_SURFACE('',#8656,2.25);
#159=CYLINDRICAL_SURFACE('',#8659,2.25);
#160=CYLINDRICAL_SURFACE('',#8662,2.25);
#161=CYLINDRICAL_SURFACE('',#8665,2.25);
#162=CYLINDRICAL_SURFACE('',#8668,2.25);
#163=CYLINDRICAL_SURFACE('',#8671,2.25);
#164=CYLINDRICAL_SURFACE('',#8674,2.25);
#165=CYLINDRICAL_SURFACE('',#8677,2.25);
#166=CYLINDRICAL_SURFACE('',#8680,2.25);
#167=CYLINDRICAL_SURFACE('',#8683,2.25);
#168=CYLINDRICAL_SURFACE('',#8686,2.25);
#169=CYLINDRICAL_SURFACE('',#8689,2.25);
#170=CYLINDRICAL_SURFACE('',#8692,2.25);
#171=CYLINDRICAL_SURFACE('',#8695,2.25);
#172=CYLINDRICAL_SURFACE('',#8698,2.25);
#173=CYLINDRICAL_SURFACE('',#8701,2.25);
#174=CYLINDRICAL_SURFACE('',#8704,2.25);
#175=CYLINDRICAL_SURFACE('',#8707,2.25);
#176=CYLINDRICAL_SURFACE('',#8710,2.25);
#177=CYLINDRICAL_SURFACE('',#8713,2.25);
#178=CYLINDRICAL_SURFACE('',#8716,2.25);
#179=CYLINDRICAL_SURFACE('',#8719,2.25);
#180=CYLINDRICAL_SURFACE('',#8722,2.25);
#181=CYLINDRICAL_SURFACE('',#8725,2.25);
#182=CYLINDRICAL_SURFACE('',#8728,2.25);
#183=CYLINDRICAL_SURFACE('',#8731,2.25);
#184=CYLINDRICAL_SURFACE('',#8734,2.25);
#185=CYLINDRICAL_SURFACE('',#8737,2.25);
#186=CYLINDRICAL_SURFACE('',#8740,2.25);
#187=CYLINDRICAL_SURFACE('',#8743,2.25);
#188=CYLINDRICAL_SURFACE('',#8746,2.25);
#189=CYLINDRICAL_SURFACE('',#8749,2.25);
#190=CYLINDRICAL_SURFACE('',#8752,2.25);
#191=CYLINDRICAL_SURFACE('',#8754,2.25);
#192=CYLINDRICAL_SURFACE('',#8756,2.25);
#193=CYLINDRICAL_SURFACE('',#8758,2.25);
#194=CYLINDRICAL_SURFACE('',#8760,2.25000000000001);
#195=CYLINDRICAL_SURFACE('',#8763,2.25000000000001);
#196=CYLINDRICAL_SURFACE('',#8766,2.25);
#197=CYLINDRICAL_SURFACE('',#8769,2.25);
#198=CYLINDRICAL_SURFACE('',#8772,2.25000000000001);
#199=CYLINDRICAL_SURFACE('',#8775,2.25000000000001);
#200=CYLINDRICAL_SURFACE('',#8778,2.25);
#201=CYLINDRICAL_SURFACE('',#8781,2.25);
#202=CYLINDRICAL_SURFACE('',#8784,2.25);
#203=CYLINDRICAL_SURFACE('',#8786,2.25);
#204=CYLINDRICAL_SURFACE('',#8788,2.25);
#205=CYLINDRICAL_SURFACE('',#8791,2.25);
#206=CYLINDRICAL_SURFACE('',#8794,2.25000000000001);
#207=CYLINDRICAL_SURFACE('',#8797,2.25000000000001);
#208=CYLINDRICAL_SURFACE('',#8800,2.25000000000001);
#209=CYLINDRICAL_SURFACE('',#8803,2.25000000000001);
#210=CYLINDRICAL_SURFACE('',#8806,2.25000000000001);
#211=CYLINDRICAL_SURFACE('',#8809,2.25000000000001);
#212=CYLINDRICAL_SURFACE('',#8812,2.25000000000001);
#213=CYLINDRICAL_SURFACE('',#8815,2.25000000000001);
#214=CYLINDRICAL_SURFACE('',#8818,2.25);
#215=CYLINDRICAL_SURFACE('',#8821,2.25);
#216=CYLINDRICAL_SURFACE('',#8824,2.25000000000001);
#217=CYLINDRICAL_SURFACE('',#8826,2.25000000000001);
#218=CYLINDRICAL_SURFACE('',#8828,2.25000000000001);
#219=CYLINDRICAL_SURFACE('',#8831,2.25000000000001);
#220=CYLINDRICAL_SURFACE('',#8834,2.25000000000001);
#221=CYLINDRICAL_SURFACE('',#8836,2.25000000000001);
#222=CYLINDRICAL_SURFACE('',#8838,2.25000000000001);
#223=CYLINDRICAL_SURFACE('',#8841,2.25000000000001);
#224=CYLINDRICAL_SURFACE('',#8844,2.25000000000001);
#225=CYLINDRICAL_SURFACE('',#8847,2.25000000000001);
#226=CYLINDRICAL_SURFACE('',#8850,2.25);
#227=CYLINDRICAL_SURFACE('',#8852,2.25);
#228=CYLINDRICAL_SURFACE('',#8854,2.25);
#229=CYLINDRICAL_SURFACE('',#8857,2.25);
#230=CYLINDRICAL_SURFACE('',#8860,2.25);
#231=CYLINDRICAL_SURFACE('',#8863,2.25);
#232=CYLINDRICAL_SURFACE('',#8866,2.25000000000001);
#233=CYLINDRICAL_SURFACE('',#8868,2.25000000000001);
#234=CYLINDRICAL_SURFACE('',#8870,2.25);
#235=CYLINDRICAL_SURFACE('',#8873,2.25);
#236=CYLINDRICAL_SURFACE('',#8876,2.25);
#237=CYLINDRICAL_SURFACE('',#8878,2.25);
#238=CYLINDRICAL_SURFACE('',#8880,2.25);
#239=CYLINDRICAL_SURFACE('',#8883,2.25);
#240=CYLINDRICAL_SURFACE('',#8886,2.25);
#241=CYLINDRICAL_SURFACE('',#8889,2.25);
#242=CYLINDRICAL_SURFACE('',#8892,2.25);
#243=CYLINDRICAL_SURFACE('',#8895,2.25);
#244=CYLINDRICAL_SURFACE('',#8898,2.25);
#245=CYLINDRICAL_SURFACE('',#8901,2.25);
#246=CYLINDRICAL_SURFACE('',#8904,2.25000000000001);
#247=CYLINDRICAL_SURFACE('',#8907,2.25000000000001);
#248=CYLINDRICAL_SURFACE('',#8910,2.25);
#249=CYLINDRICAL_SURFACE('',#8913,2.25);
#250=CYLINDRICAL_SURFACE('',#8916,2.25);
#251=CYLINDRICAL_SURFACE('',#8919,2.25);
#252=CYLINDRICAL_SURFACE('',#8922,2.25000000000001);
#253=CYLINDRICAL_SURFACE('',#8925,2.25000000000001);
#254=CYLINDRICAL_SURFACE('',#8928,2.25);
#255=CYLINDRICAL_SURFACE('',#8931,2.25);
#256=CYLINDRICAL_SURFACE('',#8934,2.25);
#257=CYLINDRICAL_SURFACE('',#8937,2.25);
#258=CYLINDRICAL_SURFACE('',#8940,2.25);
#259=CYLINDRICAL_SURFACE('',#8943,2.25);
#260=CYLINDRICAL_SURFACE('',#8946,2.25000000000001);
#261=CYLINDRICAL_SURFACE('',#8949,2.25000000000001);
#262=CYLINDRICAL_SURFACE('',#8952,2.25);
#263=CYLINDRICAL_SURFACE('',#8955,2.25);
#264=CYLINDRICAL_SURFACE('',#8958,2.25);
#265=CYLINDRICAL_SURFACE('',#8961,2.25);
#266=CYLINDRICAL_SURFACE('',#8964,2.25);
#267=CYLINDRICAL_SURFACE('',#8967,2.25);
#268=CYLINDRICAL_SURFACE('',#8970,2.25);
#269=CYLINDRICAL_SURFACE('',#8973,2.25);
#270=CYLINDRICAL_SURFACE('',#8976,2.25);
#271=CYLINDRICAL_SURFACE('',#8979,2.25);
#272=CYLINDRICAL_SURFACE('',#8982,5.);
#273=CYLINDRICAL_SURFACE('',#8990,5.);
#274=CYLINDRICAL_SURFACE('',#8996,5.);
#275=CYLINDRICAL_SURFACE('',#8998,5.);
#276=FACE_BOUND('',#1772,.T.);
#277=FACE_BOUND('',#1773,.T.);
#278=FACE_BOUND('',#1774,.T.);
#279=FACE_BOUND('',#1775,.T.);
#280=FACE_BOUND('',#1776,.T.);
#281=FACE_BOUND('',#1777,.T.);
#282=FACE_BOUND('',#1778,.T.);
#283=FACE_BOUND('',#1779,.T.);
#284=FACE_BOUND('',#1780,.T.);
#285=FACE_BOUND('',#1781,.T.);
#286=FACE_BOUND('',#1782,.T.);
#287=FACE_BOUND('',#1783,.T.);
#288=FACE_BOUND('',#1784,.T.);
#289=FACE_BOUND('',#1785,.T.);
#290=FACE_BOUND('',#1786,.T.);
#291=FACE_BOUND('',#1787,.T.);
#292=FACE_BOUND('',#1789,.T.);
#293=FACE_BOUND('',#1790,.T.);
#294=FACE_BOUND('',#1791,.T.);
#295=FACE_BOUND('',#1792,.T.);
#296=FACE_BOUND('',#1793,.T.);
#297=FACE_BOUND('',#1794,.T.);
#298=FACE_BOUND('',#1795,.T.);
#299=FACE_BOUND('',#1796,.T.);
#300=FACE_BOUND('',#1797,.T.);
#301=FACE_BOUND('',#1798,.T.);
#302=FACE_BOUND('',#1799,.T.);
#303=FACE_BOUND('',#1800,.T.);
#304=FACE_BOUND('',#1801,.T.);
#305=FACE_BOUND('',#1802,.T.);
#306=FACE_BOUND('',#1803,.T.);
#307=FACE_BOUND('',#1804,.T.);
#308=FACE_BOUND('',#1825,.T.);
#309=FACE_BOUND('',#1826,.T.);
#310=FACE_BOUND('',#1827,.T.);
#311=FACE_BOUND('',#1828,.T.);
#312=FACE_BOUND('',#1829,.T.);
#313=FACE_BOUND('',#1830,.T.);
#314=FACE_BOUND('',#1831,.T.);
#315=FACE_BOUND('',#1832,.T.);
#316=FACE_BOUND('',#1833,.T.);
#317=FACE_BOUND('',#1834,.T.);
#318=FACE_BOUND('',#1835,.T.);
#319=FACE_BOUND('',#1836,.T.);
#320=FACE_BOUND('',#1837,.T.);
#321=FACE_BOUND('',#1838,.T.);
#322=FACE_BOUND('',#1839,.T.);
#323=FACE_BOUND('',#1840,.T.);
#324=FACE_BOUND('',#1843,.T.);
#325=FACE_BOUND('',#1844,.T.);
#326=FACE_BOUND('',#1845,.T.);
#327=FACE_BOUND('',#1846,.T.);
#328=FACE_BOUND('',#1847,.T.);
#329=FACE_BOUND('',#1848,.T.);
#330=FACE_BOUND('',#1849,.T.);
#331=FACE_BOUND('',#1850,.T.);
#332=FACE_BOUND('',#1851,.T.);
#333=FACE_BOUND('',#1852,.T.);
#334=FACE_BOUND('',#1853,.T.);
#335=FACE_BOUND('',#1854,.T.);
#336=FACE_BOUND('',#1855,.T.);
#337=FACE_BOUND('',#1856,.T.);
#338=FACE_BOUND('',#1857,.T.);
#339=FACE_BOUND('',#1858,.T.);
#340=FACE_BOUND('',#1929,.T.);
#341=FACE_BOUND('',#1931,.T.);
#342=FACE_BOUND('',#1963,.T.);
#343=FACE_BOUND('',#1965,.T.);
#344=FACE_BOUND('',#1967,.T.);
#345=FACE_BOUND('',#1969,.T.);
#346=FACE_BOUND('',#1989,.T.);
#347=FACE_BOUND('',#1991,.T.);
#348=FACE_BOUND('',#1993,.T.);
#349=FACE_BOUND('',#1995,.T.);
#350=FACE_BOUND('',#1999,.T.);
#351=FACE_BOUND('',#2001,.T.);
#352=FACE_BOUND('',#2005,.T.);
#353=FACE_BOUND('',#2007,.T.);
#354=FACE_BOUND('',#2009,.T.);
#355=FACE_BOUND('',#2011,.T.);
#356=FACE_BOUND('',#2049,.T.);
#357=FACE_BOUND('',#2051,.T.);
#358=FACE_BOUND('',#2069,.T.);
#359=FACE_BOUND('',#2071,.T.);
#360=FACE_BOUND('',#2075,.T.);
#361=FACE_BOUND('',#2077,.T.);
#362=FACE_BOUND('',#2089,.T.);
#363=FACE_BOUND('',#2091,.T.);
#364=FACE_BOUND('',#2097,.T.);
#365=FACE_BOUND('',#2099,.T.);
#366=FACE_BOUND('',#2111,.T.);
#367=FACE_BOUND('',#2113,.T.);
#368=FACE_BOUND('',#2117,.T.);
#369=FACE_BOUND('',#2119,.T.);
#370=FACE_BOUND('',#2137,.T.);
#371=FACE_BOUND('',#2139,.T.);
#372=FACE_BOUND('',#2160,.T.);
#373=FACE_BOUND('',#2161,.T.);
#374=FACE_BOUND('',#2162,.T.);
#375=FACE_BOUND('',#2163,.T.);
#376=FACE_BOUND('',#2164,.T.);
#377=FACE_BOUND('',#2165,.T.);
#378=FACE_BOUND('',#2166,.T.);
#379=FACE_BOUND('',#2167,.T.);
#380=FACE_BOUND('',#2168,.T.);
#381=FACE_BOUND('',#2169,.T.);
#382=FACE_BOUND('',#2170,.T.);
#383=FACE_BOUND('',#2171,.T.);
#384=FACE_BOUND('',#2172,.T.);
#385=FACE_BOUND('',#2173,.T.);
#386=FACE_BOUND('',#2174,.T.);
#387=FACE_BOUND('',#2175,.T.);
#388=FACE_BOUND('',#2176,.T.);
#389=FACE_BOUND('',#2177,.T.);
#390=FACE_BOUND('',#2178,.T.);
#391=FACE_BOUND('',#2179,.T.);
#392=FACE_BOUND('',#2180,.T.);
#393=FACE_BOUND('',#2181,.T.);
#394=FACE_BOUND('',#2182,.T.);
#395=FACE_BOUND('',#2183,.T.);
#396=FACE_BOUND('',#2184,.T.);
#397=FACE_BOUND('',#2185,.T.);
#398=FACE_BOUND('',#2186,.T.);
#399=FACE_BOUND('',#2187,.T.);
#400=FACE_BOUND('',#2188,.T.);
#401=FACE_BOUND('',#2189,.T.);
#402=FACE_BOUND('',#2190,.T.);
#403=FACE_BOUND('',#2191,.T.);
#404=FACE_BOUND('',#2192,.T.);
#405=FACE_BOUND('',#2193,.T.);
#406=FACE_BOUND('',#2194,.T.);
#407=FACE_BOUND('',#2195,.T.);
#408=FACE_BOUND('',#2196,.T.);
#409=FACE_BOUND('',#2197,.T.);
#410=FACE_BOUND('',#2198,.T.);
#411=FACE_BOUND('',#2199,.T.);
#412=FACE_BOUND('',#2200,.T.);
#413=FACE_BOUND('',#2201,.T.);
#414=FACE_BOUND('',#2202,.T.);
#415=FACE_BOUND('',#2203,.T.);
#416=FACE_BOUND('',#2204,.T.);
#417=FACE_BOUND('',#2205,.T.);
#418=FACE_BOUND('',#2206,.T.);
#419=FACE_BOUND('',#2207,.T.);
#420=FACE_BOUND('',#2208,.T.);
#421=FACE_BOUND('',#2209,.T.);
#422=FACE_BOUND('',#2210,.T.);
#423=FACE_BOUND('',#2211,.T.);
#424=FACE_BOUND('',#2212,.T.);
#425=FACE_BOUND('',#2213,.T.);
#426=FACE_BOUND('',#2214,.T.);
#427=FACE_BOUND('',#2215,.T.);
#428=FACE_BOUND('',#2216,.T.);
#429=FACE_BOUND('',#2217,.T.);
#430=FACE_BOUND('',#2218,.T.);
#431=FACE_BOUND('',#2219,.T.);
#432=FACE_BOUND('',#2220,.T.);
#433=FACE_BOUND('',#2221,.T.);
#434=FACE_BOUND('',#2222,.T.);
#435=FACE_BOUND('',#2223,.T.);
#436=FACE_BOUND('',#2224,.T.);
#437=FACE_BOUND('',#2225,.T.);
#438=FACE_BOUND('',#2226,.T.);
#439=FACE_BOUND('',#2227,.T.);
#440=FACE_BOUND('',#2228,.T.);
#441=FACE_BOUND('',#2229,.T.);
#442=FACE_BOUND('',#2230,.T.);
#443=FACE_BOUND('',#2231,.T.);
#444=FACE_BOUND('',#2232,.T.);
#445=FACE_BOUND('',#2233,.T.);
#446=FACE_BOUND('',#2234,.T.);
#447=FACE_BOUND('',#2235,.T.);
#448=FACE_BOUND('',#2236,.T.);
#449=FACE_BOUND('',#2237,.T.);
#450=FACE_BOUND('',#2238,.T.);
#451=FACE_BOUND('',#2239,.T.);
#452=FACE_BOUND('',#2240,.T.);
#453=FACE_BOUND('',#2241,.T.);
#454=FACE_BOUND('',#2242,.T.);
#455=FACE_BOUND('',#2243,.T.);
#456=FACE_BOUND('',#2244,.T.);
#457=FACE_BOUND('',#2245,.T.);
#458=FACE_BOUND('',#2246,.T.);
#459=FACE_BOUND('',#2247,.T.);
#460=FACE_BOUND('',#2248,.T.);
#461=FACE_BOUND('',#2249,.T.);
#462=FACE_BOUND('',#2250,.T.);
#463=FACE_BOUND('',#2251,.T.);
#464=FACE_BOUND('',#2252,.T.);
#465=FACE_BOUND('',#2253,.T.);
#466=FACE_BOUND('',#2254,.T.);
#467=FACE_BOUND('',#2255,.T.);
#468=FACE_BOUND('',#2256,.T.);
#469=FACE_BOUND('',#2257,.T.);
#470=FACE_BOUND('',#2258,.T.);
#471=FACE_BOUND('',#2259,.T.);
#472=FACE_BOUND('',#2260,.T.);
#473=FACE_BOUND('',#2261,.T.);
#474=FACE_BOUND('',#2262,.T.);
#475=FACE_BOUND('',#2263,.T.);
#476=FACE_BOUND('',#2264,.T.);
#477=FACE_BOUND('',#2265,.T.);
#478=FACE_BOUND('',#2266,.T.);
#479=FACE_BOUND('',#2267,.T.);
#480=FACE_BOUND('',#2268,.T.);
#481=FACE_BOUND('',#2269,.T.);
#482=FACE_BOUND('',#2270,.T.);
#483=FACE_BOUND('',#2271,.T.);
#484=FACE_BOUND('',#2273,.T.);
#485=FACE_BOUND('',#2274,.T.);
#486=FACE_BOUND('',#2277,.T.);
#487=FACE_BOUND('',#2278,.T.);
#488=FACE_BOUND('',#2279,.T.);
#489=FACE_BOUND('',#2280,.T.);
#490=FACE_BOUND('',#2281,.T.);
#491=FACE_BOUND('',#2282,.T.);
#492=FACE_BOUND('',#2283,.T.);
#493=FACE_BOUND('',#2284,.T.);
#494=FACE_BOUND('',#2285,.T.);
#495=FACE_BOUND('',#2286,.T.);
#496=FACE_BOUND('',#2287,.T.);
#497=FACE_BOUND('',#2288,.T.);
#498=FACE_BOUND('',#2289,.T.);
#499=FACE_BOUND('',#2290,.T.);
#500=FACE_BOUND('',#2291,.T.);
#501=FACE_BOUND('',#2292,.T.);
#502=FACE_BOUND('',#2293,.T.);
#503=FACE_BOUND('',#2294,.T.);
#504=FACE_BOUND('',#2295,.T.);
#505=FACE_BOUND('',#2296,.T.);
#506=FACE_BOUND('',#2297,.T.);
#507=FACE_BOUND('',#2298,.T.);
#508=FACE_BOUND('',#2299,.T.);
#509=FACE_BOUND('',#2300,.T.);
#510=FACE_BOUND('',#2301,.T.);
#511=FACE_BOUND('',#2302,.T.);
#512=FACE_BOUND('',#2303,.T.);
#513=FACE_BOUND('',#2304,.T.);
#514=FACE_BOUND('',#2305,.T.);
#515=FACE_BOUND('',#2306,.T.);
#516=FACE_BOUND('',#2307,.T.);
#517=FACE_BOUND('',#2308,.T.);
#518=FACE_BOUND('',#2309,.T.);
#519=FACE_BOUND('',#2310,.T.);
#520=FACE_BOUND('',#2311,.T.);
#521=FACE_BOUND('',#2312,.T.);
#522=FACE_BOUND('',#2313,.T.);
#523=FACE_BOUND('',#2314,.T.);
#524=FACE_BOUND('',#2315,.T.);
#525=FACE_BOUND('',#2316,.T.);
#526=FACE_BOUND('',#2317,.T.);
#527=FACE_BOUND('',#2318,.T.);
#528=FACE_BOUND('',#2319,.T.);
#529=FACE_BOUND('',#2320,.T.);
#530=FACE_BOUND('',#2321,.T.);
#531=FACE_BOUND('',#2322,.T.);
#532=FACE_BOUND('',#2323,.T.);
#533=FACE_BOUND('',#2324,.T.);
#534=FACE_BOUND('',#2325,.T.);
#535=FACE_BOUND('',#2326,.T.);
#536=FACE_BOUND('',#2327,.T.);
#537=FACE_BOUND('',#2328,.T.);
#538=FACE_BOUND('',#2329,.T.);
#539=FACE_BOUND('',#2330,.T.);
#540=FACE_BOUND('',#2331,.T.);
#541=FACE_BOUND('',#2332,.T.);
#542=FACE_BOUND('',#2333,.T.);
#543=FACE_BOUND('',#2334,.T.);
#544=FACE_BOUND('',#2335,.T.);
#545=FACE_BOUND('',#2336,.T.);
#546=FACE_BOUND('',#2337,.T.);
#547=FACE_BOUND('',#2338,.T.);
#548=FACE_BOUND('',#2339,.T.);
#549=FACE_BOUND('',#2340,.T.);
#550=FACE_BOUND('',#2341,.T.);
#551=FACE_BOUND('',#2342,.T.);
#552=FACE_BOUND('',#2343,.T.);
#553=FACE_BOUND('',#2344,.T.);
#554=FACE_BOUND('',#2345,.T.);
#555=FACE_BOUND('',#2346,.T.);
#556=FACE_BOUND('',#2347,.T.);
#557=FACE_BOUND('',#2348,.T.);
#558=FACE_BOUND('',#2349,.T.);
#559=FACE_BOUND('',#2350,.T.);
#560=FACE_BOUND('',#2351,.T.);
#561=FACE_BOUND('',#2352,.T.);
#562=FACE_BOUND('',#2353,.T.);
#563=FACE_BOUND('',#2354,.T.);
#564=FACE_BOUND('',#2355,.T.);
#565=FACE_BOUND('',#2356,.T.);
#566=FACE_BOUND('',#2357,.T.);
#567=FACE_BOUND('',#2358,.T.);
#568=FACE_BOUND('',#2359,.T.);
#569=FACE_BOUND('',#2360,.T.);
#570=FACE_BOUND('',#2361,.T.);
#571=FACE_BOUND('',#2362,.T.);
#572=FACE_BOUND('',#2363,.T.);
#573=FACE_BOUND('',#2364,.T.);
#574=FACE_BOUND('',#2365,.T.);
#575=FACE_BOUND('',#2366,.T.);
#576=FACE_BOUND('',#2367,.T.);
#577=FACE_BOUND('',#2368,.T.);
#578=FACE_BOUND('',#2369,.T.);
#579=FACE_BOUND('',#2370,.T.);
#580=FACE_BOUND('',#2371,.T.);
#581=FACE_BOUND('',#2372,.T.);
#582=FACE_BOUND('',#2373,.T.);
#583=FACE_BOUND('',#2374,.T.);
#584=FACE_BOUND('',#2375,.T.);
#585=FACE_BOUND('',#2376,.T.);
#586=FACE_BOUND('',#2377,.T.);
#587=FACE_BOUND('',#2378,.T.);
#588=FACE_BOUND('',#2379,.T.);
#589=FACE_BOUND('',#2380,.T.);
#590=FACE_BOUND('',#2381,.T.);
#591=FACE_BOUND('',#2382,.T.);
#592=FACE_BOUND('',#2383,.T.);
#593=FACE_BOUND('',#2384,.T.);
#594=FACE_BOUND('',#2385,.T.);
#595=FACE_BOUND('',#2386,.T.);
#596=FACE_BOUND('',#2387,.T.);
#597=FACE_BOUND('',#2388,.T.);
#598=FACE_BOUND('',#2390,.T.);
#599=FACE_BOUND('',#2391,.T.);
#600=FACE_BOUND('',#2394,.T.);
#601=FACE_BOUND('',#2395,.T.);
#602=FACE_BOUND('',#2396,.T.);
#603=FACE_BOUND('',#2397,.T.);
#604=FACE_BOUND('',#2416,.T.);
#605=FACE_BOUND('',#2417,.T.);
#606=FACE_BOUND('',#2418,.T.);
#607=FACE_BOUND('',#2419,.T.);
#608=FACE_BOUND('',#2421,.T.);
#609=FACE_BOUND('',#2422,.T.);
#610=FACE_BOUND('',#2423,.T.);
#611=FACE_BOUND('',#2424,.T.);
#612=FACE_BOUND('',#2425,.T.);
#613=FACE_BOUND('',#2426,.T.);
#614=FACE_BOUND('',#2427,.T.);
#615=FACE_BOUND('',#2428,.T.);
#616=FACE_BOUND('',#2429,.T.);
#617=FACE_BOUND('',#2430,.T.);
#618=FACE_BOUND('',#2431,.T.);
#619=FACE_BOUND('',#2432,.T.);
#620=FACE_BOUND('',#2433,.T.);
#621=FACE_BOUND('',#2434,.T.);
#622=FACE_BOUND('',#2435,.T.);
#623=FACE_BOUND('',#2436,.T.);
#624=FACE_BOUND('',#2437,.T.);
#625=FACE_BOUND('',#2438,.T.);
#626=FACE_BOUND('',#2439,.T.);
#627=FACE_BOUND('',#2440,.T.);
#628=FACE_BOUND('',#2441,.T.);
#629=FACE_BOUND('',#2442,.T.);
#630=FACE_BOUND('',#2443,.T.);
#631=FACE_BOUND('',#2444,.T.);
#632=FACE_BOUND('',#2445,.T.);
#633=FACE_BOUND('',#2446,.T.);
#634=FACE_BOUND('',#2447,.T.);
#635=FACE_BOUND('',#2448,.T.);
#636=FACE_BOUND('',#2449,.T.);
#637=FACE_BOUND('',#2450,.T.);
#638=FACE_BOUND('',#2451,.T.);
#639=FACE_BOUND('',#2452,.T.);
#640=FACE_BOUND('',#2453,.T.);
#641=FACE_BOUND('',#2454,.T.);
#642=FACE_BOUND('',#2455,.T.);
#643=FACE_BOUND('',#2456,.T.);
#644=FACE_BOUND('',#2457,.T.);
#645=FACE_BOUND('',#2458,.T.);
#646=FACE_BOUND('',#2459,.T.);
#647=FACE_BOUND('',#2460,.T.);
#648=FACE_BOUND('',#2461,.T.);
#649=FACE_BOUND('',#2462,.T.);
#650=FACE_BOUND('',#2463,.T.);
#651=FACE_BOUND('',#2464,.T.);
#652=FACE_BOUND('',#2465,.T.);
#653=FACE_BOUND('',#2466,.T.);
#654=FACE_BOUND('',#2467,.T.);
#655=FACE_BOUND('',#2468,.T.);
#656=FACE_BOUND('',#2469,.T.);
#657=FACE_BOUND('',#2470,.T.);
#658=FACE_BOUND('',#2471,.T.);
#659=FACE_BOUND('',#2472,.T.);
#660=FACE_BOUND('',#2473,.T.);
#661=FACE_BOUND('',#2474,.T.);
#662=FACE_BOUND('',#2475,.T.);
#663=FACE_BOUND('',#2476,.T.);
#664=FACE_BOUND('',#2477,.T.);
#665=FACE_BOUND('',#2478,.T.);
#666=FACE_BOUND('',#2479,.T.);
#667=FACE_BOUND('',#2480,.T.);
#668=FACE_BOUND('',#2481,.T.);
#669=FACE_BOUND('',#2482,.T.);
#670=FACE_BOUND('',#2483,.T.);
#671=FACE_BOUND('',#2484,.T.);
#672=FACE_BOUND('',#2485,.T.);
#673=FACE_BOUND('',#2486,.T.);
#674=FACE_BOUND('',#2487,.T.);
#675=FACE_BOUND('',#2488,.T.);
#676=FACE_BOUND('',#2489,.T.);
#677=FACE_BOUND('',#2490,.T.);
#678=FACE_BOUND('',#2491,.T.);
#679=FACE_BOUND('',#2492,.T.);
#680=FACE_BOUND('',#2493,.T.);
#681=FACE_BOUND('',#2494,.T.);
#682=FACE_BOUND('',#2495,.T.);
#683=FACE_BOUND('',#2496,.T.);
#684=FACE_BOUND('',#2497,.T.);
#685=FACE_BOUND('',#2498,.T.);
#686=FACE_BOUND('',#2499,.T.);
#687=FACE_BOUND('',#2500,.T.);
#688=FACE_BOUND('',#2501,.T.);
#689=FACE_BOUND('',#2502,.T.);
#690=FACE_BOUND('',#2503,.T.);
#691=FACE_BOUND('',#2504,.T.);
#692=FACE_BOUND('',#2505,.T.);
#693=FACE_BOUND('',#2506,.T.);
#694=FACE_BOUND('',#2507,.T.);
#695=FACE_BOUND('',#2508,.T.);
#696=FACE_BOUND('',#2509,.T.);
#697=FACE_BOUND('',#2510,.T.);
#698=FACE_BOUND('',#2511,.T.);
#699=FACE_BOUND('',#2512,.T.);
#700=FACE_BOUND('',#2513,.T.);
#701=FACE_BOUND('',#2514,.T.);
#702=FACE_BOUND('',#2515,.T.);
#703=FACE_BOUND('',#2516,.T.);
#704=FACE_BOUND('',#2517,.T.);
#705=FACE_BOUND('',#2518,.T.);
#706=FACE_BOUND('',#2519,.T.);
#707=FACE_BOUND('',#2520,.T.);
#708=FACE_BOUND('',#2521,.T.);
#709=FACE_BOUND('',#2522,.T.);
#710=FACE_BOUND('',#2523,.T.);
#711=FACE_BOUND('',#2524,.T.);
#712=FACE_BOUND('',#2525,.T.);
#713=FACE_BOUND('',#2526,.T.);
#714=FACE_BOUND('',#2527,.T.);
#715=FACE_BOUND('',#2528,.T.);
#716=FACE_BOUND('',#2529,.T.);
#717=FACE_BOUND('',#2530,.T.);
#718=FACE_BOUND('',#2531,.T.);
#719=FACE_BOUND('',#2532,.T.);
#720=FACE_BOUND('',#2535,.T.);
#721=FACE_BOUND('',#2536,.T.);
#722=FACE_BOUND('',#2537,.T.);
#723=FACE_BOUND('',#2538,.T.);
#724=FACE_BOUND('',#2539,.T.);
#725=FACE_BOUND('',#2540,.T.);
#726=FACE_BOUND('',#2541,.T.);
#727=FACE_BOUND('',#2542,.T.);
#728=FACE_BOUND('',#2543,.T.);
#729=FACE_BOUND('',#2544,.T.);
#730=FACE_BOUND('',#2545,.T.);
#731=FACE_BOUND('',#2546,.T.);
#732=FACE_BOUND('',#2547,.T.);
#733=FACE_BOUND('',#2548,.T.);
#734=FACE_BOUND('',#2549,.T.);
#735=FACE_BOUND('',#2550,.T.);
#736=FACE_BOUND('',#2551,.T.);
#737=FACE_BOUND('',#2552,.T.);
#738=FACE_BOUND('',#2553,.T.);
#739=FACE_BOUND('',#2554,.T.);
#740=FACE_BOUND('',#2555,.T.);
#741=FACE_BOUND('',#2556,.T.);
#742=FACE_BOUND('',#2557,.T.);
#743=FACE_BOUND('',#2558,.T.);
#744=FACE_BOUND('',#2559,.T.);
#745=FACE_BOUND('',#2560,.T.);
#746=FACE_BOUND('',#2561,.T.);
#747=FACE_BOUND('',#2562,.T.);
#748=FACE_BOUND('',#2563,.T.);
#749=FACE_BOUND('',#2564,.T.);
#750=FACE_BOUND('',#2565,.T.);
#751=FACE_BOUND('',#2566,.T.);
#752=FACE_BOUND('',#2567,.T.);
#753=FACE_BOUND('',#2568,.T.);
#754=FACE_BOUND('',#2569,.T.);
#755=FACE_BOUND('',#2570,.T.);
#756=FACE_BOUND('',#2571,.T.);
#757=FACE_BOUND('',#2572,.T.);
#758=FACE_BOUND('',#2573,.T.);
#759=FACE_BOUND('',#2574,.T.);
#760=FACE_BOUND('',#2575,.T.);
#761=FACE_BOUND('',#2576,.T.);
#762=FACE_BOUND('',#2577,.T.);
#763=FACE_BOUND('',#2578,.T.);
#764=FACE_BOUND('',#2579,.T.);
#765=FACE_BOUND('',#2580,.T.);
#766=FACE_BOUND('',#2581,.T.);
#767=FACE_BOUND('',#2582,.T.);
#768=FACE_BOUND('',#2583,.T.);
#769=FACE_BOUND('',#2584,.T.);
#770=FACE_BOUND('',#2585,.T.);
#771=FACE_BOUND('',#2586,.T.);
#772=FACE_BOUND('',#2587,.T.);
#773=FACE_BOUND('',#2588,.T.);
#774=FACE_BOUND('',#2589,.T.);
#775=FACE_BOUND('',#2590,.T.);
#776=FACE_BOUND('',#2591,.T.);
#777=FACE_BOUND('',#2592,.T.);
#778=FACE_BOUND('',#2593,.T.);
#779=FACE_BOUND('',#2594,.T.);
#780=FACE_BOUND('',#2595,.T.);
#781=FACE_BOUND('',#2596,.T.);
#782=FACE_BOUND('',#2597,.T.);
#783=FACE_BOUND('',#2598,.T.);
#784=FACE_BOUND('',#2599,.T.);
#785=FACE_BOUND('',#2600,.T.);
#786=FACE_BOUND('',#2601,.T.);
#787=FACE_BOUND('',#2602,.T.);
#788=FACE_BOUND('',#2603,.T.);
#789=FACE_BOUND('',#2604,.T.);
#790=FACE_BOUND('',#2605,.T.);
#791=FACE_BOUND('',#2606,.T.);
#792=FACE_BOUND('',#2607,.T.);
#793=FACE_BOUND('',#2608,.T.);
#794=FACE_BOUND('',#2609,.T.);
#795=FACE_BOUND('',#2610,.T.);
#796=FACE_BOUND('',#2611,.T.);
#797=FACE_BOUND('',#2612,.T.);
#798=FACE_BOUND('',#2613,.T.);
#799=FACE_BOUND('',#2614,.T.);
#800=FACE_BOUND('',#2615,.T.);
#801=FACE_BOUND('',#2616,.T.);
#802=FACE_BOUND('',#2617,.T.);
#803=FACE_BOUND('',#2618,.T.);
#804=FACE_BOUND('',#2619,.T.);
#805=FACE_BOUND('',#2620,.T.);
#806=FACE_BOUND('',#2621,.T.);
#807=FACE_BOUND('',#2622,.T.);
#808=FACE_BOUND('',#2623,.T.);
#809=FACE_BOUND('',#2624,.T.);
#810=FACE_BOUND('',#2625,.T.);
#811=FACE_BOUND('',#2626,.T.);
#812=FACE_BOUND('',#2627,.T.);
#813=FACE_BOUND('',#2628,.T.);
#814=FACE_BOUND('',#2629,.T.);
#815=FACE_BOUND('',#2630,.T.);
#816=FACE_BOUND('',#2631,.T.);
#817=FACE_BOUND('',#2632,.T.);
#818=FACE_BOUND('',#2633,.T.);
#819=FACE_BOUND('',#2634,.T.);
#820=FACE_BOUND('',#2635,.T.);
#821=FACE_BOUND('',#2636,.T.);
#822=FACE_BOUND('',#2637,.T.);
#823=FACE_BOUND('',#2638,.T.);
#824=FACE_BOUND('',#2639,.T.);
#825=FACE_BOUND('',#2640,.T.);
#826=FACE_BOUND('',#2641,.T.);
#827=FACE_BOUND('',#2642,.T.);
#828=FACE_BOUND('',#2643,.T.);
#829=FACE_BOUND('',#2644,.T.);
#830=FACE_BOUND('',#2645,.T.);
#831=FACE_BOUND('',#2646,.T.);
#832=CIRCLE('',#8116,2.25000000000001);
#833=CIRCLE('',#8117,2.25000000000001);
#834=CIRCLE('',#8118,2.25);
#835=CIRCLE('',#8119,2.25);
#836=CIRCLE('',#8120,2.25);
#837=CIRCLE('',#8121,2.25);
#838=CIRCLE('',#8122,2.25);
#839=CIRCLE('',#8123,2.25);
#840=CIRCLE('',#8124,2.25);
#841=CIRCLE('',#8125,2.25);
#842=CIRCLE('',#8126,2.25);
#843=CIRCLE('',#8127,2.25);
#844=CIRCLE('',#8128,2.25);
#845=CIRCLE('',#8129,2.25000000000001);
#846=CIRCLE('',#8130,2.25000000000001);
#847=CIRCLE('',#8131,2.25000000000001);
#848=CIRCLE('',#8132,2.25);
#849=CIRCLE('',#8133,2.25000000000001);
#850=CIRCLE('',#8134,2.25);
#851=CIRCLE('',#8135,2.25000000000001);
#852=CIRCLE('',#8136,2.25000000000001);
#853=CIRCLE('',#8137,2.25);
#854=CIRCLE('',#8138,2.25);
#855=CIRCLE('',#8139,2.25);
#856=CIRCLE('',#8140,2.25000000000001);
#857=CIRCLE('',#8141,2.25);
#858=CIRCLE('',#8142,2.25);
#859=CIRCLE('',#8143,2.25);
#860=CIRCLE('',#8144,2.25);
#861=CIRCLE('',#8145,2.25000000000001);
#862=CIRCLE('',#8146,2.25);
#863=CIRCLE('',#8147,2.25);
#864=CIRCLE('',#8149,2.25000000000001);
#865=CIRCLE('',#8150,2.25000000000001);
#866=CIRCLE('',#8151,2.25000000000001);
#867=CIRCLE('',#8152,2.25);
#868=CIRCLE('',#8153,2.25);
#869=CIRCLE('',#8154,2.25);
#870=CIRCLE('',#8155,2.25);
#871=CIRCLE('',#8156,2.25);
#872=CIRCLE('',#8157,2.25);
#873=CIRCLE('',#8158,2.25);
#874=CIRCLE('',#8159,2.25);
#875=CIRCLE('',#8160,2.25);
#876=CIRCLE('',#8161,2.25);
#877=CIRCLE('',#8162,2.25);
#878=CIRCLE('',#8163,2.25000000000001);
#879=CIRCLE('',#8164,2.25000000000001);
#880=CIRCLE('',#8165,2.25);
#881=CIRCLE('',#8166,2.25);
#882=CIRCLE('',#8167,2.25000000000001);
#883=CIRCLE('',#8168,2.25);
#884=CIRCLE('',#8169,2.25);
#885=CIRCLE('',#8170,2.25);
#886=CIRCLE('',#8171,2.25);
#887=CIRCLE('',#8172,2.25000000000001);
#888=CIRCLE('',#8173,2.25);
#889=CIRCLE('',#8174,2.25);
#890=CIRCLE('',#8175,2.25);
#891=CIRCLE('',#8176,2.25000000000001);
#892=CIRCLE('',#8177,2.25000000000001);
#893=CIRCLE('',#8178,2.25);
#894=CIRCLE('',#8179,2.25000000000001);
#895=CIRCLE('',#8180,2.25);
#896=CIRCLE('',#8201,2.25000000000001);
#897=CIRCLE('',#8202,2.25000000000001);
#898=CIRCLE('',#8203,2.25);
#899=CIRCLE('',#8204,2.25);
#900=CIRCLE('',#8205,2.25);
#901=CIRCLE('',#8206,2.25);
#902=CIRCLE('',#8207,2.25);
#903=CIRCLE('',#8208,2.25);
#904=CIRCLE('',#8209,2.25);
#905=CIRCLE('',#8210,2.25);
#906=CIRCLE('',#8211,2.25);
#907=CIRCLE('',#8212,2.25);
#908=CIRCLE('',#8213,2.25);
#909=CIRCLE('',#8214,2.25000000000001);
#910=CIRCLE('',#8215,2.25000000000001);
#911=CIRCLE('',#8216,2.25000000000001);
#912=CIRCLE('',#8217,2.25);
#913=CIRCLE('',#8218,2.25000000000001);
#914=CIRCLE('',#8219,2.25);
#915=CIRCLE('',#8220,2.25000000000001);
#916=CIRCLE('',#8221,2.25000000000001);
#917=CIRCLE('',#8222,2.25);
#918=CIRCLE('',#8223,2.25);
#919=CIRCLE('',#8224,2.25);
#920=CIRCLE('',#8225,2.25000000000001);
#921=CIRCLE('',#8226,2.25);
#922=CIRCLE('',#8227,2.25);
#923=CIRCLE('',#8228,2.25);
#924=CIRCLE('',#8229,2.25);
#925=CIRCLE('',#8230,2.25000000000001);
#926=CIRCLE('',#8231,2.25);
#927=CIRCLE('',#8232,2.25);
#928=CIRCLE('',#8235,2.25000000000001);
#929=CIRCLE('',#8236,2.25000000000001);
#930=CIRCLE('',#8237,2.25000000000001);
#931=CIRCLE('',#8238,2.25);
#932=CIRCLE('',#8239,2.25);
#933=CIRCLE('',#8240,2.25);
#934=CIRCLE('',#8241,2.25);
#935=CIRCLE('',#8242,2.25);
#936=CIRCLE('',#8243,2.25);
#937=CIRCLE('',#8244,2.25);
#938=CIRCLE('',#8245,2.25);
#939=CIRCLE('',#8246,2.25);
#940=CIRCLE('',#8247,2.25);
#941=CIRCLE('',#8248,2.25);
#942=CIRCLE('',#8249,2.25000000000001);
#943=CIRCLE('',#8250,2.25000000000001);
#944=CIRCLE('',#8251,2.25);
#945=CIRCLE('',#8252,2.25);
#946=CIRCLE('',#8253,2.25000000000001);
#947=CIRCLE('',#8254,2.25);
#948=CIRCLE('',#8255,2.25);
#949=CIRCLE('',#8256,2.25);
#950=CIRCLE('',#8257,2.25);
#951=CIRCLE('',#8258,2.25000000000001);
#952=CIRCLE('',#8259,2.25);
#953=CIRCLE('',#8260,2.25);
#954=CIRCLE('',#8261,2.25);
#955=CIRCLE('',#8262,2.25000000000001);
#956=CIRCLE('',#8263,2.25000000000001);
#957=CIRCLE('',#8264,2.25);
#958=CIRCLE('',#8265,2.25000000000001);
#959=CIRCLE('',#8266,2.25);
#960=CIRCLE('',#8269,2.25);
#961=CIRCLE('',#8271,2.25);
#962=CIRCLE('',#8273,2.25000000000001);
#963=CIRCLE('',#8275,2.25);
#964=CIRCLE('',#8277,2.25);
#965=CIRCLE('',#8279,2.25);
#966=CIRCLE('',#8281,2.25);
#967=CIRCLE('',#8283,2.25000000000001);
#968=CIRCLE('',#8285,2.25);
#969=CIRCLE('',#8287,2.25);
#970=CIRCLE('',#8289,2.25);
#971=CIRCLE('',#8291,2.25000000000001);
#972=CIRCLE('',#8293,2.25000000000001);
#973=CIRCLE('',#8295,2.25);
#974=CIRCLE('',#8297,2.25000000000001);
#975=CIRCLE('',#8299,2.25);
#976=CIRCLE('',#8301,2.25);
#977=CIRCLE('',#8303,2.25);
#978=CIRCLE('',#8305,2.25000000000001);
#979=CIRCLE('',#8307,2.25);
#980=CIRCLE('',#8309,2.25);
#981=CIRCLE('',#8311,2.25);
#982=CIRCLE('',#8313,2.25);
#983=CIRCLE('',#8315,2.25000000000001);
#984=CIRCLE('',#8317,2.25);
#985=CIRCLE('',#8319,2.25);
#986=CIRCLE('',#8321,2.25);
#987=CIRCLE('',#8323,2.25000000000001);
#988=CIRCLE('',#8325,2.25000000000001);
#989=CIRCLE('',#8327,2.25);
#990=CIRCLE('',#8329,2.25000000000001);
#991=CIRCLE('',#8331,2.25);
#992=CIRCLE('',#8343,2.25);
#993=CIRCLE('',#8344,2.25);
#994=CIRCLE('',#8346,2.25);
#995=CIRCLE('',#8347,2.25);
#996=CIRCLE('',#8349,2.25);
#997=CIRCLE('',#8350,2.25);
#998=CIRCLE('',#8352,2.25);
#999=CIRCLE('',#8353,2.25);
#1000=CIRCLE('',#8355,2.25000000000001);
#1001=CIRCLE('',#8356,2.25000000000001);
#1002=CIRCLE('',#8358,2.25000000000001);
#1003=CIRCLE('',#8359,2.25000000000001);
#1004=CIRCLE('',#8361,2.25);
#1005=CIRCLE('',#8362,2.25);
#1006=CIRCLE('',#8364,2.25);
#1007=CIRCLE('',#8365,2.25);
#1008=CIRCLE('',#8367,2.25);
#1009=CIRCLE('',#8368,2.25);
#1010=CIRCLE('',#8370,2.25);
#1011=CIRCLE('',#8371,2.25);
#1012=CIRCLE('',#8373,2.25);
#1013=CIRCLE('',#8374,2.25);
#1014=CIRCLE('',#8376,2.25);
#1015=CIRCLE('',#8377,2.25);
#1016=CIRCLE('',#8379,2.25);
#1017=CIRCLE('',#8380,2.25);
#1018=CIRCLE('',#8382,2.25);
#1019=CIRCLE('',#8383,2.25);
#1020=CIRCLE('',#8385,2.25);
#1021=CIRCLE('',#8386,2.25);
#1022=CIRCLE('',#8388,2.25);
#1023=CIRCLE('',#8389,2.25);
#1024=CIRCLE('',#8391,2.25);
#1025=CIRCLE('',#8392,2.25);
#1026=CIRCLE('',#8394,2.25);
#1027=CIRCLE('',#8395,2.25);
#1028=CIRCLE('',#8397,2.25);
#1029=CIRCLE('',#8398,2.25);
#1030=CIRCLE('',#8400,2.25);
#1031=CIRCLE('',#8401,2.25);
#1032=CIRCLE('',#8403,2.25000000000001);
#1033=CIRCLE('',#8404,2.25000000000001);
#1034=CIRCLE('',#8406,2.25000000000001);
#1035=CIRCLE('',#8407,2.25000000000001);
#1036=CIRCLE('',#8409,2.25000000000001);
#1037=CIRCLE('',#8410,2.25000000000001);
#1038=CIRCLE('',#8412,2.25000000000001);
#1039=CIRCLE('',#8413,2.25000000000001);
#1040=CIRCLE('',#8415,2.25);
#1041=CIRCLE('',#8416,2.25);
#1042=CIRCLE('',#8418,2.25);
#1043=CIRCLE('',#8419,2.25);
#1044=CIRCLE('',#8421,2.25000000000001);
#1045=CIRCLE('',#8422,2.25000000000001);
#1046=CIRCLE('',#8424,2.25000000000001);
#1047=CIRCLE('',#8425,2.25000000000001);
#1048=CIRCLE('',#8427,2.25000000000001);
#1049=CIRCLE('',#8428,2.25000000000001);
#1050=CIRCLE('',#8430,2.25000000000001);
#1051=CIRCLE('',#8431,2.25000000000001);
#1052=CIRCLE('',#8433,2.25);
#1053=CIRCLE('',#8434,2.25);
#1054=CIRCLE('',#8436,2.25);
#1055=CIRCLE('',#8437,2.25);
#1056=CIRCLE('',#8439,2.25);
#1057=CIRCLE('',#8441,2.25);
#1058=CIRCLE('',#8443,2.25000000000001);
#1059=CIRCLE('',#8444,2.25000000000001);
#1060=CIRCLE('',#8446,2.25000000000001);
#1061=CIRCLE('',#8447,2.25000000000001);
#1062=CIRCLE('',#8449,2.25);
#1063=CIRCLE('',#8451,2.25);
#1064=CIRCLE('',#8453,2.25000000000001);
#1065=CIRCLE('',#8454,2.25000000000001);
#1066=CIRCLE('',#8456,2.25000000000001);
#1067=CIRCLE('',#8457,2.25000000000001);
#1068=CIRCLE('',#8459,2.25000000000001);
#1069=CIRCLE('',#8460,2.25000000000001);
#1070=CIRCLE('',#8462,2.25000000000001);
#1071=CIRCLE('',#8463,2.25000000000001);
#1072=CIRCLE('',#8465,2.25);
#1073=CIRCLE('',#8466,2.25);
#1074=CIRCLE('',#8468,2.25);
#1075=CIRCLE('',#8469,2.25);
#1076=CIRCLE('',#8471,2.25000000000001);
#1077=CIRCLE('',#8472,2.25000000000001);
#1078=CIRCLE('',#8474,2.25000000000001);
#1079=CIRCLE('',#8475,2.25000000000001);
#1080=CIRCLE('',#8477,2.25);
#1081=CIRCLE('',#8478,2.25);
#1082=CIRCLE('',#8480,2.25);
#1083=CIRCLE('',#8481,2.25);
#1084=CIRCLE('',#8483,2.25000000000001);
#1085=CIRCLE('',#8484,2.25000000000001);
#1086=CIRCLE('',#8486,2.25000000000001);
#1087=CIRCLE('',#8487,2.25000000000001);
#1088=CIRCLE('',#8489,2.25000000000001);
#1089=CIRCLE('',#8491,2.25000000000001);
#1090=CIRCLE('',#8493,2.25);
#1091=CIRCLE('',#8495,2.25);
#1092=CIRCLE('',#8497,2.25000000000001);
#1093=CIRCLE('',#8498,2.25000000000001);
#1094=CIRCLE('',#8500,2.25000000000001);
#1095=CIRCLE('',#8501,2.25000000000001);
#1096=CIRCLE('',#8503,2.25);
#1097=CIRCLE('',#8504,2.25);
#1098=CIRCLE('',#8506,2.25);
#1099=CIRCLE('',#8507,2.25);
#1100=CIRCLE('',#8509,2.25000000000001);
#1101=CIRCLE('',#8510,2.25000000000001);
#1102=CIRCLE('',#8512,2.25000000000001);
#1103=CIRCLE('',#8513,2.25000000000001);
#1104=CIRCLE('',#8515,2.25);
#1105=CIRCLE('',#8516,2.25);
#1106=CIRCLE('',#8518,2.25);
#1107=CIRCLE('',#8519,2.25);
#1108=CIRCLE('',#8521,2.25);
#1109=CIRCLE('',#8522,2.25);
#1110=CIRCLE('',#8524,2.25);
#1111=CIRCLE('',#8525,2.25);
#1112=CIRCLE('',#8527,2.25000000000001);
#1113=CIRCLE('',#8528,2.25000000000001);
#1114=CIRCLE('',#8530,2.25000000000001);
#1115=CIRCLE('',#8531,2.25000000000001);
#1116=CIRCLE('',#8533,2.25000000000001);
#1117=CIRCLE('',#8534,2.25000000000001);
#1118=CIRCLE('',#8536,2.25000000000001);
#1119=CIRCLE('',#8537,2.25000000000001);
#1120=CIRCLE('',#8539,2.25000000000001);
#1121=CIRCLE('',#8540,2.25000000000001);
#1122=CIRCLE('',#8542,2.25000000000001);
#1123=CIRCLE('',#8543,2.25000000000001);
#1124=CIRCLE('',#8545,2.25);
#1125=CIRCLE('',#8547,2.25);
#1126=CIRCLE('',#8549,2.25);
#1127=CIRCLE('',#8551,2.25);
#1128=CIRCLE('',#8553,2.25);
#1129=CIRCLE('',#8555,2.25);
#1130=CIRCLE('',#8557,2.25000000000001);
#1131=CIRCLE('',#8559,2.25000000000001);
#1132=CIRCLE('',#8561,2.25);
#1133=CIRCLE('',#8562,2.25);
#1134=CIRCLE('',#8564,2.25);
#1135=CIRCLE('',#8565,2.25);
#1136=CIRCLE('',#8567,2.25);
#1137=CIRCLE('',#8568,2.25);
#1138=CIRCLE('',#8570,2.25);
#1139=CIRCLE('',#8571,2.25);
#1140=CIRCLE('',#8573,2.25);
#1141=CIRCLE('',#8574,2.25);
#1142=CIRCLE('',#8576,2.25);
#1143=CIRCLE('',#8577,2.25);
#1144=CIRCLE('',#8579,2.25);
#1145=CIRCLE('',#8580,2.25);
#1146=CIRCLE('',#8582,2.25);
#1147=CIRCLE('',#8583,2.25);
#1148=CIRCLE('',#8585,2.25);
#1149=CIRCLE('',#8586,2.25);
#1150=CIRCLE('',#8588,2.25);
#1151=CIRCLE('',#8589,2.25);
#1152=CIRCLE('',#8591,2.25);
#1153=CIRCLE('',#8592,2.25);
#1154=CIRCLE('',#8594,2.25);
#1155=CIRCLE('',#8595,2.25);
#1156=CIRCLE('',#8597,2.25);
#1157=CIRCLE('',#8598,2.25);
#1158=CIRCLE('',#8600,2.25);
#1159=CIRCLE('',#8601,2.25);
#1160=CIRCLE('',#8603,2.25);
#1161=CIRCLE('',#8604,2.25);
#1162=CIRCLE('',#8606,2.25);
#1163=CIRCLE('',#8607,2.25);
#1164=CIRCLE('',#8609,2.25);
#1165=CIRCLE('',#8610,2.25);
#1166=CIRCLE('',#8612,2.25);
#1167=CIRCLE('',#8613,2.25);
#1168=CIRCLE('',#8615,2.25);
#1169=CIRCLE('',#8616,2.25);
#1170=CIRCLE('',#8618,2.25);
#1171=CIRCLE('',#8619,2.25);
#1172=CIRCLE('',#8621,2.25000000000001);
#1173=CIRCLE('',#8622,2.25000000000001);
#1174=CIRCLE('',#8624,2.25000000000001);
#1175=CIRCLE('',#8625,2.25000000000001);
#1176=CIRCLE('',#8627,2.25);
#1177=CIRCLE('',#8628,2.25);
#1178=CIRCLE('',#8630,2.25);
#1179=CIRCLE('',#8631,2.25);
#1180=CIRCLE('',#8633,2.25000000000001);
#1181=CIRCLE('',#8634,2.25000000000001);
#1182=CIRCLE('',#8636,2.25000000000001);
#1183=CIRCLE('',#8637,2.25000000000001);
#1184=CIRCLE('',#8639,2.25000000000001);
#1185=CIRCLE('',#8640,2.25000000000001);
#1186=CIRCLE('',#8642,2.25000000000001);
#1187=CIRCLE('',#8643,2.25000000000001);
#1188=CIRCLE('',#8645,2.25);
#1189=CIRCLE('',#8646,2.25);
#1190=CIRCLE('',#8648,2.25);
#1191=CIRCLE('',#8649,2.25);
#1192=CIRCLE('',#8651,2.25);
#1193=CIRCLE('',#8652,2.25);
#1194=CIRCLE('',#8654,2.25);
#1195=CIRCLE('',#8655,2.25);
#1196=CIRCLE('',#8657,2.25);
#1197=CIRCLE('',#8658,2.25);
#1198=CIRCLE('',#8660,2.25);
#1199=CIRCLE('',#8661,2.25);
#1200=CIRCLE('',#8663,2.25);
#1201=CIRCLE('',#8664,2.25);
#1202=CIRCLE('',#8666,2.25);
#1203=CIRCLE('',#8667,2.25);
#1204=CIRCLE('',#8669,2.25);
#1205=CIRCLE('',#8670,2.25);
#1206=CIRCLE('',#8672,2.25);
#1207=CIRCLE('',#8673,2.25);
#1208=CIRCLE('',#8675,2.25);
#1209=CIRCLE('',#8676,2.25);
#1210=CIRCLE('',#8678,2.25);
#1211=CIRCLE('',#8679,2.25);
#1212=CIRCLE('',#8681,2.25);
#1213=CIRCLE('',#8682,2.25);
#1214=CIRCLE('',#8684,2.25);
#1215=CIRCLE('',#8685,2.25);
#1216=CIRCLE('',#8687,2.25);
#1217=CIRCLE('',#8688,2.25);
#1218=CIRCLE('',#8690,2.25);
#1219=CIRCLE('',#8691,2.25);
#1220=CIRCLE('',#8693,2.25);
#1221=CIRCLE('',#8694,2.25);
#1222=CIRCLE('',#8696,2.25);
#1223=CIRCLE('',#8697,2.25);
#1224=CIRCLE('',#8699,2.25);
#1225=CIRCLE('',#8700,2.25);
#1226=CIRCLE('',#8702,2.25);
#1227=CIRCLE('',#8703,2.25);
#1228=CIRCLE('',#8705,2.25);
#1229=CIRCLE('',#8706,2.25);
#1230=CIRCLE('',#8708,2.25);
#1231=CIRCLE('',#8709,2.25);
#1232=CIRCLE('',#8711,2.25);
#1233=CIRCLE('',#8712,2.25);
#1234=CIRCLE('',#8714,2.25);
#1235=CIRCLE('',#8715,2.25);
#1236=CIRCLE('',#8717,2.25);
#1237=CIRCLE('',#8718,2.25);
#1238=CIRCLE('',#8720,2.25);
#1239=CIRCLE('',#8721,2.25);
#1240=CIRCLE('',#8723,2.25);
#1241=CIRCLE('',#8724,2.25);
#1242=CIRCLE('',#8726,2.25);
#1243=CIRCLE('',#8727,2.25);
#1244=CIRCLE('',#8729,2.25);
#1245=CIRCLE('',#8730,2.25);
#1246=CIRCLE('',#8732,2.25);
#1247=CIRCLE('',#8733,2.25);
#1248=CIRCLE('',#8735,2.25);
#1249=CIRCLE('',#8736,2.25);
#1250=CIRCLE('',#8738,2.25);
#1251=CIRCLE('',#8739,2.25);
#1252=CIRCLE('',#8741,2.25);
#1253=CIRCLE('',#8742,2.25);
#1254=CIRCLE('',#8744,2.25);
#1255=CIRCLE('',#8745,2.25);
#1256=CIRCLE('',#8747,2.25);
#1257=CIRCLE('',#8748,2.25);
#1258=CIRCLE('',#8750,2.25);
#1259=CIRCLE('',#8751,2.25);
#1260=CIRCLE('',#8753,2.25);
#1261=CIRCLE('',#8755,2.25);
#1262=CIRCLE('',#8757,2.25);
#1263=CIRCLE('',#8759,2.25);
#1264=CIRCLE('',#8761,2.25000000000001);
#1265=CIRCLE('',#8762,2.25000000000001);
#1266=CIRCLE('',#8764,2.25000000000001);
#1267=CIRCLE('',#8765,2.25000000000001);
#1268=CIRCLE('',#8767,2.25);
#1269=CIRCLE('',#8768,2.25);
#1270=CIRCLE('',#8770,2.25);
#1271=CIRCLE('',#8771,2.25);
#1272=CIRCLE('',#8773,2.25000000000001);
#1273=CIRCLE('',#8774,2.25000000000001);
#1274=CIRCLE('',#8776,2.25000000000001);
#1275=CIRCLE('',#8777,2.25000000000001);
#1276=CIRCLE('',#8779,2.25);
#1277=CIRCLE('',#8780,2.25);
#1278=CIRCLE('',#8782,2.25);
#1279=CIRCLE('',#8783,2.25);
#1280=CIRCLE('',#8785,2.25);
#1281=CIRCLE('',#8787,2.25);
#1282=CIRCLE('',#8789,2.25);
#1283=CIRCLE('',#8790,2.25);
#1284=CIRCLE('',#8792,2.25);
#1285=CIRCLE('',#8793,2.25);
#1286=CIRCLE('',#8795,2.25000000000001);
#1287=CIRCLE('',#8796,2.25000000000001);
#1288=CIRCLE('',#8798,2.25000000000001);
#1289=CIRCLE('',#8799,2.25000000000001);
#1290=CIRCLE('',#8801,2.25000000000001);
#1291=CIRCLE('',#8802,2.25000000000001);
#1292=CIRCLE('',#8804,2.25000000000001);
#1293=CIRCLE('',#8805,2.25000000000001);
#1294=CIRCLE('',#8807,2.25000000000001);
#1295=CIRCLE('',#8808,2.25000000000001);
#1296=CIRCLE('',#8810,2.25000000000001);
#1297=CIRCLE('',#8811,2.25000000000001);
#1298=CIRCLE('',#8813,2.25000000000001);
#1299=CIRCLE('',#8814,2.25000000000001);
#1300=CIRCLE('',#8816,2.25000000000001);
#1301=CIRCLE('',#8817,2.25000000000001);
#1302=CIRCLE('',#8819,2.25);
#1303=CIRCLE('',#8820,2.25);
#1304=CIRCLE('',#8822,2.25);
#1305=CIRCLE('',#8823,2.25);
#1306=CIRCLE('',#8825,2.25000000000001);
#1307=CIRCLE('',#8827,2.25000000000001);
#1308=CIRCLE('',#8829,2.25000000000001);
#1309=CIRCLE('',#8830,2.25000000000001);
#1310=CIRCLE('',#8832,2.25000000000001);
#1311=CIRCLE('',#8833,2.25000000000001);
#1312=CIRCLE('',#8835,2.25000000000001);
#1313=CIRCLE('',#8837,2.25000000000001);
#1314=CIRCLE('',#8839,2.25000000000001);
#1315=CIRCLE('',#8840,2.25000000000001);
#1316=CIRCLE('',#8842,2.25000000000001);
#1317=CIRCLE('',#8843,2.25000000000001);
#1318=CIRCLE('',#8845,2.25000000000001);
#1319=CIRCLE('',#8846,2.25000000000001);
#1320=CIRCLE('',#8848,2.25000000000001);
#1321=CIRCLE('',#8849,2.25000000000001);
#1322=CIRCLE('',#8851,2.25);
#1323=CIRCLE('',#8853,2.25);
#1324=CIRCLE('',#8855,2.25);
#1325=CIRCLE('',#8856,2.25);
#1326=CIRCLE('',#8858,2.25);
#1327=CIRCLE('',#8859,2.25);
#1328=CIRCLE('',#8861,2.25);
#1329=CIRCLE('',#8862,2.25);
#1330=CIRCLE('',#8864,2.25);
#1331=CIRCLE('',#8865,2.25);
#1332=CIRCLE('',#8867,2.25000000000001);
#1333=CIRCLE('',#8869,2.25000000000001);
#1334=CIRCLE('',#8871,2.25);
#1335=CIRCLE('',#8872,2.25);
#1336=CIRCLE('',#8874,2.25);
#1337=CIRCLE('',#8875,2.25);
#1338=CIRCLE('',#8877,2.25);
#1339=CIRCLE('',#8879,2.25);
#1340=CIRCLE('',#8881,2.25);
#1341=CIRCLE('',#8882,2.25);
#1342=CIRCLE('',#8884,2.25);
#1343=CIRCLE('',#8885,2.25);
#1344=CIRCLE('',#8887,2.25);
#1345=CIRCLE('',#8888,2.25);
#1346=CIRCLE('',#8890,2.25);
#1347=CIRCLE('',#8891,2.25);
#1348=CIRCLE('',#8893,2.25);
#1349=CIRCLE('',#8894,2.25);
#1350=CIRCLE('',#8896,2.25);
#1351=CIRCLE('',#8897,2.25);
#1352=CIRCLE('',#8899,2.25);
#1353=CIRCLE('',#8900,2.25);
#1354=CIRCLE('',#8902,2.25);
#1355=CIRCLE('',#8903,2.25);
#1356=CIRCLE('',#8905,2.25000000000001);
#1357=CIRCLE('',#8906,2.25000000000001);
#1358=CIRCLE('',#8908,2.25000000000001);
#1359=CIRCLE('',#8909,2.25000000000001);
#1360=CIRCLE('',#8911,2.25);
#1361=CIRCLE('',#8912,2.25);
#1362=CIRCLE('',#8914,2.25);
#1363=CIRCLE('',#8915,2.25);
#1364=CIRCLE('',#8917,2.25);
#1365=CIRCLE('',#8918,2.25);
#1366=CIRCLE('',#8920,2.25);
#1367=CIRCLE('',#8921,2.25);
#1368=CIRCLE('',#8923,2.25000000000001);
#1369=CIRCLE('',#8924,2.25000000000001);
#1370=CIRCLE('',#8926,2.25000000000001);
#1371=CIRCLE('',#8927,2.25000000000001);
#1372=CIRCLE('',#8929,2.25);
#1373=CIRCLE('',#8930,2.25);
#1374=CIRCLE('',#8932,2.25);
#1375=CIRCLE('',#8933,2.25);
#1376=CIRCLE('',#8935,2.25);
#1377=CIRCLE('',#8936,2.25);
#1378=CIRCLE('',#8938,2.25);
#1379=CIRCLE('',#8939,2.25);
#1380=CIRCLE('',#8941,2.25);
#1381=CIRCLE('',#8942,2.25);
#1382=CIRCLE('',#8944,2.25);
#1383=CIRCLE('',#8945,2.25);
#1384=CIRCLE('',#8947,2.25000000000001);
#1385=CIRCLE('',#8948,2.25000000000001);
#1386=CIRCLE('',#8950,2.25000000000001);
#1387=CIRCLE('',#8951,2.25000000000001);
#1388=CIRCLE('',#8953,2.25);
#1389=CIRCLE('',#8954,2.25);
#1390=CIRCLE('',#8956,2.25);
#1391=CIRCLE('',#8957,2.25);
#1392=CIRCLE('',#8959,2.25);
#1393=CIRCLE('',#8960,2.25);
#1394=CIRCLE('',#8962,2.25);
#1395=CIRCLE('',#8963,2.25);
#1396=CIRCLE('',#8965,2.25);
#1397=CIRCLE('',#8966,2.25);
#1398=CIRCLE('',#8968,2.25);
#1399=CIRCLE('',#8969,2.25);
#1400=CIRCLE('',#8971,2.25);
#1401=CIRCLE('',#8972,2.25);
#1402=CIRCLE('',#8974,2.25);
#1403=CIRCLE('',#8975,2.25);
#1404=CIRCLE('',#8977,2.25);
#1405=CIRCLE('',#8978,2.25);
#1406=CIRCLE('',#8980,2.25);
#1407=CIRCLE('',#8981,2.25);
#1408=CIRCLE('',#8983,5.);
#1409=CIRCLE('',#8984,5.);
#1410=CIRCLE('',#8987,5.);
#1411=CIRCLE('',#8988,5.);
#1412=CIRCLE('',#8989,5.);
#1413=CIRCLE('',#8991,5.);
#1414=CIRCLE('',#8994,5.);
#1415=CIRCLE('',#8995,5.);
#1416=FACE_OUTER_BOUND('',#1754,.T.);
#1417=FACE_OUTER_BOUND('',#1755,.T.);
#1418=FACE_OUTER_BOUND('',#1756,.T.);
#1419=FACE_OUTER_BOUND('',#1757,.T.);
#1420=FACE_OUTER_BOUND('',#1758,.T.);
#1421=FACE_OUTER_BOUND('',#1759,.T.);
#1422=FACE_OUTER_BOUND('',#1760,.T.);
#1423=FACE_OUTER_BOUND('',#1761,.T.);
#1424=FACE_OUTER_BOUND('',#1762,.T.);
#1425=FACE_OUTER_BOUND('',#1763,.T.);
#1426=FACE_OUTER_BOUND('',#1764,.T.);
#1427=FACE_OUTER_BOUND('',#1765,.T.);
#1428=FACE_OUTER_BOUND('',#1766,.T.);
#1429=FACE_OUTER_BOUND('',#1767,.T.);
#1430=FACE_OUTER_BOUND('',#1768,.T.);
#1431=FACE_OUTER_BOUND('',#1769,.T.);
#1432=FACE_OUTER_BOUND('',#1770,.T.);
#1433=FACE_OUTER_BOUND('',#1771,.T.);
#1434=FACE_OUTER_BOUND('',#1788,.T.);
#1435=FACE_OUTER_BOUND('',#1805,.T.);
#1436=FACE_OUTER_BOUND('',#1806,.T.);
#1437=FACE_OUTER_BOUND('',#1807,.T.);
#1438=FACE_OUTER_BOUND('',#1808,.T.);
#1439=FACE_OUTER_BOUND('',#1809,.T.);
#1440=FACE_OUTER_BOUND('',#1810,.T.);
#1441=FACE_OUTER_BOUND('',#1811,.T.);
#1442=FACE_OUTER_BOUND('',#1812,.T.);
#1443=FACE_OUTER_BOUND('',#1813,.T.);
#1444=FACE_OUTER_BOUND('',#1814,.T.);
#1445=FACE_OUTER_BOUND('',#1815,.T.);
#1446=FACE_OUTER_BOUND('',#1816,.T.);
#1447=FACE_OUTER_BOUND('',#1817,.T.);
#1448=FACE_OUTER_BOUND('',#1818,.T.);
#1449=FACE_OUTER_BOUND('',#1819,.T.);
#1450=FACE_OUTER_BOUND('',#1820,.T.);
#1451=FACE_OUTER_BOUND('',#1821,.T.);
#1452=FACE_OUTER_BOUND('',#1822,.T.);
#1453=FACE_OUTER_BOUND('',#1823,.T.);
#1454=FACE_OUTER_BOUND('',#1824,.T.);
#1455=FACE_OUTER_BOUND('',#1841,.T.);
#1456=FACE_OUTER_BOUND('',#1842,.T.);
#1457=FACE_OUTER_BOUND('',#1859,.T.);
#1458=FACE_OUTER_BOUND('',#1860,.T.);
#1459=FACE_OUTER_BOUND('',#1861,.T.);
#1460=FACE_OUTER_BOUND('',#1862,.T.);
#1461=FACE_OUTER_BOUND('',#1863,.T.);
#1462=FACE_OUTER_BOUND('',#1864,.T.);
#1463=FACE_OUTER_BOUND('',#1865,.T.);
#1464=FACE_OUTER_BOUND('',#1866,.T.);
#1465=FACE_OUTER_BOUND('',#1867,.T.);
#1466=FACE_OUTER_BOUND('',#1868,.T.);
#1467=FACE_OUTER_BOUND('',#1869,.T.);
#1468=FACE_OUTER_BOUND('',#1870,.T.);
#1469=FACE_OUTER_BOUND('',#1871,.T.);
#1470=FACE_OUTER_BOUND('',#1872,.T.);
#1471=FACE_OUTER_BOUND('',#1873,.T.);
#1472=FACE_OUTER_BOUND('',#1874,.T.);
#1473=FACE_OUTER_BOUND('',#1875,.T.);
#1474=FACE_OUTER_BOUND('',#1876,.T.);
#1475=FACE_OUTER_BOUND('',#1877,.T.);
#1476=FACE_OUTER_BOUND('',#1878,.T.);
#1477=FACE_OUTER_BOUND('',#1879,.T.);
#1478=FACE_OUTER_BOUND('',#1880,.T.);
#1479=FACE_OUTER_BOUND('',#1881,.T.);
#1480=FACE_OUTER_BOUND('',#1882,.T.);
#1481=FACE_OUTER_BOUND('',#1883,.T.);
#1482=FACE_OUTER_BOUND('',#1884,.T.);
#1483=FACE_OUTER_BOUND('',#1885,.T.);
#1484=FACE_OUTER_BOUND('',#1886,.T.);
#1485=FACE_OUTER_BOUND('',#1887,.T.);
#1486=FACE_OUTER_BOUND('',#1888,.T.);
#1487=FACE_OUTER_BOUND('',#1889,.T.);
#1488=FACE_OUTER_BOUND('',#1890,.T.);
#1489=FACE_OUTER_BOUND('',#1891,.T.);
#1490=FACE_OUTER_BOUND('',#1892,.T.);
#1491=FACE_OUTER_BOUND('',#1893,.T.);
#1492=FACE_OUTER_BOUND('',#1894,.T.);
#1493=FACE_OUTER_BOUND('',#1895,.T.);
#1494=FACE_OUTER_BOUND('',#1896,.T.);
#1495=FACE_OUTER_BOUND('',#1897,.T.);
#1496=FACE_OUTER_BOUND('',#1898,.T.);
#1497=FACE_OUTER_BOUND('',#1899,.T.);
#1498=FACE_OUTER_BOUND('',#1900,.T.);
#1499=FACE_OUTER_BOUND('',#1901,.T.);
#1500=FACE_OUTER_BOUND('',#1902,.T.);
#1501=FACE_OUTER_BOUND('',#1903,.T.);
#1502=FACE_OUTER_BOUND('',#1904,.T.);
#1503=FACE_OUTER_BOUND('',#1905,.T.);
#1504=FACE_OUTER_BOUND('',#1906,.T.);
#1505=FACE_OUTER_BOUND('',#1907,.T.);
#1506=FACE_OUTER_BOUND('',#1908,.T.);
#1507=FACE_OUTER_BOUND('',#1909,.T.);
#1508=FACE_OUTER_BOUND('',#1910,.T.);
#1509=FACE_OUTER_BOUND('',#1911,.T.);
#1510=FACE_OUTER_BOUND('',#1912,.T.);
#1511=FACE_OUTER_BOUND('',#1913,.T.);
#1512=FACE_OUTER_BOUND('',#1914,.T.);
#1513=FACE_OUTER_BOUND('',#1915,.T.);
#1514=FACE_OUTER_BOUND('',#1916,.T.);
#1515=FACE_OUTER_BOUND('',#1917,.T.);
#1516=FACE_OUTER_BOUND('',#1918,.T.);
#1517=FACE_OUTER_BOUND('',#1919,.T.);
#1518=FACE_OUTER_BOUND('',#1920,.T.);
#1519=FACE_OUTER_BOUND('',#1921,.T.);
#1520=FACE_OUTER_BOUND('',#1922,.T.);
#1521=FACE_OUTER_BOUND('',#1923,.T.);
#1522=FACE_OUTER_BOUND('',#1924,.T.);
#1523=FACE_OUTER_BOUND('',#1925,.T.);
#1524=FACE_OUTER_BOUND('',#1926,.T.);
#1525=FACE_OUTER_BOUND('',#1927,.T.);
#1526=FACE_OUTER_BOUND('',#1928,.T.);
#1527=FACE_OUTER_BOUND('',#1930,.T.);
#1528=FACE_OUTER_BOUND('',#1932,.T.);
#1529=FACE_OUTER_BOUND('',#1933,.T.);
#1530=FACE_OUTER_BOUND('',#1934,.T.);
#1531=FACE_OUTER_BOUND('',#1935,.T.);
#1532=FACE_OUTER_BOUND('',#1936,.T.);
#1533=FACE_OUTER_BOUND('',#1937,.T.);
#1534=FACE_OUTER_BOUND('',#1938,.T.);
#1535=FACE_OUTER_BOUND('',#1939,.T.);
#1536=FACE_OUTER_BOUND('',#1940,.T.);
#1537=FACE_OUTER_BOUND('',#1941,.T.);
#1538=FACE_OUTER_BOUND('',#1942,.T.);
#1539=FACE_OUTER_BOUND('',#1943,.T.);
#1540=FACE_OUTER_BOUND('',#1944,.T.);
#1541=FACE_OUTER_BOUND('',#1945,.T.);
#1542=FACE_OUTER_BOUND('',#1946,.T.);
#1543=FACE_OUTER_BOUND('',#1947,.T.);
#1544=FACE_OUTER_BOUND('',#1948,.T.);
#1545=FACE_OUTER_BOUND('',#1949,.T.);
#1546=FACE_OUTER_BOUND('',#1950,.T.);
#1547=FACE_OUTER_BOUND('',#1951,.T.);
#1548=FACE_OUTER_BOUND('',#1952,.T.);
#1549=FACE_OUTER_BOUND('',#1953,.T.);
#1550=FACE_OUTER_BOUND('',#1954,.T.);
#1551=FACE_OUTER_BOUND('',#1955,.T.);
#1552=FACE_OUTER_BOUND('',#1956,.T.);
#1553=FACE_OUTER_BOUND('',#1957,.T.);
#1554=FACE_OUTER_BOUND('',#1958,.T.);
#1555=FACE_OUTER_BOUND('',#1959,.T.);
#1556=FACE_OUTER_BOUND('',#1960,.T.);
#1557=FACE_OUTER_BOUND('',#1961,.T.);
#1558=FACE_OUTER_BOUND('',#1962,.T.);
#1559=FACE_OUTER_BOUND('',#1964,.T.);
#1560=FACE_OUTER_BOUND('',#1966,.T.);
#1561=FACE_OUTER_BOUND('',#1968,.T.);
#1562=FACE_OUTER_BOUND('',#1970,.T.);
#1563=FACE_OUTER_BOUND('',#1971,.T.);
#1564=FACE_OUTER_BOUND('',#1972,.T.);
#1565=FACE_OUTER_BOUND('',#1973,.T.);
#1566=FACE_OUTER_BOUND('',#1974,.T.);
#1567=FACE_OUTER_BOUND('',#1975,.T.);
#1568=FACE_OUTER_BOUND('',#1976,.T.);
#1569=FACE_OUTER_BOUND('',#1977,.T.);
#1570=FACE_OUTER_BOUND('',#1978,.T.);
#1571=FACE_OUTER_BOUND('',#1979,.T.);
#1572=FACE_OUTER_BOUND('',#1980,.T.);
#1573=FACE_OUTER_BOUND('',#1981,.T.);
#1574=FACE_OUTER_BOUND('',#1982,.T.);
#1575=FACE_OUTER_BOUND('',#1983,.T.);
#1576=FACE_OUTER_BOUND('',#1984,.T.);
#1577=FACE_OUTER_BOUND('',#1985,.T.);
#1578=FACE_OUTER_BOUND('',#1986,.T.);
#1579=FACE_OUTER_BOUND('',#1987,.T.);
#1580=FACE_OUTER_BOUND('',#1988,.T.);
#1581=FACE_OUTER_BOUND('',#1990,.T.);
#1582=FACE_OUTER_BOUND('',#1992,.T.);
#1583=FACE_OUTER_BOUND('',#1994,.T.);
#1584=FACE_OUTER_BOUND('',#1996,.T.);
#1585=FACE_OUTER_BOUND('',#1997,.T.);
#1586=FACE_OUTER_BOUND('',#1998,.T.);
#1587=FACE_OUTER_BOUND('',#2000,.T.);
#1588=FACE_OUTER_BOUND('',#2002,.T.);
#1589=FACE_OUTER_BOUND('',#2003,.T.);
#1590=FACE_OUTER_BOUND('',#2004,.T.);
#1591=FACE_OUTER_BOUND('',#2006,.T.);
#1592=FACE_OUTER_BOUND('',#2008,.T.);
#1593=FACE_OUTER_BOUND('',#2010,.T.);
#1594=FACE_OUTER_BOUND('',#2012,.T.);
#1595=FACE_OUTER_BOUND('',#2013,.T.);
#1596=FACE_OUTER_BOUND('',#2014,.T.);
#1597=FACE_OUTER_BOUND('',#2015,.T.);
#1598=FACE_OUTER_BOUND('',#2016,.T.);
#1599=FACE_OUTER_BOUND('',#2017,.T.);
#1600=FACE_OUTER_BOUND('',#2018,.T.);
#1601=FACE_OUTER_BOUND('',#2019,.T.);
#1602=FACE_OUTER_BOUND('',#2020,.T.);
#1603=FACE_OUTER_BOUND('',#2021,.T.);
#1604=FACE_OUTER_BOUND('',#2022,.T.);
#1605=FACE_OUTER_BOUND('',#2023,.T.);
#1606=FACE_OUTER_BOUND('',#2024,.T.);
#1607=FACE_OUTER_BOUND('',#2025,.T.);
#1608=FACE_OUTER_BOUND('',#2026,.T.);
#1609=FACE_OUTER_BOUND('',#2027,.T.);
#1610=FACE_OUTER_BOUND('',#2028,.T.);
#1611=FACE_OUTER_BOUND('',#2029,.T.);
#1612=FACE_OUTER_BOUND('',#2030,.T.);
#1613=FACE_OUTER_BOUND('',#2031,.T.);
#1614=FACE_OUTER_BOUND('',#2032,.T.);
#1615=FACE_OUTER_BOUND('',#2033,.T.);
#1616=FACE_OUTER_BOUND('',#2034,.T.);
#1617=FACE_OUTER_BOUND('',#2035,.T.);
#1618=FACE_OUTER_BOUND('',#2036,.T.);
#1619=FACE_OUTER_BOUND('',#2037,.T.);
#1620=FACE_OUTER_BOUND('',#2038,.T.);
#1621=FACE_OUTER_BOUND('',#2039,.T.);
#1622=FACE_OUTER_BOUND('',#2040,.T.);
#1623=FACE_OUTER_BOUND('',#2041,.T.);
#1624=FACE_OUTER_BOUND('',#2042,.T.);
#1625=FACE_OUTER_BOUND('',#2043,.T.);
#1626=FACE_OUTER_BOUND('',#2044,.T.);
#1627=FACE_OUTER_BOUND('',#2045,.T.);
#1628=FACE_OUTER_BOUND('',#2046,.T.);
#1629=FACE_OUTER_BOUND('',#2047,.T.);
#1630=FACE_OUTER_BOUND('',#2048,.T.);
#1631=FACE_OUTER_BOUND('',#2050,.T.);
#1632=FACE_OUTER_BOUND('',#2052,.T.);
#1633=FACE_OUTER_BOUND('',#2053,.T.);
#1634=FACE_OUTER_BOUND('',#2054,.T.);
#1635=FACE_OUTER_BOUND('',#2055,.T.);
#1636=FACE_OUTER_BOUND('',#2056,.T.);
#1637=FACE_OUTER_BOUND('',#2057,.T.);
#1638=FACE_OUTER_BOUND('',#2058,.T.);
#1639=FACE_OUTER_BOUND('',#2059,.T.);
#1640=FACE_OUTER_BOUND('',#2060,.T.);
#1641=FACE_OUTER_BOUND('',#2061,.T.);
#1642=FACE_OUTER_BOUND('',#2062,.T.);
#1643=FACE_OUTER_BOUND('',#2063,.T.);
#1644=FACE_OUTER_BOUND('',#2064,.T.);
#1645=FACE_OUTER_BOUND('',#2065,.T.);
#1646=FACE_OUTER_BOUND('',#2066,.T.);
#1647=FACE_OUTER_BOUND('',#2067,.T.);
#1648=FACE_OUTER_BOUND('',#2068,.T.);
#1649=FACE_OUTER_BOUND('',#2070,.T.);
#1650=FACE_OUTER_BOUND('',#2072,.T.);
#1651=FACE_OUTER_BOUND('',#2073,.T.);
#1652=FACE_OUTER_BOUND('',#2074,.T.);
#1653=FACE_OUTER_BOUND('',#2076,.T.);
#1654=FACE_OUTER_BOUND('',#2078,.T.);
#1655=FACE_OUTER_BOUND('',#2079,.T.);
#1656=FACE_OUTER_BOUND('',#2080,.T.);
#1657=FACE_OUTER_BOUND('',#2081,.T.);
#1658=FACE_OUTER_BOUND('',#2082,.T.);
#1659=FACE_OUTER_BOUND('',#2083,.T.);
#1660=FACE_OUTER_BOUND('',#2084,.T.);
#1661=FACE_OUTER_BOUND('',#2085,.T.);
#1662=FACE_OUTER_BOUND('',#2086,.T.);
#1663=FACE_OUTER_BOUND('',#2087,.T.);
#1664=FACE_OUTER_BOUND('',#2088,.T.);
#1665=FACE_OUTER_BOUND('',#2090,.T.);
#1666=FACE_OUTER_BOUND('',#2092,.T.);
#1667=FACE_OUTER_BOUND('',#2093,.T.);
#1668=FACE_OUTER_BOUND('',#2094,.T.);
#1669=FACE_OUTER_BOUND('',#2095,.T.);
#1670=FACE_OUTER_BOUND('',#2096,.T.);
#1671=FACE_OUTER_BOUND('',#2098,.T.);
#1672=FACE_OUTER_BOUND('',#2100,.T.);
#1673=FACE_OUTER_BOUND('',#2101,.T.);
#1674=FACE_OUTER_BOUND('',#2102,.T.);
#1675=FACE_OUTER_BOUND('',#2103,.T.);
#1676=FACE_OUTER_BOUND('',#2104,.T.);
#1677=FACE_OUTER_BOUND('',#2105,.T.);
#1678=FACE_OUTER_BOUND('',#2106,.T.);
#1679=FACE_OUTER_BOUND('',#2107,.T.);
#1680=FACE_OUTER_BOUND('',#2108,.T.);
#1681=FACE_OUTER_BOUND('',#2109,.T.);
#1682=FACE_OUTER_BOUND('',#2110,.T.);
#1683=FACE_OUTER_BOUND('',#2112,.T.);
#1684=FACE_OUTER_BOUND('',#2114,.T.);
#1685=FACE_OUTER_BOUND('',#2115,.T.);
#1686=FACE_OUTER_BOUND('',#2116,.T.);
#1687=FACE_OUTER_BOUND('',#2118,.T.);
#1688=FACE_OUTER_BOUND('',#2120,.T.);
#1689=FACE_OUTER_BOUND('',#2121,.T.);
#1690=FACE_OUTER_BOUND('',#2122,.T.);
#1691=FACE_OUTER_BOUND('',#2123,.T.);
#1692=FACE_OUTER_BOUND('',#2124,.T.);
#1693=FACE_OUTER_BOUND('',#2125,.T.);
#1694=FACE_OUTER_BOUND('',#2126,.T.);
#1695=FACE_OUTER_BOUND('',#2127,.T.);
#1696=FACE_OUTER_BOUND('',#2128,.T.);
#1697=FACE_OUTER_BOUND('',#2129,.T.);
#1698=FACE_OUTER_BOUND('',#2130,.T.);
#1699=FACE_OUTER_BOUND('',#2131,.T.);
#1700=FACE_OUTER_BOUND('',#2132,.T.);
#1701=FACE_OUTER_BOUND('',#2133,.T.);
#1702=FACE_OUTER_BOUND('',#2134,.T.);
#1703=FACE_OUTER_BOUND('',#2135,.T.);
#1704=FACE_OUTER_BOUND('',#2136,.T.);
#1705=FACE_OUTER_BOUND('',#2138,.T.);
#1706=FACE_OUTER_BOUND('',#2140,.T.);
#1707=FACE_OUTER_BOUND('',#2141,.T.);
#1708=FACE_OUTER_BOUND('',#2142,.T.);
#1709=FACE_OUTER_BOUND('',#2143,.T.);
#1710=FACE_OUTER_BOUND('',#2144,.T.);
#1711=FACE_OUTER_BOUND('',#2145,.T.);
#1712=FACE_OUTER_BOUND('',#2146,.T.);
#1713=FACE_OUTER_BOUND('',#2147,.T.);
#1714=FACE_OUTER_BOUND('',#2148,.T.);
#1715=FACE_OUTER_BOUND('',#2149,.T.);
#1716=FACE_OUTER_BOUND('',#2150,.T.);
#1717=FACE_OUTER_BOUND('',#2151,.T.);
#1718=FACE_OUTER_BOUND('',#2152,.T.);
#1719=FACE_OUTER_BOUND('',#2153,.T.);
#1720=FACE_OUTER_BOUND('',#2154,.T.);
#1721=FACE_OUTER_BOUND('',#2155,.T.);
#1722=FACE_OUTER_BOUND('',#2156,.T.);
#1723=FACE_OUTER_BOUND('',#2157,.T.);
#1724=FACE_OUTER_BOUND('',#2158,.T.);
#1725=FACE_OUTER_BOUND('',#2159,.T.);
#1726=FACE_OUTER_BOUND('',#2272,.T.);
#1727=FACE_OUTER_BOUND('',#2275,.T.);
#1728=FACE_OUTER_BOUND('',#2276,.T.);
#1729=FACE_OUTER_BOUND('',#2389,.T.);
#1730=FACE_OUTER_BOUND('',#2392,.T.);
#1731=FACE_OUTER_BOUND('',#2393,.T.);
#1732=FACE_OUTER_BOUND('',#2398,.T.);
#1733=FACE_OUTER_BOUND('',#2399,.T.);
#1734=FACE_OUTER_BOUND('',#2400,.T.);
#1735=FACE_OUTER_BOUND('',#2401,.T.);
#1736=FACE_OUTER_BOUND('',#2402,.T.);
#1737=FACE_OUTER_BOUND('',#2403,.T.);
#1738=FACE_OUTER_BOUND('',#2404,.T.);
#1739=FACE_OUTER_BOUND('',#2405,.T.);
#1740=FACE_OUTER_BOUND('',#2406,.T.);
#1741=FACE_OUTER_BOUND('',#2407,.T.);
#1742=FACE_OUTER_BOUND('',#2408,.T.);
#1743=FACE_OUTER_BOUND('',#2409,.T.);
#1744=FACE_OUTER_BOUND('',#2410,.T.);
#1745=FACE_OUTER_BOUND('',#2411,.T.);
#1746=FACE_OUTER_BOUND('',#2412,.T.);
#1747=FACE_OUTER_BOUND('',#2413,.T.);
#1748=FACE_OUTER_BOUND('',#2414,.T.);
#1749=FACE_OUTER_BOUND('',#2415,.T.);
#1750=FACE_OUTER_BOUND('',#2420,.T.);
#1751=FACE_OUTER_BOUND('',#2533,.T.);
#1752=FACE_OUTER_BOUND('',#2534,.T.);
#1753=FACE_OUTER_BOUND('',#2647,.T.);
#1754=EDGE_LOOP('',(#5484,#5485,#5486,#5487));
#1755=EDGE_LOOP('',(#5488,#5489,#5490,#5491));
#1756=EDGE_LOOP('',(#5492,#5493,#5494,#5495));
#1757=EDGE_LOOP('',(#5496,#5497,#5498,#5499));
#1758=EDGE_LOOP('',(#5500,#5501,#5502,#5503));
#1759=EDGE_LOOP('',(#5504,#5505,#5506,#5507));
#1760=EDGE_LOOP('',(#5508,#5509,#5510,#5511));
#1761=EDGE_LOOP('',(#5512,#5513,#5514,#5515));
#1762=EDGE_LOOP('',(#5516,#5517,#5518,#5519));
#1763=EDGE_LOOP('',(#5520,#5521,#5522,#5523));
#1764=EDGE_LOOP('',(#5524,#5525,#5526,#5527));
#1765=EDGE_LOOP('',(#5528,#5529,#5530,#5531));
#1766=EDGE_LOOP('',(#5532,#5533,#5534,#5535));
#1767=EDGE_LOOP('',(#5536,#5537,#5538,#5539));
#1768=EDGE_LOOP('',(#5540,#5541,#5542,#5543));
#1769=EDGE_LOOP('',(#5544,#5545,#5546,#5547));
#1770=EDGE_LOOP('',(#5548,#5549,#5550,#5551));
#1771=EDGE_LOOP('',(#5552,#5553,#5554,#5555,#5556,#5557,#5558,#5559,#5560,
#5561,#5562,#5563,#5564,#5565,#5566,#5567,#5568,#5569,#5570,#5571,#5572,
#5573,#5574,#5575,#5576,#5577,#5578,#5579,#5580,#5581,#5582,#5583,#5584,
#5585,#5586,#5587));
#1772=EDGE_LOOP('',(#5588));
#1773=EDGE_LOOP('',(#5589));
#1774=EDGE_LOOP('',(#5590));
#1775=EDGE_LOOP('',(#5591));
#1776=EDGE_LOOP('',(#5592));
#1777=EDGE_LOOP('',(#5593));
#1778=EDGE_LOOP('',(#5594));
#1779=EDGE_LOOP('',(#5595));
#1780=EDGE_LOOP('',(#5596));
#1781=EDGE_LOOP('',(#5597));
#1782=EDGE_LOOP('',(#5598));
#1783=EDGE_LOOP('',(#5599));
#1784=EDGE_LOOP('',(#5600));
#1785=EDGE_LOOP('',(#5601));
#1786=EDGE_LOOP('',(#5602));
#1787=EDGE_LOOP('',(#5603));
#1788=EDGE_LOOP('',(#5604,#5605,#5606,#5607,#5608,#5609,#5610,#5611,#5612,
#5613,#5614,#5615,#5616,#5617,#5618,#5619,#5620,#5621,#5622,#5623,#5624,
#5625,#5626,#5627,#5628,#5629,#5630,#5631,#5632,#5633,#5634,#5635,#5636,
#5637,#5638,#5639));
#1789=EDGE_LOOP('',(#5640));
#1790=EDGE_LOOP('',(#5641));
#1791=EDGE_LOOP('',(#5642));
#1792=EDGE_LOOP('',(#5643));
#1793=EDGE_LOOP('',(#5644));
#1794=EDGE_LOOP('',(#5645));
#1795=EDGE_LOOP('',(#5646));
#1796=EDGE_LOOP('',(#5647));
#1797=EDGE_LOOP('',(#5648));
#1798=EDGE_LOOP('',(#5649));
#1799=EDGE_LOOP('',(#5650));
#1800=EDGE_LOOP('',(#5651));
#1801=EDGE_LOOP('',(#5652));
#1802=EDGE_LOOP('',(#5653));
#1803=EDGE_LOOP('',(#5654));
#1804=EDGE_LOOP('',(#5655));
#1805=EDGE_LOOP('',(#5656,#5657,#5658,#5659));
#1806=EDGE_LOOP('',(#5660,#5661,#5662,#5663));
#1807=EDGE_LOOP('',(#5664,#5665,#5666,#5667));
#1808=EDGE_LOOP('',(#5668,#5669,#5670,#5671));
#1809=EDGE_LOOP('',(#5672,#5673,#5674,#5675));
#1810=EDGE_LOOP('',(#5676,#5677,#5678,#5679));
#1811=EDGE_LOOP('',(#5680,#5681,#5682,#5683));
#1812=EDGE_LOOP('',(#5684,#5685,#5686,#5687));
#1813=EDGE_LOOP('',(#5688,#5689,#5690,#5691));
#1814=EDGE_LOOP('',(#5692,#5693,#5694,#5695));
#1815=EDGE_LOOP('',(#5696,#5697,#5698,#5699));
#1816=EDGE_LOOP('',(#5700,#5701,#5702,#5703));
#1817=EDGE_LOOP('',(#5704,#5705,#5706,#5707));
#1818=EDGE_LOOP('',(#5708,#5709,#5710,#5711));
#1819=EDGE_LOOP('',(#5712,#5713,#5714,#5715));
#1820=EDGE_LOOP('',(#5716,#5717,#5718,#5719));
#1821=EDGE_LOOP('',(#5720,#5721,#5722,#5723));
#1822=EDGE_LOOP('',(#5724,#5725,#5726,#5727));
#1823=EDGE_LOOP('',(#5728,#5729,#5730,#5731));
#1824=EDGE_LOOP('',(#5732,#5733,#5734,#5735,#5736,#5737,#5738,#5739,#5740,
#5741,#5742,#5743,#5744,#5745,#5746,#5747,#5748,#5749,#5750,#5751,#5752,
#5753,#5754,#5755,#5756,#5757,#5758,#5759,#5760,#5761,#5762,#5763,#5764,
#5765,#5766,#5767));
#1825=EDGE_LOOP('',(#5768));
#1826=EDGE_LOOP('',(#5769));
#1827=EDGE_LOOP('',(#5770));
#1828=EDGE_LOOP('',(#5771));
#1829=EDGE_LOOP('',(#5772));
#1830=EDGE_LOOP('',(#5773));
#1831=EDGE_LOOP('',(#5774));
#1832=EDGE_LOOP('',(#5775));
#1833=EDGE_LOOP('',(#5776));
#1834=EDGE_LOOP('',(#5777));
#1835=EDGE_LOOP('',(#5778));
#1836=EDGE_LOOP('',(#5779));
#1837=EDGE_LOOP('',(#5780));
#1838=EDGE_LOOP('',(#5781));
#1839=EDGE_LOOP('',(#5782));
#1840=EDGE_LOOP('',(#5783));
#1841=EDGE_LOOP('',(#5784,#5785,#5786,#5787));
#1842=EDGE_LOOP('',(#5788,#5789,#5790,#5791,#5792,#5793,#5794,#5795,#5796,
#5797,#5798,#5799,#5800,#5801,#5802,#5803,#5804,#5805,#5806,#5807,#5808,
#5809,#5810,#5811,#5812,#5813,#5814,#5815,#5816,#5817,#5818,#5819,#5820,
#5821,#5822,#5823));
#1843=EDGE_LOOP('',(#5824));
#1844=EDGE_LOOP('',(#5825));
#1845=EDGE_LOOP('',(#5826));
#1846=EDGE_LOOP('',(#5827));
#1847=EDGE_LOOP('',(#5828));
#1848=EDGE_LOOP('',(#5829));
#1849=EDGE_LOOP('',(#5830));
#1850=EDGE_LOOP('',(#5831));
#1851=EDGE_LOOP('',(#5832));
#1852=EDGE_LOOP('',(#5833));
#1853=EDGE_LOOP('',(#5834));
#1854=EDGE_LOOP('',(#5835));
#1855=EDGE_LOOP('',(#5836));
#1856=EDGE_LOOP('',(#5837));
#1857=EDGE_LOOP('',(#5838));
#1858=EDGE_LOOP('',(#5839));
#1859=EDGE_LOOP('',(#5840,#5841,#5842,#5843));
#1860=EDGE_LOOP('',(#5844,#5845,#5846,#5847));
#1861=EDGE_LOOP('',(#5848,#5849,#5850,#5851));
#1862=EDGE_LOOP('',(#5852,#5853,#5854,#5855));
#1863=EDGE_LOOP('',(#5856,#5857,#5858,#5859));
#1864=EDGE_LOOP('',(#5860,#5861,#5862,#5863));
#1865=EDGE_LOOP('',(#5864,#5865,#5866,#5867));
#1866=EDGE_LOOP('',(#5868,#5869,#5870,#5871));
#1867=EDGE_LOOP('',(#5872,#5873,#5874,#5875));
#1868=EDGE_LOOP('',(#5876,#5877,#5878,#5879));
#1869=EDGE_LOOP('',(#5880,#5881,#5882,#5883));
#1870=EDGE_LOOP('',(#5884,#5885,#5886,#5887));
#1871=EDGE_LOOP('',(#5888,#5889,#5890,#5891));
#1872=EDGE_LOOP('',(#5892,#5893,#5894,#5895));
#1873=EDGE_LOOP('',(#5896,#5897,#5898,#5899));
#1874=EDGE_LOOP('',(#5900,#5901,#5902,#5903));
#1875=EDGE_LOOP('',(#5904,#5905,#5906,#5907));
#1876=EDGE_LOOP('',(#5908,#5909,#5910,#5911));
#1877=EDGE_LOOP('',(#5912,#5913,#5914,#5915));
#1878=EDGE_LOOP('',(#5916,#5917,#5918,#5919));
#1879=EDGE_LOOP('',(#5920,#5921,#5922,#5923));
#1880=EDGE_LOOP('',(#5924,#5925,#5926,#5927));
#1881=EDGE_LOOP('',(#5928,#5929,#5930,#5931));
#1882=EDGE_LOOP('',(#5932,#5933,#5934,#5935));
#1883=EDGE_LOOP('',(#5936,#5937,#5938,#5939));
#1884=EDGE_LOOP('',(#5940,#5941,#5942,#5943));
#1885=EDGE_LOOP('',(#5944,#5945,#5946,#5947));
#1886=EDGE_LOOP('',(#5948,#5949,#5950,#5951));
#1887=EDGE_LOOP('',(#5952,#5953,#5954,#5955));
#1888=EDGE_LOOP('',(#5956,#5957,#5958,#5959));
#1889=EDGE_LOOP('',(#5960,#5961,#5962,#5963));
#1890=EDGE_LOOP('',(#5964,#5965,#5966,#5967));
#1891=EDGE_LOOP('',(#5968,#5969,#5970,#5971));
#1892=EDGE_LOOP('',(#5972,#5973,#5974,#5975));
#1893=EDGE_LOOP('',(#5976,#5977,#5978,#5979));
#1894=EDGE_LOOP('',(#5980,#5981,#5982,#5983));
#1895=EDGE_LOOP('',(#5984,#5985,#5986,#5987));
#1896=EDGE_LOOP('',(#5988,#5989,#5990,#5991));
#1897=EDGE_LOOP('',(#5992,#5993,#5994,#5995));
#1898=EDGE_LOOP('',(#5996,#5997,#5998,#5999));
#1899=EDGE_LOOP('',(#6000,#6001,#6002,#6003));
#1900=EDGE_LOOP('',(#6004,#6005,#6006,#6007));
#1901=EDGE_LOOP('',(#6008,#6009,#6010,#6011));
#1902=EDGE_LOOP('',(#6012,#6013,#6014,#6015));
#1903=EDGE_LOOP('',(#6016,#6017,#6018,#6019));
#1904=EDGE_LOOP('',(#6020,#6021,#6022,#6023));
#1905=EDGE_LOOP('',(#6024,#6025,#6026,#6027));
#1906=EDGE_LOOP('',(#6028,#6029,#6030,#6031));
#1907=EDGE_LOOP('',(#6032,#6033,#6034,#6035));
#1908=EDGE_LOOP('',(#6036,#6037,#6038,#6039));
#1909=EDGE_LOOP('',(#6040,#6041,#6042,#6043));
#1910=EDGE_LOOP('',(#6044,#6045,#6046,#6047));
#1911=EDGE_LOOP('',(#6048,#6049,#6050,#6051));
#1912=EDGE_LOOP('',(#6052,#6053,#6054,#6055));
#1913=EDGE_LOOP('',(#6056,#6057,#6058,#6059));
#1914=EDGE_LOOP('',(#6060,#6061,#6062,#6063));
#1915=EDGE_LOOP('',(#6064,#6065,#6066,#6067));
#1916=EDGE_LOOP('',(#6068,#6069,#6070,#6071));
#1917=EDGE_LOOP('',(#6072,#6073,#6074,#6075));
#1918=EDGE_LOOP('',(#6076,#6077,#6078,#6079));
#1919=EDGE_LOOP('',(#6080,#6081,#6082,#6083));
#1920=EDGE_LOOP('',(#6084,#6085,#6086,#6087));
#1921=EDGE_LOOP('',(#6088,#6089,#6090,#6091));
#1922=EDGE_LOOP('',(#6092,#6093,#6094,#6095));
#1923=EDGE_LOOP('',(#6096,#6097,#6098,#6099));
#1924=EDGE_LOOP('',(#6100,#6101,#6102,#6103));
#1925=EDGE_LOOP('',(#6104,#6105,#6106,#6107));
#1926=EDGE_LOOP('',(#6108,#6109,#6110,#6111));
#1927=EDGE_LOOP('',(#6112,#6113,#6114,#6115));
#1928=EDGE_LOOP('',(#6116,#6117,#6118,#6119));
#1929=EDGE_LOOP('',(#6120,#6121,#6122,#6123));
#1930=EDGE_LOOP('',(#6124,#6125,#6126,#6127));
#1931=EDGE_LOOP('',(#6128,#6129,#6130,#6131));
#1932=EDGE_LOOP('',(#6132,#6133,#6134,#6135));
#1933=EDGE_LOOP('',(#6136,#6137,#6138,#6139));
#1934=EDGE_LOOP('',(#6140,#6141,#6142,#6143));
#1935=EDGE_LOOP('',(#6144,#6145,#6146,#6147));
#1936=EDGE_LOOP('',(#6148,#6149,#6150,#6151));
#1937=EDGE_LOOP('',(#6152,#6153,#6154,#6155));
#1938=EDGE_LOOP('',(#6156,#6157,#6158,#6159));
#1939=EDGE_LOOP('',(#6160,#6161,#6162,#6163));
#1940=EDGE_LOOP('',(#6164,#6165,#6166,#6167));
#1941=EDGE_LOOP('',(#6168,#6169,#6170,#6171));
#1942=EDGE_LOOP('',(#6172,#6173,#6174,#6175));
#1943=EDGE_LOOP('',(#6176,#6177,#6178,#6179));
#1944=EDGE_LOOP('',(#6180,#6181,#6182,#6183));
#1945=EDGE_LOOP('',(#6184,#6185,#6186,#6187));
#1946=EDGE_LOOP('',(#6188,#6189,#6190,#6191));
#1947=EDGE_LOOP('',(#6192,#6193,#6194,#6195));
#1948=EDGE_LOOP('',(#6196,#6197,#6198,#6199));
#1949=EDGE_LOOP('',(#6200,#6201,#6202,#6203));
#1950=EDGE_LOOP('',(#6204,#6205,#6206,#6207));
#1951=EDGE_LOOP('',(#6208,#6209,#6210,#6211));
#1952=EDGE_LOOP('',(#6212,#6213,#6214,#6215));
#1953=EDGE_LOOP('',(#6216,#6217,#6218,#6219));
#1954=EDGE_LOOP('',(#6220,#6221,#6222,#6223));
#1955=EDGE_LOOP('',(#6224,#6225,#6226,#6227));
#1956=EDGE_LOOP('',(#6228,#6229,#6230,#6231));
#1957=EDGE_LOOP('',(#6232,#6233,#6234,#6235));
#1958=EDGE_LOOP('',(#6236,#6237,#6238,#6239));
#1959=EDGE_LOOP('',(#6240,#6241,#6242,#6243));
#1960=EDGE_LOOP('',(#6244,#6245,#6246,#6247));
#1961=EDGE_LOOP('',(#6248,#6249,#6250,#6251));
#1962=EDGE_LOOP('',(#6252,#6253,#6254,#6255));
#1963=EDGE_LOOP('',(#6256,#6257,#6258,#6259));
#1964=EDGE_LOOP('',(#6260,#6261,#6262,#6263));
#1965=EDGE_LOOP('',(#6264,#6265,#6266,#6267));
#1966=EDGE_LOOP('',(#6268,#6269,#6270,#6271));
#1967=EDGE_LOOP('',(#6272,#6273,#6274,#6275));
#1968=EDGE_LOOP('',(#6276,#6277,#6278,#6279));
#1969=EDGE_LOOP('',(#6280,#6281,#6282,#6283));
#1970=EDGE_LOOP('',(#6284,#6285,#6286,#6287));
#1971=EDGE_LOOP('',(#6288,#6289,#6290,#6291));
#1972=EDGE_LOOP('',(#6292,#6293,#6294,#6295));
#1973=EDGE_LOOP('',(#6296,#6297,#6298,#6299));
#1974=EDGE_LOOP('',(#6300,#6301,#6302,#6303));
#1975=EDGE_LOOP('',(#6304,#6305,#6306,#6307));
#1976=EDGE_LOOP('',(#6308,#6309,#6310,#6311));
#1977=EDGE_LOOP('',(#6312,#6313,#6314,#6315));
#1978=EDGE_LOOP('',(#6316,#6317,#6318,#6319));
#1979=EDGE_LOOP('',(#6320,#6321,#6322,#6323));
#1980=EDGE_LOOP('',(#6324,#6325,#6326,#6327));
#1981=EDGE_LOOP('',(#6328,#6329,#6330,#6331));
#1982=EDGE_LOOP('',(#6332,#6333,#6334,#6335));
#1983=EDGE_LOOP('',(#6336,#6337,#6338,#6339));
#1984=EDGE_LOOP('',(#6340,#6341,#6342,#6343));
#1985=EDGE_LOOP('',(#6344,#6345,#6346,#6347));
#1986=EDGE_LOOP('',(#6348,#6349,#6350,#6351));
#1987=EDGE_LOOP('',(#6352,#6353,#6354,#6355));
#1988=EDGE_LOOP('',(#6356,#6357,#6358,#6359));
#1989=EDGE_LOOP('',(#6360,#6361,#6362,#6363));
#1990=EDGE_LOOP('',(#6364,#6365,#6366,#6367));
#1991=EDGE_LOOP('',(#6368,#6369,#6370,#6371));
#1992=EDGE_LOOP('',(#6372,#6373,#6374,#6375));
#1993=EDGE_LOOP('',(#6376,#6377,#6378,#6379));
#1994=EDGE_LOOP('',(#6380,#6381,#6382,#6383));
#1995=EDGE_LOOP('',(#6384,#6385,#6386,#6387));
#1996=EDGE_LOOP('',(#6388,#6389,#6390,#6391));
#1997=EDGE_LOOP('',(#6392,#6393,#6394,#6395));
#1998=EDGE_LOOP('',(#6396,#6397,#6398,#6399));
#1999=EDGE_LOOP('',(#6400,#6401,#6402,#6403));
#2000=EDGE_LOOP('',(#6404,#6405,#6406,#6407));
#2001=EDGE_LOOP('',(#6408,#6409,#6410,#6411));
#2002=EDGE_LOOP('',(#6412,#6413,#6414,#6415));
#2003=EDGE_LOOP('',(#6416,#6417,#6418,#6419));
#2004=EDGE_LOOP('',(#6420,#6421,#6422,#6423));
#2005=EDGE_LOOP('',(#6424,#6425,#6426,#6427));
#2006=EDGE_LOOP('',(#6428,#6429,#6430,#6431));
#2007=EDGE_LOOP('',(#6432,#6433,#6434,#6435));
#2008=EDGE_LOOP('',(#6436,#6437,#6438,#6439));
#2009=EDGE_LOOP('',(#6440,#6441,#6442,#6443));
#2010=EDGE_LOOP('',(#6444,#6445,#6446,#6447));
#2011=EDGE_LOOP('',(#6448,#6449,#6450,#6451));
#2012=EDGE_LOOP('',(#6452,#6453,#6454,#6455));
#2013=EDGE_LOOP('',(#6456,#6457,#6458,#6459));
#2014=EDGE_LOOP('',(#6460,#6461,#6462,#6463));
#2015=EDGE_LOOP('',(#6464,#6465,#6466,#6467));
#2016=EDGE_LOOP('',(#6468,#6469,#6470,#6471));
#2017=EDGE_LOOP('',(#6472,#6473,#6474,#6475));
#2018=EDGE_LOOP('',(#6476,#6477,#6478,#6479));
#2019=EDGE_LOOP('',(#6480,#6481,#6482,#6483));
#2020=EDGE_LOOP('',(#6484,#6485,#6486,#6487));
#2021=EDGE_LOOP('',(#6488,#6489,#6490,#6491));
#2022=EDGE_LOOP('',(#6492,#6493,#6494,#6495));
#2023=EDGE_LOOP('',(#6496,#6497,#6498,#6499));
#2024=EDGE_LOOP('',(#6500,#6501,#6502,#6503));
#2025=EDGE_LOOP('',(#6504,#6505,#6506,#6507));
#2026=EDGE_LOOP('',(#6508,#6509,#6510,#6511));
#2027=EDGE_LOOP('',(#6512,#6513,#6514,#6515));
#2028=EDGE_LOOP('',(#6516,#6517,#6518,#6519));
#2029=EDGE_LOOP('',(#6520,#6521,#6522,#6523));
#2030=EDGE_LOOP('',(#6524,#6525,#6526,#6527));
#2031=EDGE_LOOP('',(#6528,#6529,#6530,#6531));
#2032=EDGE_LOOP('',(#6532,#6533,#6534,#6535));
#2033=EDGE_LOOP('',(#6536,#6537,#6538,#6539));
#2034=EDGE_LOOP('',(#6540,#6541,#6542,#6543));
#2035=EDGE_LOOP('',(#6544,#6545,#6546,#6547));
#2036=EDGE_LOOP('',(#6548,#6549,#6550,#6551));
#2037=EDGE_LOOP('',(#6552,#6553,#6554,#6555));
#2038=EDGE_LOOP('',(#6556,#6557,#6558,#6559));
#2039=EDGE_LOOP('',(#6560,#6561,#6562,#6563));
#2040=EDGE_LOOP('',(#6564,#6565,#6566,#6567));
#2041=EDGE_LOOP('',(#6568,#6569,#6570,#6571));
#2042=EDGE_LOOP('',(#6572,#6573,#6574,#6575));
#2043=EDGE_LOOP('',(#6576,#6577,#6578,#6579));
#2044=EDGE_LOOP('',(#6580,#6581,#6582,#6583));
#2045=EDGE_LOOP('',(#6584,#6585,#6586,#6587));
#2046=EDGE_LOOP('',(#6588,#6589,#6590,#6591));
#2047=EDGE_LOOP('',(#6592,#6593,#6594,#6595));
#2048=EDGE_LOOP('',(#6596,#6597,#6598,#6599));
#2049=EDGE_LOOP('',(#6600,#6601,#6602,#6603));
#2050=EDGE_LOOP('',(#6604,#6605,#6606,#6607));
#2051=EDGE_LOOP('',(#6608,#6609,#6610,#6611));
#2052=EDGE_LOOP('',(#6612,#6613,#6614,#6615));
#2053=EDGE_LOOP('',(#6616,#6617,#6618,#6619));
#2054=EDGE_LOOP('',(#6620,#6621,#6622,#6623));
#2055=EDGE_LOOP('',(#6624,#6625,#6626,#6627));
#2056=EDGE_LOOP('',(#6628,#6629,#6630,#6631));
#2057=EDGE_LOOP('',(#6632,#6633,#6634,#6635));
#2058=EDGE_LOOP('',(#6636,#6637,#6638,#6639));
#2059=EDGE_LOOP('',(#6640,#6641,#6642,#6643));
#2060=EDGE_LOOP('',(#6644,#6645,#6646,#6647));
#2061=EDGE_LOOP('',(#6648,#6649,#6650,#6651));
#2062=EDGE_LOOP('',(#6652,#6653,#6654,#6655));
#2063=EDGE_LOOP('',(#6656,#6657,#6658,#6659));
#2064=EDGE_LOOP('',(#6660,#6661,#6662,#6663));
#2065=EDGE_LOOP('',(#6664,#6665,#6666,#6667));
#2066=EDGE_LOOP('',(#6668,#6669,#6670,#6671));
#2067=EDGE_LOOP('',(#6672,#6673,#6674,#6675));
#2068=EDGE_LOOP('',(#6676,#6677,#6678,#6679));
#2069=EDGE_LOOP('',(#6680,#6681,#6682,#6683));
#2070=EDGE_LOOP('',(#6684,#6685,#6686,#6687));
#2071=EDGE_LOOP('',(#6688,#6689,#6690,#6691));
#2072=EDGE_LOOP('',(#6692,#6693,#6694,#6695));
#2073=EDGE_LOOP('',(#6696,#6697,#6698,#6699));
#2074=EDGE_LOOP('',(#6700,#6701,#6702,#6703));
#2075=EDGE_LOOP('',(#6704,#6705,#6706,#6707));
#2076=EDGE_LOOP('',(#6708,#6709,#6710,#6711));
#2077=EDGE_LOOP('',(#6712,#6713,#6714,#6715));
#2078=EDGE_LOOP('',(#6716,#6717,#6718,#6719));
#2079=EDGE_LOOP('',(#6720,#6721,#6722,#6723));
#2080=EDGE_LOOP('',(#6724,#6725,#6726,#6727));
#2081=EDGE_LOOP('',(#6728,#6729,#6730,#6731));
#2082=EDGE_LOOP('',(#6732,#6733,#6734,#6735));
#2083=EDGE_LOOP('',(#6736,#6737,#6738,#6739));
#2084=EDGE_LOOP('',(#6740,#6741,#6742,#6743));
#2085=EDGE_LOOP('',(#6744,#6745,#6746,#6747));
#2086=EDGE_LOOP('',(#6748,#6749,#6750,#6751));
#2087=EDGE_LOOP('',(#6752,#6753,#6754,#6755));
#2088=EDGE_LOOP('',(#6756,#6757,#6758,#6759));
#2089=EDGE_LOOP('',(#6760,#6761,#6762,#6763));
#2090=EDGE_LOOP('',(#6764,#6765,#6766,#6767));
#2091=EDGE_LOOP('',(#6768,#6769,#6770,#6771));
#2092=EDGE_LOOP('',(#6772,#6773,#6774,#6775));
#2093=EDGE_LOOP('',(#6776,#6777,#6778,#6779));
#2094=EDGE_LOOP('',(#6780,#6781,#6782,#6783));
#2095=EDGE_LOOP('',(#6784,#6785,#6786,#6787));
#2096=EDGE_LOOP('',(#6788,#6789,#6790,#6791));
#2097=EDGE_LOOP('',(#6792,#6793,#6794,#6795));
#2098=EDGE_LOOP('',(#6796,#6797,#6798,#6799));
#2099=EDGE_LOOP('',(#6800,#6801,#6802,#6803));
#2100=EDGE_LOOP('',(#6804,#6805,#6806,#6807));
#2101=EDGE_LOOP('',(#6808,#6809,#6810,#6811));
#2102=EDGE_LOOP('',(#6812,#6813,#6814,#6815));
#2103=EDGE_LOOP('',(#6816,#6817,#6818,#6819));
#2104=EDGE_LOOP('',(#6820,#6821,#6822,#6823));
#2105=EDGE_LOOP('',(#6824,#6825,#6826,#6827));
#2106=EDGE_LOOP('',(#6828,#6829,#6830,#6831));
#2107=EDGE_LOOP('',(#6832,#6833,#6834,#6835));
#2108=EDGE_LOOP('',(#6836,#6837,#6838,#6839));
#2109=EDGE_LOOP('',(#6840,#6841,#6842,#6843));
#2110=EDGE_LOOP('',(#6844,#6845,#6846,#6847));
#2111=EDGE_LOOP('',(#6848,#6849,#6850,#6851));
#2112=EDGE_LOOP('',(#6852,#6853,#6854,#6855));
#2113=EDGE_LOOP('',(#6856,#6857,#6858,#6859));
#2114=EDGE_LOOP('',(#6860,#6861,#6862,#6863));
#2115=EDGE_LOOP('',(#6864,#6865,#6866,#6867));
#2116=EDGE_LOOP('',(#6868,#6869,#6870,#6871));
#2117=EDGE_LOOP('',(#6872,#6873,#6874,#6875));
#2118=EDGE_LOOP('',(#6876,#6877,#6878,#6879));
#2119=EDGE_LOOP('',(#6880,#6881,#6882,#6883));
#2120=EDGE_LOOP('',(#6884,#6885,#6886,#6887));
#2121=EDGE_LOOP('',(#6888,#6889,#6890,#6891));
#2122=EDGE_LOOP('',(#6892,#6893,#6894,#6895));
#2123=EDGE_LOOP('',(#6896,#6897,#6898,#6899));
#2124=EDGE_LOOP('',(#6900,#6901,#6902,#6903));
#2125=EDGE_LOOP('',(#6904,#6905,#6906,#6907));
#2126=EDGE_LOOP('',(#6908,#6909,#6910,#6911));
#2127=EDGE_LOOP('',(#6912,#6913,#6914,#6915));
#2128=EDGE_LOOP('',(#6916,#6917,#6918,#6919));
#2129=EDGE_LOOP('',(#6920,#6921,#6922,#6923));
#2130=EDGE_LOOP('',(#6924,#6925,#6926,#6927));
#2131=EDGE_LOOP('',(#6928,#6929,#6930,#6931));
#2132=EDGE_LOOP('',(#6932,#6933,#6934,#6935));
#2133=EDGE_LOOP('',(#6936,#6937,#6938,#6939));
#2134=EDGE_LOOP('',(#6940,#6941,#6942,#6943));
#2135=EDGE_LOOP('',(#6944,#6945,#6946,#6947));
#2136=EDGE_LOOP('',(#6948,#6949,#6950,#6951));
#2137=EDGE_LOOP('',(#6952,#6953,#6954,#6955));
#2138=EDGE_LOOP('',(#6956,#6957,#6958,#6959));
#2139=EDGE_LOOP('',(#6960,#6961,#6962,#6963));
#2140=EDGE_LOOP('',(#6964,#6965,#6966,#6967));
#2141=EDGE_LOOP('',(#6968,#6969,#6970,#6971));
#2142=EDGE_LOOP('',(#6972,#6973,#6974,#6975));
#2143=EDGE_LOOP('',(#6976,#6977,#6978,#6979));
#2144=EDGE_LOOP('',(#6980,#6981,#6982,#6983));
#2145=EDGE_LOOP('',(#6984,#6985,#6986,#6987));
#2146=EDGE_LOOP('',(#6988,#6989,#6990,#6991));
#2147=EDGE_LOOP('',(#6992,#6993,#6994,#6995));
#2148=EDGE_LOOP('',(#6996,#6997,#6998,#6999));
#2149=EDGE_LOOP('',(#7000,#7001,#7002,#7003));
#2150=EDGE_LOOP('',(#7004,#7005,#7006,#7007));
#2151=EDGE_LOOP('',(#7008,#7009,#7010,#7011));
#2152=EDGE_LOOP('',(#7012,#7013,#7014,#7015));
#2153=EDGE_LOOP('',(#7016,#7017,#7018,#7019));
#2154=EDGE_LOOP('',(#7020,#7021,#7022,#7023));
#2155=EDGE_LOOP('',(#7024,#7025,#7026,#7027));
#2156=EDGE_LOOP('',(#7028,#7029,#7030,#7031));
#2157=EDGE_LOOP('',(#7032,#7033,#7034,#7035));
#2158=EDGE_LOOP('',(#7036,#7037,#7038,#7039));
#2159=EDGE_LOOP('',(#7040,#7041,#7042,#7043));
#2160=EDGE_LOOP('',(#7044));
#2161=EDGE_LOOP('',(#7045));
#2162=EDGE_LOOP('',(#7046));
#2163=EDGE_LOOP('',(#7047));
#2164=EDGE_LOOP('',(#7048));
#2165=EDGE_LOOP('',(#7049));
#2166=EDGE_LOOP('',(#7050));
#2167=EDGE_LOOP('',(#7051));
#2168=EDGE_LOOP('',(#7052));
#2169=EDGE_LOOP('',(#7053));
#2170=EDGE_LOOP('',(#7054));
#2171=EDGE_LOOP('',(#7055));
#2172=EDGE_LOOP('',(#7056));
#2173=EDGE_LOOP('',(#7057));
#2174=EDGE_LOOP('',(#7058));
#2175=EDGE_LOOP('',(#7059));
#2176=EDGE_LOOP('',(#7060));
#2177=EDGE_LOOP('',(#7061));
#2178=EDGE_LOOP('',(#7062));
#2179=EDGE_LOOP('',(#7063));
#2180=EDGE_LOOP('',(#7064));
#2181=EDGE_LOOP('',(#7065));
#2182=EDGE_LOOP('',(#7066));
#2183=EDGE_LOOP('',(#7067));
#2184=EDGE_LOOP('',(#7068));
#2185=EDGE_LOOP('',(#7069));
#2186=EDGE_LOOP('',(#7070));
#2187=EDGE_LOOP('',(#7071));
#2188=EDGE_LOOP('',(#7072));
#2189=EDGE_LOOP('',(#7073));
#2190=EDGE_LOOP('',(#7074));
#2191=EDGE_LOOP('',(#7075));
#2192=EDGE_LOOP('',(#7076));
#2193=EDGE_LOOP('',(#7077));
#2194=EDGE_LOOP('',(#7078));
#2195=EDGE_LOOP('',(#7079));
#2196=EDGE_LOOP('',(#7080));
#2197=EDGE_LOOP('',(#7081));
#2198=EDGE_LOOP('',(#7082));
#2199=EDGE_LOOP('',(#7083));
#2200=EDGE_LOOP('',(#7084));
#2201=EDGE_LOOP('',(#7085));
#2202=EDGE_LOOP('',(#7086));
#2203=EDGE_LOOP('',(#7087));
#2204=EDGE_LOOP('',(#7088));
#2205=EDGE_LOOP('',(#7089));
#2206=EDGE_LOOP('',(#7090));
#2207=EDGE_LOOP('',(#7091));
#2208=EDGE_LOOP('',(#7092));
#2209=EDGE_LOOP('',(#7093));
#2210=EDGE_LOOP('',(#7094));
#2211=EDGE_LOOP('',(#7095));
#2212=EDGE_LOOP('',(#7096));
#2213=EDGE_LOOP('',(#7097));
#2214=EDGE_LOOP('',(#7098));
#2215=EDGE_LOOP('',(#7099));
#2216=EDGE_LOOP('',(#7100));
#2217=EDGE_LOOP('',(#7101));
#2218=EDGE_LOOP('',(#7102));
#2219=EDGE_LOOP('',(#7103));
#2220=EDGE_LOOP('',(#7104));
#2221=EDGE_LOOP('',(#7105));
#2222=EDGE_LOOP('',(#7106));
#2223=EDGE_LOOP('',(#7107));
#2224=EDGE_LOOP('',(#7108));
#2225=EDGE_LOOP('',(#7109));
#2226=EDGE_LOOP('',(#7110));
#2227=EDGE_LOOP('',(#7111));
#2228=EDGE_LOOP('',(#7112));
#2229=EDGE_LOOP('',(#7113));
#2230=EDGE_LOOP('',(#7114));
#2231=EDGE_LOOP('',(#7115));
#2232=EDGE_LOOP('',(#7116));
#2233=EDGE_LOOP('',(#7117));
#2234=EDGE_LOOP('',(#7118));
#2235=EDGE_LOOP('',(#7119));
#2236=EDGE_LOOP('',(#7120));
#2237=EDGE_LOOP('',(#7121));
#2238=EDGE_LOOP('',(#7122));
#2239=EDGE_LOOP('',(#7123));
#2240=EDGE_LOOP('',(#7124));
#2241=EDGE_LOOP('',(#7125));
#2242=EDGE_LOOP('',(#7126));
#2243=EDGE_LOOP('',(#7127));
#2244=EDGE_LOOP('',(#7128));
#2245=EDGE_LOOP('',(#7129));
#2246=EDGE_LOOP('',(#7130));
#2247=EDGE_LOOP('',(#7131));
#2248=EDGE_LOOP('',(#7132));
#2249=EDGE_LOOP('',(#7133));
#2250=EDGE_LOOP('',(#7134));
#2251=EDGE_LOOP('',(#7135));
#2252=EDGE_LOOP('',(#7136));
#2253=EDGE_LOOP('',(#7137));
#2254=EDGE_LOOP('',(#7138));
#2255=EDGE_LOOP('',(#7139));
#2256=EDGE_LOOP('',(#7140));
#2257=EDGE_LOOP('',(#7141));
#2258=EDGE_LOOP('',(#7142));
#2259=EDGE_LOOP('',(#7143));
#2260=EDGE_LOOP('',(#7144));
#2261=EDGE_LOOP('',(#7145));
#2262=EDGE_LOOP('',(#7146));
#2263=EDGE_LOOP('',(#7147));
#2264=EDGE_LOOP('',(#7148));
#2265=EDGE_LOOP('',(#7149));
#2266=EDGE_LOOP('',(#7150));
#2267=EDGE_LOOP('',(#7151));
#2268=EDGE_LOOP('',(#7152));
#2269=EDGE_LOOP('',(#7153));
#2270=EDGE_LOOP('',(#7154));
#2271=EDGE_LOOP('',(#7155));
#2272=EDGE_LOOP('',(#7156,#7157,#7158,#7159,#7160,#7161,#7162,#7163));
#2273=EDGE_LOOP('',(#7164,#7165,#7166,#7167));
#2274=EDGE_LOOP('',(#7168,#7169,#7170,#7171));
#2275=EDGE_LOOP('',(#7172,#7173,#7174,#7175));
#2276=EDGE_LOOP('',(#7176,#7177,#7178,#7179));
#2277=EDGE_LOOP('',(#7180));
#2278=EDGE_LOOP('',(#7181));
#2279=EDGE_LOOP('',(#7182));
#2280=EDGE_LOOP('',(#7183));
#2281=EDGE_LOOP('',(#7184));
#2282=EDGE_LOOP('',(#7185));
#2283=EDGE_LOOP('',(#7186));
#2284=EDGE_LOOP('',(#7187));
#2285=EDGE_LOOP('',(#7188));
#2286=EDGE_LOOP('',(#7189));
#2287=EDGE_LOOP('',(#7190));
#2288=EDGE_LOOP('',(#7191));
#2289=EDGE_LOOP('',(#7192));
#2290=EDGE_LOOP('',(#7193));
#2291=EDGE_LOOP('',(#7194));
#2292=EDGE_LOOP('',(#7195));
#2293=EDGE_LOOP('',(#7196));
#2294=EDGE_LOOP('',(#7197));
#2295=EDGE_LOOP('',(#7198));
#2296=EDGE_LOOP('',(#7199));
#2297=EDGE_LOOP('',(#7200));
#2298=EDGE_LOOP('',(#7201));
#2299=EDGE_LOOP('',(#7202));
#2300=EDGE_LOOP('',(#7203));
#2301=EDGE_LOOP('',(#7204));
#2302=EDGE_LOOP('',(#7205));
#2303=EDGE_LOOP('',(#7206));
#2304=EDGE_LOOP('',(#7207));
#2305=EDGE_LOOP('',(#7208));
#2306=EDGE_LOOP('',(#7209));
#2307=EDGE_LOOP('',(#7210));
#2308=EDGE_LOOP('',(#7211));
#2309=EDGE_LOOP('',(#7212));
#2310=EDGE_LOOP('',(#7213));
#2311=EDGE_LOOP('',(#7214));
#2312=EDGE_LOOP('',(#7215));
#2313=EDGE_LOOP('',(#7216));
#2314=EDGE_LOOP('',(#7217));
#2315=EDGE_LOOP('',(#7218));
#2316=EDGE_LOOP('',(#7219));
#2317=EDGE_LOOP('',(#7220));
#2318=EDGE_LOOP('',(#7221));
#2319=EDGE_LOOP('',(#7222));
#2320=EDGE_LOOP('',(#7223));
#2321=EDGE_LOOP('',(#7224));
#2322=EDGE_LOOP('',(#7225));
#2323=EDGE_LOOP('',(#7226));
#2324=EDGE_LOOP('',(#7227));
#2325=EDGE_LOOP('',(#7228));
#2326=EDGE_LOOP('',(#7229));
#2327=EDGE_LOOP('',(#7230));
#2328=EDGE_LOOP('',(#7231));
#2329=EDGE_LOOP('',(#7232));
#2330=EDGE_LOOP('',(#7233));
#2331=EDGE_LOOP('',(#7234));
#2332=EDGE_LOOP('',(#7235));
#2333=EDGE_LOOP('',(#7236));
#2334=EDGE_LOOP('',(#7237));
#2335=EDGE_LOOP('',(#7238));
#2336=EDGE_LOOP('',(#7239));
#2337=EDGE_LOOP('',(#7240));
#2338=EDGE_LOOP('',(#7241));
#2339=EDGE_LOOP('',(#7242));
#2340=EDGE_LOOP('',(#7243));
#2341=EDGE_LOOP('',(#7244));
#2342=EDGE_LOOP('',(#7245));
#2343=EDGE_LOOP('',(#7246));
#2344=EDGE_LOOP('',(#7247));
#2345=EDGE_LOOP('',(#7248));
#2346=EDGE_LOOP('',(#7249));
#2347=EDGE_LOOP('',(#7250));
#2348=EDGE_LOOP('',(#7251));
#2349=EDGE_LOOP('',(#7252));
#2350=EDGE_LOOP('',(#7253));
#2351=EDGE_LOOP('',(#7254));
#2352=EDGE_LOOP('',(#7255));
#2353=EDGE_LOOP('',(#7256));
#2354=EDGE_LOOP('',(#7257));
#2355=EDGE_LOOP('',(#7258));
#2356=EDGE_LOOP('',(#7259));
#2357=EDGE_LOOP('',(#7260));
#2358=EDGE_LOOP('',(#7261));
#2359=EDGE_LOOP('',(#7262));
#2360=EDGE_LOOP('',(#7263));
#2361=EDGE_LOOP('',(#7264));
#2362=EDGE_LOOP('',(#7265));
#2363=EDGE_LOOP('',(#7266));
#2364=EDGE_LOOP('',(#7267));
#2365=EDGE_LOOP('',(#7268));
#2366=EDGE_LOOP('',(#7269));
#2367=EDGE_LOOP('',(#7270));
#2368=EDGE_LOOP('',(#7271));
#2369=EDGE_LOOP('',(#7272));
#2370=EDGE_LOOP('',(#7273));
#2371=EDGE_LOOP('',(#7274));
#2372=EDGE_LOOP('',(#7275));
#2373=EDGE_LOOP('',(#7276));
#2374=EDGE_LOOP('',(#7277));
#2375=EDGE_LOOP('',(#7278));
#2376=EDGE_LOOP('',(#7279));
#2377=EDGE_LOOP('',(#7280));
#2378=EDGE_LOOP('',(#7281));
#2379=EDGE_LOOP('',(#7282));
#2380=EDGE_LOOP('',(#7283));
#2381=EDGE_LOOP('',(#7284));
#2382=EDGE_LOOP('',(#7285));
#2383=EDGE_LOOP('',(#7286));
#2384=EDGE_LOOP('',(#7287));
#2385=EDGE_LOOP('',(#7288));
#2386=EDGE_LOOP('',(#7289));
#2387=EDGE_LOOP('',(#7290));
#2388=EDGE_LOOP('',(#7291));
#2389=EDGE_LOOP('',(#7292,#7293,#7294,#7295,#7296,#7297,#7298,#7299,#7300,
#7301,#7302,#7303));
#2390=EDGE_LOOP('',(#7304,#7305,#7306,#7307));
#2391=EDGE_LOOP('',(#7308,#7309,#7310,#7311));
#2392=EDGE_LOOP('',(#7312,#7313,#7314,#7315));
#2393=EDGE_LOOP('',(#7316,#7317,#7318,#7319));
#2394=EDGE_LOOP('',(#7320,#7321,#7322,#7323));
#2395=EDGE_LOOP('',(#7324,#7325,#7326,#7327));
#2396=EDGE_LOOP('',(#7328,#7329,#7330,#7331));
#2397=EDGE_LOOP('',(#7332,#7333,#7334,#7335));
#2398=EDGE_LOOP('',(#7336,#7337,#7338,#7339));
#2399=EDGE_LOOP('',(#7340,#7341,#7342,#7343));
#2400=EDGE_LOOP('',(#7344,#7345,#7346,#7347));
#2401=EDGE_LOOP('',(#7348,#7349,#7350,#7351));
#2402=EDGE_LOOP('',(#7352,#7353,#7354,#7355));
#2403=EDGE_LOOP('',(#7356,#7357,#7358,#7359));
#2404=EDGE_LOOP('',(#7360,#7361,#7362,#7363));
#2405=EDGE_LOOP('',(#7364,#7365,#7366,#7367));
#2406=EDGE_LOOP('',(#7368,#7369,#7370,#7371));
#2407=EDGE_LOOP('',(#7372,#7373,#7374,#7375));
#2408=EDGE_LOOP('',(#7376,#7377,#7378,#7379));
#2409=EDGE_LOOP('',(#7380,#7381,#7382,#7383));
#2410=EDGE_LOOP('',(#7384,#7385,#7386,#7387));
#2411=EDGE_LOOP('',(#7388,#7389,#7390,#7391));
#2412=EDGE_LOOP('',(#7392,#7393,#7394,#7395));
#2413=EDGE_LOOP('',(#7396,#7397,#7398,#7399));
#2414=EDGE_LOOP('',(#7400,#7401,#7402,#7403));
#2415=EDGE_LOOP('',(#7404,#7405,#7406,#7407));
#2416=EDGE_LOOP('',(#7408,#7409,#7410,#7411));
#2417=EDGE_LOOP('',(#7412,#7413,#7414,#7415));
#2418=EDGE_LOOP('',(#7416,#7417,#7418,#7419));
#2419=EDGE_LOOP('',(#7420,#7421,#7422,#7423));
#2420=EDGE_LOOP('',(#7424,#7425,#7426,#7427));
#2421=EDGE_LOOP('',(#7428));
#2422=EDGE_LOOP('',(#7429));
#2423=EDGE_LOOP('',(#7430));
#2424=EDGE_LOOP('',(#7431));
#2425=EDGE_LOOP('',(#7432));
#2426=EDGE_LOOP('',(#7433));
#2427=EDGE_LOOP('',(#7434));
#2428=EDGE_LOOP('',(#7435));
#2429=EDGE_LOOP('',(#7436));
#2430=EDGE_LOOP('',(#7437));
#2431=EDGE_LOOP('',(#7438));
#2432=EDGE_LOOP('',(#7439));
#2433=EDGE_LOOP('',(#7440));
#2434=EDGE_LOOP('',(#7441));
#2435=EDGE_LOOP('',(#7442));
#2436=EDGE_LOOP('',(#7443));
#2437=EDGE_LOOP('',(#7444));
#2438=EDGE_LOOP('',(#7445));
#2439=EDGE_LOOP('',(#7446));
#2440=EDGE_LOOP('',(#7447));
#2441=EDGE_LOOP('',(#7448));
#2442=EDGE_LOOP('',(#7449));
#2443=EDGE_LOOP('',(#7450));
#2444=EDGE_LOOP('',(#7451));
#2445=EDGE_LOOP('',(#7452));
#2446=EDGE_LOOP('',(#7453));
#2447=EDGE_LOOP('',(#7454));
#2448=EDGE_LOOP('',(#7455));
#2449=EDGE_LOOP('',(#7456));
#2450=EDGE_LOOP('',(#7457));
#2451=EDGE_LOOP('',(#7458));
#2452=EDGE_LOOP('',(#7459));
#2453=EDGE_LOOP('',(#7460));
#2454=EDGE_LOOP('',(#7461));
#2455=EDGE_LOOP('',(#7462));
#2456=EDGE_LOOP('',(#7463));
#2457=EDGE_LOOP('',(#7464));
#2458=EDGE_LOOP('',(#7465));
#2459=EDGE_LOOP('',(#7466));
#2460=EDGE_LOOP('',(#7467));
#2461=EDGE_LOOP('',(#7468));
#2462=EDGE_LOOP('',(#7469));
#2463=EDGE_LOOP('',(#7470));
#2464=EDGE_LOOP('',(#7471));
#2465=EDGE_LOOP('',(#7472));
#2466=EDGE_LOOP('',(#7473));
#2467=EDGE_LOOP('',(#7474));
#2468=EDGE_LOOP('',(#7475));
#2469=EDGE_LOOP('',(#7476));
#2470=EDGE_LOOP('',(#7477));
#2471=EDGE_LOOP('',(#7478));
#2472=EDGE_LOOP('',(#7479));
#2473=EDGE_LOOP('',(#7480));
#2474=EDGE_LOOP('',(#7481));
#2475=EDGE_LOOP('',(#7482));
#2476=EDGE_LOOP('',(#7483));
#2477=EDGE_LOOP('',(#7484));
#2478=EDGE_LOOP('',(#7485));
#2479=EDGE_LOOP('',(#7486));
#2480=EDGE_LOOP('',(#7487));
#2481=EDGE_LOOP('',(#7488));
#2482=EDGE_LOOP('',(#7489));
#2483=EDGE_LOOP('',(#7490));
#2484=EDGE_LOOP('',(#7491));
#2485=EDGE_LOOP('',(#7492));
#2486=EDGE_LOOP('',(#7493));
#2487=EDGE_LOOP('',(#7494));
#2488=EDGE_LOOP('',(#7495));
#2489=EDGE_LOOP('',(#7496));
#2490=EDGE_LOOP('',(#7497));
#2491=EDGE_LOOP('',(#7498));
#2492=EDGE_LOOP('',(#7499));
#2493=EDGE_LOOP('',(#7500));
#2494=EDGE_LOOP('',(#7501));
#2495=EDGE_LOOP('',(#7502));
#2496=EDGE_LOOP('',(#7503));
#2497=EDGE_LOOP('',(#7504));
#2498=EDGE_LOOP('',(#7505));
#2499=EDGE_LOOP('',(#7506));
#2500=EDGE_LOOP('',(#7507));
#2501=EDGE_LOOP('',(#7508));
#2502=EDGE_LOOP('',(#7509));
#2503=EDGE_LOOP('',(#7510));
#2504=EDGE_LOOP('',(#7511));
#2505=EDGE_LOOP('',(#7512));
#2506=EDGE_LOOP('',(#7513));
#2507=EDGE_LOOP('',(#7514));
#2508=EDGE_LOOP('',(#7515));
#2509=EDGE_LOOP('',(#7516));
#2510=EDGE_LOOP('',(#7517));
#2511=EDGE_LOOP('',(#7518));
#2512=EDGE_LOOP('',(#7519));
#2513=EDGE_LOOP('',(#7520));
#2514=EDGE_LOOP('',(#7521));
#2515=EDGE_LOOP('',(#7522));
#2516=EDGE_LOOP('',(#7523));
#2517=EDGE_LOOP('',(#7524));
#2518=EDGE_LOOP('',(#7525));
#2519=EDGE_LOOP('',(#7526));
#2520=EDGE_LOOP('',(#7527));
#2521=EDGE_LOOP('',(#7528));
#2522=EDGE_LOOP('',(#7529));
#2523=EDGE_LOOP('',(#7530));
#2524=EDGE_LOOP('',(#7531));
#2525=EDGE_LOOP('',(#7532));
#2526=EDGE_LOOP('',(#7533));
#2527=EDGE_LOOP('',(#7534));
#2528=EDGE_LOOP('',(#7535));
#2529=EDGE_LOOP('',(#7536));
#2530=EDGE_LOOP('',(#7537));
#2531=EDGE_LOOP('',(#7538));
#2532=EDGE_LOOP('',(#7539));
#2533=EDGE_LOOP('',(#7540,#7541,#7542,#7543));
#2534=EDGE_LOOP('',(#7544,#7545,#7546,#7547));
#2535=EDGE_LOOP('',(#7548));
#2536=EDGE_LOOP('',(#7549));
#2537=EDGE_LOOP('',(#7550));
#2538=EDGE_LOOP('',(#7551));
#2539=EDGE_LOOP('',(#7552));
#2540=EDGE_LOOP('',(#7553));
#2541=EDGE_LOOP('',(#7554));
#2542=EDGE_LOOP('',(#7555));
#2543=EDGE_LOOP('',(#7556));
#2544=EDGE_LOOP('',(#7557));
#2545=EDGE_LOOP('',(#7558));
#2546=EDGE_LOOP('',(#7559));
#2547=EDGE_LOOP('',(#7560));
#2548=EDGE_LOOP('',(#7561));
#2549=EDGE_LOOP('',(#7562));
#2550=EDGE_LOOP('',(#7563));
#2551=EDGE_LOOP('',(#7564));
#2552=EDGE_LOOP('',(#7565));
#2553=EDGE_LOOP('',(#7566));
#2554=EDGE_LOOP('',(#7567));
#2555=EDGE_LOOP('',(#7568));
#2556=EDGE_LOOP('',(#7569));
#2557=EDGE_LOOP('',(#7570));
#2558=EDGE_LOOP('',(#7571));
#2559=EDGE_LOOP('',(#7572));
#2560=EDGE_LOOP('',(#7573));
#2561=EDGE_LOOP('',(#7574));
#2562=EDGE_LOOP('',(#7575));
#2563=EDGE_LOOP('',(#7576));
#2564=EDGE_LOOP('',(#7577));
#2565=EDGE_LOOP('',(#7578));
#2566=EDGE_LOOP('',(#7579));
#2567=EDGE_LOOP('',(#7580));
#2568=EDGE_LOOP('',(#7581));
#2569=EDGE_LOOP('',(#7582));
#2570=EDGE_LOOP('',(#7583));
#2571=EDGE_LOOP('',(#7584));
#2572=EDGE_LOOP('',(#7585));
#2573=EDGE_LOOP('',(#7586));
#2574=EDGE_LOOP('',(#7587));
#2575=EDGE_LOOP('',(#7588));
#2576=EDGE_LOOP('',(#7589));
#2577=EDGE_LOOP('',(#7590));
#2578=EDGE_LOOP('',(#7591));
#2579=EDGE_LOOP('',(#7592));
#2580=EDGE_LOOP('',(#7593));
#2581=EDGE_LOOP('',(#7594));
#2582=EDGE_LOOP('',(#7595));
#2583=EDGE_LOOP('',(#7596));
#2584=EDGE_LOOP('',(#7597));
#2585=EDGE_LOOP('',(#7598));
#2586=EDGE_LOOP('',(#7599));
#2587=EDGE_LOOP('',(#7600));
#2588=EDGE_LOOP('',(#7601));
#2589=EDGE_LOOP('',(#7602));
#2590=EDGE_LOOP('',(#7603));
#2591=EDGE_LOOP('',(#7604));
#2592=EDGE_LOOP('',(#7605));
#2593=EDGE_LOOP('',(#7606));
#2594=EDGE_LOOP('',(#7607));
#2595=EDGE_LOOP('',(#7608));
#2596=EDGE_LOOP('',(#7609));
#2597=EDGE_LOOP('',(#7610));
#2598=EDGE_LOOP('',(#7611));
#2599=EDGE_LOOP('',(#7612));
#2600=EDGE_LOOP('',(#7613));
#2601=EDGE_LOOP('',(#7614));
#2602=EDGE_LOOP('',(#7615));
#2603=EDGE_LOOP('',(#7616));
#2604=EDGE_LOOP('',(#7617));
#2605=EDGE_LOOP('',(#7618));
#2606=EDGE_LOOP('',(#7619));
#2607=EDGE_LOOP('',(#7620));
#2608=EDGE_LOOP('',(#7621));
#2609=EDGE_LOOP('',(#7622));
#2610=EDGE_LOOP('',(#7623));
#2611=EDGE_LOOP('',(#7624));
#2612=EDGE_LOOP('',(#7625));
#2613=EDGE_LOOP('',(#7626));
#2614=EDGE_LOOP('',(#7627));
#2615=EDGE_LOOP('',(#7628));
#2616=EDGE_LOOP('',(#7629));
#2617=EDGE_LOOP('',(#7630));
#2618=EDGE_LOOP('',(#7631));
#2619=EDGE_LOOP('',(#7632));
#2620=EDGE_LOOP('',(#7633));
#2621=EDGE_LOOP('',(#7634));
#2622=EDGE_LOOP('',(#7635));
#2623=EDGE_LOOP('',(#7636));
#2624=EDGE_LOOP('',(#7637));
#2625=EDGE_LOOP('',(#7638));
#2626=EDGE_LOOP('',(#7639));
#2627=EDGE_LOOP('',(#7640));
#2628=EDGE_LOOP('',(#7641));
#2629=EDGE_LOOP('',(#7642));
#2630=EDGE_LOOP('',(#7643));
#2631=EDGE_LOOP('',(#7644));
#2632=EDGE_LOOP('',(#7645));
#2633=EDGE_LOOP('',(#7646));
#2634=EDGE_LOOP('',(#7647));
#2635=EDGE_LOOP('',(#7648));
#2636=EDGE_LOOP('',(#7649));
#2637=EDGE_LOOP('',(#7650));
#2638=EDGE_LOOP('',(#7651));
#2639=EDGE_LOOP('',(#7652));
#2640=EDGE_LOOP('',(#7653));
#2641=EDGE_LOOP('',(#7654));
#2642=EDGE_LOOP('',(#7655));
#2643=EDGE_LOOP('',(#7656));
#2644=EDGE_LOOP('',(#7657));
#2645=EDGE_LOOP('',(#7658));
#2646=EDGE_LOOP('',(#7659));
#2647=EDGE_LOOP('',(#7660,#7661,#7662,#7663,#7664,#7665,#7666,#7667));
#2648=LINE('',#11378,#3156);
#2649=LINE('',#11380,#3157);
#2650=LINE('',#11382,#3158);
#2651=LINE('',#11383,#3159);
#2652=LINE('',#11387,#3160);
#2653=LINE('',#11388,#3161);
#2654=LINE('',#11389,#3162);
#2655=LINE('',#11393,#3163);
#2656=LINE('',#11395,#3164);
#2657=LINE('',#11397,#3165);
#2658=LINE('',#11398,#3166);
#2659=LINE('',#11402,#3167);
#2660=LINE('',#11404,#3168);
#2661=LINE('',#11406,#3169);
#2662=LINE('',#11407,#3170);
#2663=LINE('',#11411,#3171);
#2664=LINE('',#11413,#3172);
#2665=LINE('',#11415,#3173);
#2666=LINE('',#11416,#3174);
#2667=LINE('',#11420,#3175);
#2668=LINE('',#11422,#3176);
#2669=LINE('',#11424,#3177);
#2670=LINE('',#11425,#3178);
#2671=LINE('',#11429,#3179);
#2672=LINE('',#11431,#3180);
#2673=LINE('',#11433,#3181);
#2674=LINE('',#11434,#3182);
#2675=LINE('',#11438,#3183);
#2676=LINE('',#11440,#3184);
#2677=LINE('',#11442,#3185);
#2678=LINE('',#11443,#3186);
#2679=LINE('',#11447,#3187);
#2680=LINE('',#11449,#3188);
#2681=LINE('',#11451,#3189);
#2682=LINE('',#11452,#3190);
#2683=LINE('',#11456,#3191);
#2684=LINE('',#11458,#3192);
#2685=LINE('',#11460,#3193);
#2686=LINE('',#11461,#3194);
#2687=LINE('',#11465,#3195);
#2688=LINE('',#11467,#3196);
#2689=LINE('',#11469,#3197);
#2690=LINE('',#11470,#3198);
#2691=LINE('',#11474,#3199);
#2692=LINE('',#11476,#3200);
#2693=LINE('',#11478,#3201);
#2694=LINE('',#11479,#3202);
#2695=LINE('',#11483,#3203);
#2696=LINE('',#11485,#3204);
#2697=LINE('',#11487,#3205);
#2698=LINE('',#11488,#3206);
#2699=LINE('',#11492,#3207);
#2700=LINE('',#11494,#3208);
#2701=LINE('',#11496,#3209);
#2702=LINE('',#11497,#3210);
#2703=LINE('',#11501,#3211);
#2704=LINE('',#11503,#3212);
#2705=LINE('',#11505,#3213);
#2706=LINE('',#11506,#3214);
#2707=LINE('',#11510,#3215);
#2708=LINE('',#11512,#3216);
#2709=LINE('',#11514,#3217);
#2710=LINE('',#11515,#3218);
#2711=LINE('',#11519,#3219);
#2712=LINE('',#11521,#3220);
#2713=LINE('',#11523,#3221);
#2714=LINE('',#11524,#3222);
#2715=LINE('',#11527,#3223);
#2716=LINE('',#11529,#3224);
#2717=LINE('',#11531,#3225);
#2718=LINE('',#11582,#3226);
#2719=LINE('',#11601,#3227);
#2720=LINE('',#11602,#3228);
#2721=LINE('',#11636,#3229);
#2722=LINE('',#11637,#3230);
#2723=LINE('',#11639,#3231);
#2724=LINE('',#11643,#3232);
#2725=LINE('',#11645,#3233);
#2726=LINE('',#11647,#3234);
#2727=LINE('',#11648,#3235);
#2728=LINE('',#11652,#3236);
#2729=LINE('',#11654,#3237);
#2730=LINE('',#11656,#3238);
#2731=LINE('',#11657,#3239);
#2732=LINE('',#11661,#3240);
#2733=LINE('',#11663,#3241);
#2734=LINE('',#11665,#3242);
#2735=LINE('',#11666,#3243);
#2736=LINE('',#11670,#3244);
#2737=LINE('',#11672,#3245);
#2738=LINE('',#11674,#3246);
#2739=LINE('',#11675,#3247);
#2740=LINE('',#11679,#3248);
#2741=LINE('',#11681,#3249);
#2742=LINE('',#11683,#3250);
#2743=LINE('',#11684,#3251);
#2744=LINE('',#11688,#3252);
#2745=LINE('',#11690,#3253);
#2746=LINE('',#11692,#3254);
#2747=LINE('',#11693,#3255);
#2748=LINE('',#11697,#3256);
#2749=LINE('',#11699,#3257);
#2750=LINE('',#11701,#3258);
#2751=LINE('',#11702,#3259);
#2752=LINE('',#11706,#3260);
#2753=LINE('',#11708,#3261);
#2754=LINE('',#11710,#3262);
#2755=LINE('',#11711,#3263);
#2756=LINE('',#11715,#3264);
#2757=LINE('',#11717,#3265);
#2758=LINE('',#11719,#3266);
#2759=LINE('',#11720,#3267);
#2760=LINE('',#11724,#3268);
#2761=LINE('',#11726,#3269);
#2762=LINE('',#11728,#3270);
#2763=LINE('',#11729,#3271);
#2764=LINE('',#11733,#3272);
#2765=LINE('',#11735,#3273);
#2766=LINE('',#11737,#3274);
#2767=LINE('',#11738,#3275);
#2768=LINE('',#11742,#3276);
#2769=LINE('',#11744,#3277);
#2770=LINE('',#11746,#3278);
#2771=LINE('',#11747,#3279);
#2772=LINE('',#11751,#3280);
#2773=LINE('',#11753,#3281);
#2774=LINE('',#11755,#3282);
#2775=LINE('',#11756,#3283);
#2776=LINE('',#11760,#3284);
#2777=LINE('',#11762,#3285);
#2778=LINE('',#11764,#3286);
#2779=LINE('',#11765,#3287);
#2780=LINE('',#11769,#3288);
#2781=LINE('',#11771,#3289);
#2782=LINE('',#11773,#3290);
#2783=LINE('',#11774,#3291);
#2784=LINE('',#11778,#3292);
#2785=LINE('',#11780,#3293);
#2786=LINE('',#11782,#3294);
#2787=LINE('',#11783,#3295);
#2788=LINE('',#11787,#3296);
#2789=LINE('',#11789,#3297);
#2790=LINE('',#11791,#3298);
#2791=LINE('',#11792,#3299);
#2792=LINE('',#11795,#3300);
#2793=LINE('',#11797,#3301);
#2794=LINE('',#11814,#3302);
#2795=LINE('',#11849,#3303);
#2796=LINE('',#11850,#3304);
#2797=LINE('',#11852,#3305);
#2798=LINE('',#11870,#3306);
#2799=LINE('',#11904,#3307);
#2800=LINE('',#11907,#3308);
#2801=LINE('',#11911,#3309);
#2802=LINE('',#11915,#3310);
#2803=LINE('',#11919,#3311);
#2804=LINE('',#11923,#3312);
#2805=LINE('',#11927,#3313);
#2806=LINE('',#11931,#3314);
#2807=LINE('',#11935,#3315);
#2808=LINE('',#11939,#3316);
#2809=LINE('',#11943,#3317);
#2810=LINE('',#11947,#3318);
#2811=LINE('',#11951,#3319);
#2812=LINE('',#11955,#3320);
#2813=LINE('',#11959,#3321);
#2814=LINE('',#11963,#3322);
#2815=LINE('',#11967,#3323);
#2816=LINE('',#11971,#3324);
#2817=LINE('',#11975,#3325);
#2818=LINE('',#11979,#3326);
#2819=LINE('',#11983,#3327);
#2820=LINE('',#11987,#3328);
#2821=LINE('',#11991,#3329);
#2822=LINE('',#11995,#3330);
#2823=LINE('',#11999,#3331);
#2824=LINE('',#12003,#3332);
#2825=LINE('',#12007,#3333);
#2826=LINE('',#12011,#3334);
#2827=LINE('',#12015,#3335);
#2828=LINE('',#12019,#3336);
#2829=LINE('',#12023,#3337);
#2830=LINE('',#12027,#3338);
#2831=LINE('',#12031,#3339);
#2832=LINE('',#12036,#3340);
#2833=LINE('',#12038,#3341);
#2834=LINE('',#12040,#3342);
#2835=LINE('',#12041,#3343);
#2836=LINE('',#12045,#3344);
#2837=LINE('',#12047,#3345);
#2838=LINE('',#12049,#3346);
#2839=LINE('',#12050,#3347);
#2840=LINE('',#12053,#3348);
#2841=LINE('',#12055,#3349);
#2842=LINE('',#12056,#3350);
#2843=LINE('',#12059,#3351);
#2844=LINE('',#12060,#3352);
#2845=LINE('',#12063,#3353);
#2846=LINE('',#12065,#3354);
#2847=LINE('',#12066,#3355);
#2848=LINE('',#12069,#3356);
#2849=LINE('',#12070,#3357);
#2850=LINE('',#12073,#3358);
#2851=LINE('',#12074,#3359);
#2852=LINE('',#12076,#3360);
#2853=LINE('',#12079,#3361);
#2854=LINE('',#12080,#3362);
#2855=LINE('',#12082,#3363);
#2856=LINE('',#12087,#3364);
#2857=LINE('',#12093,#3365);
#2858=LINE('',#12099,#3366);
#2859=LINE('',#12105,#3367);
#2860=LINE('',#12111,#3368);
#2861=LINE('',#12117,#3369);
#2862=LINE('',#12123,#3370);
#2863=LINE('',#12129,#3371);
#2864=LINE('',#12135,#3372);
#2865=LINE('',#12141,#3373);
#2866=LINE('',#12147,#3374);
#2867=LINE('',#12153,#3375);
#2868=LINE('',#12159,#3376);
#2869=LINE('',#12165,#3377);
#2870=LINE('',#12171,#3378);
#2871=LINE('',#12177,#3379);
#2872=LINE('',#12183,#3380);
#2873=LINE('',#12189,#3381);
#2874=LINE('',#12195,#3382);
#2875=LINE('',#12201,#3383);
#2876=LINE('',#12207,#3384);
#2877=LINE('',#12213,#3385);
#2878=LINE('',#12219,#3386);
#2879=LINE('',#12225,#3387);
#2880=LINE('',#12231,#3388);
#2881=LINE('',#12237,#3389);
#2882=LINE('',#12243,#3390);
#2883=LINE('',#12249,#3391);
#2884=LINE('',#12255,#3392);
#2885=LINE('',#12261,#3393);
#2886=LINE('',#12267,#3394);
#2887=LINE('',#12273,#3395);
#2888=LINE('',#12278,#3396);
#2889=LINE('',#12282,#3397);
#2890=LINE('',#12287,#3398);
#2891=LINE('',#12293,#3399);
#2892=LINE('',#12298,#3400);
#2893=LINE('',#12302,#3401);
#2894=LINE('',#12307,#3402);
#2895=LINE('',#12313,#3403);
#2896=LINE('',#12319,#3404);
#2897=LINE('',#12325,#3405);
#2898=LINE('',#12331,#3406);
#2899=LINE('',#12337,#3407);
#2900=LINE('',#12343,#3408);
#2901=LINE('',#12349,#3409);
#2902=LINE('',#12355,#3410);
#2903=LINE('',#12361,#3411);
#2904=LINE('',#12367,#3412);
#2905=LINE('',#12373,#3413);
#2906=LINE('',#12378,#3414);
#2907=LINE('',#12382,#3415);
#2908=LINE('',#12386,#3416);
#2909=LINE('',#12390,#3417);
#2910=LINE('',#12395,#3418);
#2911=LINE('',#12401,#3419);
#2912=LINE('',#12407,#3420);
#2913=LINE('',#12413,#3421);
#2914=LINE('',#12419,#3422);
#2915=LINE('',#12425,#3423);
#2916=LINE('',#12431,#3424);
#2917=LINE('',#12437,#3425);
#2918=LINE('',#12443,#3426);
#2919=LINE('',#12449,#3427);
#2920=LINE('',#12455,#3428);
#2921=LINE('',#12461,#3429);
#2922=LINE('',#12467,#3430);
#2923=LINE('',#12473,#3431);
#2924=LINE('',#12479,#3432);
#2925=LINE('',#12485,#3433);
#2926=LINE('',#12490,#3434);
#2927=LINE('',#12494,#3435);
#2928=LINE('',#12498,#3436);
#2929=LINE('',#12502,#3437);
#2930=LINE('',#12506,#3438);
#2931=LINE('',#12510,#3439);
#2932=LINE('',#12514,#3440);
#2933=LINE('',#12518,#3441);
#2934=LINE('',#12523,#3442);
#2935=LINE('',#12529,#3443);
#2936=LINE('',#12535,#3444);
#2937=LINE('',#12541,#3445);
#2938=LINE('',#12547,#3446);
#2939=LINE('',#12553,#3447);
#2940=LINE('',#12559,#3448);
#2941=LINE('',#12565,#3449);
#2942=LINE('',#12571,#3450);
#2943=LINE('',#12577,#3451);
#2944=LINE('',#12583,#3452);
#2945=LINE('',#12589,#3453);
#2946=LINE('',#12595,#3454);
#2947=LINE('',#12601,#3455);
#2948=LINE('',#12607,#3456);
#2949=LINE('',#12613,#3457);
#2950=LINE('',#12619,#3458);
#2951=LINE('',#12625,#3459);
#2952=LINE('',#12631,#3460);
#2953=LINE('',#12637,#3461);
#2954=LINE('',#12643,#3462);
#2955=LINE('',#12649,#3463);
#2956=LINE('',#12655,#3464);
#2957=LINE('',#12661,#3465);
#2958=LINE('',#12667,#3466);
#2959=LINE('',#12673,#3467);
#2960=LINE('',#12679,#3468);
#2961=LINE('',#12685,#3469);
#2962=LINE('',#12691,#3470);
#2963=LINE('',#12697,#3471);
#2964=LINE('',#12703,#3472);
#2965=LINE('',#12709,#3473);
#2966=LINE('',#12715,#3474);
#2967=LINE('',#12721,#3475);
#2968=LINE('',#12727,#3476);
#2969=LINE('',#12733,#3477);
#2970=LINE('',#12739,#3478);
#2971=LINE('',#12745,#3479);
#2972=LINE('',#12751,#3480);
#2973=LINE('',#12757,#3481);
#2974=LINE('',#12763,#3482);
#2975=LINE('',#12769,#3483);
#2976=LINE('',#12775,#3484);
#2977=LINE('',#12781,#3485);
#2978=LINE('',#12787,#3486);
#2979=LINE('',#12793,#3487);
#2980=LINE('',#12799,#3488);
#2981=LINE('',#12805,#3489);
#2982=LINE('',#12811,#3490);
#2983=LINE('',#12817,#3491);
#2984=LINE('',#12823,#3492);
#2985=LINE('',#12829,#3493);
#2986=LINE('',#12835,#3494);
#2987=LINE('',#12841,#3495);
#2988=LINE('',#12847,#3496);
#2989=LINE('',#12853,#3497);
#2990=LINE('',#12859,#3498);
#2991=LINE('',#12865,#3499);
#2992=LINE('',#12871,#3500);
#2993=LINE('',#12877,#3501);
#2994=LINE('',#12883,#3502);
#2995=LINE('',#12889,#3503);
#2996=LINE('',#12895,#3504);
#2997=LINE('',#12901,#3505);
#2998=LINE('',#12906,#3506);
#2999=LINE('',#12910,#3507);
#3000=LINE('',#12914,#3508);
#3001=LINE('',#12918,#3509);
#3002=LINE('',#12923,#3510);
#3003=LINE('',#12929,#3511);
#3004=LINE('',#12935,#3512);
#3005=LINE('',#12941,#3513);
#3006=LINE('',#12947,#3514);
#3007=LINE('',#12953,#3515);
#3008=LINE('',#12959,#3516);
#3009=LINE('',#12965,#3517);
#3010=LINE('',#12970,#3518);
#3011=LINE('',#12974,#3519);
#3012=LINE('',#12979,#3520);
#3013=LINE('',#12985,#3521);
#3014=LINE('',#12991,#3522);
#3015=LINE('',#12997,#3523);
#3016=LINE('',#13003,#3524);
#3017=LINE('',#13009,#3525);
#3018=LINE('',#13015,#3526);
#3019=LINE('',#13021,#3527);
#3020=LINE('',#13027,#3528);
#3021=LINE('',#13033,#3529);
#3022=LINE('',#13039,#3530);
#3023=LINE('',#13045,#3531);
#3024=LINE('',#13050,#3532);
#3025=LINE('',#13054,#3533);
#3026=LINE('',#13059,#3534);
#3027=LINE('',#13065,#3535);
#3028=LINE('',#13070,#3536);
#3029=LINE('',#13074,#3537);
#3030=LINE('',#13079,#3538);
#3031=LINE('',#13085,#3539);
#3032=LINE('',#13091,#3540);
#3033=LINE('',#13097,#3541);
#3034=LINE('',#13102,#3542);
#3035=LINE('',#13106,#3543);
#3036=LINE('',#13111,#3544);
#3037=LINE('',#13117,#3545);
#3038=LINE('',#13123,#3546);
#3039=LINE('',#13129,#3547);
#3040=LINE('',#13134,#3548);
#3041=LINE('',#13138,#3549);
#3042=LINE('',#13143,#3550);
#3043=LINE('',#13149,#3551);
#3044=LINE('',#13154,#3552);
#3045=LINE('',#13158,#3553);
#3046=LINE('',#13163,#3554);
#3047=LINE('',#13169,#3555);
#3048=LINE('',#13175,#3556);
#3049=LINE('',#13181,#3557);
#3050=LINE('',#13187,#3558);
#3051=LINE('',#13193,#3559);
#3052=LINE('',#13199,#3560);
#3053=LINE('',#13205,#3561);
#3054=LINE('',#13211,#3562);
#3055=LINE('',#13217,#3563);
#3056=LINE('',#13223,#3564);
#3057=LINE('',#13229,#3565);
#3058=LINE('',#13235,#3566);
#3059=LINE('',#13241,#3567);
#3060=LINE('',#13247,#3568);
#3061=LINE('',#13253,#3569);
#3062=LINE('',#13259,#3570);
#3063=LINE('',#13265,#3571);
#3064=LINE('',#13271,#3572);
#3065=LINE('',#13277,#3573);
#3066=LINE('',#13283,#3574);
#3067=LINE('',#13289,#3575);
#3068=LINE('',#13295,#3576);
#3069=LINE('',#13301,#3577);
#3070=LINE('',#13307,#3578);
#3071=LINE('',#13313,#3579);
#3072=LINE('',#13319,#3580);
#3073=LINE('',#13325,#3581);
#3074=LINE('',#13331,#3582);
#3075=LINE('',#13337,#3583);
#3076=LINE('',#13343,#3584);
#3077=LINE('',#13349,#3585);
#3078=LINE('',#13355,#3586);
#3079=LINE('',#13361,#3587);
#3080=LINE('',#13368,#3588);
#3081=LINE('',#13371,#3589);
#3082=LINE('',#13374,#3590);
#3083=LINE('',#13376,#3591);
#3084=LINE('',#13377,#3592);
#3085=LINE('',#13380,#3593);
#3086=LINE('',#13384,#3594);
#3087=LINE('',#13388,#3595);
#3088=LINE('',#13394,#3596);
#3089=LINE('',#13395,#3597);
#3090=LINE('',#13398,#3598);
#3091=LINE('',#13399,#3599);
#3092=LINE('',#13404,#3600);
#3093=LINE('',#13407,#3601);
#3094=LINE('',#13409,#3602);
#3095=LINE('',#13411,#3603);
#3096=LINE('',#13413,#3604);
#3097=LINE('',#13414,#3605);
#3098=LINE('',#13416,#3606);
#3099=LINE('',#13418,#3607);
#3100=LINE('',#13421,#3608);
#3101=LINE('',#13423,#3609);
#3102=LINE('',#13425,#3610);
#3103=LINE('',#13426,#3611);
#3104=LINE('',#13429,#3612);
#3105=LINE('',#13431,#3613);
#3106=LINE('',#13433,#3614);
#3107=LINE('',#13434,#3615);
#3108=LINE('',#13437,#3616);
#3109=LINE('',#13439,#3617);
#3110=LINE('',#13441,#3618);
#3111=LINE('',#13442,#3619);
#3112=LINE('',#13445,#3620);
#3113=LINE('',#13447,#3621);
#3114=LINE('',#13449,#3622);
#3115=LINE('',#13450,#3623);
#3116=LINE('',#13455,#3624);
#3117=LINE('',#13456,#3625);
#3118=LINE('',#13457,#3626);
#3119=LINE('',#13460,#3627);
#3120=LINE('',#13461,#3628);
#3121=LINE('',#13464,#3629);
#3122=LINE('',#13465,#3630);
#3123=LINE('',#13467,#3631);
#3124=LINE('',#13471,#3632);
#3125=LINE('',#13472,#3633);
#3126=LINE('',#13473,#3634);
#3127=LINE('',#13476,#3635);
#3128=LINE('',#13477,#3636);
#3129=LINE('',#13480,#3637);
#3130=LINE('',#13481,#3638);
#3131=LINE('',#13483,#3639);
#3132=LINE('',#13487,#3640);
#3133=LINE('',#13488,#3641);
#3134=LINE('',#13489,#3642);
#3135=LINE('',#13492,#3643);
#3136=LINE('',#13493,#3644);
#3137=LINE('',#13496,#3645);
#3138=LINE('',#13497,#3646);
#3139=LINE('',#13499,#3647);
#3140=LINE('',#13503,#3648);
#3141=LINE('',#13504,#3649);
#3142=LINE('',#13505,#3650);
#3143=LINE('',#13508,#3651);
#3144=LINE('',#13509,#3652);
#3145=LINE('',#13512,#3653);
#3146=LINE('',#13513,#3654);
#3147=LINE('',#13515,#3655);
#3148=LINE('',#13518,#3656);
#3149=LINE('',#13520,#3657);
#3150=LINE('',#13521,#3658);
#3151=LINE('',#13524,#3659);
#3152=LINE('',#13525,#3660);
#3153=LINE('',#13528,#3661);
#3154=LINE('',#13529,#3662);
#3155=LINE('',#13531,#3663);
#3156=VECTOR('',#9024,10.);
#3157=VECTOR('',#9025,10.);
#3158=VECTOR('',#9026,10.);
#3159=VECTOR('',#9027,10.);
#3160=VECTOR('',#9030,10.);
#3161=VECTOR('',#9031,10.);
#3162=VECTOR('',#9032,10.);
#3163=VECTOR('',#9035,10.);
#3164=VECTOR('',#9036,10.);
#3165=VECTOR('',#9037,10.);
#3166=VECTOR('',#9038,10.);
#3167=VECTOR('',#9041,10.);
#3168=VECTOR('',#9042,10.);
#3169=VECTOR('',#9043,10.);
#3170=VECTOR('',#9044,10.);
#3171=VECTOR('',#9047,10.);
#3172=VECTOR('',#9048,10.);
#3173=VECTOR('',#9049,10.);
#3174=VECTOR('',#9050,10.);
#3175=VECTOR('',#9053,10.);
#3176=VECTOR('',#9054,10.);
#3177=VECTOR('',#9055,10.);
#3178=VECTOR('',#9056,10.);
#3179=VECTOR('',#9059,10.);
#3180=VECTOR('',#9060,10.);
#3181=VECTOR('',#9061,10.);
#3182=VECTOR('',#9062,10.);
#3183=VECTOR('',#9065,10.);
#3184=VECTOR('',#9066,10.);
#3185=VECTOR('',#9067,10.);
#3186=VECTOR('',#9068,10.);
#3187=VECTOR('',#9071,10.);
#3188=VECTOR('',#9072,10.);
#3189=VECTOR('',#9073,10.);
#3190=VECTOR('',#9074,10.);
#3191=VECTOR('',#9077,10.);
#3192=VECTOR('',#9078,10.);
#3193=VECTOR('',#9079,10.);
#3194=VECTOR('',#9080,10.);
#3195=VECTOR('',#9083,10.);
#3196=VECTOR('',#9084,10.);
#3197=VECTOR('',#9085,10.);
#3198=VECTOR('',#9086,10.);
#3199=VECTOR('',#9089,10.);
#3200=VECTOR('',#9090,10.);
#3201=VECTOR('',#9091,10.);
#3202=VECTOR('',#9092,10.);
#3203=VECTOR('',#9095,10.);
#3204=VECTOR('',#9096,10.);
#3205=VECTOR('',#9097,10.);
#3206=VECTOR('',#9098,10.);
#3207=VECTOR('',#9101,10.);
#3208=VECTOR('',#9102,10.);
#3209=VECTOR('',#9103,10.);
#3210=VECTOR('',#9104,10.);
#3211=VECTOR('',#9107,10.);
#3212=VECTOR('',#9108,10.);
#3213=VECTOR('',#9109,10.);
#3214=VECTOR('',#9110,10.);
#3215=VECTOR('',#9113,10.);
#3216=VECTOR('',#9114,10.);
#3217=VECTOR('',#9115,10.);
#3218=VECTOR('',#9116,10.);
#3219=VECTOR('',#9119,10.);
#3220=VECTOR('',#9120,10.);
#3221=VECTOR('',#9121,10.);
#3222=VECTOR('',#9122,10.);
#3223=VECTOR('',#9125,10.);
#3224=VECTOR('',#9126,10.);
#3225=VECTOR('',#9127,10.);
#3226=VECTOR('',#9194,10.);
#3227=VECTOR('',#9227,10.);
#3228=VECTOR('',#9228,10.);
#3229=VECTOR('',#9263,10.);
#3230=VECTOR('',#9264,10.);
#3231=VECTOR('',#9267,10.);
#3232=VECTOR('',#9270,10.);
#3233=VECTOR('',#9271,10.);
#3234=VECTOR('',#9272,10.);
#3235=VECTOR('',#9273,10.);
#3236=VECTOR('',#9276,10.);
#3237=VECTOR('',#9277,10.);
#3238=VECTOR('',#9278,10.);
#3239=VECTOR('',#9279,10.);
#3240=VECTOR('',#9282,10.);
#3241=VECTOR('',#9283,10.);
#3242=VECTOR('',#9284,10.);
#3243=VECTOR('',#9285,10.);
#3244=VECTOR('',#9288,10.);
#3245=VECTOR('',#9289,10.);
#3246=VECTOR('',#9290,10.);
#3247=VECTOR('',#9291,10.);
#3248=VECTOR('',#9294,10.);
#3249=VECTOR('',#9295,10.);
#3250=VECTOR('',#9296,10.);
#3251=VECTOR('',#9297,10.);
#3252=VECTOR('',#9300,10.);
#3253=VECTOR('',#9301,10.);
#3254=VECTOR('',#9302,10.);
#3255=VECTOR('',#9303,10.);
#3256=VECTOR('',#9306,10.);
#3257=VECTOR('',#9307,10.);
#3258=VECTOR('',#9308,10.);
#3259=VECTOR('',#9309,10.);
#3260=VECTOR('',#9312,10.);
#3261=VECTOR('',#9313,10.);
#3262=VECTOR('',#9314,10.);
#3263=VECTOR('',#9315,10.);
#3264=VECTOR('',#9318,10.);
#3265=VECTOR('',#9319,10.);
#3266=VECTOR('',#9320,10.);
#3267=VECTOR('',#9321,10.);
#3268=VECTOR('',#9324,10.);
#3269=VECTOR('',#9325,10.);
#3270=VECTOR('',#9326,10.);
#3271=VECTOR('',#9327,10.);
#3272=VECTOR('',#9330,10.);
#3273=VECTOR('',#9331,10.);
#3274=VECTOR('',#9332,10.);
#3275=VECTOR('',#9333,10.);
#3276=VECTOR('',#9336,10.);
#3277=VECTOR('',#9337,10.);
#3278=VECTOR('',#9338,10.);
#3279=VECTOR('',#9339,10.);
#3280=VECTOR('',#9342,10.);
#3281=VECTOR('',#9343,10.);
#3282=VECTOR('',#9344,10.);
#3283=VECTOR('',#9345,10.);
#3284=VECTOR('',#9348,10.);
#3285=VECTOR('',#9349,10.);
#3286=VECTOR('',#9350,10.);
#3287=VECTOR('',#9351,10.);
#3288=VECTOR('',#9354,10.);
#3289=VECTOR('',#9355,10.);
#3290=VECTOR('',#9356,10.);
#3291=VECTOR('',#9357,10.);
#3292=VECTOR('',#9360,10.);
#3293=VECTOR('',#9361,10.);
#3294=VECTOR('',#9362,10.);
#3295=VECTOR('',#9363,10.);
#3296=VECTOR('',#9366,10.);
#3297=VECTOR('',#9367,10.);
#3298=VECTOR('',#9368,10.);
#3299=VECTOR('',#9369,10.);
#3300=VECTOR('',#9372,10.);
#3301=VECTOR('',#9373,10.);
#3302=VECTOR('',#9406,10.);
#3303=VECTOR('',#9441,10.);
#3304=VECTOR('',#9442,10.);
#3305=VECTOR('',#9445,10.);
#3306=VECTOR('',#9478,10.);
#3307=VECTOR('',#9513,10.);
#3308=VECTOR('',#9516,2.25);
#3309=VECTOR('',#9521,2.25);
#3310=VECTOR('',#9526,2.25000000000001);
#3311=VECTOR('',#9531,2.25);
#3312=VECTOR('',#9536,2.25);
#3313=VECTOR('',#9541,2.25);
#3314=VECTOR('',#9546,2.25);
#3315=VECTOR('',#9551,2.25000000000001);
#3316=VECTOR('',#9556,2.25);
#3317=VECTOR('',#9561,2.25);
#3318=VECTOR('',#9566,2.25);
#3319=VECTOR('',#9571,2.25000000000001);
#3320=VECTOR('',#9576,2.25000000000001);
#3321=VECTOR('',#9581,2.25);
#3322=VECTOR('',#9586,2.25000000000001);
#3323=VECTOR('',#9591,2.25);
#3324=VECTOR('',#9596,2.25);
#3325=VECTOR('',#9601,2.25);
#3326=VECTOR('',#9606,2.25000000000001);
#3327=VECTOR('',#9611,2.25);
#3328=VECTOR('',#9616,2.25);
#3329=VECTOR('',#9621,2.25);
#3330=VECTOR('',#9626,2.25);
#3331=VECTOR('',#9631,2.25000000000001);
#3332=VECTOR('',#9636,2.25);
#3333=VECTOR('',#9641,2.25);
#3334=VECTOR('',#9646,2.25);
#3335=VECTOR('',#9651,2.25000000000001);
#3336=VECTOR('',#9656,2.25000000000001);
#3337=VECTOR('',#9661,2.25);
#3338=VECTOR('',#9666,2.25000000000001);
#3339=VECTOR('',#9671,2.25);
#3340=VECTOR('',#9676,10.);
#3341=VECTOR('',#9677,10.);
#3342=VECTOR('',#9678,10.);
#3343=VECTOR('',#9679,10.);
#3344=VECTOR('',#9682,10.);
#3345=VECTOR('',#9683,10.);
#3346=VECTOR('',#9684,10.);
#3347=VECTOR('',#9685,10.);
#3348=VECTOR('',#9688,10.);
#3349=VECTOR('',#9689,10.);
#3350=VECTOR('',#9690,10.);
#3351=VECTOR('',#9693,10.);
#3352=VECTOR('',#9694,10.);
#3353=VECTOR('',#9697,10.);
#3354=VECTOR('',#9698,10.);
#3355=VECTOR('',#9699,10.);
#3356=VECTOR('',#9702,10.);
#3357=VECTOR('',#9703,10.);
#3358=VECTOR('',#9706,10.);
#3359=VECTOR('',#9707,10.);
#3360=VECTOR('',#9710,10.);
#3361=VECTOR('',#9713,10.);
#3362=VECTOR('',#9714,10.);
#3363=VECTOR('',#9717,10.);
#3364=VECTOR('',#9722,2.25);
#3365=VECTOR('',#9729,2.25);
#3366=VECTOR('',#9736,2.25);
#3367=VECTOR('',#9743,2.25);
#3368=VECTOR('',#9750,2.25000000000001);
#3369=VECTOR('',#9757,2.25000000000001);
#3370=VECTOR('',#9764,2.25);
#3371=VECTOR('',#9771,2.25);
#3372=VECTOR('',#9778,2.25);
#3373=VECTOR('',#9785,2.25);
#3374=VECTOR('',#9792,2.25);
#3375=VECTOR('',#9799,2.25);
#3376=VECTOR('',#9806,2.25);
#3377=VECTOR('',#9813,2.25);
#3378=VECTOR('',#9820,2.25);
#3379=VECTOR('',#9827,2.25);
#3380=VECTOR('',#9834,2.25);
#3381=VECTOR('',#9841,2.25);
#3382=VECTOR('',#9848,2.25);
#3383=VECTOR('',#9855,2.25);
#3384=VECTOR('',#9862,2.25000000000001);
#3385=VECTOR('',#9869,2.25000000000001);
#3386=VECTOR('',#9876,2.25000000000001);
#3387=VECTOR('',#9883,2.25000000000001);
#3388=VECTOR('',#9890,2.25);
#3389=VECTOR('',#9897,2.25);
#3390=VECTOR('',#9904,2.25000000000001);
#3391=VECTOR('',#9911,2.25000000000001);
#3392=VECTOR('',#9918,2.25000000000001);
#3393=VECTOR('',#9925,2.25000000000001);
#3394=VECTOR('',#9932,2.25);
#3395=VECTOR('',#9939,2.25);
#3396=VECTOR('',#9946,2.25);
#3397=VECTOR('',#9951,2.25);
#3398=VECTOR('',#9956,2.25000000000001);
#3399=VECTOR('',#9963,2.25000000000001);
#3400=VECTOR('',#9970,2.25);
#3401=VECTOR('',#9975,2.25);
#3402=VECTOR('',#9980,2.25000000000001);
#3403=VECTOR('',#9987,2.25000000000001);
#3404=VECTOR('',#9994,2.25000000000001);
#3405=VECTOR('',#10001,2.25000000000001);
#3406=VECTOR('',#10008,2.25);
#3407=VECTOR('',#10015,2.25);
#3408=VECTOR('',#10022,2.25000000000001);
#3409=VECTOR('',#10029,2.25000000000001);
#3410=VECTOR('',#10036,2.25);
#3411=VECTOR('',#10043,2.25);
#3412=VECTOR('',#10050,2.25000000000001);
#3413=VECTOR('',#10057,2.25000000000001);
#3414=VECTOR('',#10064,2.25000000000001);
#3415=VECTOR('',#10069,2.25000000000001);
#3416=VECTOR('',#10074,2.25);
#3417=VECTOR('',#10079,2.25);
#3418=VECTOR('',#10084,2.25000000000001);
#3419=VECTOR('',#10091,2.25000000000001);
#3420=VECTOR('',#10098,2.25);
#3421=VECTOR('',#10105,2.25);
#3422=VECTOR('',#10112,2.25000000000001);
#3423=VECTOR('',#10119,2.25000000000001);
#3424=VECTOR('',#10126,2.25);
#3425=VECTOR('',#10133,2.25);
#3426=VECTOR('',#10140,2.25);
#3427=VECTOR('',#10147,2.25);
#3428=VECTOR('',#10154,2.25000000000001);
#3429=VECTOR('',#10161,2.25000000000001);
#3430=VECTOR('',#10168,2.25000000000001);
#3431=VECTOR('',#10175,2.25000000000001);
#3432=VECTOR('',#10182,2.25000000000001);
#3433=VECTOR('',#10189,2.25000000000001);
#3434=VECTOR('',#10196,2.25);
#3435=VECTOR('',#10201,2.25);
#3436=VECTOR('',#10206,2.25);
#3437=VECTOR('',#10211,2.25);
#3438=VECTOR('',#10216,2.25);
#3439=VECTOR('',#10221,2.25);
#3440=VECTOR('',#10226,2.25000000000001);
#3441=VECTOR('',#10231,2.25000000000001);
#3442=VECTOR('',#10236,2.25);
#3443=VECTOR('',#10243,2.25);
#3444=VECTOR('',#10250,2.25);
#3445=VECTOR('',#10257,2.25);
#3446=VECTOR('',#10264,2.25);
#3447=VECTOR('',#10271,2.25);
#3448=VECTOR('',#10278,2.25);
#3449=VECTOR('',#10285,2.25);
#3450=VECTOR('',#10292,2.25);
#3451=VECTOR('',#10299,2.25);
#3452=VECTOR('',#10306,2.25);
#3453=VECTOR('',#10313,2.25);
#3454=VECTOR('',#10320,2.25);
#3455=VECTOR('',#10327,2.25);
#3456=VECTOR('',#10334,2.25);
#3457=VECTOR('',#10341,2.25);
#3458=VECTOR('',#10348,2.25);
#3459=VECTOR('',#10355,2.25);
#3460=VECTOR('',#10362,2.25);
#3461=VECTOR('',#10369,2.25);
#3462=VECTOR('',#10376,2.25000000000001);
#3463=VECTOR('',#10383,2.25000000000001);
#3464=VECTOR('',#10390,2.25);
#3465=VECTOR('',#10397,2.25);
#3466=VECTOR('',#10404,2.25000000000001);
#3467=VECTOR('',#10411,2.25000000000001);
#3468=VECTOR('',#10418,2.25000000000001);
#3469=VECTOR('',#10425,2.25000000000001);
#3470=VECTOR('',#10432,2.25);
#3471=VECTOR('',#10439,2.25);
#3472=VECTOR('',#10446,2.25);
#3473=VECTOR('',#10453,2.25);
#3474=VECTOR('',#10460,2.25);
#3475=VECTOR('',#10467,2.25);
#3476=VECTOR('',#10474,2.25);
#3477=VECTOR('',#10481,2.25);
#3478=VECTOR('',#10488,2.25);
#3479=VECTOR('',#10495,2.25);
#3480=VECTOR('',#10502,2.25);
#3481=VECTOR('',#10509,2.25);
#3482=VECTOR('',#10516,2.25);
#3483=VECTOR('',#10523,2.25);
#3484=VECTOR('',#10530,2.25);
#3485=VECTOR('',#10537,2.25);
#3486=VECTOR('',#10544,2.25);
#3487=VECTOR('',#10551,2.25);
#3488=VECTOR('',#10558,2.25);
#3489=VECTOR('',#10565,2.25);
#3490=VECTOR('',#10572,2.25);
#3491=VECTOR('',#10579,2.25);
#3492=VECTOR('',#10586,2.25);
#3493=VECTOR('',#10593,2.25);
#3494=VECTOR('',#10600,2.25);
#3495=VECTOR('',#10607,2.25);
#3496=VECTOR('',#10614,2.25);
#3497=VECTOR('',#10621,2.25);
#3498=VECTOR('',#10628,2.25);
#3499=VECTOR('',#10635,2.25);
#3500=VECTOR('',#10642,2.25);
#3501=VECTOR('',#10649,2.25);
#3502=VECTOR('',#10656,2.25);
#3503=VECTOR('',#10663,2.25);
#3504=VECTOR('',#10670,2.25);
#3505=VECTOR('',#10677,2.25);
#3506=VECTOR('',#10684,2.25);
#3507=VECTOR('',#10689,2.25);
#3508=VECTOR('',#10694,2.25);
#3509=VECTOR('',#10699,2.25);
#3510=VECTOR('',#10704,2.25000000000001);
#3511=VECTOR('',#10711,2.25000000000001);
#3512=VECTOR('',#10718,2.25);
#3513=VECTOR('',#10725,2.25);
#3514=VECTOR('',#10732,2.25000000000001);
#3515=VECTOR('',#10739,2.25000000000001);
#3516=VECTOR('',#10746,2.25);
#3517=VECTOR('',#10753,2.25);
#3518=VECTOR('',#10760,2.25);
#3519=VECTOR('',#10765,2.25);
#3520=VECTOR('',#10770,2.25);
#3521=VECTOR('',#10777,2.25);
#3522=VECTOR('',#10784,2.25000000000001);
#3523=VECTOR('',#10791,2.25000000000001);
#3524=VECTOR('',#10798,2.25000000000001);
#3525=VECTOR('',#10805,2.25000000000001);
#3526=VECTOR('',#10812,2.25000000000001);
#3527=VECTOR('',#10819,2.25000000000001);
#3528=VECTOR('',#10826,2.25000000000001);
#3529=VECTOR('',#10833,2.25000000000001);
#3530=VECTOR('',#10840,2.25);
#3531=VECTOR('',#10847,2.25);
#3532=VECTOR('',#10854,2.25000000000001);
#3533=VECTOR('',#10859,2.25000000000001);
#3534=VECTOR('',#10864,2.25000000000001);
#3535=VECTOR('',#10871,2.25000000000001);
#3536=VECTOR('',#10878,2.25000000000001);
#3537=VECTOR('',#10883,2.25000000000001);
#3538=VECTOR('',#10888,2.25000000000001);
#3539=VECTOR('',#10895,2.25000000000001);
#3540=VECTOR('',#10902,2.25000000000001);
#3541=VECTOR('',#10909,2.25000000000001);
#3542=VECTOR('',#10916,2.25);
#3543=VECTOR('',#10921,2.25);
#3544=VECTOR('',#10926,2.25);
#3545=VECTOR('',#10933,2.25);
#3546=VECTOR('',#10940,2.25);
#3547=VECTOR('',#10947,2.25);
#3548=VECTOR('',#10954,2.25000000000001);
#3549=VECTOR('',#10959,2.25000000000001);
#3550=VECTOR('',#10964,2.25);
#3551=VECTOR('',#10971,2.25);
#3552=VECTOR('',#10978,2.25);
#3553=VECTOR('',#10983,2.25);
#3554=VECTOR('',#10988,2.25);
#3555=VECTOR('',#10995,2.25);
#3556=VECTOR('',#11002,2.25);
#3557=VECTOR('',#11009,2.25);
#3558=VECTOR('',#11016,2.25);
#3559=VECTOR('',#11023,2.25);
#3560=VECTOR('',#11030,2.25);
#3561=VECTOR('',#11037,2.25);
#3562=VECTOR('',#11044,2.25000000000001);
#3563=VECTOR('',#11051,2.25000000000001);
#3564=VECTOR('',#11058,2.25);
#3565=VECTOR('',#11065,2.25);
#3566=VECTOR('',#11072,2.25);
#3567=VECTOR('',#11079,2.25);
#3568=VECTOR('',#11086,2.25000000000001);
#3569=VECTOR('',#11093,2.25000000000001);
#3570=VECTOR('',#11100,2.25);
#3571=VECTOR('',#11107,2.25);
#3572=VECTOR('',#11114,2.25);
#3573=VECTOR('',#11121,2.25);
#3574=VECTOR('',#11128,2.25);
#3575=VECTOR('',#11135,2.25);
#3576=VECTOR('',#11142,2.25000000000001);
#3577=VECTOR('',#11149,2.25000000000001);
#3578=VECTOR('',#11156,2.25);
#3579=VECTOR('',#11163,2.25);
#3580=VECTOR('',#11170,2.25);
#3581=VECTOR('',#11177,2.25);
#3582=VECTOR('',#11184,2.25);
#3583=VECTOR('',#11191,2.25);
#3584=VECTOR('',#11198,2.25);
#3585=VECTOR('',#11205,2.25);
#3586=VECTOR('',#11212,2.25);
#3587=VECTOR('',#11219,2.25);
#3588=VECTOR('',#11226,10.);
#3589=VECTOR('',#11229,10.);
#3590=VECTOR('',#11232,10.);
#3591=VECTOR('',#11233,10.);
#3592=VECTOR('',#11234,10.);
#3593=VECTOR('',#11237,10.);
#3594=VECTOR('',#11240,10.);
#3595=VECTOR('',#11243,10.);
#3596=VECTOR('',#11250,10.);
#3597=VECTOR('',#11251,10.);
#3598=VECTOR('',#11254,10.);
#3599=VECTOR('',#11255,10.);
#3600=VECTOR('',#11260,10.);
#3601=VECTOR('',#11263,10.);
#3602=VECTOR('',#11264,10.);
#3603=VECTOR('',#11265,10.);
#3604=VECTOR('',#11266,10.);
#3605=VECTOR('',#11267,10.);
#3606=VECTOR('',#11270,10.);
#3607=VECTOR('',#11273,10.);
#3608=VECTOR('',#11274,10.);
#3609=VECTOR('',#11275,10.);
#3610=VECTOR('',#11276,10.);
#3611=VECTOR('',#11277,10.);
#3612=VECTOR('',#11278,10.);
#3613=VECTOR('',#11279,10.);
#3614=VECTOR('',#11280,10.);
#3615=VECTOR('',#11281,10.);
#3616=VECTOR('',#11282,10.);
#3617=VECTOR('',#11283,10.);
#3618=VECTOR('',#11284,10.);
#3619=VECTOR('',#11285,10.);
#3620=VECTOR('',#11286,10.);
#3621=VECTOR('',#11287,10.);
#3622=VECTOR('',#11288,10.);
#3623=VECTOR('',#11289,10.);
#3624=VECTOR('',#11294,10.);
#3625=VECTOR('',#11295,10.);
#3626=VECTOR('',#11296,10.);
#3627=VECTOR('',#11299,10.);
#3628=VECTOR('',#11300,10.);
#3629=VECTOR('',#11303,10.);
#3630=VECTOR('',#11304,10.);
#3631=VECTOR('',#11307,10.);
#3632=VECTOR('',#11310,10.);
#3633=VECTOR('',#11311,10.);
#3634=VECTOR('',#11312,10.);
#3635=VECTOR('',#11315,10.);
#3636=VECTOR('',#11316,10.);
#3637=VECTOR('',#11319,10.);
#3638=VECTOR('',#11320,10.);
#3639=VECTOR('',#11323,10.);
#3640=VECTOR('',#11326,10.);
#3641=VECTOR('',#11327,10.);
#3642=VECTOR('',#11328,10.);
#3643=VECTOR('',#11331,10.);
#3644=VECTOR('',#11332,10.);
#3645=VECTOR('',#11335,10.);
#3646=VECTOR('',#11336,10.);
#3647=VECTOR('',#11339,10.);
#3648=VECTOR('',#11342,10.);
#3649=VECTOR('',#11343,10.);
#3650=VECTOR('',#11344,10.);
#3651=VECTOR('',#11347,10.);
#3652=VECTOR('',#11348,10.);
#3653=VECTOR('',#11351,10.);
#3654=VECTOR('',#11352,10.);
#3655=VECTOR('',#11355,10.);
#3656=VECTOR('',#11358,10.);
#3657=VECTOR('',#11359,10.);
#3658=VECTOR('',#11360,10.);
#3659=VECTOR('',#11363,10.);
#3660=VECTOR('',#11364,10.);
#3661=VECTOR('',#11367,10.);
#3662=VECTOR('',#11368,10.);
#3663=VECTOR('',#11371,10.);
#3664=VERTEX_POINT('',#11376);
#3665=VERTEX_POINT('',#11377);
#3666=VERTEX_POINT('',#11379);
#3667=VERTEX_POINT('',#11381);
#3668=VERTEX_POINT('',#11385);
#3669=VERTEX_POINT('',#11386);
#3670=VERTEX_POINT('',#11391);
#3671=VERTEX_POINT('',#11392);
#3672=VERTEX_POINT('',#11394);
#3673=VERTEX_POINT('',#11396);
#3674=VERTEX_POINT('',#11400);
#3675=VERTEX_POINT('',#11401);
#3676=VERTEX_POINT('',#11403);
#3677=VERTEX_POINT('',#11405);
#3678=VERTEX_POINT('',#11409);
#3679=VERTEX_POINT('',#11410);
#3680=VERTEX_POINT('',#11412);
#3681=VERTEX_POINT('',#11414);
#3682=VERTEX_POINT('',#11418);
#3683=VERTEX_POINT('',#11419);
#3684=VERTEX_POINT('',#11421);
#3685=VERTEX_POINT('',#11423);
#3686=VERTEX_POINT('',#11427);
#3687=VERTEX_POINT('',#11428);
#3688=VERTEX_POINT('',#11430);
#3689=VERTEX_POINT('',#11432);
#3690=VERTEX_POINT('',#11436);
#3691=VERTEX_POINT('',#11437);
#3692=VERTEX_POINT('',#11439);
#3693=VERTEX_POINT('',#11441);
#3694=VERTEX_POINT('',#11445);
#3695=VERTEX_POINT('',#11446);
#3696=VERTEX_POINT('',#11448);
#3697=VERTEX_POINT('',#11450);
#3698=VERTEX_POINT('',#11454);
#3699=VERTEX_POINT('',#11455);
#3700=VERTEX_POINT('',#11457);
#3701=VERTEX_POINT('',#11459);
#3702=VERTEX_POINT('',#11463);
#3703=VERTEX_POINT('',#11464);
#3704=VERTEX_POINT('',#11466);
#3705=VERTEX_POINT('',#11468);
#3706=VERTEX_POINT('',#11472);
#3707=VERTEX_POINT('',#11473);
#3708=VERTEX_POINT('',#11475);
#3709=VERTEX_POINT('',#11477);
#3710=VERTEX_POINT('',#11481);
#3711=VERTEX_POINT('',#11482);
#3712=VERTEX_POINT('',#11484);
#3713=VERTEX_POINT('',#11486);
#3714=VERTEX_POINT('',#11490);
#3715=VERTEX_POINT('',#11491);
#3716=VERTEX_POINT('',#11493);
#3717=VERTEX_POINT('',#11495);
#3718=VERTEX_POINT('',#11499);
#3719=VERTEX_POINT('',#11500);
#3720=VERTEX_POINT('',#11502);
#3721=VERTEX_POINT('',#11504);
#3722=VERTEX_POINT('',#11508);
#3723=VERTEX_POINT('',#11509);
#3724=VERTEX_POINT('',#11511);
#3725=VERTEX_POINT('',#11513);
#3726=VERTEX_POINT('',#11517);
#3727=VERTEX_POINT('',#11518);
#3728=VERTEX_POINT('',#11520);
#3729=VERTEX_POINT('',#11522);
#3730=VERTEX_POINT('',#11526);
#3731=VERTEX_POINT('',#11528);
#3732=VERTEX_POINT('',#11530);
#3733=VERTEX_POINT('',#11548);
#3734=VERTEX_POINT('',#11550);
#3735=VERTEX_POINT('',#11552);
#3736=VERTEX_POINT('',#11554);
#3737=VERTEX_POINT('',#11556);
#3738=VERTEX_POINT('',#11558);
#3739=VERTEX_POINT('',#11560);
#3740=VERTEX_POINT('',#11562);
#3741=VERTEX_POINT('',#11564);
#3742=VERTEX_POINT('',#11566);
#3743=VERTEX_POINT('',#11568);
#3744=VERTEX_POINT('',#11570);
#3745=VERTEX_POINT('',#11572);
#3746=VERTEX_POINT('',#11574);
#3747=VERTEX_POINT('',#11576);
#3748=VERTEX_POINT('',#11578);
#3749=VERTEX_POINT('',#11581);
#3750=VERTEX_POINT('',#11598);
#3751=VERTEX_POINT('',#11600);
#3752=VERTEX_POINT('',#11603);
#3753=VERTEX_POINT('',#11605);
#3754=VERTEX_POINT('',#11607);
#3755=VERTEX_POINT('',#11609);
#3756=VERTEX_POINT('',#11611);
#3757=VERTEX_POINT('',#11613);
#3758=VERTEX_POINT('',#11615);
#3759=VERTEX_POINT('',#11617);
#3760=VERTEX_POINT('',#11619);
#3761=VERTEX_POINT('',#11621);
#3762=VERTEX_POINT('',#11623);
#3763=VERTEX_POINT('',#11625);
#3764=VERTEX_POINT('',#11627);
#3765=VERTEX_POINT('',#11629);
#3766=VERTEX_POINT('',#11631);
#3767=VERTEX_POINT('',#11633);
#3768=VERTEX_POINT('',#11641);
#3769=VERTEX_POINT('',#11642);
#3770=VERTEX_POINT('',#11644);
#3771=VERTEX_POINT('',#11646);
#3772=VERTEX_POINT('',#11650);
#3773=VERTEX_POINT('',#11651);
#3774=VERTEX_POINT('',#11653);
#3775=VERTEX_POINT('',#11655);
#3776=VERTEX_POINT('',#11659);
#3777=VERTEX_POINT('',#11660);
#3778=VERTEX_POINT('',#11662);
#3779=VERTEX_POINT('',#11664);
#3780=VERTEX_POINT('',#11668);
#3781=VERTEX_POINT('',#11669);
#3782=VERTEX_POINT('',#11671);
#3783=VERTEX_POINT('',#11673);
#3784=VERTEX_POINT('',#11677);
#3785=VERTEX_POINT('',#11678);
#3786=VERTEX_POINT('',#11680);
#3787=VERTEX_POINT('',#11682);
#3788=VERTEX_POINT('',#11686);
#3789=VERTEX_POINT('',#11687);
#3790=VERTEX_POINT('',#11689);
#3791=VERTEX_POINT('',#11691);
#3792=VERTEX_POINT('',#11695);
#3793=VERTEX_POINT('',#11696);
#3794=VERTEX_POINT('',#11698);
#3795=VERTEX_POINT('',#11700);
#3796=VERTEX_POINT('',#11704);
#3797=VERTEX_POINT('',#11705);
#3798=VERTEX_POINT('',#11707);
#3799=VERTEX_POINT('',#11709);
#3800=VERTEX_POINT('',#11713);
#3801=VERTEX_POINT('',#11714);
#3802=VERTEX_POINT('',#11716);
#3803=VERTEX_POINT('',#11718);
#3804=VERTEX_POINT('',#11722);
#3805=VERTEX_POINT('',#11723);
#3806=VERTEX_POINT('',#11725);
#3807=VERTEX_POINT('',#11727);
#3808=VERTEX_POINT('',#11731);
#3809=VERTEX_POINT('',#11732);
#3810=VERTEX_POINT('',#11734);
#3811=VERTEX_POINT('',#11736);
#3812=VERTEX_POINT('',#11740);
#3813=VERTEX_POINT('',#11741);
#3814=VERTEX_POINT('',#11743);
#3815=VERTEX_POINT('',#11745);
#3816=VERTEX_POINT('',#11749);
#3817=VERTEX_POINT('',#11750);
#3818=VERTEX_POINT('',#11752);
#3819=VERTEX_POINT('',#11754);
#3820=VERTEX_POINT('',#11758);
#3821=VERTEX_POINT('',#11759);
#3822=VERTEX_POINT('',#11761);
#3823=VERTEX_POINT('',#11763);
#3824=VERTEX_POINT('',#11767);
#3825=VERTEX_POINT('',#11768);
#3826=VERTEX_POINT('',#11770);
#3827=VERTEX_POINT('',#11772);
#3828=VERTEX_POINT('',#11776);
#3829=VERTEX_POINT('',#11777);
#3830=VERTEX_POINT('',#11779);
#3831=VERTEX_POINT('',#11781);
#3832=VERTEX_POINT('',#11785);
#3833=VERTEX_POINT('',#11786);
#3834=VERTEX_POINT('',#11788);
#3835=VERTEX_POINT('',#11790);
#3836=VERTEX_POINT('',#11794);
#3837=VERTEX_POINT('',#11796);
#3838=VERTEX_POINT('',#11815);
#3839=VERTEX_POINT('',#11817);
#3840=VERTEX_POINT('',#11819);
#3841=VERTEX_POINT('',#11821);
#3842=VERTEX_POINT('',#11823);
#3843=VERTEX_POINT('',#11825);
#3844=VERTEX_POINT('',#11827);
#3845=VERTEX_POINT('',#11829);
#3846=VERTEX_POINT('',#11831);
#3847=VERTEX_POINT('',#11833);
#3848=VERTEX_POINT('',#11835);
#3849=VERTEX_POINT('',#11837);
#3850=VERTEX_POINT('',#11839);
#3851=VERTEX_POINT('',#11841);
#3852=VERTEX_POINT('',#11843);
#3853=VERTEX_POINT('',#11845);
#3854=VERTEX_POINT('',#11848);
#3855=VERTEX_POINT('',#11868);
#3856=VERTEX_POINT('',#11871);
#3857=VERTEX_POINT('',#11873);
#3858=VERTEX_POINT('',#11875);
#3859=VERTEX_POINT('',#11877);
#3860=VERTEX_POINT('',#11879);
#3861=VERTEX_POINT('',#11881);
#3862=VERTEX_POINT('',#11883);
#3863=VERTEX_POINT('',#11885);
#3864=VERTEX_POINT('',#11887);
#3865=VERTEX_POINT('',#11889);
#3866=VERTEX_POINT('',#11891);
#3867=VERTEX_POINT('',#11893);
#3868=VERTEX_POINT('',#11895);
#3869=VERTEX_POINT('',#11897);
#3870=VERTEX_POINT('',#11899);
#3871=VERTEX_POINT('',#11901);
#3872=VERTEX_POINT('',#11906);
#3873=VERTEX_POINT('',#11910);
#3874=VERTEX_POINT('',#11914);
#3875=VERTEX_POINT('',#11918);
#3876=VERTEX_POINT('',#11922);
#3877=VERTEX_POINT('',#11926);
#3878=VERTEX_POINT('',#11930);
#3879=VERTEX_POINT('',#11934);
#3880=VERTEX_POINT('',#11938);
#3881=VERTEX_POINT('',#11942);
#3882=VERTEX_POINT('',#11946);
#3883=VERTEX_POINT('',#11950);
#3884=VERTEX_POINT('',#11954);
#3885=VERTEX_POINT('',#11958);
#3886=VERTEX_POINT('',#11962);
#3887=VERTEX_POINT('',#11966);
#3888=VERTEX_POINT('',#11970);
#3889=VERTEX_POINT('',#11974);
#3890=VERTEX_POINT('',#11978);
#3891=VERTEX_POINT('',#11982);
#3892=VERTEX_POINT('',#11986);
#3893=VERTEX_POINT('',#11990);
#3894=VERTEX_POINT('',#11994);
#3895=VERTEX_POINT('',#11998);
#3896=VERTEX_POINT('',#12002);
#3897=VERTEX_POINT('',#12006);
#3898=VERTEX_POINT('',#12010);
#3899=VERTEX_POINT('',#12014);
#3900=VERTEX_POINT('',#12018);
#3901=VERTEX_POINT('',#12022);
#3902=VERTEX_POINT('',#12026);
#3903=VERTEX_POINT('',#12030);
#3904=VERTEX_POINT('',#12034);
#3905=VERTEX_POINT('',#12035);
#3906=VERTEX_POINT('',#12037);
#3907=VERTEX_POINT('',#12039);
#3908=VERTEX_POINT('',#12043);
#3909=VERTEX_POINT('',#12044);
#3910=VERTEX_POINT('',#12046);
#3911=VERTEX_POINT('',#12048);
#3912=VERTEX_POINT('',#12052);
#3913=VERTEX_POINT('',#12054);
#3914=VERTEX_POINT('',#12058);
#3915=VERTEX_POINT('',#12062);
#3916=VERTEX_POINT('',#12064);
#3917=VERTEX_POINT('',#12068);
#3918=VERTEX_POINT('',#12072);
#3919=VERTEX_POINT('',#12078);
#3920=VERTEX_POINT('',#12084);
#3921=VERTEX_POINT('',#12086);
#3922=VERTEX_POINT('',#12090);
#3923=VERTEX_POINT('',#12092);
#3924=VERTEX_POINT('',#12096);
#3925=VERTEX_POINT('',#12098);
#3926=VERTEX_POINT('',#12102);
#3927=VERTEX_POINT('',#12104);
#3928=VERTEX_POINT('',#12108);
#3929=VERTEX_POINT('',#12110);
#3930=VERTEX_POINT('',#12114);
#3931=VERTEX_POINT('',#12116);
#3932=VERTEX_POINT('',#12120);
#3933=VERTEX_POINT('',#12122);
#3934=VERTEX_POINT('',#12126);
#3935=VERTEX_POINT('',#12128);
#3936=VERTEX_POINT('',#12132);
#3937=VERTEX_POINT('',#12134);
#3938=VERTEX_POINT('',#12138);
#3939=VERTEX_POINT('',#12140);
#3940=VERTEX_POINT('',#12144);
#3941=VERTEX_POINT('',#12146);
#3942=VERTEX_POINT('',#12150);
#3943=VERTEX_POINT('',#12152);
#3944=VERTEX_POINT('',#12156);
#3945=VERTEX_POINT('',#12158);
#3946=VERTEX_POINT('',#12162);
#3947=VERTEX_POINT('',#12164);
#3948=VERTEX_POINT('',#12168);
#3949=VERTEX_POINT('',#12170);
#3950=VERTEX_POINT('',#12174);
#3951=VERTEX_POINT('',#12176);
#3952=VERTEX_POINT('',#12180);
#3953=VERTEX_POINT('',#12182);
#3954=VERTEX_POINT('',#12186);
#3955=VERTEX_POINT('',#12188);
#3956=VERTEX_POINT('',#12192);
#3957=VERTEX_POINT('',#12194);
#3958=VERTEX_POINT('',#12198);
#3959=VERTEX_POINT('',#12200);
#3960=VERTEX_POINT('',#12204);
#3961=VERTEX_POINT('',#12206);
#3962=VERTEX_POINT('',#12210);
#3963=VERTEX_POINT('',#12212);
#3964=VERTEX_POINT('',#12216);
#3965=VERTEX_POINT('',#12218);
#3966=VERTEX_POINT('',#12222);
#3967=VERTEX_POINT('',#12224);
#3968=VERTEX_POINT('',#12228);
#3969=VERTEX_POINT('',#12230);
#3970=VERTEX_POINT('',#12234);
#3971=VERTEX_POINT('',#12236);
#3972=VERTEX_POINT('',#12240);
#3973=VERTEX_POINT('',#12242);
#3974=VERTEX_POINT('',#12246);
#3975=VERTEX_POINT('',#12248);
#3976=VERTEX_POINT('',#12252);
#3977=VERTEX_POINT('',#12254);
#3978=VERTEX_POINT('',#12258);
#3979=VERTEX_POINT('',#12260);
#3980=VERTEX_POINT('',#12264);
#3981=VERTEX_POINT('',#12266);
#3982=VERTEX_POINT('',#12270);
#3983=VERTEX_POINT('',#12272);
#3984=VERTEX_POINT('',#12276);
#3985=VERTEX_POINT('',#12280);
#3986=VERTEX_POINT('',#12284);
#3987=VERTEX_POINT('',#12286);
#3988=VERTEX_POINT('',#12290);
#3989=VERTEX_POINT('',#12292);
#3990=VERTEX_POINT('',#12296);
#3991=VERTEX_POINT('',#12300);
#3992=VERTEX_POINT('',#12304);
#3993=VERTEX_POINT('',#12306);
#3994=VERTEX_POINT('',#12310);
#3995=VERTEX_POINT('',#12312);
#3996=VERTEX_POINT('',#12316);
#3997=VERTEX_POINT('',#12318);
#3998=VERTEX_POINT('',#12322);
#3999=VERTEX_POINT('',#12324);
#4000=VERTEX_POINT('',#12328);
#4001=VERTEX_POINT('',#12330);
#4002=VERTEX_POINT('',#12334);
#4003=VERTEX_POINT('',#12336);
#4004=VERTEX_POINT('',#12340);
#4005=VERTEX_POINT('',#12342);
#4006=VERTEX_POINT('',#12346);
#4007=VERTEX_POINT('',#12348);
#4008=VERTEX_POINT('',#12352);
#4009=VERTEX_POINT('',#12354);
#4010=VERTEX_POINT('',#12358);
#4011=VERTEX_POINT('',#12360);
#4012=VERTEX_POINT('',#12364);
#4013=VERTEX_POINT('',#12366);
#4014=VERTEX_POINT('',#12370);
#4015=VERTEX_POINT('',#12372);
#4016=VERTEX_POINT('',#12376);
#4017=VERTEX_POINT('',#12380);
#4018=VERTEX_POINT('',#12384);
#4019=VERTEX_POINT('',#12388);
#4020=VERTEX_POINT('',#12392);
#4021=VERTEX_POINT('',#12394);
#4022=VERTEX_POINT('',#12398);
#4023=VERTEX_POINT('',#12400);
#4024=VERTEX_POINT('',#12404);
#4025=VERTEX_POINT('',#12406);
#4026=VERTEX_POINT('',#12410);
#4027=VERTEX_POINT('',#12412);
#4028=VERTEX_POINT('',#12416);
#4029=VERTEX_POINT('',#12418);
#4030=VERTEX_POINT('',#12422);
#4031=VERTEX_POINT('',#12424);
#4032=VERTEX_POINT('',#12428);
#4033=VERTEX_POINT('',#12430);
#4034=VERTEX_POINT('',#12434);
#4035=VERTEX_POINT('',#12436);
#4036=VERTEX_POINT('',#12440);
#4037=VERTEX_POINT('',#12442);
#4038=VERTEX_POINT('',#12446);
#4039=VERTEX_POINT('',#12448);
#4040=VERTEX_POINT('',#12452);
#4041=VERTEX_POINT('',#12454);
#4042=VERTEX_POINT('',#12458);
#4043=VERTEX_POINT('',#12460);
#4044=VERTEX_POINT('',#12464);
#4045=VERTEX_POINT('',#12466);
#4046=VERTEX_POINT('',#12470);
#4047=VERTEX_POINT('',#12472);
#4048=VERTEX_POINT('',#12476);
#4049=VERTEX_POINT('',#12478);
#4050=VERTEX_POINT('',#12482);
#4051=VERTEX_POINT('',#12484);
#4052=VERTEX_POINT('',#12488);
#4053=VERTEX_POINT('',#12492);
#4054=VERTEX_POINT('',#12496);
#4055=VERTEX_POINT('',#12500);
#4056=VERTEX_POINT('',#12504);
#4057=VERTEX_POINT('',#12508);
#4058=VERTEX_POINT('',#12512);
#4059=VERTEX_POINT('',#12516);
#4060=VERTEX_POINT('',#12520);
#4061=VERTEX_POINT('',#12522);
#4062=VERTEX_POINT('',#12526);
#4063=VERTEX_POINT('',#12528);
#4064=VERTEX_POINT('',#12532);
#4065=VERTEX_POINT('',#12534);
#4066=VERTEX_POINT('',#12538);
#4067=VERTEX_POINT('',#12540);
#4068=VERTEX_POINT('',#12544);
#4069=VERTEX_POINT('',#12546);
#4070=VERTEX_POINT('',#12550);
#4071=VERTEX_POINT('',#12552);
#4072=VERTEX_POINT('',#12556);
#4073=VERTEX_POINT('',#12558);
#4074=VERTEX_POINT('',#12562);
#4075=VERTEX_POINT('',#12564);
#4076=VERTEX_POINT('',#12568);
#4077=VERTEX_POINT('',#12570);
#4078=VERTEX_POINT('',#12574);
#4079=VERTEX_POINT('',#12576);
#4080=VERTEX_POINT('',#12580);
#4081=VERTEX_POINT('',#12582);
#4082=VERTEX_POINT('',#12586);
#4083=VERTEX_POINT('',#12588);
#4084=VERTEX_POINT('',#12592);
#4085=VERTEX_POINT('',#12594);
#4086=VERTEX_POINT('',#12598);
#4087=VERTEX_POINT('',#12600);
#4088=VERTEX_POINT('',#12604);
#4089=VERTEX_POINT('',#12606);
#4090=VERTEX_POINT('',#12610);
#4091=VERTEX_POINT('',#12612);
#4092=VERTEX_POINT('',#12616);
#4093=VERTEX_POINT('',#12618);
#4094=VERTEX_POINT('',#12622);
#4095=VERTEX_POINT('',#12624);
#4096=VERTEX_POINT('',#12628);
#4097=VERTEX_POINT('',#12630);
#4098=VERTEX_POINT('',#12634);
#4099=VERTEX_POINT('',#12636);
#4100=VERTEX_POINT('',#12640);
#4101=VERTEX_POINT('',#12642);
#4102=VERTEX_POINT('',#12646);
#4103=VERTEX_POINT('',#12648);
#4104=VERTEX_POINT('',#12652);
#4105=VERTEX_POINT('',#12654);
#4106=VERTEX_POINT('',#12658);
#4107=VERTEX_POINT('',#12660);
#4108=VERTEX_POINT('',#12664);
#4109=VERTEX_POINT('',#12666);
#4110=VERTEX_POINT('',#12670);
#4111=VERTEX_POINT('',#12672);
#4112=VERTEX_POINT('',#12676);
#4113=VERTEX_POINT('',#12678);
#4114=VERTEX_POINT('',#12682);
#4115=VERTEX_POINT('',#12684);
#4116=VERTEX_POINT('',#12688);
#4117=VERTEX_POINT('',#12690);
#4118=VERTEX_POINT('',#12694);
#4119=VERTEX_POINT('',#12696);
#4120=VERTEX_POINT('',#12700);
#4121=VERTEX_POINT('',#12702);
#4122=VERTEX_POINT('',#12706);
#4123=VERTEX_POINT('',#12708);
#4124=VERTEX_POINT('',#12712);
#4125=VERTEX_POINT('',#12714);
#4126=VERTEX_POINT('',#12718);
#4127=VERTEX_POINT('',#12720);
#4128=VERTEX_POINT('',#12724);
#4129=VERTEX_POINT('',#12726);
#4130=VERTEX_POINT('',#12730);
#4131=VERTEX_POINT('',#12732);
#4132=VERTEX_POINT('',#12736);
#4133=VERTEX_POINT('',#12738);
#4134=VERTEX_POINT('',#12742);
#4135=VERTEX_POINT('',#12744);
#4136=VERTEX_POINT('',#12748);
#4137=VERTEX_POINT('',#12750);
#4138=VERTEX_POINT('',#12754);
#4139=VERTEX_POINT('',#12756);
#4140=VERTEX_POINT('',#12760);
#4141=VERTEX_POINT('',#12762);
#4142=VERTEX_POINT('',#12766);
#4143=VERTEX_POINT('',#12768);
#4144=VERTEX_POINT('',#12772);
#4145=VERTEX_POINT('',#12774);
#4146=VERTEX_POINT('',#12778);
#4147=VERTEX_POINT('',#12780);
#4148=VERTEX_POINT('',#12784);
#4149=VERTEX_POINT('',#12786);
#4150=VERTEX_POINT('',#12790);
#4151=VERTEX_POINT('',#12792);
#4152=VERTEX_POINT('',#12796);
#4153=VERTEX_POINT('',#12798);
#4154=VERTEX_POINT('',#12802);
#4155=VERTEX_POINT('',#12804);
#4156=VERTEX_POINT('',#12808);
#4157=VERTEX_POINT('',#12810);
#4158=VERTEX_POINT('',#12814);
#4159=VERTEX_POINT('',#12816);
#4160=VERTEX_POINT('',#12820);
#4161=VERTEX_POINT('',#12822);
#4162=VERTEX_POINT('',#12826);
#4163=VERTEX_POINT('',#12828);
#4164=VERTEX_POINT('',#12832);
#4165=VERTEX_POINT('',#12834);
#4166=VERTEX_POINT('',#12838);
#4167=VERTEX_POINT('',#12840);
#4168=VERTEX_POINT('',#12844);
#4169=VERTEX_POINT('',#12846);
#4170=VERTEX_POINT('',#12850);
#4171=VERTEX_POINT('',#12852);
#4172=VERTEX_POINT('',#12856);
#4173=VERTEX_POINT('',#12858);
#4174=VERTEX_POINT('',#12862);
#4175=VERTEX_POINT('',#12864);
#4176=VERTEX_POINT('',#12868);
#4177=VERTEX_POINT('',#12870);
#4178=VERTEX_POINT('',#12874);
#4179=VERTEX_POINT('',#12876);
#4180=VERTEX_POINT('',#12880);
#4181=VERTEX_POINT('',#12882);
#4182=VERTEX_POINT('',#12886);
#4183=VERTEX_POINT('',#12888);
#4184=VERTEX_POINT('',#12892);
#4185=VERTEX_POINT('',#12894);
#4186=VERTEX_POINT('',#12898);
#4187=VERTEX_POINT('',#12900);
#4188=VERTEX_POINT('',#12904);
#4189=VERTEX_POINT('',#12908);
#4190=VERTEX_POINT('',#12912);
#4191=VERTEX_POINT('',#12916);
#4192=VERTEX_POINT('',#12920);
#4193=VERTEX_POINT('',#12922);
#4194=VERTEX_POINT('',#12926);
#4195=VERTEX_POINT('',#12928);
#4196=VERTEX_POINT('',#12932);
#4197=VERTEX_POINT('',#12934);
#4198=VERTEX_POINT('',#12938);
#4199=VERTEX_POINT('',#12940);
#4200=VERTEX_POINT('',#12944);
#4201=VERTEX_POINT('',#12946);
#4202=VERTEX_POINT('',#12950);
#4203=VERTEX_POINT('',#12952);
#4204=VERTEX_POINT('',#12956);
#4205=VERTEX_POINT('',#12958);
#4206=VERTEX_POINT('',#12962);
#4207=VERTEX_POINT('',#12964);
#4208=VERTEX_POINT('',#12968);
#4209=VERTEX_POINT('',#12972);
#4210=VERTEX_POINT('',#12976);
#4211=VERTEX_POINT('',#12978);
#4212=VERTEX_POINT('',#12982);
#4213=VERTEX_POINT('',#12984);
#4214=VERTEX_POINT('',#12988);
#4215=VERTEX_POINT('',#12990);
#4216=VERTEX_POINT('',#12994);
#4217=VERTEX_POINT('',#12996);
#4218=VERTEX_POINT('',#13000);
#4219=VERTEX_POINT('',#13002);
#4220=VERTEX_POINT('',#13006);
#4221=VERTEX_POINT('',#13008);
#4222=VERTEX_POINT('',#13012);
#4223=VERTEX_POINT('',#13014);
#4224=VERTEX_POINT('',#13018);
#4225=VERTEX_POINT('',#13020);
#4226=VERTEX_POINT('',#13024);
#4227=VERTEX_POINT('',#13026);
#4228=VERTEX_POINT('',#13030);
#4229=VERTEX_POINT('',#13032);
#4230=VERTEX_POINT('',#13036);
#4231=VERTEX_POINT('',#13038);
#4232=VERTEX_POINT('',#13042);
#4233=VERTEX_POINT('',#13044);
#4234=VERTEX_POINT('',#13048);
#4235=VERTEX_POINT('',#13052);
#4236=VERTEX_POINT('',#13056);
#4237=VERTEX_POINT('',#13058);
#4238=VERTEX_POINT('',#13062);
#4239=VERTEX_POINT('',#13064);
#4240=VERTEX_POINT('',#13068);
#4241=VERTEX_POINT('',#13072);
#4242=VERTEX_POINT('',#13076);
#4243=VERTEX_POINT('',#13078);
#4244=VERTEX_POINT('',#13082);
#4245=VERTEX_POINT('',#13084);
#4246=VERTEX_POINT('',#13088);
#4247=VERTEX_POINT('',#13090);
#4248=VERTEX_POINT('',#13094);
#4249=VERTEX_POINT('',#13096);
#4250=VERTEX_POINT('',#13100);
#4251=VERTEX_POINT('',#13104);
#4252=VERTEX_POINT('',#13108);
#4253=VERTEX_POINT('',#13110);
#4254=VERTEX_POINT('',#13114);
#4255=VERTEX_POINT('',#13116);
#4256=VERTEX_POINT('',#13120);
#4257=VERTEX_POINT('',#13122);
#4258=VERTEX_POINT('',#13126);
#4259=VERTEX_POINT('',#13128);
#4260=VERTEX_POINT('',#13132);
#4261=VERTEX_POINT('',#13136);
#4262=VERTEX_POINT('',#13140);
#4263=VERTEX_POINT('',#13142);
#4264=VERTEX_POINT('',#13146);
#4265=VERTEX_POINT('',#13148);
#4266=VERTEX_POINT('',#13152);
#4267=VERTEX_POINT('',#13156);
#4268=VERTEX_POINT('',#13160);
#4269=VERTEX_POINT('',#13162);
#4270=VERTEX_POINT('',#13166);
#4271=VERTEX_POINT('',#13168);
#4272=VERTEX_POINT('',#13172);
#4273=VERTEX_POINT('',#13174);
#4274=VERTEX_POINT('',#13178);
#4275=VERTEX_POINT('',#13180);
#4276=VERTEX_POINT('',#13184);
#4277=VERTEX_POINT('',#13186);
#4278=VERTEX_POINT('',#13190);
#4279=VERTEX_POINT('',#13192);
#4280=VERTEX_POINT('',#13196);
#4281=VERTEX_POINT('',#13198);
#4282=VERTEX_POINT('',#13202);
#4283=VERTEX_POINT('',#13204);
#4284=VERTEX_POINT('',#13208);
#4285=VERTEX_POINT('',#13210);
#4286=VERTEX_POINT('',#13214);
#4287=VERTEX_POINT('',#13216);
#4288=VERTEX_POINT('',#13220);
#4289=VERTEX_POINT('',#13222);
#4290=VERTEX_POINT('',#13226);
#4291=VERTEX_POINT('',#13228);
#4292=VERTEX_POINT('',#13232);
#4293=VERTEX_POINT('',#13234);
#4294=VERTEX_POINT('',#13238);
#4295=VERTEX_POINT('',#13240);
#4296=VERTEX_POINT('',#13244);
#4297=VERTEX_POINT('',#13246);
#4298=VERTEX_POINT('',#13250);
#4299=VERTEX_POINT('',#13252);
#4300=VERTEX_POINT('',#13256);
#4301=VERTEX_POINT('',#13258);
#4302=VERTEX_POINT('',#13262);
#4303=VERTEX_POINT('',#13264);
#4304=VERTEX_POINT('',#13268);
#4305=VERTEX_POINT('',#13270);
#4306=VERTEX_POINT('',#13274);
#4307=VERTEX_POINT('',#13276);
#4308=VERTEX_POINT('',#13280);
#4309=VERTEX_POINT('',#13282);
#4310=VERTEX_POINT('',#13286);
#4311=VERTEX_POINT('',#13288);
#4312=VERTEX_POINT('',#13292);
#4313=VERTEX_POINT('',#13294);
#4314=VERTEX_POINT('',#13298);
#4315=VERTEX_POINT('',#13300);
#4316=VERTEX_POINT('',#13304);
#4317=VERTEX_POINT('',#13306);
#4318=VERTEX_POINT('',#13310);
#4319=VERTEX_POINT('',#13312);
#4320=VERTEX_POINT('',#13316);
#4321=VERTEX_POINT('',#13318);
#4322=VERTEX_POINT('',#13322);
#4323=VERTEX_POINT('',#13324);
#4324=VERTEX_POINT('',#13328);
#4325=VERTEX_POINT('',#13330);
#4326=VERTEX_POINT('',#13334);
#4327=VERTEX_POINT('',#13336);
#4328=VERTEX_POINT('',#13340);
#4329=VERTEX_POINT('',#13342);
#4330=VERTEX_POINT('',#13346);
#4331=VERTEX_POINT('',#13348);
#4332=VERTEX_POINT('',#13352);
#4333=VERTEX_POINT('',#13354);
#4334=VERTEX_POINT('',#13358);
#4335=VERTEX_POINT('',#13360);
#4336=VERTEX_POINT('',#13364);
#4337=VERTEX_POINT('',#13365);
#4338=VERTEX_POINT('',#13367);
#4339=VERTEX_POINT('',#13369);
#4340=VERTEX_POINT('',#13373);
#4341=VERTEX_POINT('',#13375);
#4342=VERTEX_POINT('',#13379);
#4343=VERTEX_POINT('',#13381);
#4344=VERTEX_POINT('',#13383);
#4345=VERTEX_POINT('',#13385);
#4346=VERTEX_POINT('',#13387);
#4347=VERTEX_POINT('',#13391);
#4348=VERTEX_POINT('',#13392);
#4349=VERTEX_POINT('',#13397);
#4350=VERTEX_POINT('',#13401);
#4351=VERTEX_POINT('',#13403);
#4352=VERTEX_POINT('',#13406);
#4353=VERTEX_POINT('',#13408);
#4354=VERTEX_POINT('',#13410);
#4355=VERTEX_POINT('',#13412);
#4356=VERTEX_POINT('',#13419);
#4357=VERTEX_POINT('',#13420);
#4358=VERTEX_POINT('',#13422);
#4359=VERTEX_POINT('',#13424);
#4360=VERTEX_POINT('',#13427);
#4361=VERTEX_POINT('',#13428);
#4362=VERTEX_POINT('',#13430);
#4363=VERTEX_POINT('',#13432);
#4364=VERTEX_POINT('',#13435);
#4365=VERTEX_POINT('',#13436);
#4366=VERTEX_POINT('',#13438);
#4367=VERTEX_POINT('',#13440);
#4368=VERTEX_POINT('',#13443);
#4369=VERTEX_POINT('',#13444);
#4370=VERTEX_POINT('',#13446);
#4371=VERTEX_POINT('',#13448);
#4372=VERTEX_POINT('',#13453);
#4373=VERTEX_POINT('',#13454);
#4374=VERTEX_POINT('',#13459);
#4375=VERTEX_POINT('',#13463);
#4376=VERTEX_POINT('',#13469);
#4377=VERTEX_POINT('',#13470);
#4378=VERTEX_POINT('',#13475);
#4379=VERTEX_POINT('',#13479);
#4380=VERTEX_POINT('',#13485);
#4381=VERTEX_POINT('',#13486);
#4382=VERTEX_POINT('',#13491);
#4383=VERTEX_POINT('',#13495);
#4384=VERTEX_POINT('',#13501);
#4385=VERTEX_POINT('',#13502);
#4386=VERTEX_POINT('',#13507);
#4387=VERTEX_POINT('',#13511);
#4388=VERTEX_POINT('',#13517);
#4389=VERTEX_POINT('',#13519);
#4390=VERTEX_POINT('',#13523);
#4391=VERTEX_POINT('',#13527);
#4392=EDGE_CURVE('',#3664,#3665,#2648,.T.);
#4393=EDGE_CURVE('',#3666,#3664,#2649,.T.);
#4394=EDGE_CURVE('',#3667,#3666,#2650,.T.);
#4395=EDGE_CURVE('',#3667,#3665,#2651,.T.);
#4396=EDGE_CURVE('',#3668,#3669,#2652,.T.);
#4397=EDGE_CURVE('',#3668,#3667,#2653,.T.);
#4398=EDGE_CURVE('',#3666,#3669,#2654,.T.);
#4399=EDGE_CURVE('',#3670,#3671,#2655,.T.);
#4400=EDGE_CURVE('',#3670,#3672,#2656,.T.);
#4401=EDGE_CURVE('',#3673,#3672,#2657,.T.);
#4402=EDGE_CURVE('',#3673,#3671,#2658,.T.);
#4403=EDGE_CURVE('',#3674,#3675,#2659,.T.);
#4404=EDGE_CURVE('',#3674,#3676,#2660,.T.);
#4405=EDGE_CURVE('',#3677,#3676,#2661,.T.);
#4406=EDGE_CURVE('',#3677,#3675,#2662,.T.);
#4407=EDGE_CURVE('',#3678,#3679,#2663,.T.);
#4408=EDGE_CURVE('',#3678,#3680,#2664,.T.);
#4409=EDGE_CURVE('',#3681,#3680,#2665,.T.);
#4410=EDGE_CURVE('',#3681,#3679,#2666,.T.);
#4411=EDGE_CURVE('',#3682,#3683,#2667,.T.);
#4412=EDGE_CURVE('',#3682,#3684,#2668,.T.);
#4413=EDGE_CURVE('',#3685,#3684,#2669,.T.);
#4414=EDGE_CURVE('',#3685,#3683,#2670,.T.);
#4415=EDGE_CURVE('',#3686,#3687,#2671,.T.);
#4416=EDGE_CURVE('',#3686,#3688,#2672,.T.);
#4417=EDGE_CURVE('',#3689,#3688,#2673,.T.);
#4418=EDGE_CURVE('',#3689,#3687,#2674,.T.);
#4419=EDGE_CURVE('',#3690,#3691,#2675,.T.);
#4420=EDGE_CURVE('',#3690,#3692,#2676,.T.);
#4421=EDGE_CURVE('',#3693,#3692,#2677,.T.);
#4422=EDGE_CURVE('',#3693,#3691,#2678,.T.);
#4423=EDGE_CURVE('',#3694,#3695,#2679,.T.);
#4424=EDGE_CURVE('',#3694,#3696,#2680,.T.);
#4425=EDGE_CURVE('',#3697,#3696,#2681,.T.);
#4426=EDGE_CURVE('',#3697,#3695,#2682,.T.);
#4427=EDGE_CURVE('',#3698,#3699,#2683,.T.);
#4428=EDGE_CURVE('',#3698,#3700,#2684,.T.);
#4429=EDGE_CURVE('',#3701,#3700,#2685,.T.);
#4430=EDGE_CURVE('',#3701,#3699,#2686,.T.);
#4431=EDGE_CURVE('',#3702,#3703,#2687,.T.);
#4432=EDGE_CURVE('',#3702,#3704,#2688,.T.);
#4433=EDGE_CURVE('',#3705,#3704,#2689,.T.);
#4434=EDGE_CURVE('',#3705,#3703,#2690,.T.);
#4435=EDGE_CURVE('',#3706,#3707,#2691,.T.);
#4436=EDGE_CURVE('',#3706,#3708,#2692,.T.);
#4437=EDGE_CURVE('',#3709,#3708,#2693,.T.);
#4438=EDGE_CURVE('',#3709,#3707,#2694,.T.);
#4439=EDGE_CURVE('',#3710,#3711,#2695,.T.);
#4440=EDGE_CURVE('',#3710,#3712,#2696,.T.);
#4441=EDGE_CURVE('',#3713,#3712,#2697,.T.);
#4442=EDGE_CURVE('',#3713,#3711,#2698,.T.);
#4443=EDGE_CURVE('',#3714,#3715,#2699,.T.);
#4444=EDGE_CURVE('',#3714,#3716,#2700,.T.);
#4445=EDGE_CURVE('',#3717,#3716,#2701,.T.);
#4446=EDGE_CURVE('',#3717,#3715,#2702,.T.);
#4447=EDGE_CURVE('',#3718,#3719,#2703,.T.);
#4448=EDGE_CURVE('',#3718,#3720,#2704,.T.);
#4449=EDGE_CURVE('',#3721,#3720,#2705,.T.);
#4450=EDGE_CURVE('',#3721,#3719,#2706,.T.);
#4451=EDGE_CURVE('',#3722,#3723,#2707,.T.);
#4452=EDGE_CURVE('',#3722,#3724,#2708,.T.);
#4453=EDGE_CURVE('',#3725,#3724,#2709,.T.);
#4454=EDGE_CURVE('',#3725,#3723,#2710,.T.);
#4455=EDGE_CURVE('',#3726,#3727,#2711,.T.);
#4456=EDGE_CURVE('',#3726,#3728,#2712,.T.);
#4457=EDGE_CURVE('',#3729,#3728,#2713,.T.);
#4458=EDGE_CURVE('',#3729,#3727,#2714,.T.);
#4459=EDGE_CURVE('',#3730,#3664,#2715,.T.);
#4460=EDGE_CURVE('',#3731,#3730,#2716,.T.);
#4461=EDGE_CURVE('',#3732,#3731,#2717,.T.);
#4462=EDGE_CURVE('',#3671,#3732,#832,.T.);
#4463=EDGE_CURVE('',#3716,#3673,#833,.T.);
#4464=EDGE_CURVE('',#3703,#3714,#834,.T.);
#4465=EDGE_CURVE('',#3679,#3705,#835,.T.);
#4466=EDGE_CURVE('',#3692,#3681,#836,.T.);
#4467=EDGE_CURVE('',#3675,#3690,#837,.T.);
#4468=EDGE_CURVE('',#3696,#3677,#838,.T.);
#4469=EDGE_CURVE('',#3720,#3694,#839,.T.);
#4470=EDGE_CURVE('',#3699,#3718,#840,.T.);
#4471=EDGE_CURVE('',#3712,#3701,#841,.T.);
#4472=EDGE_CURVE('',#3707,#3710,#842,.T.);
#4473=EDGE_CURVE('',#3724,#3709,#843,.T.);
#4474=EDGE_CURVE('',#3683,#3722,#844,.T.);
#4475=EDGE_CURVE('',#3728,#3685,#845,.T.);
#4476=EDGE_CURVE('',#3687,#3726,#846,.T.);
#4477=EDGE_CURVE('',#3669,#3689,#847,.T.);
#4478=EDGE_CURVE('',#3733,#3733,#848,.T.);
#4479=EDGE_CURVE('',#3734,#3734,#849,.T.);
#4480=EDGE_CURVE('',#3735,#3735,#850,.T.);
#4481=EDGE_CURVE('',#3736,#3736,#851,.T.);
#4482=EDGE_CURVE('',#3737,#3737,#852,.T.);
#4483=EDGE_CURVE('',#3738,#3738,#853,.T.);
#4484=EDGE_CURVE('',#3739,#3739,#854,.T.);
#4485=EDGE_CURVE('',#3740,#3740,#855,.T.);
#4486=EDGE_CURVE('',#3741,#3741,#856,.T.);
#4487=EDGE_CURVE('',#3742,#3742,#857,.T.);
#4488=EDGE_CURVE('',#3743,#3743,#858,.T.);
#4489=EDGE_CURVE('',#3744,#3744,#859,.T.);
#4490=EDGE_CURVE('',#3745,#3745,#860,.T.);
#4491=EDGE_CURVE('',#3746,#3746,#861,.T.);
#4492=EDGE_CURVE('',#3747,#3747,#862,.T.);
#4493=EDGE_CURVE('',#3748,#3748,#863,.T.);
#4494=EDGE_CURVE('',#3665,#3749,#2718,.T.);
#4495=EDGE_CURVE('',#3688,#3668,#864,.T.);
#4496=EDGE_CURVE('',#3727,#3686,#865,.T.);
#4497=EDGE_CURVE('',#3684,#3729,#866,.T.);
#4498=EDGE_CURVE('',#3723,#3682,#867,.T.);
#4499=EDGE_CURVE('',#3708,#3725,#868,.T.);
#4500=EDGE_CURVE('',#3711,#3706,#869,.T.);
#4501=EDGE_CURVE('',#3700,#3713,#870,.T.);
#4502=EDGE_CURVE('',#3719,#3698,#871,.T.);
#4503=EDGE_CURVE('',#3695,#3721,#872,.T.);
#4504=EDGE_CURVE('',#3676,#3697,#873,.T.);
#4505=EDGE_CURVE('',#3691,#3674,#874,.T.);
#4506=EDGE_CURVE('',#3680,#3693,#875,.T.);
#4507=EDGE_CURVE('',#3704,#3678,#876,.T.);
#4508=EDGE_CURVE('',#3715,#3702,#877,.T.);
#4509=EDGE_CURVE('',#3672,#3717,#878,.T.);
#4510=EDGE_CURVE('',#3750,#3670,#879,.T.);
#4511=EDGE_CURVE('',#3751,#3750,#2719,.T.);
#4512=EDGE_CURVE('',#3751,#3749,#2720,.T.);
#4513=EDGE_CURVE('',#3752,#3752,#880,.T.);
#4514=EDGE_CURVE('',#3753,#3753,#881,.T.);
#4515=EDGE_CURVE('',#3754,#3754,#882,.T.);
#4516=EDGE_CURVE('',#3755,#3755,#883,.T.);
#4517=EDGE_CURVE('',#3756,#3756,#884,.T.);
#4518=EDGE_CURVE('',#3757,#3757,#885,.T.);
#4519=EDGE_CURVE('',#3758,#3758,#886,.T.);
#4520=EDGE_CURVE('',#3759,#3759,#887,.T.);
#4521=EDGE_CURVE('',#3760,#3760,#888,.T.);
#4522=EDGE_CURVE('',#3761,#3761,#889,.T.);
#4523=EDGE_CURVE('',#3762,#3762,#890,.T.);
#4524=EDGE_CURVE('',#3763,#3763,#891,.T.);
#4525=EDGE_CURVE('',#3764,#3764,#892,.T.);
#4526=EDGE_CURVE('',#3765,#3765,#893,.T.);
#4527=EDGE_CURVE('',#3766,#3766,#894,.T.);
#4528=EDGE_CURVE('',#3767,#3767,#895,.T.);
#4529=EDGE_CURVE('',#3749,#3730,#2721,.T.);
#4530=EDGE_CURVE('',#3731,#3751,#2722,.T.);
#4531=EDGE_CURVE('',#3732,#3750,#2723,.T.);
#4532=EDGE_CURVE('',#3768,#3769,#2724,.T.);
#4533=EDGE_CURVE('',#3770,#3768,#2725,.T.);
#4534=EDGE_CURVE('',#3771,#3770,#2726,.T.);
#4535=EDGE_CURVE('',#3771,#3769,#2727,.T.);
#4536=EDGE_CURVE('',#3772,#3773,#2728,.T.);
#4537=EDGE_CURVE('',#3772,#3774,#2729,.T.);
#4538=EDGE_CURVE('',#3774,#3775,#2730,.T.);
#4539=EDGE_CURVE('',#3775,#3773,#2731,.T.);
#4540=EDGE_CURVE('',#3776,#3777,#2732,.T.);
#4541=EDGE_CURVE('',#3776,#3778,#2733,.T.);
#4542=EDGE_CURVE('',#3779,#3778,#2734,.T.);
#4543=EDGE_CURVE('',#3779,#3777,#2735,.T.);
#4544=EDGE_CURVE('',#3780,#3781,#2736,.T.);
#4545=EDGE_CURVE('',#3780,#3782,#2737,.T.);
#4546=EDGE_CURVE('',#3783,#3782,#2738,.T.);
#4547=EDGE_CURVE('',#3783,#3781,#2739,.T.);
#4548=EDGE_CURVE('',#3784,#3785,#2740,.T.);
#4549=EDGE_CURVE('',#3784,#3786,#2741,.T.);
#4550=EDGE_CURVE('',#3787,#3786,#2742,.T.);
#4551=EDGE_CURVE('',#3787,#3785,#2743,.T.);
#4552=EDGE_CURVE('',#3788,#3789,#2744,.T.);
#4553=EDGE_CURVE('',#3788,#3790,#2745,.T.);
#4554=EDGE_CURVE('',#3791,#3790,#2746,.T.);
#4555=EDGE_CURVE('',#3791,#3789,#2747,.T.);
#4556=EDGE_CURVE('',#3792,#3793,#2748,.T.);
#4557=EDGE_CURVE('',#3792,#3794,#2749,.T.);
#4558=EDGE_CURVE('',#3795,#3794,#2750,.T.);
#4559=EDGE_CURVE('',#3795,#3793,#2751,.T.);
#4560=EDGE_CURVE('',#3796,#3797,#2752,.T.);
#4561=EDGE_CURVE('',#3796,#3798,#2753,.T.);
#4562=EDGE_CURVE('',#3799,#3798,#2754,.T.);
#4563=EDGE_CURVE('',#3799,#3797,#2755,.T.);
#4564=EDGE_CURVE('',#3800,#3801,#2756,.T.);
#4565=EDGE_CURVE('',#3800,#3802,#2757,.T.);
#4566=EDGE_CURVE('',#3803,#3802,#2758,.T.);
#4567=EDGE_CURVE('',#3803,#3801,#2759,.T.);
#4568=EDGE_CURVE('',#3804,#3805,#2760,.T.);
#4569=EDGE_CURVE('',#3804,#3806,#2761,.T.);
#4570=EDGE_CURVE('',#3807,#3806,#2762,.T.);
#4571=EDGE_CURVE('',#3807,#3805,#2763,.T.);
#4572=EDGE_CURVE('',#3808,#3809,#2764,.T.);
#4573=EDGE_CURVE('',#3808,#3810,#2765,.T.);
#4574=EDGE_CURVE('',#3811,#3810,#2766,.T.);
#4575=EDGE_CURVE('',#3811,#3809,#2767,.T.);
#4576=EDGE_CURVE('',#3812,#3813,#2768,.T.);
#4577=EDGE_CURVE('',#3812,#3814,#2769,.T.);
#4578=EDGE_CURVE('',#3815,#3814,#2770,.T.);
#4579=EDGE_CURVE('',#3815,#3813,#2771,.T.);
#4580=EDGE_CURVE('',#3816,#3817,#2772,.T.);
#4581=EDGE_CURVE('',#3816,#3818,#2773,.T.);
#4582=EDGE_CURVE('',#3819,#3818,#2774,.T.);
#4583=EDGE_CURVE('',#3819,#3817,#2775,.T.);
#4584=EDGE_CURVE('',#3820,#3821,#2776,.T.);
#4585=EDGE_CURVE('',#3820,#3822,#2777,.T.);
#4586=EDGE_CURVE('',#3823,#3822,#2778,.T.);
#4587=EDGE_CURVE('',#3823,#3821,#2779,.T.);
#4588=EDGE_CURVE('',#3824,#3825,#2780,.T.);
#4589=EDGE_CURVE('',#3824,#3826,#2781,.T.);
#4590=EDGE_CURVE('',#3827,#3826,#2782,.T.);
#4591=EDGE_CURVE('',#3827,#3825,#2783,.T.);
#4592=EDGE_CURVE('',#3828,#3829,#2784,.T.);
#4593=EDGE_CURVE('',#3828,#3830,#2785,.T.);
#4594=EDGE_CURVE('',#3831,#3830,#2786,.T.);
#4595=EDGE_CURVE('',#3831,#3829,#2787,.T.);
#4596=EDGE_CURVE('',#3832,#3833,#2788,.T.);
#4597=EDGE_CURVE('',#3832,#3834,#2789,.T.);
#4598=EDGE_CURVE('',#3835,#3834,#2790,.T.);
#4599=EDGE_CURVE('',#3835,#3833,#2791,.T.);
#4600=EDGE_CURVE('',#3769,#3836,#2792,.T.);
#4601=EDGE_CURVE('',#3837,#3771,#2793,.T.);
#4602=EDGE_CURVE('',#3777,#3837,#896,.T.);
#4603=EDGE_CURVE('',#3822,#3779,#897,.T.);
#4604=EDGE_CURVE('',#3809,#3820,#898,.T.);
#4605=EDGE_CURVE('',#3785,#3811,#899,.T.);
#4606=EDGE_CURVE('',#3798,#3787,#900,.T.);
#4607=EDGE_CURVE('',#3781,#3796,#901,.T.);
#4608=EDGE_CURVE('',#3802,#3783,#902,.T.);
#4609=EDGE_CURVE('',#3826,#3800,#903,.T.);
#4610=EDGE_CURVE('',#3805,#3824,#904,.T.);
#4611=EDGE_CURVE('',#3818,#3807,#905,.T.);
#4612=EDGE_CURVE('',#3813,#3816,#906,.T.);
#4613=EDGE_CURVE('',#3830,#3815,#907,.T.);
#4614=EDGE_CURVE('',#3789,#3828,#908,.T.);
#4615=EDGE_CURVE('',#3834,#3791,#909,.T.);
#4616=EDGE_CURVE('',#3793,#3832,#910,.T.);
#4617=EDGE_CURVE('',#3773,#3795,#911,.T.);
#4618=EDGE_CURVE('',#3775,#3836,#2794,.T.);
#4619=EDGE_CURVE('',#3838,#3838,#912,.T.);
#4620=EDGE_CURVE('',#3839,#3839,#913,.T.);
#4621=EDGE_CURVE('',#3840,#3840,#914,.T.);
#4622=EDGE_CURVE('',#3841,#3841,#915,.T.);
#4623=EDGE_CURVE('',#3842,#3842,#916,.T.);
#4624=EDGE_CURVE('',#3843,#3843,#917,.T.);
#4625=EDGE_CURVE('',#3844,#3844,#918,.T.);
#4626=EDGE_CURVE('',#3845,#3845,#919,.T.);
#4627=EDGE_CURVE('',#3846,#3846,#920,.T.);
#4628=EDGE_CURVE('',#3847,#3847,#921,.T.);
#4629=EDGE_CURVE('',#3848,#3848,#922,.T.);
#4630=EDGE_CURVE('',#3849,#3849,#923,.T.);
#4631=EDGE_CURVE('',#3850,#3850,#924,.T.);
#4632=EDGE_CURVE('',#3851,#3851,#925,.T.);
#4633=EDGE_CURVE('',#3852,#3852,#926,.T.);
#4634=EDGE_CURVE('',#3853,#3853,#927,.T.);
#4635=EDGE_CURVE('',#3836,#3854,#2795,.T.);
#4636=EDGE_CURVE('',#3774,#3854,#2796,.T.);
#4637=EDGE_CURVE('',#3854,#3768,#2797,.T.);
#4638=EDGE_CURVE('',#3794,#3772,#928,.T.);
#4639=EDGE_CURVE('',#3833,#3792,#929,.T.);
#4640=EDGE_CURVE('',#3790,#3835,#930,.T.);
#4641=EDGE_CURVE('',#3829,#3788,#931,.T.);
#4642=EDGE_CURVE('',#3814,#3831,#932,.T.);
#4643=EDGE_CURVE('',#3817,#3812,#933,.T.);
#4644=EDGE_CURVE('',#3806,#3819,#934,.T.);
#4645=EDGE_CURVE('',#3825,#3804,#935,.T.);
#4646=EDGE_CURVE('',#3801,#3827,#936,.T.);
#4647=EDGE_CURVE('',#3782,#3803,#937,.T.);
#4648=EDGE_CURVE('',#3797,#3780,#938,.T.);
#4649=EDGE_CURVE('',#3786,#3799,#939,.T.);
#4650=EDGE_CURVE('',#3810,#3784,#940,.T.);
#4651=EDGE_CURVE('',#3821,#3808,#941,.T.);
#4652=EDGE_CURVE('',#3778,#3823,#942,.T.);
#4653=EDGE_CURVE('',#3855,#3776,#943,.T.);
#4654=EDGE_CURVE('',#3770,#3855,#2798,.T.);
#4655=EDGE_CURVE('',#3856,#3856,#944,.T.);
#4656=EDGE_CURVE('',#3857,#3857,#945,.T.);
#4657=EDGE_CURVE('',#3858,#3858,#946,.T.);
#4658=EDGE_CURVE('',#3859,#3859,#947,.T.);
#4659=EDGE_CURVE('',#3860,#3860,#948,.T.);
#4660=EDGE_CURVE('',#3861,#3861,#949,.T.);
#4661=EDGE_CURVE('',#3862,#3862,#950,.T.);
#4662=EDGE_CURVE('',#3863,#3863,#951,.T.);
#4663=EDGE_CURVE('',#3864,#3864,#952,.T.);
#4664=EDGE_CURVE('',#3865,#3865,#953,.T.);
#4665=EDGE_CURVE('',#3866,#3866,#954,.T.);
#4666=EDGE_CURVE('',#3867,#3867,#955,.T.);
#4667=EDGE_CURVE('',#3868,#3868,#956,.T.);
#4668=EDGE_CURVE('',#3869,#3869,#957,.T.);
#4669=EDGE_CURVE('',#3870,#3870,#958,.T.);
#4670=EDGE_CURVE('',#3871,#3871,#959,.T.);
#4671=EDGE_CURVE('',#3837,#3855,#2799,.T.);
#4672=EDGE_CURVE('',#3748,#3872,#2800,.T.);
#4673=EDGE_CURVE('',#3872,#3872,#960,.T.);
#4674=EDGE_CURVE('',#3747,#3873,#2801,.T.);
#4675=EDGE_CURVE('',#3873,#3873,#961,.T.);
#4676=EDGE_CURVE('',#3746,#3874,#2802,.T.);
#4677=EDGE_CURVE('',#3874,#3874,#962,.T.);
#4678=EDGE_CURVE('',#3745,#3875,#2803,.T.);
#4679=EDGE_CURVE('',#3875,#3875,#963,.T.);
#4680=EDGE_CURVE('',#3744,#3876,#2804,.T.);
#4681=EDGE_CURVE('',#3876,#3876,#964,.T.);
#4682=EDGE_CURVE('',#3743,#3877,#2805,.T.);
#4683=EDGE_CURVE('',#3877,#3877,#965,.T.);
#4684=EDGE_CURVE('',#3742,#3878,#2806,.T.);
#4685=EDGE_CURVE('',#3878,#3878,#966,.T.);
#4686=EDGE_CURVE('',#3741,#3879,#2807,.T.);
#4687=EDGE_CURVE('',#3879,#3879,#967,.T.);
#4688=EDGE_CURVE('',#3740,#3880,#2808,.T.);
#4689=EDGE_CURVE('',#3880,#3880,#968,.T.);
#4690=EDGE_CURVE('',#3739,#3881,#2809,.T.);
#4691=EDGE_CURVE('',#3881,#3881,#969,.T.);
#4692=EDGE_CURVE('',#3738,#3882,#2810,.T.);
#4693=EDGE_CURVE('',#3882,#3882,#970,.T.);
#4694=EDGE_CURVE('',#3737,#3883,#2811,.T.);
#4695=EDGE_CURVE('',#3883,#3883,#971,.T.);
#4696=EDGE_CURVE('',#3736,#3884,#2812,.T.);
#4697=EDGE_CURVE('',#3884,#3884,#972,.T.);
#4698=EDGE_CURVE('',#3735,#3885,#2813,.T.);
#4699=EDGE_CURVE('',#3885,#3885,#973,.T.);
#4700=EDGE_CURVE('',#3734,#3886,#2814,.T.);
#4701=EDGE_CURVE('',#3886,#3886,#974,.T.);
#4702=EDGE_CURVE('',#3733,#3887,#2815,.T.);
#4703=EDGE_CURVE('',#3887,#3887,#975,.T.);
#4704=EDGE_CURVE('',#3853,#3888,#2816,.T.);
#4705=EDGE_CURVE('',#3888,#3888,#976,.T.);
#4706=EDGE_CURVE('',#3852,#3889,#2817,.T.);
#4707=EDGE_CURVE('',#3889,#3889,#977,.T.);
#4708=EDGE_CURVE('',#3851,#3890,#2818,.T.);
#4709=EDGE_CURVE('',#3890,#3890,#978,.T.);
#4710=EDGE_CURVE('',#3850,#3891,#2819,.T.);
#4711=EDGE_CURVE('',#3891,#3891,#979,.T.);
#4712=EDGE_CURVE('',#3849,#3892,#2820,.T.);
#4713=EDGE_CURVE('',#3892,#3892,#980,.T.);
#4714=EDGE_CURVE('',#3848,#3893,#2821,.T.);
#4715=EDGE_CURVE('',#3893,#3893,#981,.T.);
#4716=EDGE_CURVE('',#3847,#3894,#2822,.T.);
#4717=EDGE_CURVE('',#3894,#3894,#982,.T.);
#4718=EDGE_CURVE('',#3846,#3895,#2823,.T.);
#4719=EDGE_CURVE('',#3895,#3895,#983,.T.);
#4720=EDGE_CURVE('',#3845,#3896,#2824,.T.);
#4721=EDGE_CURVE('',#3896,#3896,#984,.T.);
#4722=EDGE_CURVE('',#3844,#3897,#2825,.T.);
#4723=EDGE_CURVE('',#3897,#3897,#985,.T.);
#4724=EDGE_CURVE('',#3843,#3898,#2826,.T.);
#4725=EDGE_CURVE('',#3898,#3898,#986,.T.);
#4726=EDGE_CURVE('',#3842,#3899,#2827,.T.);
#4727=EDGE_CURVE('',#3899,#3899,#987,.T.);
#4728=EDGE_CURVE('',#3841,#3900,#2828,.T.);
#4729=EDGE_CURVE('',#3900,#3900,#988,.T.);
#4730=EDGE_CURVE('',#3840,#3901,#2829,.T.);
#4731=EDGE_CURVE('',#3901,#3901,#989,.T.);
#4732=EDGE_CURVE('',#3839,#3902,#2830,.T.);
#4733=EDGE_CURVE('',#3902,#3902,#990,.T.);
#4734=EDGE_CURVE('',#3838,#3903,#2831,.T.);
#4735=EDGE_CURVE('',#3903,#3903,#991,.T.);
#4736=EDGE_CURVE('',#3904,#3905,#2832,.T.);
#4737=EDGE_CURVE('',#3906,#3904,#2833,.T.);
#4738=EDGE_CURVE('',#3907,#3906,#2834,.T.);
#4739=EDGE_CURVE('',#3905,#3907,#2835,.T.);
#4740=EDGE_CURVE('',#3908,#3909,#2836,.T.);
#4741=EDGE_CURVE('',#3910,#3908,#2837,.T.);
#4742=EDGE_CURVE('',#3911,#3910,#2838,.T.);
#4743=EDGE_CURVE('',#3909,#3911,#2839,.T.);
#4744=EDGE_CURVE('',#3904,#3912,#2840,.T.);
#4745=EDGE_CURVE('',#3913,#3912,#2841,.T.);
#4746=EDGE_CURVE('',#3906,#3913,#2842,.T.);
#4747=EDGE_CURVE('',#3905,#3914,#2843,.T.);
#4748=EDGE_CURVE('',#3912,#3914,#2844,.T.);
#4749=EDGE_CURVE('',#3908,#3915,#2845,.T.);
#4750=EDGE_CURVE('',#3916,#3915,#2846,.T.);
#4751=EDGE_CURVE('',#3910,#3916,#2847,.T.);
#4752=EDGE_CURVE('',#3909,#3917,#2848,.T.);
#4753=EDGE_CURVE('',#3915,#3917,#2849,.T.);
#4754=EDGE_CURVE('',#3918,#3916,#2850,.T.);
#4755=EDGE_CURVE('',#3911,#3918,#2851,.T.);
#4756=EDGE_CURVE('',#3917,#3918,#2852,.T.);
#4757=EDGE_CURVE('',#3919,#3913,#2853,.T.);
#4758=EDGE_CURVE('',#3907,#3919,#2854,.T.);
#4759=EDGE_CURVE('',#3914,#3919,#2855,.T.);
#4760=EDGE_CURVE('',#3920,#3920,#992,.T.);
#4761=EDGE_CURVE('',#3920,#3921,#2856,.T.);
#4762=EDGE_CURVE('',#3921,#3921,#993,.T.);
#4763=EDGE_CURVE('',#3922,#3922,#994,.T.);
#4764=EDGE_CURVE('',#3922,#3923,#2857,.T.);
#4765=EDGE_CURVE('',#3923,#3923,#995,.T.);
#4766=EDGE_CURVE('',#3924,#3924,#996,.T.);
#4767=EDGE_CURVE('',#3924,#3925,#2858,.T.);
#4768=EDGE_CURVE('',#3925,#3925,#997,.T.);
#4769=EDGE_CURVE('',#3926,#3926,#998,.T.);
#4770=EDGE_CURVE('',#3926,#3927,#2859,.T.);
#4771=EDGE_CURVE('',#3927,#3927,#999,.T.);
#4772=EDGE_CURVE('',#3928,#3928,#1000,.T.);
#4773=EDGE_CURVE('',#3928,#3929,#2860,.T.);
#4774=EDGE_CURVE('',#3929,#3929,#1001,.T.);
#4775=EDGE_CURVE('',#3930,#3930,#1002,.T.);
#4776=EDGE_CURVE('',#3930,#3931,#2861,.T.);
#4777=EDGE_CURVE('',#3931,#3931,#1003,.T.);
#4778=EDGE_CURVE('',#3932,#3932,#1004,.T.);
#4779=EDGE_CURVE('',#3932,#3933,#2862,.T.);
#4780=EDGE_CURVE('',#3933,#3933,#1005,.T.);
#4781=EDGE_CURVE('',#3934,#3934,#1006,.T.);
#4782=EDGE_CURVE('',#3934,#3935,#2863,.T.);
#4783=EDGE_CURVE('',#3935,#3935,#1007,.T.);
#4784=EDGE_CURVE('',#3936,#3936,#1008,.T.);
#4785=EDGE_CURVE('',#3936,#3937,#2864,.T.);
#4786=EDGE_CURVE('',#3937,#3937,#1009,.T.);
#4787=EDGE_CURVE('',#3938,#3938,#1010,.T.);
#4788=EDGE_CURVE('',#3938,#3939,#2865,.T.);
#4789=EDGE_CURVE('',#3939,#3939,#1011,.T.);
#4790=EDGE_CURVE('',#3940,#3940,#1012,.T.);
#4791=EDGE_CURVE('',#3940,#3941,#2866,.T.);
#4792=EDGE_CURVE('',#3941,#3941,#1013,.T.);
#4793=EDGE_CURVE('',#3942,#3942,#1014,.T.);
#4794=EDGE_CURVE('',#3942,#3943,#2867,.T.);
#4795=EDGE_CURVE('',#3943,#3943,#1015,.T.);
#4796=EDGE_CURVE('',#3944,#3944,#1016,.T.);
#4797=EDGE_CURVE('',#3944,#3945,#2868,.T.);
#4798=EDGE_CURVE('',#3945,#3945,#1017,.T.);
#4799=EDGE_CURVE('',#3946,#3946,#1018,.T.);
#4800=EDGE_CURVE('',#3946,#3947,#2869,.T.);
#4801=EDGE_CURVE('',#3947,#3947,#1019,.T.);
#4802=EDGE_CURVE('',#3948,#3948,#1020,.T.);
#4803=EDGE_CURVE('',#3948,#3949,#2870,.T.);
#4804=EDGE_CURVE('',#3949,#3949,#1021,.T.);
#4805=EDGE_CURVE('',#3950,#3950,#1022,.T.);
#4806=EDGE_CURVE('',#3950,#3951,#2871,.T.);
#4807=EDGE_CURVE('',#3951,#3951,#1023,.T.);
#4808=EDGE_CURVE('',#3952,#3952,#1024,.T.);
#4809=EDGE_CURVE('',#3952,#3953,#2872,.T.);
#4810=EDGE_CURVE('',#3953,#3953,#1025,.T.);
#4811=EDGE_CURVE('',#3954,#3954,#1026,.T.);
#4812=EDGE_CURVE('',#3954,#3955,#2873,.T.);
#4813=EDGE_CURVE('',#3955,#3955,#1027,.T.);
#4814=EDGE_CURVE('',#3956,#3956,#1028,.T.);
#4815=EDGE_CURVE('',#3956,#3957,#2874,.T.);
#4816=EDGE_CURVE('',#3957,#3957,#1029,.T.);
#4817=EDGE_CURVE('',#3958,#3958,#1030,.T.);
#4818=EDGE_CURVE('',#3958,#3959,#2875,.T.);
#4819=EDGE_CURVE('',#3959,#3959,#1031,.T.);
#4820=EDGE_CURVE('',#3960,#3960,#1032,.T.);
#4821=EDGE_CURVE('',#3960,#3961,#2876,.T.);
#4822=EDGE_CURVE('',#3961,#3961,#1033,.T.);
#4823=EDGE_CURVE('',#3962,#3962,#1034,.T.);
#4824=EDGE_CURVE('',#3962,#3963,#2877,.T.);
#4825=EDGE_CURVE('',#3963,#3963,#1035,.T.);
#4826=EDGE_CURVE('',#3964,#3964,#1036,.T.);
#4827=EDGE_CURVE('',#3964,#3965,#2878,.T.);
#4828=EDGE_CURVE('',#3965,#3965,#1037,.T.);
#4829=EDGE_CURVE('',#3966,#3966,#1038,.T.);
#4830=EDGE_CURVE('',#3966,#3967,#2879,.T.);
#4831=EDGE_CURVE('',#3967,#3967,#1039,.T.);
#4832=EDGE_CURVE('',#3968,#3968,#1040,.T.);
#4833=EDGE_CURVE('',#3968,#3969,#2880,.T.);
#4834=EDGE_CURVE('',#3969,#3969,#1041,.T.);
#4835=EDGE_CURVE('',#3970,#3970,#1042,.T.);
#4836=EDGE_CURVE('',#3970,#3971,#2881,.T.);
#4837=EDGE_CURVE('',#3971,#3971,#1043,.T.);
#4838=EDGE_CURVE('',#3972,#3972,#1044,.T.);
#4839=EDGE_CURVE('',#3972,#3973,#2882,.T.);
#4840=EDGE_CURVE('',#3973,#3973,#1045,.T.);
#4841=EDGE_CURVE('',#3974,#3974,#1046,.T.);
#4842=EDGE_CURVE('',#3974,#3975,#2883,.T.);
#4843=EDGE_CURVE('',#3975,#3975,#1047,.T.);
#4844=EDGE_CURVE('',#3976,#3976,#1048,.T.);
#4845=EDGE_CURVE('',#3976,#3977,#2884,.T.);
#4846=EDGE_CURVE('',#3977,#3977,#1049,.T.);
#4847=EDGE_CURVE('',#3978,#3978,#1050,.T.);
#4848=EDGE_CURVE('',#3978,#3979,#2885,.T.);
#4849=EDGE_CURVE('',#3979,#3979,#1051,.T.);
#4850=EDGE_CURVE('',#3980,#3980,#1052,.T.);
#4851=EDGE_CURVE('',#3980,#3981,#2886,.T.);
#4852=EDGE_CURVE('',#3981,#3981,#1053,.T.);
#4853=EDGE_CURVE('',#3982,#3982,#1054,.T.);
#4854=EDGE_CURVE('',#3982,#3983,#2887,.T.);
#4855=EDGE_CURVE('',#3983,#3983,#1055,.T.);
#4856=EDGE_CURVE('',#3984,#3984,#1056,.T.);
#4857=EDGE_CURVE('',#3984,#3856,#2888,.T.);
#4858=EDGE_CURVE('',#3985,#3985,#1057,.T.);
#4859=EDGE_CURVE('',#3985,#3752,#2889,.T.);
#4860=EDGE_CURVE('',#3986,#3986,#1058,.T.);
#4861=EDGE_CURVE('',#3986,#3987,#2890,.T.);
#4862=EDGE_CURVE('',#3987,#3987,#1059,.T.);
#4863=EDGE_CURVE('',#3988,#3988,#1060,.T.);
#4864=EDGE_CURVE('',#3988,#3989,#2891,.T.);
#4865=EDGE_CURVE('',#3989,#3989,#1061,.T.);
#4866=EDGE_CURVE('',#3990,#3990,#1062,.T.);
#4867=EDGE_CURVE('',#3990,#3857,#2892,.T.);
#4868=EDGE_CURVE('',#3991,#3991,#1063,.T.);
#4869=EDGE_CURVE('',#3991,#3753,#2893,.T.);
#4870=EDGE_CURVE('',#3992,#3992,#1064,.T.);
#4871=EDGE_CURVE('',#3992,#3993,#2894,.T.);
#4872=EDGE_CURVE('',#3993,#3993,#1065,.T.);
#4873=EDGE_CURVE('',#3994,#3994,#1066,.T.);
#4874=EDGE_CURVE('',#3994,#3995,#2895,.T.);
#4875=EDGE_CURVE('',#3995,#3995,#1067,.T.);
#4876=EDGE_CURVE('',#3996,#3996,#1068,.T.);
#4877=EDGE_CURVE('',#3996,#3997,#2896,.T.);
#4878=EDGE_CURVE('',#3997,#3997,#1069,.T.);
#4879=EDGE_CURVE('',#3998,#3998,#1070,.T.);
#4880=EDGE_CURVE('',#3998,#3999,#2897,.T.);
#4881=EDGE_CURVE('',#3999,#3999,#1071,.T.);
#4882=EDGE_CURVE('',#4000,#4000,#1072,.T.);
#4883=EDGE_CURVE('',#4000,#4001,#2898,.T.);
#4884=EDGE_CURVE('',#4001,#4001,#1073,.T.);
#4885=EDGE_CURVE('',#4002,#4002,#1074,.T.);
#4886=EDGE_CURVE('',#4002,#4003,#2899,.T.);
#4887=EDGE_CURVE('',#4003,#4003,#1075,.T.);
#4888=EDGE_CURVE('',#4004,#4004,#1076,.T.);
#4889=EDGE_CURVE('',#4004,#4005,#2900,.T.);
#4890=EDGE_CURVE('',#4005,#4005,#1077,.T.);
#4891=EDGE_CURVE('',#4006,#4006,#1078,.T.);
#4892=EDGE_CURVE('',#4006,#4007,#2901,.T.);
#4893=EDGE_CURVE('',#4007,#4007,#1079,.T.);
#4894=EDGE_CURVE('',#4008,#4008,#1080,.T.);
#4895=EDGE_CURVE('',#4008,#4009,#2902,.T.);
#4896=EDGE_CURVE('',#4009,#4009,#1081,.T.);
#4897=EDGE_CURVE('',#4010,#4010,#1082,.T.);
#4898=EDGE_CURVE('',#4010,#4011,#2903,.T.);
#4899=EDGE_CURVE('',#4011,#4011,#1083,.T.);
#4900=EDGE_CURVE('',#4012,#4012,#1084,.T.);
#4901=EDGE_CURVE('',#4012,#4013,#2904,.T.);
#4902=EDGE_CURVE('',#4013,#4013,#1085,.T.);
#4903=EDGE_CURVE('',#4014,#4014,#1086,.T.);
#4904=EDGE_CURVE('',#4014,#4015,#2905,.T.);
#4905=EDGE_CURVE('',#4015,#4015,#1087,.T.);
#4906=EDGE_CURVE('',#4016,#4016,#1088,.T.);
#4907=EDGE_CURVE('',#4016,#3858,#2906,.T.);
#4908=EDGE_CURVE('',#4017,#4017,#1089,.T.);
#4909=EDGE_CURVE('',#4017,#3754,#2907,.T.);
#4910=EDGE_CURVE('',#4018,#4018,#1090,.T.);
#4911=EDGE_CURVE('',#4018,#3859,#2908,.T.);
#4912=EDGE_CURVE('',#4019,#4019,#1091,.T.);
#4913=EDGE_CURVE('',#4019,#3755,#2909,.T.);
#4914=EDGE_CURVE('',#4020,#4020,#1092,.T.);
#4915=EDGE_CURVE('',#4020,#4021,#2910,.T.);
#4916=EDGE_CURVE('',#4021,#4021,#1093,.T.);
#4917=EDGE_CURVE('',#4022,#4022,#1094,.T.);
#4918=EDGE_CURVE('',#4022,#4023,#2911,.T.);
#4919=EDGE_CURVE('',#4023,#4023,#1095,.T.);
#4920=EDGE_CURVE('',#4024,#4024,#1096,.T.);
#4921=EDGE_CURVE('',#4024,#4025,#2912,.T.);
#4922=EDGE_CURVE('',#4025,#4025,#1097,.T.);
#4923=EDGE_CURVE('',#4026,#4026,#1098,.T.);
#4924=EDGE_CURVE('',#4026,#4027,#2913,.T.);
#4925=EDGE_CURVE('',#4027,#4027,#1099,.T.);
#4926=EDGE_CURVE('',#4028,#4028,#1100,.T.);
#4927=EDGE_CURVE('',#4028,#4029,#2914,.T.);
#4928=EDGE_CURVE('',#4029,#4029,#1101,.T.);
#4929=EDGE_CURVE('',#4030,#4030,#1102,.T.);
#4930=EDGE_CURVE('',#4030,#4031,#2915,.T.);
#4931=EDGE_CURVE('',#4031,#4031,#1103,.T.);
#4932=EDGE_CURVE('',#4032,#4032,#1104,.T.);
#4933=EDGE_CURVE('',#4032,#4033,#2916,.T.);
#4934=EDGE_CURVE('',#4033,#4033,#1105,.T.);
#4935=EDGE_CURVE('',#4034,#4034,#1106,.T.);
#4936=EDGE_CURVE('',#4034,#4035,#2917,.T.);
#4937=EDGE_CURVE('',#4035,#4035,#1107,.T.);
#4938=EDGE_CURVE('',#4036,#4036,#1108,.T.);
#4939=EDGE_CURVE('',#4036,#4037,#2918,.T.);
#4940=EDGE_CURVE('',#4037,#4037,#1109,.T.);
#4941=EDGE_CURVE('',#4038,#4038,#1110,.T.);
#4942=EDGE_CURVE('',#4038,#4039,#2919,.T.);
#4943=EDGE_CURVE('',#4039,#4039,#1111,.T.);
#4944=EDGE_CURVE('',#4040,#4040,#1112,.T.);
#4945=EDGE_CURVE('',#4040,#4041,#2920,.T.);
#4946=EDGE_CURVE('',#4041,#4041,#1113,.T.);
#4947=EDGE_CURVE('',#4042,#4042,#1114,.T.);
#4948=EDGE_CURVE('',#4042,#4043,#2921,.T.);
#4949=EDGE_CURVE('',#4043,#4043,#1115,.T.);
#4950=EDGE_CURVE('',#4044,#4044,#1116,.T.);
#4951=EDGE_CURVE('',#4044,#4045,#2922,.T.);
#4952=EDGE_CURVE('',#4045,#4045,#1117,.T.);
#4953=EDGE_CURVE('',#4046,#4046,#1118,.T.);
#4954=EDGE_CURVE('',#4046,#4047,#2923,.T.);
#4955=EDGE_CURVE('',#4047,#4047,#1119,.T.);
#4956=EDGE_CURVE('',#4048,#4048,#1120,.T.);
#4957=EDGE_CURVE('',#4048,#4049,#2924,.T.);
#4958=EDGE_CURVE('',#4049,#4049,#1121,.T.);
#4959=EDGE_CURVE('',#4050,#4050,#1122,.T.);
#4960=EDGE_CURVE('',#4050,#4051,#2925,.T.);
#4961=EDGE_CURVE('',#4051,#4051,#1123,.T.);
#4962=EDGE_CURVE('',#4052,#4052,#1124,.T.);
#4963=EDGE_CURVE('',#4052,#3860,#2926,.T.);
#4964=EDGE_CURVE('',#4053,#4053,#1125,.T.);
#4965=EDGE_CURVE('',#4053,#3756,#2927,.T.);
#4966=EDGE_CURVE('',#4054,#4054,#1126,.T.);
#4967=EDGE_CURVE('',#4054,#3861,#2928,.T.);
#4968=EDGE_CURVE('',#4055,#4055,#1127,.T.);
#4969=EDGE_CURVE('',#4055,#3757,#2929,.T.);
#4970=EDGE_CURVE('',#4056,#4056,#1128,.T.);
#4971=EDGE_CURVE('',#4056,#3862,#2930,.T.);
#4972=EDGE_CURVE('',#4057,#4057,#1129,.T.);
#4973=EDGE_CURVE('',#4057,#3758,#2931,.T.);
#4974=EDGE_CURVE('',#4058,#4058,#1130,.T.);
#4975=EDGE_CURVE('',#4058,#3863,#2932,.T.);
#4976=EDGE_CURVE('',#4059,#4059,#1131,.T.);
#4977=EDGE_CURVE('',#4059,#3759,#2933,.T.);
#4978=EDGE_CURVE('',#4060,#4060,#1132,.T.);
#4979=EDGE_CURVE('',#4060,#4061,#2934,.T.);
#4980=EDGE_CURVE('',#4061,#4061,#1133,.T.);
#4981=EDGE_CURVE('',#4062,#4062,#1134,.T.);
#4982=EDGE_CURVE('',#4062,#4063,#2935,.T.);
#4983=EDGE_CURVE('',#4063,#4063,#1135,.T.);
#4984=EDGE_CURVE('',#4064,#4064,#1136,.T.);
#4985=EDGE_CURVE('',#4064,#4065,#2936,.T.);
#4986=EDGE_CURVE('',#4065,#4065,#1137,.T.);
#4987=EDGE_CURVE('',#4066,#4066,#1138,.T.);
#4988=EDGE_CURVE('',#4066,#4067,#2937,.T.);
#4989=EDGE_CURVE('',#4067,#4067,#1139,.T.);
#4990=EDGE_CURVE('',#4068,#4068,#1140,.T.);
#4991=EDGE_CURVE('',#4068,#4069,#2938,.T.);
#4992=EDGE_CURVE('',#4069,#4069,#1141,.T.);
#4993=EDGE_CURVE('',#4070,#4070,#1142,.T.);
#4994=EDGE_CURVE('',#4070,#4071,#2939,.T.);
#4995=EDGE_CURVE('',#4071,#4071,#1143,.T.);
#4996=EDGE_CURVE('',#4072,#4072,#1144,.T.);
#4997=EDGE_CURVE('',#4072,#4073,#2940,.T.);
#4998=EDGE_CURVE('',#4073,#4073,#1145,.T.);
#4999=EDGE_CURVE('',#4074,#4074,#1146,.T.);
#5000=EDGE_CURVE('',#4074,#4075,#2941,.T.);
#5001=EDGE_CURVE('',#4075,#4075,#1147,.T.);
#5002=EDGE_CURVE('',#4076,#4076,#1148,.T.);
#5003=EDGE_CURVE('',#4076,#4077,#2942,.T.);
#5004=EDGE_CURVE('',#4077,#4077,#1149,.T.);
#5005=EDGE_CURVE('',#4078,#4078,#1150,.T.);
#5006=EDGE_CURVE('',#4078,#4079,#2943,.T.);
#5007=EDGE_CURVE('',#4079,#4079,#1151,.T.);
#5008=EDGE_CURVE('',#4080,#4080,#1152,.T.);
#5009=EDGE_CURVE('',#4080,#4081,#2944,.T.);
#5010=EDGE_CURVE('',#4081,#4081,#1153,.T.);
#5011=EDGE_CURVE('',#4082,#4082,#1154,.T.);
#5012=EDGE_CURVE('',#4082,#4083,#2945,.T.);
#5013=EDGE_CURVE('',#4083,#4083,#1155,.T.);
#5014=EDGE_CURVE('',#4084,#4084,#1156,.T.);
#5015=EDGE_CURVE('',#4084,#4085,#2946,.T.);
#5016=EDGE_CURVE('',#4085,#4085,#1157,.T.);
#5017=EDGE_CURVE('',#4086,#4086,#1158,.T.);
#5018=EDGE_CURVE('',#4086,#4087,#2947,.T.);
#5019=EDGE_CURVE('',#4087,#4087,#1159,.T.);
#5020=EDGE_CURVE('',#4088,#4088,#1160,.T.);
#5021=EDGE_CURVE('',#4088,#4089,#2948,.T.);
#5022=EDGE_CURVE('',#4089,#4089,#1161,.T.);
#5023=EDGE_CURVE('',#4090,#4090,#1162,.T.);
#5024=EDGE_CURVE('',#4090,#4091,#2949,.T.);
#5025=EDGE_CURVE('',#4091,#4091,#1163,.T.);
#5026=EDGE_CURVE('',#4092,#4092,#1164,.T.);
#5027=EDGE_CURVE('',#4092,#4093,#2950,.T.);
#5028=EDGE_CURVE('',#4093,#4093,#1165,.T.);
#5029=EDGE_CURVE('',#4094,#4094,#1166,.T.);
#5030=EDGE_CURVE('',#4094,#4095,#2951,.T.);
#5031=EDGE_CURVE('',#4095,#4095,#1167,.T.);
#5032=EDGE_CURVE('',#4096,#4096,#1168,.T.);
#5033=EDGE_CURVE('',#4096,#4097,#2952,.T.);
#5034=EDGE_CURVE('',#4097,#4097,#1169,.T.);
#5035=EDGE_CURVE('',#4098,#4098,#1170,.T.);
#5036=EDGE_CURVE('',#4098,#4099,#2953,.T.);
#5037=EDGE_CURVE('',#4099,#4099,#1171,.T.);
#5038=EDGE_CURVE('',#4100,#4100,#1172,.T.);
#5039=EDGE_CURVE('',#4100,#4101,#2954,.T.);
#5040=EDGE_CURVE('',#4101,#4101,#1173,.T.);
#5041=EDGE_CURVE('',#4102,#4102,#1174,.T.);
#5042=EDGE_CURVE('',#4102,#4103,#2955,.T.);
#5043=EDGE_CURVE('',#4103,#4103,#1175,.T.);
#5044=EDGE_CURVE('',#4104,#4104,#1176,.T.);
#5045=EDGE_CURVE('',#4104,#4105,#2956,.T.);
#5046=EDGE_CURVE('',#4105,#4105,#1177,.T.);
#5047=EDGE_CURVE('',#4106,#4106,#1178,.T.);
#5048=EDGE_CURVE('',#4106,#4107,#2957,.T.);
#5049=EDGE_CURVE('',#4107,#4107,#1179,.T.);
#5050=EDGE_CURVE('',#4108,#4108,#1180,.T.);
#5051=EDGE_CURVE('',#4108,#4109,#2958,.T.);
#5052=EDGE_CURVE('',#4109,#4109,#1181,.T.);
#5053=EDGE_CURVE('',#4110,#4110,#1182,.T.);
#5054=EDGE_CURVE('',#4110,#4111,#2959,.T.);
#5055=EDGE_CURVE('',#4111,#4111,#1183,.T.);
#5056=EDGE_CURVE('',#4112,#4112,#1184,.T.);
#5057=EDGE_CURVE('',#4112,#4113,#2960,.T.);
#5058=EDGE_CURVE('',#4113,#4113,#1185,.T.);
#5059=EDGE_CURVE('',#4114,#4114,#1186,.T.);
#5060=EDGE_CURVE('',#4114,#4115,#2961,.T.);
#5061=EDGE_CURVE('',#4115,#4115,#1187,.T.);
#5062=EDGE_CURVE('',#4116,#4116,#1188,.T.);
#5063=EDGE_CURVE('',#4116,#4117,#2962,.T.);
#5064=EDGE_CURVE('',#4117,#4117,#1189,.T.);
#5065=EDGE_CURVE('',#4118,#4118,#1190,.T.);
#5066=EDGE_CURVE('',#4118,#4119,#2963,.T.);
#5067=EDGE_CURVE('',#4119,#4119,#1191,.T.);
#5068=EDGE_CURVE('',#4120,#4120,#1192,.T.);
#5069=EDGE_CURVE('',#4120,#4121,#2964,.T.);
#5070=EDGE_CURVE('',#4121,#4121,#1193,.T.);
#5071=EDGE_CURVE('',#4122,#4122,#1194,.T.);
#5072=EDGE_CURVE('',#4122,#4123,#2965,.T.);
#5073=EDGE_CURVE('',#4123,#4123,#1195,.T.);
#5074=EDGE_CURVE('',#4124,#4124,#1196,.T.);
#5075=EDGE_CURVE('',#4124,#4125,#2966,.T.);
#5076=EDGE_CURVE('',#4125,#4125,#1197,.T.);
#5077=EDGE_CURVE('',#4126,#4126,#1198,.T.);
#5078=EDGE_CURVE('',#4126,#4127,#2967,.T.);
#5079=EDGE_CURVE('',#4127,#4127,#1199,.T.);
#5080=EDGE_CURVE('',#4128,#4128,#1200,.T.);
#5081=EDGE_CURVE('',#4128,#4129,#2968,.T.);
#5082=EDGE_CURVE('',#4129,#4129,#1201,.T.);
#5083=EDGE_CURVE('',#4130,#4130,#1202,.T.);
#5084=EDGE_CURVE('',#4130,#4131,#2969,.T.);
#5085=EDGE_CURVE('',#4131,#4131,#1203,.T.);
#5086=EDGE_CURVE('',#4132,#4132,#1204,.T.);
#5087=EDGE_CURVE('',#4132,#4133,#2970,.T.);
#5088=EDGE_CURVE('',#4133,#4133,#1205,.T.);
#5089=EDGE_CURVE('',#4134,#4134,#1206,.T.);
#5090=EDGE_CURVE('',#4134,#4135,#2971,.T.);
#5091=EDGE_CURVE('',#4135,#4135,#1207,.T.);
#5092=EDGE_CURVE('',#4136,#4136,#1208,.T.);
#5093=EDGE_CURVE('',#4136,#4137,#2972,.T.);
#5094=EDGE_CURVE('',#4137,#4137,#1209,.T.);
#5095=EDGE_CURVE('',#4138,#4138,#1210,.T.);
#5096=EDGE_CURVE('',#4138,#4139,#2973,.T.);
#5097=EDGE_CURVE('',#4139,#4139,#1211,.T.);
#5098=EDGE_CURVE('',#4140,#4140,#1212,.T.);
#5099=EDGE_CURVE('',#4140,#4141,#2974,.T.);
#5100=EDGE_CURVE('',#4141,#4141,#1213,.T.);
#5101=EDGE_CURVE('',#4142,#4142,#1214,.T.);
#5102=EDGE_CURVE('',#4142,#4143,#2975,.T.);
#5103=EDGE_CURVE('',#4143,#4143,#1215,.T.);
#5104=EDGE_CURVE('',#4144,#4144,#1216,.T.);
#5105=EDGE_CURVE('',#4144,#4145,#2976,.T.);
#5106=EDGE_CURVE('',#4145,#4145,#1217,.T.);
#5107=EDGE_CURVE('',#4146,#4146,#1218,.T.);
#5108=EDGE_CURVE('',#4146,#4147,#2977,.T.);
#5109=EDGE_CURVE('',#4147,#4147,#1219,.T.);
#5110=EDGE_CURVE('',#4148,#4148,#1220,.T.);
#5111=EDGE_CURVE('',#4148,#4149,#2978,.T.);
#5112=EDGE_CURVE('',#4149,#4149,#1221,.T.);
#5113=EDGE_CURVE('',#4150,#4150,#1222,.T.);
#5114=EDGE_CURVE('',#4150,#4151,#2979,.T.);
#5115=EDGE_CURVE('',#4151,#4151,#1223,.T.);
#5116=EDGE_CURVE('',#4152,#4152,#1224,.T.);
#5117=EDGE_CURVE('',#4152,#4153,#2980,.T.);
#5118=EDGE_CURVE('',#4153,#4153,#1225,.T.);
#5119=EDGE_CURVE('',#4154,#4154,#1226,.T.);
#5120=EDGE_CURVE('',#4154,#4155,#2981,.T.);
#5121=EDGE_CURVE('',#4155,#4155,#1227,.T.);
#5122=EDGE_CURVE('',#4156,#4156,#1228,.T.);
#5123=EDGE_CURVE('',#4156,#4157,#2982,.T.);
#5124=EDGE_CURVE('',#4157,#4157,#1229,.T.);
#5125=EDGE_CURVE('',#4158,#4158,#1230,.T.);
#5126=EDGE_CURVE('',#4158,#4159,#2983,.T.);
#5127=EDGE_CURVE('',#4159,#4159,#1231,.T.);
#5128=EDGE_CURVE('',#4160,#4160,#1232,.T.);
#5129=EDGE_CURVE('',#4160,#4161,#2984,.T.);
#5130=EDGE_CURVE('',#4161,#4161,#1233,.T.);
#5131=EDGE_CURVE('',#4162,#4162,#1234,.T.);
#5132=EDGE_CURVE('',#4162,#4163,#2985,.T.);
#5133=EDGE_CURVE('',#4163,#4163,#1235,.T.);
#5134=EDGE_CURVE('',#4164,#4164,#1236,.T.);
#5135=EDGE_CURVE('',#4164,#4165,#2986,.T.);
#5136=EDGE_CURVE('',#4165,#4165,#1237,.T.);
#5137=EDGE_CURVE('',#4166,#4166,#1238,.T.);
#5138=EDGE_CURVE('',#4166,#4167,#2987,.T.);
#5139=EDGE_CURVE('',#4167,#4167,#1239,.T.);
#5140=EDGE_CURVE('',#4168,#4168,#1240,.T.);
#5141=EDGE_CURVE('',#4168,#4169,#2988,.T.);
#5142=EDGE_CURVE('',#4169,#4169,#1241,.T.);
#5143=EDGE_CURVE('',#4170,#4170,#1242,.T.);
#5144=EDGE_CURVE('',#4170,#4171,#2989,.T.);
#5145=EDGE_CURVE('',#4171,#4171,#1243,.T.);
#5146=EDGE_CURVE('',#4172,#4172,#1244,.T.);
#5147=EDGE_CURVE('',#4172,#4173,#2990,.T.);
#5148=EDGE_CURVE('',#4173,#4173,#1245,.T.);
#5149=EDGE_CURVE('',#4174,#4174,#1246,.T.);
#5150=EDGE_CURVE('',#4174,#4175,#2991,.T.);
#5151=EDGE_CURVE('',#4175,#4175,#1247,.T.);
#5152=EDGE_CURVE('',#4176,#4176,#1248,.T.);
#5153=EDGE_CURVE('',#4176,#4177,#2992,.T.);
#5154=EDGE_CURVE('',#4177,#4177,#1249,.T.);
#5155=EDGE_CURVE('',#4178,#4178,#1250,.T.);
#5156=EDGE_CURVE('',#4178,#4179,#2993,.T.);
#5157=EDGE_CURVE('',#4179,#4179,#1251,.T.);
#5158=EDGE_CURVE('',#4180,#4180,#1252,.T.);
#5159=EDGE_CURVE('',#4180,#4181,#2994,.T.);
#5160=EDGE_CURVE('',#4181,#4181,#1253,.T.);
#5161=EDGE_CURVE('',#4182,#4182,#1254,.T.);
#5162=EDGE_CURVE('',#4182,#4183,#2995,.T.);
#5163=EDGE_CURVE('',#4183,#4183,#1255,.T.);
#5164=EDGE_CURVE('',#4184,#4184,#1256,.T.);
#5165=EDGE_CURVE('',#4184,#4185,#2996,.T.);
#5166=EDGE_CURVE('',#4185,#4185,#1257,.T.);
#5167=EDGE_CURVE('',#4186,#4186,#1258,.T.);
#5168=EDGE_CURVE('',#4186,#4187,#2997,.T.);
#5169=EDGE_CURVE('',#4187,#4187,#1259,.T.);
#5170=EDGE_CURVE('',#4188,#4188,#1260,.T.);
#5171=EDGE_CURVE('',#4188,#3864,#2998,.T.);
#5172=EDGE_CURVE('',#4189,#4189,#1261,.T.);
#5173=EDGE_CURVE('',#4189,#3760,#2999,.T.);
#5174=EDGE_CURVE('',#4190,#4190,#1262,.T.);
#5175=EDGE_CURVE('',#4190,#3865,#3000,.T.);
#5176=EDGE_CURVE('',#4191,#4191,#1263,.T.);
#5177=EDGE_CURVE('',#4191,#3761,#3001,.T.);
#5178=EDGE_CURVE('',#4192,#4192,#1264,.T.);
#5179=EDGE_CURVE('',#4192,#4193,#3002,.T.);
#5180=EDGE_CURVE('',#4193,#4193,#1265,.T.);
#5181=EDGE_CURVE('',#4194,#4194,#1266,.T.);
#5182=EDGE_CURVE('',#4194,#4195,#3003,.T.);
#5183=EDGE_CURVE('',#4195,#4195,#1267,.T.);
#5184=EDGE_CURVE('',#4196,#4196,#1268,.T.);
#5185=EDGE_CURVE('',#4196,#4197,#3004,.T.);
#5186=EDGE_CURVE('',#4197,#4197,#1269,.T.);
#5187=EDGE_CURVE('',#4198,#4198,#1270,.T.);
#5188=EDGE_CURVE('',#4198,#4199,#3005,.T.);
#5189=EDGE_CURVE('',#4199,#4199,#1271,.T.);
#5190=EDGE_CURVE('',#4200,#4200,#1272,.T.);
#5191=EDGE_CURVE('',#4200,#4201,#3006,.T.);
#5192=EDGE_CURVE('',#4201,#4201,#1273,.T.);
#5193=EDGE_CURVE('',#4202,#4202,#1274,.T.);
#5194=EDGE_CURVE('',#4202,#4203,#3007,.T.);
#5195=EDGE_CURVE('',#4203,#4203,#1275,.T.);
#5196=EDGE_CURVE('',#4204,#4204,#1276,.T.);
#5197=EDGE_CURVE('',#4204,#4205,#3008,.T.);
#5198=EDGE_CURVE('',#4205,#4205,#1277,.T.);
#5199=EDGE_CURVE('',#4206,#4206,#1278,.T.);
#5200=EDGE_CURVE('',#4206,#4207,#3009,.T.);
#5201=EDGE_CURVE('',#4207,#4207,#1279,.T.);
#5202=EDGE_CURVE('',#4208,#4208,#1280,.T.);
#5203=EDGE_CURVE('',#4208,#3866,#3010,.T.);
#5204=EDGE_CURVE('',#4209,#4209,#1281,.T.);
#5205=EDGE_CURVE('',#4209,#3762,#3011,.T.);
#5206=EDGE_CURVE('',#4210,#4210,#1282,.T.);
#5207=EDGE_CURVE('',#4210,#4211,#3012,.T.);
#5208=EDGE_CURVE('',#4211,#4211,#1283,.T.);
#5209=EDGE_CURVE('',#4212,#4212,#1284,.T.);
#5210=EDGE_CURVE('',#4212,#4213,#3013,.T.);
#5211=EDGE_CURVE('',#4213,#4213,#1285,.T.);
#5212=EDGE_CURVE('',#4214,#4214,#1286,.T.);
#5213=EDGE_CURVE('',#4214,#4215,#3014,.T.);
#5214=EDGE_CURVE('',#4215,#4215,#1287,.T.);
#5215=EDGE_CURVE('',#4216,#4216,#1288,.T.);
#5216=EDGE_CURVE('',#4216,#4217,#3015,.T.);
#5217=EDGE_CURVE('',#4217,#4217,#1289,.T.);
#5218=EDGE_CURVE('',#4218,#4218,#1290,.T.);
#5219=EDGE_CURVE('',#4218,#4219,#3016,.T.);
#5220=EDGE_CURVE('',#4219,#4219,#1291,.T.);
#5221=EDGE_CURVE('',#4220,#4220,#1292,.T.);
#5222=EDGE_CURVE('',#4220,#4221,#3017,.T.);
#5223=EDGE_CURVE('',#4221,#4221,#1293,.T.);
#5224=EDGE_CURVE('',#4222,#4222,#1294,.T.);
#5225=EDGE_CURVE('',#4222,#4223,#3018,.T.);
#5226=EDGE_CURVE('',#4223,#4223,#1295,.T.);
#5227=EDGE_CURVE('',#4224,#4224,#1296,.T.);
#5228=EDGE_CURVE('',#4224,#4225,#3019,.T.);
#5229=EDGE_CURVE('',#4225,#4225,#1297,.T.);
#5230=EDGE_CURVE('',#4226,#4226,#1298,.T.);
#5231=EDGE_CURVE('',#4226,#4227,#3020,.T.);
#5232=EDGE_CURVE('',#4227,#4227,#1299,.T.);
#5233=EDGE_CURVE('',#4228,#4228,#1300,.T.);
#5234=EDGE_CURVE('',#4228,#4229,#3021,.T.);
#5235=EDGE_CURVE('',#4229,#4229,#1301,.T.);
#5236=EDGE_CURVE('',#4230,#4230,#1302,.T.);
#5237=EDGE_CURVE('',#4230,#4231,#3022,.T.);
#5238=EDGE_CURVE('',#4231,#4231,#1303,.T.);
#5239=EDGE_CURVE('',#4232,#4232,#1304,.T.);
#5240=EDGE_CURVE('',#4232,#4233,#3023,.T.);
#5241=EDGE_CURVE('',#4233,#4233,#1305,.T.);
#5242=EDGE_CURVE('',#4234,#4234,#1306,.T.);
#5243=EDGE_CURVE('',#4234,#3867,#3024,.T.);
#5244=EDGE_CURVE('',#4235,#4235,#1307,.T.);
#5245=EDGE_CURVE('',#4235,#3763,#3025,.T.);
#5246=EDGE_CURVE('',#4236,#4236,#1308,.T.);
#5247=EDGE_CURVE('',#4236,#4237,#3026,.T.);
#5248=EDGE_CURVE('',#4237,#4237,#1309,.T.);
#5249=EDGE_CURVE('',#4238,#4238,#1310,.T.);
#5250=EDGE_CURVE('',#4238,#4239,#3027,.T.);
#5251=EDGE_CURVE('',#4239,#4239,#1311,.T.);
#5252=EDGE_CURVE('',#4240,#4240,#1312,.T.);
#5253=EDGE_CURVE('',#4240,#3868,#3028,.T.);
#5254=EDGE_CURVE('',#4241,#4241,#1313,.T.);
#5255=EDGE_CURVE('',#4241,#3764,#3029,.T.);
#5256=EDGE_CURVE('',#4242,#4242,#1314,.T.);
#5257=EDGE_CURVE('',#4242,#4243,#3030,.T.);
#5258=EDGE_CURVE('',#4243,#4243,#1315,.T.);
#5259=EDGE_CURVE('',#4244,#4244,#1316,.T.);
#5260=EDGE_CURVE('',#4244,#4245,#3031,.T.);
#5261=EDGE_CURVE('',#4245,#4245,#1317,.T.);
#5262=EDGE_CURVE('',#4246,#4246,#1318,.T.);
#5263=EDGE_CURVE('',#4246,#4247,#3032,.T.);
#5264=EDGE_CURVE('',#4247,#4247,#1319,.T.);
#5265=EDGE_CURVE('',#4248,#4248,#1320,.T.);
#5266=EDGE_CURVE('',#4248,#4249,#3033,.T.);
#5267=EDGE_CURVE('',#4249,#4249,#1321,.T.);
#5268=EDGE_CURVE('',#4250,#4250,#1322,.T.);
#5269=EDGE_CURVE('',#4250,#3869,#3034,.T.);
#5270=EDGE_CURVE('',#4251,#4251,#1323,.T.);
#5271=EDGE_CURVE('',#4251,#3765,#3035,.T.);
#5272=EDGE_CURVE('',#4252,#4252,#1324,.T.);
#5273=EDGE_CURVE('',#4252,#4253,#3036,.T.);
#5274=EDGE_CURVE('',#4253,#4253,#1325,.T.);
#5275=EDGE_CURVE('',#4254,#4254,#1326,.T.);
#5276=EDGE_CURVE('',#4254,#4255,#3037,.T.);
#5277=EDGE_CURVE('',#4255,#4255,#1327,.T.);
#5278=EDGE_CURVE('',#4256,#4256,#1328,.T.);
#5279=EDGE_CURVE('',#4256,#4257,#3038,.T.);
#5280=EDGE_CURVE('',#4257,#4257,#1329,.T.);
#5281=EDGE_CURVE('',#4258,#4258,#1330,.T.);
#5282=EDGE_CURVE('',#4258,#4259,#3039,.T.);
#5283=EDGE_CURVE('',#4259,#4259,#1331,.T.);
#5284=EDGE_CURVE('',#4260,#4260,#1332,.T.);
#5285=EDGE_CURVE('',#4260,#3870,#3040,.T.);
#5286=EDGE_CURVE('',#4261,#4261,#1333,.T.);
#5287=EDGE_CURVE('',#4261,#3766,#3041,.T.);
#5288=EDGE_CURVE('',#4262,#4262,#1334,.T.);
#5289=EDGE_CURVE('',#4262,#4263,#3042,.T.);
#5290=EDGE_CURVE('',#4263,#4263,#1335,.T.);
#5291=EDGE_CURVE('',#4264,#4264,#1336,.T.);
#5292=EDGE_CURVE('',#4264,#4265,#3043,.T.);
#5293=EDGE_CURVE('',#4265,#4265,#1337,.T.);
#5294=EDGE_CURVE('',#4266,#4266,#1338,.T.);
#5295=EDGE_CURVE('',#4266,#3871,#3044,.T.);
#5296=EDGE_CURVE('',#4267,#4267,#1339,.T.);
#5297=EDGE_CURVE('',#4267,#3767,#3045,.T.);
#5298=EDGE_CURVE('',#4268,#4268,#1340,.T.);
#5299=EDGE_CURVE('',#4268,#4269,#3046,.T.);
#5300=EDGE_CURVE('',#4269,#4269,#1341,.T.);
#5301=EDGE_CURVE('',#4270,#4270,#1342,.T.);
#5302=EDGE_CURVE('',#4270,#4271,#3047,.T.);
#5303=EDGE_CURVE('',#4271,#4271,#1343,.T.);
#5304=EDGE_CURVE('',#4272,#4272,#1344,.T.);
#5305=EDGE_CURVE('',#4272,#4273,#3048,.T.);
#5306=EDGE_CURVE('',#4273,#4273,#1345,.T.);
#5307=EDGE_CURVE('',#4274,#4274,#1346,.T.);
#5308=EDGE_CURVE('',#4274,#4275,#3049,.T.);
#5309=EDGE_CURVE('',#4275,#4275,#1347,.T.);
#5310=EDGE_CURVE('',#4276,#4276,#1348,.T.);
#5311=EDGE_CURVE('',#4276,#4277,#3050,.T.);
#5312=EDGE_CURVE('',#4277,#4277,#1349,.T.);
#5313=EDGE_CURVE('',#4278,#4278,#1350,.T.);
#5314=EDGE_CURVE('',#4278,#4279,#3051,.T.);
#5315=EDGE_CURVE('',#4279,#4279,#1351,.T.);
#5316=EDGE_CURVE('',#4280,#4280,#1352,.T.);
#5317=EDGE_CURVE('',#4280,#4281,#3052,.T.);
#5318=EDGE_CURVE('',#4281,#4281,#1353,.T.);
#5319=EDGE_CURVE('',#4282,#4282,#1354,.T.);
#5320=EDGE_CURVE('',#4282,#4283,#3053,.T.);
#5321=EDGE_CURVE('',#4283,#4283,#1355,.T.);
#5322=EDGE_CURVE('',#4284,#4284,#1356,.T.);
#5323=EDGE_CURVE('',#4284,#4285,#3054,.T.);
#5324=EDGE_CURVE('',#4285,#4285,#1357,.T.);
#5325=EDGE_CURVE('',#4286,#4286,#1358,.T.);
#5326=EDGE_CURVE('',#4286,#4287,#3055,.T.);
#5327=EDGE_CURVE('',#4287,#4287,#1359,.T.);
#5328=EDGE_CURVE('',#4288,#4288,#1360,.T.);
#5329=EDGE_CURVE('',#4288,#4289,#3056,.T.);
#5330=EDGE_CURVE('',#4289,#4289,#1361,.T.);
#5331=EDGE_CURVE('',#4290,#4290,#1362,.T.);
#5332=EDGE_CURVE('',#4290,#4291,#3057,.T.);
#5333=EDGE_CURVE('',#4291,#4291,#1363,.T.);
#5334=EDGE_CURVE('',#4292,#4292,#1364,.T.);
#5335=EDGE_CURVE('',#4292,#4293,#3058,.T.);
#5336=EDGE_CURVE('',#4293,#4293,#1365,.T.);
#5337=EDGE_CURVE('',#4294,#4294,#1366,.T.);
#5338=EDGE_CURVE('',#4294,#4295,#3059,.T.);
#5339=EDGE_CURVE('',#4295,#4295,#1367,.T.);
#5340=EDGE_CURVE('',#4296,#4296,#1368,.T.);
#5341=EDGE_CURVE('',#4296,#4297,#3060,.T.);
#5342=EDGE_CURVE('',#4297,#4297,#1369,.T.);
#5343=EDGE_CURVE('',#4298,#4298,#1370,.T.);
#5344=EDGE_CURVE('',#4298,#4299,#3061,.T.);
#5345=EDGE_CURVE('',#4299,#4299,#1371,.T.);
#5346=EDGE_CURVE('',#4300,#4300,#1372,.T.);
#5347=EDGE_CURVE('',#4300,#4301,#3062,.T.);
#5348=EDGE_CURVE('',#4301,#4301,#1373,.T.);
#5349=EDGE_CURVE('',#4302,#4302,#1374,.T.);
#5350=EDGE_CURVE('',#4302,#4303,#3063,.T.);
#5351=EDGE_CURVE('',#4303,#4303,#1375,.T.);
#5352=EDGE_CURVE('',#4304,#4304,#1376,.T.);
#5353=EDGE_CURVE('',#4304,#4305,#3064,.T.);
#5354=EDGE_CURVE('',#4305,#4305,#1377,.T.);
#5355=EDGE_CURVE('',#4306,#4306,#1378,.T.);
#5356=EDGE_CURVE('',#4306,#4307,#3065,.T.);
#5357=EDGE_CURVE('',#4307,#4307,#1379,.T.);
#5358=EDGE_CURVE('',#4308,#4308,#1380,.T.);
#5359=EDGE_CURVE('',#4308,#4309,#3066,.T.);
#5360=EDGE_CURVE('',#4309,#4309,#1381,.T.);
#5361=EDGE_CURVE('',#4310,#4310,#1382,.T.);
#5362=EDGE_CURVE('',#4310,#4311,#3067,.T.);
#5363=EDGE_CURVE('',#4311,#4311,#1383,.T.);
#5364=EDGE_CURVE('',#4312,#4312,#1384,.T.);
#5365=EDGE_CURVE('',#4312,#4313,#3068,.T.);
#5366=EDGE_CURVE('',#4313,#4313,#1385,.T.);
#5367=EDGE_CURVE('',#4314,#4314,#1386,.T.);
#5368=EDGE_CURVE('',#4314,#4315,#3069,.T.);
#5369=EDGE_CURVE('',#4315,#4315,#1387,.T.);
#5370=EDGE_CURVE('',#4316,#4316,#1388,.T.);
#5371=EDGE_CURVE('',#4316,#4317,#3070,.T.);
#5372=EDGE_CURVE('',#4317,#4317,#1389,.T.);
#5373=EDGE_CURVE('',#4318,#4318,#1390,.T.);
#5374=EDGE_CURVE('',#4318,#4319,#3071,.T.);
#5375=EDGE_CURVE('',#4319,#4319,#1391,.T.);
#5376=EDGE_CURVE('',#4320,#4320,#1392,.T.);
#5377=EDGE_CURVE('',#4320,#4321,#3072,.T.);
#5378=EDGE_CURVE('',#4321,#4321,#1393,.T.);
#5379=EDGE_CURVE('',#4322,#4322,#1394,.T.);
#5380=EDGE_CURVE('',#4322,#4323,#3073,.T.);
#5381=EDGE_CURVE('',#4323,#4323,#1395,.T.);
#5382=EDGE_CURVE('',#4324,#4324,#1396,.T.);
#5383=EDGE_CURVE('',#4324,#4325,#3074,.T.);
#5384=EDGE_CURVE('',#4325,#4325,#1397,.T.);
#5385=EDGE_CURVE('',#4326,#4326,#1398,.T.);
#5386=EDGE_CURVE('',#4326,#4327,#3075,.T.);
#5387=EDGE_CURVE('',#4327,#4327,#1399,.T.);
#5388=EDGE_CURVE('',#4328,#4328,#1400,.T.);
#5389=EDGE_CURVE('',#4328,#4329,#3076,.T.);
#5390=EDGE_CURVE('',#4329,#4329,#1401,.T.);
#5391=EDGE_CURVE('',#4330,#4330,#1402,.T.);
#5392=EDGE_CURVE('',#4330,#4331,#3077,.T.);
#5393=EDGE_CURVE('',#4331,#4331,#1403,.T.);
#5394=EDGE_CURVE('',#4332,#4332,#1404,.T.);
#5395=EDGE_CURVE('',#4332,#4333,#3078,.T.);
#5396=EDGE_CURVE('',#4333,#4333,#1405,.T.);
#5397=EDGE_CURVE('',#4334,#4334,#1406,.T.);
#5398=EDGE_CURVE('',#4334,#4335,#3079,.T.);
#5399=EDGE_CURVE('',#4335,#4335,#1407,.T.);
#5400=EDGE_CURVE('',#4336,#4337,#1408,.T.);
#5401=EDGE_CURVE('',#4337,#4338,#3080,.T.);
#5402=EDGE_CURVE('',#4338,#4339,#1409,.T.);
#5403=EDGE_CURVE('',#4339,#4336,#3081,.T.);
#5404=EDGE_CURVE('',#4340,#4339,#3082,.T.);
#5405=EDGE_CURVE('',#4341,#4340,#3083,.T.);
#5406=EDGE_CURVE('',#4336,#4341,#3084,.T.);
#5407=EDGE_CURVE('',#4338,#4342,#3085,.T.);
#5408=EDGE_CURVE('',#4343,#4342,#1410,.T.);
#5409=EDGE_CURVE('',#4343,#4344,#3086,.T.);
#5410=EDGE_CURVE('',#4345,#4344,#1411,.T.);
#5411=EDGE_CURVE('',#4345,#4346,#3087,.T.);
#5412=EDGE_CURVE('',#4340,#4346,#1412,.T.);
#5413=EDGE_CURVE('',#4347,#4348,#1413,.T.);
#5414=EDGE_CURVE('',#4348,#4343,#3088,.T.);
#5415=EDGE_CURVE('',#4342,#4347,#3089,.T.);
#5416=EDGE_CURVE('',#4349,#4348,#3090,.T.);
#5417=EDGE_CURVE('',#4344,#4349,#3091,.T.);
#5418=EDGE_CURVE('',#4350,#4341,#1414,.T.);
#5419=EDGE_CURVE('',#4350,#4351,#3092,.T.);
#5420=EDGE_CURVE('',#4349,#4351,#1415,.T.);
#5421=EDGE_CURVE('',#4347,#4352,#3093,.T.);
#5422=EDGE_CURVE('',#4352,#4353,#3094,.T.);
#5423=EDGE_CURVE('',#4354,#4353,#3095,.T.);
#5424=EDGE_CURVE('',#4354,#4355,#3096,.T.);
#5425=EDGE_CURVE('',#4355,#4337,#3097,.T.);
#5426=EDGE_CURVE('',#4346,#4350,#3098,.T.);
#5427=EDGE_CURVE('',#4351,#4345,#3099,.T.);
#5428=EDGE_CURVE('',#4356,#4357,#3100,.T.);
#5429=EDGE_CURVE('',#4357,#4358,#3101,.T.);
#5430=EDGE_CURVE('',#4358,#4359,#3102,.T.);
#5431=EDGE_CURVE('',#4359,#4356,#3103,.T.);
#5432=EDGE_CURVE('',#4360,#4361,#3104,.T.);
#5433=EDGE_CURVE('',#4361,#4362,#3105,.T.);
#5434=EDGE_CURVE('',#4362,#4363,#3106,.T.);
#5435=EDGE_CURVE('',#4363,#4360,#3107,.T.);
#5436=EDGE_CURVE('',#4364,#4365,#3108,.T.);
#5437=EDGE_CURVE('',#4365,#4366,#3109,.T.);
#5438=EDGE_CURVE('',#4366,#4367,#3110,.T.);
#5439=EDGE_CURVE('',#4367,#4364,#3111,.T.);
#5440=EDGE_CURVE('',#4368,#4369,#3112,.T.);
#5441=EDGE_CURVE('',#4369,#4370,#3113,.T.);
#5442=EDGE_CURVE('',#4370,#4371,#3114,.T.);
#5443=EDGE_CURVE('',#4371,#4368,#3115,.T.);
#5444=EDGE_CURVE('',#4372,#4373,#3116,.T.);
#5445=EDGE_CURVE('',#4371,#4372,#3117,.T.);
#5446=EDGE_CURVE('',#4370,#4373,#3118,.T.);
#5447=EDGE_CURVE('',#4373,#4374,#3119,.T.);
#5448=EDGE_CURVE('',#4369,#4374,#3120,.T.);
#5449=EDGE_CURVE('',#4374,#4375,#3121,.T.);
#5450=EDGE_CURVE('',#4368,#4375,#3122,.T.);
#5451=EDGE_CURVE('',#4375,#4372,#3123,.T.);
#5452=EDGE_CURVE('',#4376,#4377,#3124,.T.);
#5453=EDGE_CURVE('',#4367,#4376,#3125,.T.);
#5454=EDGE_CURVE('',#4366,#4377,#3126,.T.);
#5455=EDGE_CURVE('',#4377,#4378,#3127,.T.);
#5456=EDGE_CURVE('',#4365,#4378,#3128,.T.);
#5457=EDGE_CURVE('',#4378,#4379,#3129,.T.);
#5458=EDGE_CURVE('',#4364,#4379,#3130,.T.);
#5459=EDGE_CURVE('',#4379,#4376,#3131,.T.);
#5460=EDGE_CURVE('',#4380,#4381,#3132,.T.);
#5461=EDGE_CURVE('',#4363,#4380,#3133,.T.);
#5462=EDGE_CURVE('',#4362,#4381,#3134,.T.);
#5463=EDGE_CURVE('',#4381,#4382,#3135,.T.);
#5464=EDGE_CURVE('',#4361,#4382,#3136,.T.);
#5465=EDGE_CURVE('',#4382,#4383,#3137,.T.);
#5466=EDGE_CURVE('',#4360,#4383,#3138,.T.);
#5467=EDGE_CURVE('',#4383,#4380,#3139,.T.);
#5468=EDGE_CURVE('',#4384,#4385,#3140,.T.);
#5469=EDGE_CURVE('',#4359,#4384,#3141,.T.);
#5470=EDGE_CURVE('',#4358,#4385,#3142,.T.);
#5471=EDGE_CURVE('',#4385,#4386,#3143,.T.);
#5472=EDGE_CURVE('',#4357,#4386,#3144,.T.);
#5473=EDGE_CURVE('',#4386,#4387,#3145,.T.);
#5474=EDGE_CURVE('',#4356,#4387,#3146,.T.);
#5475=EDGE_CURVE('',#4387,#4384,#3147,.T.);
#5476=EDGE_CURVE('',#4388,#4353,#3148,.T.);
#5477=EDGE_CURVE('',#4389,#4388,#3149,.T.);
#5478=EDGE_CURVE('',#4354,#4389,#3150,.T.);
#5479=EDGE_CURVE('',#4390,#4352,#3151,.T.);
#5480=EDGE_CURVE('',#4388,#4390,#3152,.T.);
#5481=EDGE_CURVE('',#4390,#4391,#3153,.T.);
#5482=EDGE_CURVE('',#4391,#4389,#3154,.T.);
#5483=EDGE_CURVE('',#4391,#4355,#3155,.T.);
#5484=ORIENTED_EDGE('',*,*,#4392,.F.);
#5485=ORIENTED_EDGE('',*,*,#4393,.F.);
#5486=ORIENTED_EDGE('',*,*,#4394,.F.);
#5487=ORIENTED_EDGE('',*,*,#4395,.T.);
#5488=ORIENTED_EDGE('',*,*,#4396,.F.);
#5489=ORIENTED_EDGE('',*,*,#4397,.T.);
#5490=ORIENTED_EDGE('',*,*,#4394,.T.);
#5491=ORIENTED_EDGE('',*,*,#4398,.T.);
#5492=ORIENTED_EDGE('',*,*,#4399,.F.);
#5493=ORIENTED_EDGE('',*,*,#4400,.T.);
#5494=ORIENTED_EDGE('',*,*,#4401,.F.);
#5495=ORIENTED_EDGE('',*,*,#4402,.T.);
#5496=ORIENTED_EDGE('',*,*,#4403,.F.);
#5497=ORIENTED_EDGE('',*,*,#4404,.T.);
#5498=ORIENTED_EDGE('',*,*,#4405,.F.);
#5499=ORIENTED_EDGE('',*,*,#4406,.T.);
#5500=ORIENTED_EDGE('',*,*,#4407,.F.);
#5501=ORIENTED_EDGE('',*,*,#4408,.T.);
#5502=ORIENTED_EDGE('',*,*,#4409,.F.);
#5503=ORIENTED_EDGE('',*,*,#4410,.T.);
#5504=ORIENTED_EDGE('',*,*,#4411,.F.);
#5505=ORIENTED_EDGE('',*,*,#4412,.T.);
#5506=ORIENTED_EDGE('',*,*,#4413,.F.);
#5507=ORIENTED_EDGE('',*,*,#4414,.T.);
#5508=ORIENTED_EDGE('',*,*,#4415,.F.);
#5509=ORIENTED_EDGE('',*,*,#4416,.T.);
#5510=ORIENTED_EDGE('',*,*,#4417,.F.);
#5511=ORIENTED_EDGE('',*,*,#4418,.T.);
#5512=ORIENTED_EDGE('',*,*,#4419,.F.);
#5513=ORIENTED_EDGE('',*,*,#4420,.T.);
#5514=ORIENTED_EDGE('',*,*,#4421,.F.);
#5515=ORIENTED_EDGE('',*,*,#4422,.T.);
#5516=ORIENTED_EDGE('',*,*,#4423,.F.);
#5517=ORIENTED_EDGE('',*,*,#4424,.T.);
#5518=ORIENTED_EDGE('',*,*,#4425,.F.);
#5519=ORIENTED_EDGE('',*,*,#4426,.T.);
#5520=ORIENTED_EDGE('',*,*,#4427,.F.);
#5521=ORIENTED_EDGE('',*,*,#4428,.T.);
#5522=ORIENTED_EDGE('',*,*,#4429,.F.);
#5523=ORIENTED_EDGE('',*,*,#4430,.T.);
#5524=ORIENTED_EDGE('',*,*,#4431,.F.);
#5525=ORIENTED_EDGE('',*,*,#4432,.T.);
#5526=ORIENTED_EDGE('',*,*,#4433,.F.);
#5527=ORIENTED_EDGE('',*,*,#4434,.T.);
#5528=ORIENTED_EDGE('',*,*,#4435,.F.);
#5529=ORIENTED_EDGE('',*,*,#4436,.T.);
#5530=ORIENTED_EDGE('',*,*,#4437,.F.);
#5531=ORIENTED_EDGE('',*,*,#4438,.T.);
#5532=ORIENTED_EDGE('',*,*,#4439,.F.);
#5533=ORIENTED_EDGE('',*,*,#4440,.T.);
#5534=ORIENTED_EDGE('',*,*,#4441,.F.);
#5535=ORIENTED_EDGE('',*,*,#4442,.T.);
#5536=ORIENTED_EDGE('',*,*,#4443,.F.);
#5537=ORIENTED_EDGE('',*,*,#4444,.T.);
#5538=ORIENTED_EDGE('',*,*,#4445,.F.);
#5539=ORIENTED_EDGE('',*,*,#4446,.T.);
#5540=ORIENTED_EDGE('',*,*,#4447,.F.);
#5541=ORIENTED_EDGE('',*,*,#4448,.T.);
#5542=ORIENTED_EDGE('',*,*,#4449,.F.);
#5543=ORIENTED_EDGE('',*,*,#4450,.T.);
#5544=ORIENTED_EDGE('',*,*,#4451,.F.);
#5545=ORIENTED_EDGE('',*,*,#4452,.T.);
#5546=ORIENTED_EDGE('',*,*,#4453,.F.);
#5547=ORIENTED_EDGE('',*,*,#4454,.T.);
#5548=ORIENTED_EDGE('',*,*,#4455,.F.);
#5549=ORIENTED_EDGE('',*,*,#4456,.T.);
#5550=ORIENTED_EDGE('',*,*,#4457,.F.);
#5551=ORIENTED_EDGE('',*,*,#4458,.T.);
#5552=ORIENTED_EDGE('',*,*,#4459,.F.);
#5553=ORIENTED_EDGE('',*,*,#4460,.F.);
#5554=ORIENTED_EDGE('',*,*,#4461,.F.);
#5555=ORIENTED_EDGE('',*,*,#4462,.F.);
#5556=ORIENTED_EDGE('',*,*,#4402,.F.);
#5557=ORIENTED_EDGE('',*,*,#4463,.F.);
#5558=ORIENTED_EDGE('',*,*,#4444,.F.);
#5559=ORIENTED_EDGE('',*,*,#4464,.F.);
#5560=ORIENTED_EDGE('',*,*,#4434,.F.);
#5561=ORIENTED_EDGE('',*,*,#4465,.F.);
#5562=ORIENTED_EDGE('',*,*,#4410,.F.);
#5563=ORIENTED_EDGE('',*,*,#4466,.F.);
#5564=ORIENTED_EDGE('',*,*,#4420,.F.);
#5565=ORIENTED_EDGE('',*,*,#4467,.F.);
#5566=ORIENTED_EDGE('',*,*,#4406,.F.);
#5567=ORIENTED_EDGE('',*,*,#4468,.F.);
#5568=ORIENTED_EDGE('',*,*,#4424,.F.);
#5569=ORIENTED_EDGE('',*,*,#4469,.F.);
#5570=ORIENTED_EDGE('',*,*,#4448,.F.);
#5571=ORIENTED_EDGE('',*,*,#4470,.F.);
#5572=ORIENTED_EDGE('',*,*,#4430,.F.);
#5573=ORIENTED_EDGE('',*,*,#4471,.F.);
#5574=ORIENTED_EDGE('',*,*,#4440,.F.);
#5575=ORIENTED_EDGE('',*,*,#4472,.F.);
#5576=ORIENTED_EDGE('',*,*,#4438,.F.);
#5577=ORIENTED_EDGE('',*,*,#4473,.F.);
#5578=ORIENTED_EDGE('',*,*,#4452,.F.);
#5579=ORIENTED_EDGE('',*,*,#4474,.F.);
#5580=ORIENTED_EDGE('',*,*,#4414,.F.);
#5581=ORIENTED_EDGE('',*,*,#4475,.F.);
#5582=ORIENTED_EDGE('',*,*,#4456,.F.);
#5583=ORIENTED_EDGE('',*,*,#4476,.F.);
#5584=ORIENTED_EDGE('',*,*,#4418,.F.);
#5585=ORIENTED_EDGE('',*,*,#4477,.F.);
#5586=ORIENTED_EDGE('',*,*,#4398,.F.);
#5587=ORIENTED_EDGE('',*,*,#4393,.T.);
#5588=ORIENTED_EDGE('',*,*,#4478,.F.);
#5589=ORIENTED_EDGE('',*,*,#4479,.F.);
#5590=ORIENTED_EDGE('',*,*,#4480,.F.);
#5591=ORIENTED_EDGE('',*,*,#4481,.F.);
#5592=ORIENTED_EDGE('',*,*,#4482,.F.);
#5593=ORIENTED_EDGE('',*,*,#4483,.F.);
#5594=ORIENTED_EDGE('',*,*,#4484,.F.);
#5595=ORIENTED_EDGE('',*,*,#4485,.F.);
#5596=ORIENTED_EDGE('',*,*,#4486,.F.);
#5597=ORIENTED_EDGE('',*,*,#4487,.F.);
#5598=ORIENTED_EDGE('',*,*,#4488,.F.);
#5599=ORIENTED_EDGE('',*,*,#4489,.F.);
#5600=ORIENTED_EDGE('',*,*,#4490,.F.);
#5601=ORIENTED_EDGE('',*,*,#4491,.F.);
#5602=ORIENTED_EDGE('',*,*,#4492,.F.);
#5603=ORIENTED_EDGE('',*,*,#4493,.F.);
#5604=ORIENTED_EDGE('',*,*,#4494,.F.);
#5605=ORIENTED_EDGE('',*,*,#4395,.F.);
#5606=ORIENTED_EDGE('',*,*,#4397,.F.);
#5607=ORIENTED_EDGE('',*,*,#4495,.F.);
#5608=ORIENTED_EDGE('',*,*,#4416,.F.);
#5609=ORIENTED_EDGE('',*,*,#4496,.F.);
#5610=ORIENTED_EDGE('',*,*,#4458,.F.);
#5611=ORIENTED_EDGE('',*,*,#4497,.F.);
#5612=ORIENTED_EDGE('',*,*,#4412,.F.);
#5613=ORIENTED_EDGE('',*,*,#4498,.F.);
#5614=ORIENTED_EDGE('',*,*,#4454,.F.);
#5615=ORIENTED_EDGE('',*,*,#4499,.F.);
#5616=ORIENTED_EDGE('',*,*,#4436,.F.);
#5617=ORIENTED_EDGE('',*,*,#4500,.F.);
#5618=ORIENTED_EDGE('',*,*,#4442,.F.);
#5619=ORIENTED_EDGE('',*,*,#4501,.F.);
#5620=ORIENTED_EDGE('',*,*,#4428,.F.);
#5621=ORIENTED_EDGE('',*,*,#4502,.F.);
#5622=ORIENTED_EDGE('',*,*,#4450,.F.);
#5623=ORIENTED_EDGE('',*,*,#4503,.F.);
#5624=ORIENTED_EDGE('',*,*,#4426,.F.);
#5625=ORIENTED_EDGE('',*,*,#4504,.F.);
#5626=ORIENTED_EDGE('',*,*,#4404,.F.);
#5627=ORIENTED_EDGE('',*,*,#4505,.F.);
#5628=ORIENTED_EDGE('',*,*,#4422,.F.);
#5629=ORIENTED_EDGE('',*,*,#4506,.F.);
#5630=ORIENTED_EDGE('',*,*,#4408,.F.);
#5631=ORIENTED_EDGE('',*,*,#4507,.F.);
#5632=ORIENTED_EDGE('',*,*,#4432,.F.);
#5633=ORIENTED_EDGE('',*,*,#4508,.F.);
#5634=ORIENTED_EDGE('',*,*,#4446,.F.);
#5635=ORIENTED_EDGE('',*,*,#4509,.F.);
#5636=ORIENTED_EDGE('',*,*,#4400,.F.);
#5637=ORIENTED_EDGE('',*,*,#4510,.F.);
#5638=ORIENTED_EDGE('',*,*,#4511,.F.);
#5639=ORIENTED_EDGE('',*,*,#4512,.T.);
#5640=ORIENTED_EDGE('',*,*,#4513,.F.);
#5641=ORIENTED_EDGE('',*,*,#4514,.F.);
#5642=ORIENTED_EDGE('',*,*,#4515,.F.);
#5643=ORIENTED_EDGE('',*,*,#4516,.F.);
#5644=ORIENTED_EDGE('',*,*,#4517,.F.);
#5645=ORIENTED_EDGE('',*,*,#4518,.F.);
#5646=ORIENTED_EDGE('',*,*,#4519,.F.);
#5647=ORIENTED_EDGE('',*,*,#4520,.F.);
#5648=ORIENTED_EDGE('',*,*,#4521,.F.);
#5649=ORIENTED_EDGE('',*,*,#4522,.F.);
#5650=ORIENTED_EDGE('',*,*,#4523,.F.);
#5651=ORIENTED_EDGE('',*,*,#4524,.F.);
#5652=ORIENTED_EDGE('',*,*,#4525,.F.);
#5653=ORIENTED_EDGE('',*,*,#4526,.F.);
#5654=ORIENTED_EDGE('',*,*,#4527,.F.);
#5655=ORIENTED_EDGE('',*,*,#4528,.F.);
#5656=ORIENTED_EDGE('',*,*,#4529,.F.);
#5657=ORIENTED_EDGE('',*,*,#4512,.F.);
#5658=ORIENTED_EDGE('',*,*,#4530,.F.);
#5659=ORIENTED_EDGE('',*,*,#4460,.T.);
#5660=ORIENTED_EDGE('',*,*,#4531,.F.);
#5661=ORIENTED_EDGE('',*,*,#4461,.T.);
#5662=ORIENTED_EDGE('',*,*,#4530,.T.);
#5663=ORIENTED_EDGE('',*,*,#4511,.T.);
#5664=ORIENTED_EDGE('',*,*,#4532,.F.);
#5665=ORIENTED_EDGE('',*,*,#4533,.F.);
#5666=ORIENTED_EDGE('',*,*,#4534,.F.);
#5667=ORIENTED_EDGE('',*,*,#4535,.T.);
#5668=ORIENTED_EDGE('',*,*,#4536,.F.);
#5669=ORIENTED_EDGE('',*,*,#4537,.T.);
#5670=ORIENTED_EDGE('',*,*,#4538,.T.);
#5671=ORIENTED_EDGE('',*,*,#4539,.T.);
#5672=ORIENTED_EDGE('',*,*,#4540,.F.);
#5673=ORIENTED_EDGE('',*,*,#4541,.T.);
#5674=ORIENTED_EDGE('',*,*,#4542,.F.);
#5675=ORIENTED_EDGE('',*,*,#4543,.T.);
#5676=ORIENTED_EDGE('',*,*,#4544,.F.);
#5677=ORIENTED_EDGE('',*,*,#4545,.T.);
#5678=ORIENTED_EDGE('',*,*,#4546,.F.);
#5679=ORIENTED_EDGE('',*,*,#4547,.T.);
#5680=ORIENTED_EDGE('',*,*,#4548,.F.);
#5681=ORIENTED_EDGE('',*,*,#4549,.T.);
#5682=ORIENTED_EDGE('',*,*,#4550,.F.);
#5683=ORIENTED_EDGE('',*,*,#4551,.T.);
#5684=ORIENTED_EDGE('',*,*,#4552,.F.);
#5685=ORIENTED_EDGE('',*,*,#4553,.T.);
#5686=ORIENTED_EDGE('',*,*,#4554,.F.);
#5687=ORIENTED_EDGE('',*,*,#4555,.T.);
#5688=ORIENTED_EDGE('',*,*,#4556,.F.);
#5689=ORIENTED_EDGE('',*,*,#4557,.T.);
#5690=ORIENTED_EDGE('',*,*,#4558,.F.);
#5691=ORIENTED_EDGE('',*,*,#4559,.T.);
#5692=ORIENTED_EDGE('',*,*,#4560,.F.);
#5693=ORIENTED_EDGE('',*,*,#4561,.T.);
#5694=ORIENTED_EDGE('',*,*,#4562,.F.);
#5695=ORIENTED_EDGE('',*,*,#4563,.T.);
#5696=ORIENTED_EDGE('',*,*,#4564,.F.);
#5697=ORIENTED_EDGE('',*,*,#4565,.T.);
#5698=ORIENTED_EDGE('',*,*,#4566,.F.);
#5699=ORIENTED_EDGE('',*,*,#4567,.T.);
#5700=ORIENTED_EDGE('',*,*,#4568,.F.);
#5701=ORIENTED_EDGE('',*,*,#4569,.T.);
#5702=ORIENTED_EDGE('',*,*,#4570,.F.);
#5703=ORIENTED_EDGE('',*,*,#4571,.T.);
#5704=ORIENTED_EDGE('',*,*,#4572,.F.);
#5705=ORIENTED_EDGE('',*,*,#4573,.T.);
#5706=ORIENTED_EDGE('',*,*,#4574,.F.);
#5707=ORIENTED_EDGE('',*,*,#4575,.T.);
#5708=ORIENTED_EDGE('',*,*,#4576,.F.);
#5709=ORIENTED_EDGE('',*,*,#4577,.T.);
#5710=ORIENTED_EDGE('',*,*,#4578,.F.);
#5711=ORIENTED_EDGE('',*,*,#4579,.T.);
#5712=ORIENTED_EDGE('',*,*,#4580,.F.);
#5713=ORIENTED_EDGE('',*,*,#4581,.T.);
#5714=ORIENTED_EDGE('',*,*,#4582,.F.);
#5715=ORIENTED_EDGE('',*,*,#4583,.T.);
#5716=ORIENTED_EDGE('',*,*,#4584,.F.);
#5717=ORIENTED_EDGE('',*,*,#4585,.T.);
#5718=ORIENTED_EDGE('',*,*,#4586,.F.);
#5719=ORIENTED_EDGE('',*,*,#4587,.T.);
#5720=ORIENTED_EDGE('',*,*,#4588,.F.);
#5721=ORIENTED_EDGE('',*,*,#4589,.T.);
#5722=ORIENTED_EDGE('',*,*,#4590,.F.);
#5723=ORIENTED_EDGE('',*,*,#4591,.T.);
#5724=ORIENTED_EDGE('',*,*,#4592,.F.);
#5725=ORIENTED_EDGE('',*,*,#4593,.T.);
#5726=ORIENTED_EDGE('',*,*,#4594,.F.);
#5727=ORIENTED_EDGE('',*,*,#4595,.T.);
#5728=ORIENTED_EDGE('',*,*,#4596,.F.);
#5729=ORIENTED_EDGE('',*,*,#4597,.T.);
#5730=ORIENTED_EDGE('',*,*,#4598,.F.);
#5731=ORIENTED_EDGE('',*,*,#4599,.T.);
#5732=ORIENTED_EDGE('',*,*,#4600,.F.);
#5733=ORIENTED_EDGE('',*,*,#4535,.F.);
#5734=ORIENTED_EDGE('',*,*,#4601,.F.);
#5735=ORIENTED_EDGE('',*,*,#4602,.F.);
#5736=ORIENTED_EDGE('',*,*,#4543,.F.);
#5737=ORIENTED_EDGE('',*,*,#4603,.F.);
#5738=ORIENTED_EDGE('',*,*,#4585,.F.);
#5739=ORIENTED_EDGE('',*,*,#4604,.F.);
#5740=ORIENTED_EDGE('',*,*,#4575,.F.);
#5741=ORIENTED_EDGE('',*,*,#4605,.F.);
#5742=ORIENTED_EDGE('',*,*,#4551,.F.);
#5743=ORIENTED_EDGE('',*,*,#4606,.F.);
#5744=ORIENTED_EDGE('',*,*,#4561,.F.);
#5745=ORIENTED_EDGE('',*,*,#4607,.F.);
#5746=ORIENTED_EDGE('',*,*,#4547,.F.);
#5747=ORIENTED_EDGE('',*,*,#4608,.F.);
#5748=ORIENTED_EDGE('',*,*,#4565,.F.);
#5749=ORIENTED_EDGE('',*,*,#4609,.F.);
#5750=ORIENTED_EDGE('',*,*,#4589,.F.);
#5751=ORIENTED_EDGE('',*,*,#4610,.F.);
#5752=ORIENTED_EDGE('',*,*,#4571,.F.);
#5753=ORIENTED_EDGE('',*,*,#4611,.F.);
#5754=ORIENTED_EDGE('',*,*,#4581,.F.);
#5755=ORIENTED_EDGE('',*,*,#4612,.F.);
#5756=ORIENTED_EDGE('',*,*,#4579,.F.);
#5757=ORIENTED_EDGE('',*,*,#4613,.F.);
#5758=ORIENTED_EDGE('',*,*,#4593,.F.);
#5759=ORIENTED_EDGE('',*,*,#4614,.F.);
#5760=ORIENTED_EDGE('',*,*,#4555,.F.);
#5761=ORIENTED_EDGE('',*,*,#4615,.F.);
#5762=ORIENTED_EDGE('',*,*,#4597,.F.);
#5763=ORIENTED_EDGE('',*,*,#4616,.F.);
#5764=ORIENTED_EDGE('',*,*,#4559,.F.);
#5765=ORIENTED_EDGE('',*,*,#4617,.F.);
#5766=ORIENTED_EDGE('',*,*,#4539,.F.);
#5767=ORIENTED_EDGE('',*,*,#4618,.T.);
#5768=ORIENTED_EDGE('',*,*,#4619,.F.);
#5769=ORIENTED_EDGE('',*,*,#4620,.F.);
#5770=ORIENTED_EDGE('',*,*,#4621,.F.);
#5771=ORIENTED_EDGE('',*,*,#4622,.F.);
#5772=ORIENTED_EDGE('',*,*,#4623,.F.);
#5773=ORIENTED_EDGE('',*,*,#4624,.F.);
#5774=ORIENTED_EDGE('',*,*,#4625,.F.);
#5775=ORIENTED_EDGE('',*,*,#4626,.F.);
#5776=ORIENTED_EDGE('',*,*,#4627,.F.);
#5777=ORIENTED_EDGE('',*,*,#4628,.F.);
#5778=ORIENTED_EDGE('',*,*,#4629,.F.);
#5779=ORIENTED_EDGE('',*,*,#4630,.F.);
#5780=ORIENTED_EDGE('',*,*,#4631,.F.);
#5781=ORIENTED_EDGE('',*,*,#4632,.F.);
#5782=ORIENTED_EDGE('',*,*,#4633,.F.);
#5783=ORIENTED_EDGE('',*,*,#4634,.F.);
#5784=ORIENTED_EDGE('',*,*,#4635,.F.);
#5785=ORIENTED_EDGE('',*,*,#4618,.F.);
#5786=ORIENTED_EDGE('',*,*,#4538,.F.);
#5787=ORIENTED_EDGE('',*,*,#4636,.T.);
#5788=ORIENTED_EDGE('',*,*,#4637,.F.);
#5789=ORIENTED_EDGE('',*,*,#4636,.F.);
#5790=ORIENTED_EDGE('',*,*,#4537,.F.);
#5791=ORIENTED_EDGE('',*,*,#4638,.F.);
#5792=ORIENTED_EDGE('',*,*,#4557,.F.);
#5793=ORIENTED_EDGE('',*,*,#4639,.F.);
#5794=ORIENTED_EDGE('',*,*,#4599,.F.);
#5795=ORIENTED_EDGE('',*,*,#4640,.F.);
#5796=ORIENTED_EDGE('',*,*,#4553,.F.);
#5797=ORIENTED_EDGE('',*,*,#4641,.F.);
#5798=ORIENTED_EDGE('',*,*,#4595,.F.);
#5799=ORIENTED_EDGE('',*,*,#4642,.F.);
#5800=ORIENTED_EDGE('',*,*,#4577,.F.);
#5801=ORIENTED_EDGE('',*,*,#4643,.F.);
#5802=ORIENTED_EDGE('',*,*,#4583,.F.);
#5803=ORIENTED_EDGE('',*,*,#4644,.F.);
#5804=ORIENTED_EDGE('',*,*,#4569,.F.);
#5805=ORIENTED_EDGE('',*,*,#4645,.F.);
#5806=ORIENTED_EDGE('',*,*,#4591,.F.);
#5807=ORIENTED_EDGE('',*,*,#4646,.F.);
#5808=ORIENTED_EDGE('',*,*,#4567,.F.);
#5809=ORIENTED_EDGE('',*,*,#4647,.F.);
#5810=ORIENTED_EDGE('',*,*,#4545,.F.);
#5811=ORIENTED_EDGE('',*,*,#4648,.F.);
#5812=ORIENTED_EDGE('',*,*,#4563,.F.);
#5813=ORIENTED_EDGE('',*,*,#4649,.F.);
#5814=ORIENTED_EDGE('',*,*,#4549,.F.);
#5815=ORIENTED_EDGE('',*,*,#4650,.F.);
#5816=ORIENTED_EDGE('',*,*,#4573,.F.);
#5817=ORIENTED_EDGE('',*,*,#4651,.F.);
#5818=ORIENTED_EDGE('',*,*,#4587,.F.);
#5819=ORIENTED_EDGE('',*,*,#4652,.F.);
#5820=ORIENTED_EDGE('',*,*,#4541,.F.);
#5821=ORIENTED_EDGE('',*,*,#4653,.F.);
#5822=ORIENTED_EDGE('',*,*,#4654,.F.);
#5823=ORIENTED_EDGE('',*,*,#4533,.T.);
#5824=ORIENTED_EDGE('',*,*,#4655,.F.);
#5825=ORIENTED_EDGE('',*,*,#4656,.F.);
#5826=ORIENTED_EDGE('',*,*,#4657,.F.);
#5827=ORIENTED_EDGE('',*,*,#4658,.F.);
#5828=ORIENTED_EDGE('',*,*,#4659,.F.);
#5829=ORIENTED_EDGE('',*,*,#4660,.F.);
#5830=ORIENTED_EDGE('',*,*,#4661,.F.);
#5831=ORIENTED_EDGE('',*,*,#4662,.F.);
#5832=ORIENTED_EDGE('',*,*,#4663,.F.);
#5833=ORIENTED_EDGE('',*,*,#4664,.F.);
#5834=ORIENTED_EDGE('',*,*,#4665,.F.);
#5835=ORIENTED_EDGE('',*,*,#4666,.F.);
#5836=ORIENTED_EDGE('',*,*,#4667,.F.);
#5837=ORIENTED_EDGE('',*,*,#4668,.F.);
#5838=ORIENTED_EDGE('',*,*,#4669,.F.);
#5839=ORIENTED_EDGE('',*,*,#4670,.F.);
#5840=ORIENTED_EDGE('',*,*,#4671,.F.);
#5841=ORIENTED_EDGE('',*,*,#4601,.T.);
#5842=ORIENTED_EDGE('',*,*,#4534,.T.);
#5843=ORIENTED_EDGE('',*,*,#4654,.T.);
#5844=ORIENTED_EDGE('',*,*,#4493,.T.);
#5845=ORIENTED_EDGE('',*,*,#4672,.T.);
#5846=ORIENTED_EDGE('',*,*,#4673,.F.);
#5847=ORIENTED_EDGE('',*,*,#4672,.F.);
#5848=ORIENTED_EDGE('',*,*,#4492,.T.);
#5849=ORIENTED_EDGE('',*,*,#4674,.T.);
#5850=ORIENTED_EDGE('',*,*,#4675,.F.);
#5851=ORIENTED_EDGE('',*,*,#4674,.F.);
#5852=ORIENTED_EDGE('',*,*,#4491,.T.);
#5853=ORIENTED_EDGE('',*,*,#4676,.T.);
#5854=ORIENTED_EDGE('',*,*,#4677,.F.);
#5855=ORIENTED_EDGE('',*,*,#4676,.F.);
#5856=ORIENTED_EDGE('',*,*,#4490,.T.);
#5857=ORIENTED_EDGE('',*,*,#4678,.T.);
#5858=ORIENTED_EDGE('',*,*,#4679,.F.);
#5859=ORIENTED_EDGE('',*,*,#4678,.F.);
#5860=ORIENTED_EDGE('',*,*,#4489,.T.);
#5861=ORIENTED_EDGE('',*,*,#4680,.T.);
#5862=ORIENTED_EDGE('',*,*,#4681,.F.);
#5863=ORIENTED_EDGE('',*,*,#4680,.F.);
#5864=ORIENTED_EDGE('',*,*,#4488,.T.);
#5865=ORIENTED_EDGE('',*,*,#4682,.T.);
#5866=ORIENTED_EDGE('',*,*,#4683,.F.);
#5867=ORIENTED_EDGE('',*,*,#4682,.F.);
#5868=ORIENTED_EDGE('',*,*,#4487,.T.);
#5869=ORIENTED_EDGE('',*,*,#4684,.T.);
#5870=ORIENTED_EDGE('',*,*,#4685,.F.);
#5871=ORIENTED_EDGE('',*,*,#4684,.F.);
#5872=ORIENTED_EDGE('',*,*,#4486,.T.);
#5873=ORIENTED_EDGE('',*,*,#4686,.T.);
#5874=ORIENTED_EDGE('',*,*,#4687,.F.);
#5875=ORIENTED_EDGE('',*,*,#4686,.F.);
#5876=ORIENTED_EDGE('',*,*,#4485,.T.);
#5877=ORIENTED_EDGE('',*,*,#4688,.T.);
#5878=ORIENTED_EDGE('',*,*,#4689,.F.);
#5879=ORIENTED_EDGE('',*,*,#4688,.F.);
#5880=ORIENTED_EDGE('',*,*,#4484,.T.);
#5881=ORIENTED_EDGE('',*,*,#4690,.T.);
#5882=ORIENTED_EDGE('',*,*,#4691,.F.);
#5883=ORIENTED_EDGE('',*,*,#4690,.F.);
#5884=ORIENTED_EDGE('',*,*,#4483,.T.);
#5885=ORIENTED_EDGE('',*,*,#4692,.T.);
#5886=ORIENTED_EDGE('',*,*,#4693,.F.);
#5887=ORIENTED_EDGE('',*,*,#4692,.F.);
#5888=ORIENTED_EDGE('',*,*,#4482,.T.);
#5889=ORIENTED_EDGE('',*,*,#4694,.T.);
#5890=ORIENTED_EDGE('',*,*,#4695,.F.);
#5891=ORIENTED_EDGE('',*,*,#4694,.F.);
#5892=ORIENTED_EDGE('',*,*,#4481,.T.);
#5893=ORIENTED_EDGE('',*,*,#4696,.T.);
#5894=ORIENTED_EDGE('',*,*,#4697,.F.);
#5895=ORIENTED_EDGE('',*,*,#4696,.F.);
#5896=ORIENTED_EDGE('',*,*,#4480,.T.);
#5897=ORIENTED_EDGE('',*,*,#4698,.T.);
#5898=ORIENTED_EDGE('',*,*,#4699,.F.);
#5899=ORIENTED_EDGE('',*,*,#4698,.F.);
#5900=ORIENTED_EDGE('',*,*,#4479,.T.);
#5901=ORIENTED_EDGE('',*,*,#4700,.T.);
#5902=ORIENTED_EDGE('',*,*,#4701,.F.);
#5903=ORIENTED_EDGE('',*,*,#4700,.F.);
#5904=ORIENTED_EDGE('',*,*,#4478,.T.);
#5905=ORIENTED_EDGE('',*,*,#4702,.T.);
#5906=ORIENTED_EDGE('',*,*,#4703,.F.);
#5907=ORIENTED_EDGE('',*,*,#4702,.F.);
#5908=ORIENTED_EDGE('',*,*,#4634,.T.);
#5909=ORIENTED_EDGE('',*,*,#4704,.T.);
#5910=ORIENTED_EDGE('',*,*,#4705,.F.);
#5911=ORIENTED_EDGE('',*,*,#4704,.F.);
#5912=ORIENTED_EDGE('',*,*,#4633,.T.);
#5913=ORIENTED_EDGE('',*,*,#4706,.T.);
#5914=ORIENTED_EDGE('',*,*,#4707,.F.);
#5915=ORIENTED_EDGE('',*,*,#4706,.F.);
#5916=ORIENTED_EDGE('',*,*,#4632,.T.);
#5917=ORIENTED_EDGE('',*,*,#4708,.T.);
#5918=ORIENTED_EDGE('',*,*,#4709,.F.);
#5919=ORIENTED_EDGE('',*,*,#4708,.F.);
#5920=ORIENTED_EDGE('',*,*,#4631,.T.);
#5921=ORIENTED_EDGE('',*,*,#4710,.T.);
#5922=ORIENTED_EDGE('',*,*,#4711,.F.);
#5923=ORIENTED_EDGE('',*,*,#4710,.F.);
#5924=ORIENTED_EDGE('',*,*,#4630,.T.);
#5925=ORIENTED_EDGE('',*,*,#4712,.T.);
#5926=ORIENTED_EDGE('',*,*,#4713,.F.);
#5927=ORIENTED_EDGE('',*,*,#4712,.F.);
#5928=ORIENTED_EDGE('',*,*,#4629,.T.);
#5929=ORIENTED_EDGE('',*,*,#4714,.T.);
#5930=ORIENTED_EDGE('',*,*,#4715,.F.);
#5931=ORIENTED_EDGE('',*,*,#4714,.F.);
#5932=ORIENTED_EDGE('',*,*,#4628,.T.);
#5933=ORIENTED_EDGE('',*,*,#4716,.T.);
#5934=ORIENTED_EDGE('',*,*,#4717,.F.);
#5935=ORIENTED_EDGE('',*,*,#4716,.F.);
#5936=ORIENTED_EDGE('',*,*,#4627,.T.);
#5937=ORIENTED_EDGE('',*,*,#4718,.T.);
#5938=ORIENTED_EDGE('',*,*,#4719,.F.);
#5939=ORIENTED_EDGE('',*,*,#4718,.F.);
#5940=ORIENTED_EDGE('',*,*,#4626,.T.);
#5941=ORIENTED_EDGE('',*,*,#4720,.T.);
#5942=ORIENTED_EDGE('',*,*,#4721,.F.);
#5943=ORIENTED_EDGE('',*,*,#4720,.F.);
#5944=ORIENTED_EDGE('',*,*,#4625,.T.);
#5945=ORIENTED_EDGE('',*,*,#4722,.T.);
#5946=ORIENTED_EDGE('',*,*,#4723,.F.);
#5947=ORIENTED_EDGE('',*,*,#4722,.F.);
#5948=ORIENTED_EDGE('',*,*,#4624,.T.);
#5949=ORIENTED_EDGE('',*,*,#4724,.T.);
#5950=ORIENTED_EDGE('',*,*,#4725,.F.);
#5951=ORIENTED_EDGE('',*,*,#4724,.F.);
#5952=ORIENTED_EDGE('',*,*,#4623,.T.);
#5953=ORIENTED_EDGE('',*,*,#4726,.T.);
#5954=ORIENTED_EDGE('',*,*,#4727,.F.);
#5955=ORIENTED_EDGE('',*,*,#4726,.F.);
#5956=ORIENTED_EDGE('',*,*,#4622,.T.);
#5957=ORIENTED_EDGE('',*,*,#4728,.T.);
#5958=ORIENTED_EDGE('',*,*,#4729,.F.);
#5959=ORIENTED_EDGE('',*,*,#4728,.F.);
#5960=ORIENTED_EDGE('',*,*,#4621,.T.);
#5961=ORIENTED_EDGE('',*,*,#4730,.T.);
#5962=ORIENTED_EDGE('',*,*,#4731,.F.);
#5963=ORIENTED_EDGE('',*,*,#4730,.F.);
#5964=ORIENTED_EDGE('',*,*,#4620,.T.);
#5965=ORIENTED_EDGE('',*,*,#4732,.T.);
#5966=ORIENTED_EDGE('',*,*,#4733,.F.);
#5967=ORIENTED_EDGE('',*,*,#4732,.F.);
#5968=ORIENTED_EDGE('',*,*,#4619,.T.);
#5969=ORIENTED_EDGE('',*,*,#4734,.T.);
#5970=ORIENTED_EDGE('',*,*,#4735,.F.);
#5971=ORIENTED_EDGE('',*,*,#4734,.F.);
#5972=ORIENTED_EDGE('',*,*,#4736,.F.);
#5973=ORIENTED_EDGE('',*,*,#4737,.F.);
#5974=ORIENTED_EDGE('',*,*,#4738,.F.);
#5975=ORIENTED_EDGE('',*,*,#4739,.F.);
#5976=ORIENTED_EDGE('',*,*,#4740,.F.);
#5977=ORIENTED_EDGE('',*,*,#4741,.F.);
#5978=ORIENTED_EDGE('',*,*,#4742,.F.);
#5979=ORIENTED_EDGE('',*,*,#4743,.F.);
#5980=ORIENTED_EDGE('',*,*,#4737,.T.);
#5981=ORIENTED_EDGE('',*,*,#4744,.T.);
#5982=ORIENTED_EDGE('',*,*,#4745,.F.);
#5983=ORIENTED_EDGE('',*,*,#4746,.F.);
#5984=ORIENTED_EDGE('',*,*,#4736,.T.);
#5985=ORIENTED_EDGE('',*,*,#4747,.T.);
#5986=ORIENTED_EDGE('',*,*,#4748,.F.);
#5987=ORIENTED_EDGE('',*,*,#4744,.F.);
#5988=ORIENTED_EDGE('',*,*,#4741,.T.);
#5989=ORIENTED_EDGE('',*,*,#4749,.T.);
#5990=ORIENTED_EDGE('',*,*,#4750,.F.);
#5991=ORIENTED_EDGE('',*,*,#4751,.F.);
#5992=ORIENTED_EDGE('',*,*,#4740,.T.);
#5993=ORIENTED_EDGE('',*,*,#4752,.T.);
#5994=ORIENTED_EDGE('',*,*,#4753,.F.);
#5995=ORIENTED_EDGE('',*,*,#4749,.F.);
#5996=ORIENTED_EDGE('',*,*,#4742,.T.);
#5997=ORIENTED_EDGE('',*,*,#4751,.T.);
#5998=ORIENTED_EDGE('',*,*,#4754,.F.);
#5999=ORIENTED_EDGE('',*,*,#4755,.F.);
#6000=ORIENTED_EDGE('',*,*,#4743,.T.);
#6001=ORIENTED_EDGE('',*,*,#4755,.T.);
#6002=ORIENTED_EDGE('',*,*,#4756,.F.);
#6003=ORIENTED_EDGE('',*,*,#4752,.F.);
#6004=ORIENTED_EDGE('',*,*,#4738,.T.);
#6005=ORIENTED_EDGE('',*,*,#4746,.T.);
#6006=ORIENTED_EDGE('',*,*,#4757,.F.);
#6007=ORIENTED_EDGE('',*,*,#4758,.F.);
#6008=ORIENTED_EDGE('',*,*,#4739,.T.);
#6009=ORIENTED_EDGE('',*,*,#4758,.T.);
#6010=ORIENTED_EDGE('',*,*,#4759,.F.);
#6011=ORIENTED_EDGE('',*,*,#4747,.F.);
#6012=ORIENTED_EDGE('',*,*,#4760,.F.);
#6013=ORIENTED_EDGE('',*,*,#4761,.T.);
#6014=ORIENTED_EDGE('',*,*,#4762,.F.);
#6015=ORIENTED_EDGE('',*,*,#4761,.F.);
#6016=ORIENTED_EDGE('',*,*,#4763,.F.);
#6017=ORIENTED_EDGE('',*,*,#4764,.T.);
#6018=ORIENTED_EDGE('',*,*,#4765,.F.);
#6019=ORIENTED_EDGE('',*,*,#4764,.F.);
#6020=ORIENTED_EDGE('',*,*,#4766,.F.);
#6021=ORIENTED_EDGE('',*,*,#4767,.T.);
#6022=ORIENTED_EDGE('',*,*,#4768,.F.);
#6023=ORIENTED_EDGE('',*,*,#4767,.F.);
#6024=ORIENTED_EDGE('',*,*,#4769,.F.);
#6025=ORIENTED_EDGE('',*,*,#4770,.T.);
#6026=ORIENTED_EDGE('',*,*,#4771,.F.);
#6027=ORIENTED_EDGE('',*,*,#4770,.F.);
#6028=ORIENTED_EDGE('',*,*,#4772,.F.);
#6029=ORIENTED_EDGE('',*,*,#4773,.T.);
#6030=ORIENTED_EDGE('',*,*,#4774,.F.);
#6031=ORIENTED_EDGE('',*,*,#4773,.F.);
#6032=ORIENTED_EDGE('',*,*,#4775,.F.);
#6033=ORIENTED_EDGE('',*,*,#4776,.T.);
#6034=ORIENTED_EDGE('',*,*,#4777,.F.);
#6035=ORIENTED_EDGE('',*,*,#4776,.F.);
#6036=ORIENTED_EDGE('',*,*,#4778,.F.);
#6037=ORIENTED_EDGE('',*,*,#4779,.T.);
#6038=ORIENTED_EDGE('',*,*,#4780,.F.);
#6039=ORIENTED_EDGE('',*,*,#4779,.F.);
#6040=ORIENTED_EDGE('',*,*,#4781,.F.);
#6041=ORIENTED_EDGE('',*,*,#4782,.T.);
#6042=ORIENTED_EDGE('',*,*,#4783,.F.);
#6043=ORIENTED_EDGE('',*,*,#4782,.F.);
#6044=ORIENTED_EDGE('',*,*,#4784,.F.);
#6045=ORIENTED_EDGE('',*,*,#4785,.T.);
#6046=ORIENTED_EDGE('',*,*,#4786,.F.);
#6047=ORIENTED_EDGE('',*,*,#4785,.F.);
#6048=ORIENTED_EDGE('',*,*,#4787,.F.);
#6049=ORIENTED_EDGE('',*,*,#4788,.T.);
#6050=ORIENTED_EDGE('',*,*,#4789,.F.);
#6051=ORIENTED_EDGE('',*,*,#4788,.F.);
#6052=ORIENTED_EDGE('',*,*,#4790,.F.);
#6053=ORIENTED_EDGE('',*,*,#4791,.T.);
#6054=ORIENTED_EDGE('',*,*,#4792,.F.);
#6055=ORIENTED_EDGE('',*,*,#4791,.F.);
#6056=ORIENTED_EDGE('',*,*,#4793,.F.);
#6057=ORIENTED_EDGE('',*,*,#4794,.T.);
#6058=ORIENTED_EDGE('',*,*,#4795,.F.);
#6059=ORIENTED_EDGE('',*,*,#4794,.F.);
#6060=ORIENTED_EDGE('',*,*,#4796,.F.);
#6061=ORIENTED_EDGE('',*,*,#4797,.T.);
#6062=ORIENTED_EDGE('',*,*,#4798,.F.);
#6063=ORIENTED_EDGE('',*,*,#4797,.F.);
#6064=ORIENTED_EDGE('',*,*,#4799,.F.);
#6065=ORIENTED_EDGE('',*,*,#4800,.T.);
#6066=ORIENTED_EDGE('',*,*,#4801,.F.);
#6067=ORIENTED_EDGE('',*,*,#4800,.F.);
#6068=ORIENTED_EDGE('',*,*,#4802,.F.);
#6069=ORIENTED_EDGE('',*,*,#4803,.T.);
#6070=ORIENTED_EDGE('',*,*,#4804,.F.);
#6071=ORIENTED_EDGE('',*,*,#4803,.F.);
#6072=ORIENTED_EDGE('',*,*,#4805,.F.);
#6073=ORIENTED_EDGE('',*,*,#4806,.T.);
#6074=ORIENTED_EDGE('',*,*,#4807,.F.);
#6075=ORIENTED_EDGE('',*,*,#4806,.F.);
#6076=ORIENTED_EDGE('',*,*,#4808,.F.);
#6077=ORIENTED_EDGE('',*,*,#4809,.T.);
#6078=ORIENTED_EDGE('',*,*,#4810,.F.);
#6079=ORIENTED_EDGE('',*,*,#4809,.F.);
#6080=ORIENTED_EDGE('',*,*,#4811,.F.);
#6081=ORIENTED_EDGE('',*,*,#4812,.T.);
#6082=ORIENTED_EDGE('',*,*,#4813,.F.);
#6083=ORIENTED_EDGE('',*,*,#4812,.F.);
#6084=ORIENTED_EDGE('',*,*,#4814,.F.);
#6085=ORIENTED_EDGE('',*,*,#4815,.T.);
#6086=ORIENTED_EDGE('',*,*,#4816,.F.);
#6087=ORIENTED_EDGE('',*,*,#4815,.F.);
#6088=ORIENTED_EDGE('',*,*,#4817,.F.);
#6089=ORIENTED_EDGE('',*,*,#4818,.T.);
#6090=ORIENTED_EDGE('',*,*,#4819,.F.);
#6091=ORIENTED_EDGE('',*,*,#4818,.F.);
#6092=ORIENTED_EDGE('',*,*,#4820,.F.);
#6093=ORIENTED_EDGE('',*,*,#4821,.T.);
#6094=ORIENTED_EDGE('',*,*,#4822,.F.);
#6095=ORIENTED_EDGE('',*,*,#4821,.F.);
#6096=ORIENTED_EDGE('',*,*,#4823,.F.);
#6097=ORIENTED_EDGE('',*,*,#4824,.T.);
#6098=ORIENTED_EDGE('',*,*,#4825,.F.);
#6099=ORIENTED_EDGE('',*,*,#4824,.F.);
#6100=ORIENTED_EDGE('',*,*,#4826,.F.);
#6101=ORIENTED_EDGE('',*,*,#4827,.T.);
#6102=ORIENTED_EDGE('',*,*,#4828,.F.);
#6103=ORIENTED_EDGE('',*,*,#4827,.F.);
#6104=ORIENTED_EDGE('',*,*,#4829,.F.);
#6105=ORIENTED_EDGE('',*,*,#4830,.T.);
#6106=ORIENTED_EDGE('',*,*,#4831,.F.);
#6107=ORIENTED_EDGE('',*,*,#4830,.F.);
#6108=ORIENTED_EDGE('',*,*,#4832,.F.);
#6109=ORIENTED_EDGE('',*,*,#4833,.T.);
#6110=ORIENTED_EDGE('',*,*,#4834,.F.);
#6111=ORIENTED_EDGE('',*,*,#4833,.F.);
#6112=ORIENTED_EDGE('',*,*,#4835,.F.);
#6113=ORIENTED_EDGE('',*,*,#4836,.T.);
#6114=ORIENTED_EDGE('',*,*,#4837,.F.);
#6115=ORIENTED_EDGE('',*,*,#4836,.F.);
#6116=ORIENTED_EDGE('',*,*,#4838,.F.);
#6117=ORIENTED_EDGE('',*,*,#4839,.T.);
#6118=ORIENTED_EDGE('',*,*,#4840,.F.);
#6119=ORIENTED_EDGE('',*,*,#4839,.F.);
#6120=ORIENTED_EDGE('',*,*,#4602,.T.);
#6121=ORIENTED_EDGE('',*,*,#4671,.T.);
#6122=ORIENTED_EDGE('',*,*,#4653,.T.);
#6123=ORIENTED_EDGE('',*,*,#4540,.T.);
#6124=ORIENTED_EDGE('',*,*,#4841,.F.);
#6125=ORIENTED_EDGE('',*,*,#4842,.T.);
#6126=ORIENTED_EDGE('',*,*,#4843,.F.);
#6127=ORIENTED_EDGE('',*,*,#4842,.F.);
#6128=ORIENTED_EDGE('',*,*,#4462,.T.);
#6129=ORIENTED_EDGE('',*,*,#4531,.T.);
#6130=ORIENTED_EDGE('',*,*,#4510,.T.);
#6131=ORIENTED_EDGE('',*,*,#4399,.T.);
#6132=ORIENTED_EDGE('',*,*,#4844,.F.);
#6133=ORIENTED_EDGE('',*,*,#4845,.T.);
#6134=ORIENTED_EDGE('',*,*,#4846,.F.);
#6135=ORIENTED_EDGE('',*,*,#4845,.F.);
#6136=ORIENTED_EDGE('',*,*,#4847,.F.);
#6137=ORIENTED_EDGE('',*,*,#4848,.T.);
#6138=ORIENTED_EDGE('',*,*,#4849,.F.);
#6139=ORIENTED_EDGE('',*,*,#4848,.F.);
#6140=ORIENTED_EDGE('',*,*,#4850,.F.);
#6141=ORIENTED_EDGE('',*,*,#4851,.T.);
#6142=ORIENTED_EDGE('',*,*,#4852,.F.);
#6143=ORIENTED_EDGE('',*,*,#4851,.F.);
#6144=ORIENTED_EDGE('',*,*,#4853,.F.);
#6145=ORIENTED_EDGE('',*,*,#4854,.T.);
#6146=ORIENTED_EDGE('',*,*,#4855,.F.);
#6147=ORIENTED_EDGE('',*,*,#4854,.F.);
#6148=ORIENTED_EDGE('',*,*,#4856,.F.);
#6149=ORIENTED_EDGE('',*,*,#4857,.T.);
#6150=ORIENTED_EDGE('',*,*,#4655,.T.);
#6151=ORIENTED_EDGE('',*,*,#4857,.F.);
#6152=ORIENTED_EDGE('',*,*,#4858,.F.);
#6153=ORIENTED_EDGE('',*,*,#4859,.T.);
#6154=ORIENTED_EDGE('',*,*,#4513,.T.);
#6155=ORIENTED_EDGE('',*,*,#4859,.F.);
#6156=ORIENTED_EDGE('',*,*,#4860,.F.);
#6157=ORIENTED_EDGE('',*,*,#4861,.T.);
#6158=ORIENTED_EDGE('',*,*,#4862,.F.);
#6159=ORIENTED_EDGE('',*,*,#4861,.F.);
#6160=ORIENTED_EDGE('',*,*,#4863,.F.);
#6161=ORIENTED_EDGE('',*,*,#4864,.T.);
#6162=ORIENTED_EDGE('',*,*,#4865,.F.);
#6163=ORIENTED_EDGE('',*,*,#4864,.F.);
#6164=ORIENTED_EDGE('',*,*,#4866,.F.);
#6165=ORIENTED_EDGE('',*,*,#4867,.T.);
#6166=ORIENTED_EDGE('',*,*,#4656,.T.);
#6167=ORIENTED_EDGE('',*,*,#4867,.F.);
#6168=ORIENTED_EDGE('',*,*,#4868,.F.);
#6169=ORIENTED_EDGE('',*,*,#4869,.T.);
#6170=ORIENTED_EDGE('',*,*,#4514,.T.);
#6171=ORIENTED_EDGE('',*,*,#4869,.F.);
#6172=ORIENTED_EDGE('',*,*,#4870,.F.);
#6173=ORIENTED_EDGE('',*,*,#4871,.T.);
#6174=ORIENTED_EDGE('',*,*,#4872,.F.);
#6175=ORIENTED_EDGE('',*,*,#4871,.F.);
#6176=ORIENTED_EDGE('',*,*,#4873,.F.);
#6177=ORIENTED_EDGE('',*,*,#4874,.T.);
#6178=ORIENTED_EDGE('',*,*,#4875,.F.);
#6179=ORIENTED_EDGE('',*,*,#4874,.F.);
#6180=ORIENTED_EDGE('',*,*,#4876,.F.);
#6181=ORIENTED_EDGE('',*,*,#4877,.T.);
#6182=ORIENTED_EDGE('',*,*,#4878,.F.);
#6183=ORIENTED_EDGE('',*,*,#4877,.F.);
#6184=ORIENTED_EDGE('',*,*,#4879,.F.);
#6185=ORIENTED_EDGE('',*,*,#4880,.T.);
#6186=ORIENTED_EDGE('',*,*,#4881,.F.);
#6187=ORIENTED_EDGE('',*,*,#4880,.F.);
#6188=ORIENTED_EDGE('',*,*,#4882,.F.);
#6189=ORIENTED_EDGE('',*,*,#4883,.T.);
#6190=ORIENTED_EDGE('',*,*,#4884,.F.);
#6191=ORIENTED_EDGE('',*,*,#4883,.F.);
#6192=ORIENTED_EDGE('',*,*,#4885,.F.);
#6193=ORIENTED_EDGE('',*,*,#4886,.T.);
#6194=ORIENTED_EDGE('',*,*,#4887,.F.);
#6195=ORIENTED_EDGE('',*,*,#4886,.F.);
#6196=ORIENTED_EDGE('',*,*,#4888,.F.);
#6197=ORIENTED_EDGE('',*,*,#4889,.T.);
#6198=ORIENTED_EDGE('',*,*,#4890,.F.);
#6199=ORIENTED_EDGE('',*,*,#4889,.F.);
#6200=ORIENTED_EDGE('',*,*,#4891,.F.);
#6201=ORIENTED_EDGE('',*,*,#4892,.T.);
#6202=ORIENTED_EDGE('',*,*,#4893,.F.);
#6203=ORIENTED_EDGE('',*,*,#4892,.F.);
#6204=ORIENTED_EDGE('',*,*,#4894,.F.);
#6205=ORIENTED_EDGE('',*,*,#4895,.T.);
#6206=ORIENTED_EDGE('',*,*,#4896,.F.);
#6207=ORIENTED_EDGE('',*,*,#4895,.F.);
#6208=ORIENTED_EDGE('',*,*,#4897,.F.);
#6209=ORIENTED_EDGE('',*,*,#4898,.T.);
#6210=ORIENTED_EDGE('',*,*,#4899,.F.);
#6211=ORIENTED_EDGE('',*,*,#4898,.F.);
#6212=ORIENTED_EDGE('',*,*,#4900,.F.);
#6213=ORIENTED_EDGE('',*,*,#4901,.T.);
#6214=ORIENTED_EDGE('',*,*,#4902,.F.);
#6215=ORIENTED_EDGE('',*,*,#4901,.F.);
#6216=ORIENTED_EDGE('',*,*,#4903,.F.);
#6217=ORIENTED_EDGE('',*,*,#4904,.T.);
#6218=ORIENTED_EDGE('',*,*,#4905,.F.);
#6219=ORIENTED_EDGE('',*,*,#4904,.F.);
#6220=ORIENTED_EDGE('',*,*,#4906,.F.);
#6221=ORIENTED_EDGE('',*,*,#4907,.T.);
#6222=ORIENTED_EDGE('',*,*,#4657,.T.);
#6223=ORIENTED_EDGE('',*,*,#4907,.F.);
#6224=ORIENTED_EDGE('',*,*,#4908,.F.);
#6225=ORIENTED_EDGE('',*,*,#4909,.T.);
#6226=ORIENTED_EDGE('',*,*,#4515,.T.);
#6227=ORIENTED_EDGE('',*,*,#4909,.F.);
#6228=ORIENTED_EDGE('',*,*,#4910,.F.);
#6229=ORIENTED_EDGE('',*,*,#4911,.T.);
#6230=ORIENTED_EDGE('',*,*,#4658,.T.);
#6231=ORIENTED_EDGE('',*,*,#4911,.F.);
#6232=ORIENTED_EDGE('',*,*,#4912,.F.);
#6233=ORIENTED_EDGE('',*,*,#4913,.T.);
#6234=ORIENTED_EDGE('',*,*,#4516,.T.);
#6235=ORIENTED_EDGE('',*,*,#4913,.F.);
#6236=ORIENTED_EDGE('',*,*,#4914,.F.);
#6237=ORIENTED_EDGE('',*,*,#4915,.T.);
#6238=ORIENTED_EDGE('',*,*,#4916,.F.);
#6239=ORIENTED_EDGE('',*,*,#4915,.F.);
#6240=ORIENTED_EDGE('',*,*,#4917,.F.);
#6241=ORIENTED_EDGE('',*,*,#4918,.T.);
#6242=ORIENTED_EDGE('',*,*,#4919,.F.);
#6243=ORIENTED_EDGE('',*,*,#4918,.F.);
#6244=ORIENTED_EDGE('',*,*,#4920,.F.);
#6245=ORIENTED_EDGE('',*,*,#4921,.T.);
#6246=ORIENTED_EDGE('',*,*,#4922,.F.);
#6247=ORIENTED_EDGE('',*,*,#4921,.F.);
#6248=ORIENTED_EDGE('',*,*,#4923,.F.);
#6249=ORIENTED_EDGE('',*,*,#4924,.T.);
#6250=ORIENTED_EDGE('',*,*,#4925,.F.);
#6251=ORIENTED_EDGE('',*,*,#4924,.F.);
#6252=ORIENTED_EDGE('',*,*,#4926,.F.);
#6253=ORIENTED_EDGE('',*,*,#4927,.T.);
#6254=ORIENTED_EDGE('',*,*,#4928,.F.);
#6255=ORIENTED_EDGE('',*,*,#4927,.F.);
#6256=ORIENTED_EDGE('',*,*,#4616,.T.);
#6257=ORIENTED_EDGE('',*,*,#4596,.T.);
#6258=ORIENTED_EDGE('',*,*,#4639,.T.);
#6259=ORIENTED_EDGE('',*,*,#4556,.T.);
#6260=ORIENTED_EDGE('',*,*,#4929,.F.);
#6261=ORIENTED_EDGE('',*,*,#4930,.T.);
#6262=ORIENTED_EDGE('',*,*,#4931,.F.);
#6263=ORIENTED_EDGE('',*,*,#4930,.F.);
#6264=ORIENTED_EDGE('',*,*,#4476,.T.);
#6265=ORIENTED_EDGE('',*,*,#4455,.T.);
#6266=ORIENTED_EDGE('',*,*,#4496,.T.);
#6267=ORIENTED_EDGE('',*,*,#4415,.T.);
#6268=ORIENTED_EDGE('',*,*,#4932,.F.);
#6269=ORIENTED_EDGE('',*,*,#4933,.T.);
#6270=ORIENTED_EDGE('',*,*,#4934,.F.);
#6271=ORIENTED_EDGE('',*,*,#4933,.F.);
#6272=ORIENTED_EDGE('',*,*,#4614,.T.);
#6273=ORIENTED_EDGE('',*,*,#4592,.T.);
#6274=ORIENTED_EDGE('',*,*,#4641,.T.);
#6275=ORIENTED_EDGE('',*,*,#4552,.T.);
#6276=ORIENTED_EDGE('',*,*,#4935,.F.);
#6277=ORIENTED_EDGE('',*,*,#4936,.T.);
#6278=ORIENTED_EDGE('',*,*,#4937,.F.);
#6279=ORIENTED_EDGE('',*,*,#4936,.F.);
#6280=ORIENTED_EDGE('',*,*,#4474,.T.);
#6281=ORIENTED_EDGE('',*,*,#4451,.T.);
#6282=ORIENTED_EDGE('',*,*,#4498,.T.);
#6283=ORIENTED_EDGE('',*,*,#4411,.T.);
#6284=ORIENTED_EDGE('',*,*,#4938,.F.);
#6285=ORIENTED_EDGE('',*,*,#4939,.T.);
#6286=ORIENTED_EDGE('',*,*,#4940,.F.);
#6287=ORIENTED_EDGE('',*,*,#4939,.F.);
#6288=ORIENTED_EDGE('',*,*,#4941,.F.);
#6289=ORIENTED_EDGE('',*,*,#4942,.T.);
#6290=ORIENTED_EDGE('',*,*,#4943,.F.);
#6291=ORIENTED_EDGE('',*,*,#4942,.F.);
#6292=ORIENTED_EDGE('',*,*,#4944,.F.);
#6293=ORIENTED_EDGE('',*,*,#4945,.T.);
#6294=ORIENTED_EDGE('',*,*,#4946,.F.);
#6295=ORIENTED_EDGE('',*,*,#4945,.F.);
#6296=ORIENTED_EDGE('',*,*,#4947,.F.);
#6297=ORIENTED_EDGE('',*,*,#4948,.T.);
#6298=ORIENTED_EDGE('',*,*,#4949,.F.);
#6299=ORIENTED_EDGE('',*,*,#4948,.F.);
#6300=ORIENTED_EDGE('',*,*,#4950,.F.);
#6301=ORIENTED_EDGE('',*,*,#4951,.T.);
#6302=ORIENTED_EDGE('',*,*,#4952,.F.);
#6303=ORIENTED_EDGE('',*,*,#4951,.F.);
#6304=ORIENTED_EDGE('',*,*,#4953,.F.);
#6305=ORIENTED_EDGE('',*,*,#4954,.T.);
#6306=ORIENTED_EDGE('',*,*,#4955,.F.);
#6307=ORIENTED_EDGE('',*,*,#4954,.F.);
#6308=ORIENTED_EDGE('',*,*,#4956,.F.);
#6309=ORIENTED_EDGE('',*,*,#4957,.T.);
#6310=ORIENTED_EDGE('',*,*,#4958,.F.);
#6311=ORIENTED_EDGE('',*,*,#4957,.F.);
#6312=ORIENTED_EDGE('',*,*,#4959,.F.);
#6313=ORIENTED_EDGE('',*,*,#4960,.T.);
#6314=ORIENTED_EDGE('',*,*,#4961,.F.);
#6315=ORIENTED_EDGE('',*,*,#4960,.F.);
#6316=ORIENTED_EDGE('',*,*,#4962,.F.);
#6317=ORIENTED_EDGE('',*,*,#4963,.T.);
#6318=ORIENTED_EDGE('',*,*,#4659,.T.);
#6319=ORIENTED_EDGE('',*,*,#4963,.F.);
#6320=ORIENTED_EDGE('',*,*,#4964,.F.);
#6321=ORIENTED_EDGE('',*,*,#4965,.T.);
#6322=ORIENTED_EDGE('',*,*,#4517,.T.);
#6323=ORIENTED_EDGE('',*,*,#4965,.F.);
#6324=ORIENTED_EDGE('',*,*,#4966,.F.);
#6325=ORIENTED_EDGE('',*,*,#4967,.T.);
#6326=ORIENTED_EDGE('',*,*,#4660,.T.);
#6327=ORIENTED_EDGE('',*,*,#4967,.F.);
#6328=ORIENTED_EDGE('',*,*,#4968,.F.);
#6329=ORIENTED_EDGE('',*,*,#4969,.T.);
#6330=ORIENTED_EDGE('',*,*,#4518,.T.);
#6331=ORIENTED_EDGE('',*,*,#4969,.F.);
#6332=ORIENTED_EDGE('',*,*,#4970,.F.);
#6333=ORIENTED_EDGE('',*,*,#4971,.T.);
#6334=ORIENTED_EDGE('',*,*,#4661,.T.);
#6335=ORIENTED_EDGE('',*,*,#4971,.F.);
#6336=ORIENTED_EDGE('',*,*,#4972,.F.);
#6337=ORIENTED_EDGE('',*,*,#4973,.T.);
#6338=ORIENTED_EDGE('',*,*,#4519,.T.);
#6339=ORIENTED_EDGE('',*,*,#4973,.F.);
#6340=ORIENTED_EDGE('',*,*,#4974,.F.);
#6341=ORIENTED_EDGE('',*,*,#4975,.T.);
#6342=ORIENTED_EDGE('',*,*,#4662,.T.);
#6343=ORIENTED_EDGE('',*,*,#4975,.F.);
#6344=ORIENTED_EDGE('',*,*,#4976,.F.);
#6345=ORIENTED_EDGE('',*,*,#4977,.T.);
#6346=ORIENTED_EDGE('',*,*,#4520,.T.);
#6347=ORIENTED_EDGE('',*,*,#4977,.F.);
#6348=ORIENTED_EDGE('',*,*,#4978,.F.);
#6349=ORIENTED_EDGE('',*,*,#4979,.T.);
#6350=ORIENTED_EDGE('',*,*,#4980,.F.);
#6351=ORIENTED_EDGE('',*,*,#4979,.F.);
#6352=ORIENTED_EDGE('',*,*,#4981,.F.);
#6353=ORIENTED_EDGE('',*,*,#4982,.T.);
#6354=ORIENTED_EDGE('',*,*,#4983,.F.);
#6355=ORIENTED_EDGE('',*,*,#4982,.F.);
#6356=ORIENTED_EDGE('',*,*,#4984,.F.);
#6357=ORIENTED_EDGE('',*,*,#4985,.T.);
#6358=ORIENTED_EDGE('',*,*,#4986,.F.);
#6359=ORIENTED_EDGE('',*,*,#4985,.F.);
#6360=ORIENTED_EDGE('',*,*,#4610,.T.);
#6361=ORIENTED_EDGE('',*,*,#4588,.T.);
#6362=ORIENTED_EDGE('',*,*,#4645,.T.);
#6363=ORIENTED_EDGE('',*,*,#4568,.T.);
#6364=ORIENTED_EDGE('',*,*,#4987,.F.);
#6365=ORIENTED_EDGE('',*,*,#4988,.T.);
#6366=ORIENTED_EDGE('',*,*,#4989,.F.);
#6367=ORIENTED_EDGE('',*,*,#4988,.F.);
#6368=ORIENTED_EDGE('',*,*,#4470,.T.);
#6369=ORIENTED_EDGE('',*,*,#4447,.T.);
#6370=ORIENTED_EDGE('',*,*,#4502,.T.);
#6371=ORIENTED_EDGE('',*,*,#4427,.T.);
#6372=ORIENTED_EDGE('',*,*,#4990,.F.);
#6373=ORIENTED_EDGE('',*,*,#4991,.T.);
#6374=ORIENTED_EDGE('',*,*,#4992,.F.);
#6375=ORIENTED_EDGE('',*,*,#4991,.F.);
#6376=ORIENTED_EDGE('',*,*,#4604,.T.);
#6377=ORIENTED_EDGE('',*,*,#4584,.T.);
#6378=ORIENTED_EDGE('',*,*,#4651,.T.);
#6379=ORIENTED_EDGE('',*,*,#4572,.T.);
#6380=ORIENTED_EDGE('',*,*,#4993,.F.);
#6381=ORIENTED_EDGE('',*,*,#4994,.T.);
#6382=ORIENTED_EDGE('',*,*,#4995,.F.);
#6383=ORIENTED_EDGE('',*,*,#4994,.F.);
#6384=ORIENTED_EDGE('',*,*,#4464,.T.);
#6385=ORIENTED_EDGE('',*,*,#4443,.T.);
#6386=ORIENTED_EDGE('',*,*,#4508,.T.);
#6387=ORIENTED_EDGE('',*,*,#4431,.T.);
#6388=ORIENTED_EDGE('',*,*,#4996,.F.);
#6389=ORIENTED_EDGE('',*,*,#4997,.T.);
#6390=ORIENTED_EDGE('',*,*,#4998,.F.);
#6391=ORIENTED_EDGE('',*,*,#4997,.F.);
#6392=ORIENTED_EDGE('',*,*,#4999,.F.);
#6393=ORIENTED_EDGE('',*,*,#5000,.T.);
#6394=ORIENTED_EDGE('',*,*,#5001,.F.);
#6395=ORIENTED_EDGE('',*,*,#5000,.F.);
#6396=ORIENTED_EDGE('',*,*,#5002,.F.);
#6397=ORIENTED_EDGE('',*,*,#5003,.T.);
#6398=ORIENTED_EDGE('',*,*,#5004,.F.);
#6399=ORIENTED_EDGE('',*,*,#5003,.F.);
#6400=ORIENTED_EDGE('',*,*,#4612,.T.);
#6401=ORIENTED_EDGE('',*,*,#4580,.T.);
#6402=ORIENTED_EDGE('',*,*,#4643,.T.);
#6403=ORIENTED_EDGE('',*,*,#4576,.T.);
#6404=ORIENTED_EDGE('',*,*,#5005,.F.);
#6405=ORIENTED_EDGE('',*,*,#5006,.T.);
#6406=ORIENTED_EDGE('',*,*,#5007,.F.);
#6407=ORIENTED_EDGE('',*,*,#5006,.F.);
#6408=ORIENTED_EDGE('',*,*,#4472,.T.);
#6409=ORIENTED_EDGE('',*,*,#4439,.T.);
#6410=ORIENTED_EDGE('',*,*,#4500,.T.);
#6411=ORIENTED_EDGE('',*,*,#4435,.T.);
#6412=ORIENTED_EDGE('',*,*,#5008,.F.);
#6413=ORIENTED_EDGE('',*,*,#5009,.T.);
#6414=ORIENTED_EDGE('',*,*,#5010,.F.);
#6415=ORIENTED_EDGE('',*,*,#5009,.F.);
#6416=ORIENTED_EDGE('',*,*,#5011,.F.);
#6417=ORIENTED_EDGE('',*,*,#5012,.T.);
#6418=ORIENTED_EDGE('',*,*,#5013,.F.);
#6419=ORIENTED_EDGE('',*,*,#5012,.F.);
#6420=ORIENTED_EDGE('',*,*,#5014,.F.);
#6421=ORIENTED_EDGE('',*,*,#5015,.T.);
#6422=ORIENTED_EDGE('',*,*,#5016,.F.);
#6423=ORIENTED_EDGE('',*,*,#5015,.F.);
#6424=ORIENTED_EDGE('',*,*,#4613,.T.);
#6425=ORIENTED_EDGE('',*,*,#4578,.T.);
#6426=ORIENTED_EDGE('',*,*,#4642,.T.);
#6427=ORIENTED_EDGE('',*,*,#4594,.T.);
#6428=ORIENTED_EDGE('',*,*,#5017,.F.);
#6429=ORIENTED_EDGE('',*,*,#5018,.T.);
#6430=ORIENTED_EDGE('',*,*,#5019,.F.);
#6431=ORIENTED_EDGE('',*,*,#5018,.F.);
#6432=ORIENTED_EDGE('',*,*,#4473,.T.);
#6433=ORIENTED_EDGE('',*,*,#4437,.T.);
#6434=ORIENTED_EDGE('',*,*,#4499,.T.);
#6435=ORIENTED_EDGE('',*,*,#4453,.T.);
#6436=ORIENTED_EDGE('',*,*,#5020,.F.);
#6437=ORIENTED_EDGE('',*,*,#5021,.T.);
#6438=ORIENTED_EDGE('',*,*,#5022,.F.);
#6439=ORIENTED_EDGE('',*,*,#5021,.F.);
#6440=ORIENTED_EDGE('',*,*,#4605,.T.);
#6441=ORIENTED_EDGE('',*,*,#4574,.T.);
#6442=ORIENTED_EDGE('',*,*,#4650,.T.);
#6443=ORIENTED_EDGE('',*,*,#4548,.T.);
#6444=ORIENTED_EDGE('',*,*,#5023,.F.);
#6445=ORIENTED_EDGE('',*,*,#5024,.T.);
#6446=ORIENTED_EDGE('',*,*,#5025,.F.);
#6447=ORIENTED_EDGE('',*,*,#5024,.F.);
#6448=ORIENTED_EDGE('',*,*,#4465,.T.);
#6449=ORIENTED_EDGE('',*,*,#4433,.T.);
#6450=ORIENTED_EDGE('',*,*,#4507,.T.);
#6451=ORIENTED_EDGE('',*,*,#4407,.T.);
#6452=ORIENTED_EDGE('',*,*,#5026,.F.);
#6453=ORIENTED_EDGE('',*,*,#5027,.T.);
#6454=ORIENTED_EDGE('',*,*,#5028,.F.);
#6455=ORIENTED_EDGE('',*,*,#5027,.F.);
#6456=ORIENTED_EDGE('',*,*,#5029,.F.);
#6457=ORIENTED_EDGE('',*,*,#5030,.T.);
#6458=ORIENTED_EDGE('',*,*,#5031,.F.);
#6459=ORIENTED_EDGE('',*,*,#5030,.F.);
#6460=ORIENTED_EDGE('',*,*,#5032,.F.);
#6461=ORIENTED_EDGE('',*,*,#5033,.T.);
#6462=ORIENTED_EDGE('',*,*,#5034,.F.);
#6463=ORIENTED_EDGE('',*,*,#5033,.F.);
#6464=ORIENTED_EDGE('',*,*,#5035,.F.);
#6465=ORIENTED_EDGE('',*,*,#5036,.T.);
#6466=ORIENTED_EDGE('',*,*,#5037,.F.);
#6467=ORIENTED_EDGE('',*,*,#5036,.F.);
#6468=ORIENTED_EDGE('',*,*,#5038,.F.);
#6469=ORIENTED_EDGE('',*,*,#5039,.T.);
#6470=ORIENTED_EDGE('',*,*,#5040,.F.);
#6471=ORIENTED_EDGE('',*,*,#5039,.F.);
#6472=ORIENTED_EDGE('',*,*,#5041,.F.);
#6473=ORIENTED_EDGE('',*,*,#5042,.T.);
#6474=ORIENTED_EDGE('',*,*,#5043,.F.);
#6475=ORIENTED_EDGE('',*,*,#5042,.F.);
#6476=ORIENTED_EDGE('',*,*,#5044,.F.);
#6477=ORIENTED_EDGE('',*,*,#5045,.T.);
#6478=ORIENTED_EDGE('',*,*,#5046,.F.);
#6479=ORIENTED_EDGE('',*,*,#5045,.F.);
#6480=ORIENTED_EDGE('',*,*,#5047,.F.);
#6481=ORIENTED_EDGE('',*,*,#5048,.T.);
#6482=ORIENTED_EDGE('',*,*,#5049,.F.);
#6483=ORIENTED_EDGE('',*,*,#5048,.F.);
#6484=ORIENTED_EDGE('',*,*,#5050,.F.);
#6485=ORIENTED_EDGE('',*,*,#5051,.T.);
#6486=ORIENTED_EDGE('',*,*,#5052,.F.);
#6487=ORIENTED_EDGE('',*,*,#5051,.F.);
#6488=ORIENTED_EDGE('',*,*,#5053,.F.);
#6489=ORIENTED_EDGE('',*,*,#5054,.T.);
#6490=ORIENTED_EDGE('',*,*,#5055,.F.);
#6491=ORIENTED_EDGE('',*,*,#5054,.F.);
#6492=ORIENTED_EDGE('',*,*,#5056,.F.);
#6493=ORIENTED_EDGE('',*,*,#5057,.T.);
#6494=ORIENTED_EDGE('',*,*,#5058,.F.);
#6495=ORIENTED_EDGE('',*,*,#5057,.F.);
#6496=ORIENTED_EDGE('',*,*,#5059,.F.);
#6497=ORIENTED_EDGE('',*,*,#5060,.T.);
#6498=ORIENTED_EDGE('',*,*,#5061,.F.);
#6499=ORIENTED_EDGE('',*,*,#5060,.F.);
#6500=ORIENTED_EDGE('',*,*,#5062,.F.);
#6501=ORIENTED_EDGE('',*,*,#5063,.T.);
#6502=ORIENTED_EDGE('',*,*,#5064,.F.);
#6503=ORIENTED_EDGE('',*,*,#5063,.F.);
#6504=ORIENTED_EDGE('',*,*,#5065,.F.);
#6505=ORIENTED_EDGE('',*,*,#5066,.T.);
#6506=ORIENTED_EDGE('',*,*,#5067,.F.);
#6507=ORIENTED_EDGE('',*,*,#5066,.F.);
#6508=ORIENTED_EDGE('',*,*,#5068,.F.);
#6509=ORIENTED_EDGE('',*,*,#5069,.T.);
#6510=ORIENTED_EDGE('',*,*,#5070,.F.);
#6511=ORIENTED_EDGE('',*,*,#5069,.F.);
#6512=ORIENTED_EDGE('',*,*,#5071,.F.);
#6513=ORIENTED_EDGE('',*,*,#5072,.T.);
#6514=ORIENTED_EDGE('',*,*,#5073,.F.);
#6515=ORIENTED_EDGE('',*,*,#5072,.F.);
#6516=ORIENTED_EDGE('',*,*,#5074,.F.);
#6517=ORIENTED_EDGE('',*,*,#5075,.T.);
#6518=ORIENTED_EDGE('',*,*,#5076,.F.);
#6519=ORIENTED_EDGE('',*,*,#5075,.F.);
#6520=ORIENTED_EDGE('',*,*,#5077,.F.);
#6521=ORIENTED_EDGE('',*,*,#5078,.T.);
#6522=ORIENTED_EDGE('',*,*,#5079,.F.);
#6523=ORIENTED_EDGE('',*,*,#5078,.F.);
#6524=ORIENTED_EDGE('',*,*,#5080,.F.);
#6525=ORIENTED_EDGE('',*,*,#5081,.T.);
#6526=ORIENTED_EDGE('',*,*,#5082,.F.);
#6527=ORIENTED_EDGE('',*,*,#5081,.F.);
#6528=ORIENTED_EDGE('',*,*,#5083,.F.);
#6529=ORIENTED_EDGE('',*,*,#5084,.T.);
#6530=ORIENTED_EDGE('',*,*,#5085,.F.);
#6531=ORIENTED_EDGE('',*,*,#5084,.F.);
#6532=ORIENTED_EDGE('',*,*,#5086,.F.);
#6533=ORIENTED_EDGE('',*,*,#5087,.T.);
#6534=ORIENTED_EDGE('',*,*,#5088,.F.);
#6535=ORIENTED_EDGE('',*,*,#5087,.F.);
#6536=ORIENTED_EDGE('',*,*,#5089,.F.);
#6537=ORIENTED_EDGE('',*,*,#5090,.T.);
#6538=ORIENTED_EDGE('',*,*,#5091,.F.);
#6539=ORIENTED_EDGE('',*,*,#5090,.F.);
#6540=ORIENTED_EDGE('',*,*,#5092,.F.);
#6541=ORIENTED_EDGE('',*,*,#5093,.T.);
#6542=ORIENTED_EDGE('',*,*,#5094,.F.);
#6543=ORIENTED_EDGE('',*,*,#5093,.F.);
#6544=ORIENTED_EDGE('',*,*,#5095,.F.);
#6545=ORIENTED_EDGE('',*,*,#5096,.T.);
#6546=ORIENTED_EDGE('',*,*,#5097,.F.);
#6547=ORIENTED_EDGE('',*,*,#5096,.F.);
#6548=ORIENTED_EDGE('',*,*,#5098,.F.);
#6549=ORIENTED_EDGE('',*,*,#5099,.T.);
#6550=ORIENTED_EDGE('',*,*,#5100,.F.);
#6551=ORIENTED_EDGE('',*,*,#5099,.F.);
#6552=ORIENTED_EDGE('',*,*,#5101,.F.);
#6553=ORIENTED_EDGE('',*,*,#5102,.T.);
#6554=ORIENTED_EDGE('',*,*,#5103,.F.);
#6555=ORIENTED_EDGE('',*,*,#5102,.F.);
#6556=ORIENTED_EDGE('',*,*,#5104,.F.);
#6557=ORIENTED_EDGE('',*,*,#5105,.T.);
#6558=ORIENTED_EDGE('',*,*,#5106,.F.);
#6559=ORIENTED_EDGE('',*,*,#5105,.F.);
#6560=ORIENTED_EDGE('',*,*,#5107,.F.);
#6561=ORIENTED_EDGE('',*,*,#5108,.T.);
#6562=ORIENTED_EDGE('',*,*,#5109,.F.);
#6563=ORIENTED_EDGE('',*,*,#5108,.F.);
#6564=ORIENTED_EDGE('',*,*,#5110,.F.);
#6565=ORIENTED_EDGE('',*,*,#5111,.T.);
#6566=ORIENTED_EDGE('',*,*,#5112,.F.);
#6567=ORIENTED_EDGE('',*,*,#5111,.F.);
#6568=ORIENTED_EDGE('',*,*,#5113,.F.);
#6569=ORIENTED_EDGE('',*,*,#5114,.T.);
#6570=ORIENTED_EDGE('',*,*,#5115,.F.);
#6571=ORIENTED_EDGE('',*,*,#5114,.F.);
#6572=ORIENTED_EDGE('',*,*,#5116,.F.);
#6573=ORIENTED_EDGE('',*,*,#5117,.T.);
#6574=ORIENTED_EDGE('',*,*,#5118,.F.);
#6575=ORIENTED_EDGE('',*,*,#5117,.F.);
#6576=ORIENTED_EDGE('',*,*,#5119,.F.);
#6577=ORIENTED_EDGE('',*,*,#5120,.T.);
#6578=ORIENTED_EDGE('',*,*,#5121,.F.);
#6579=ORIENTED_EDGE('',*,*,#5120,.F.);
#6580=ORIENTED_EDGE('',*,*,#5122,.F.);
#6581=ORIENTED_EDGE('',*,*,#5123,.T.);
#6582=ORIENTED_EDGE('',*,*,#5124,.F.);
#6583=ORIENTED_EDGE('',*,*,#5123,.F.);
#6584=ORIENTED_EDGE('',*,*,#5125,.F.);
#6585=ORIENTED_EDGE('',*,*,#5126,.T.);
#6586=ORIENTED_EDGE('',*,*,#5127,.F.);
#6587=ORIENTED_EDGE('',*,*,#5126,.F.);
#6588=ORIENTED_EDGE('',*,*,#5128,.F.);
#6589=ORIENTED_EDGE('',*,*,#5129,.T.);
#6590=ORIENTED_EDGE('',*,*,#5130,.F.);
#6591=ORIENTED_EDGE('',*,*,#5129,.F.);
#6592=ORIENTED_EDGE('',*,*,#5131,.F.);
#6593=ORIENTED_EDGE('',*,*,#5132,.T.);
#6594=ORIENTED_EDGE('',*,*,#5133,.F.);
#6595=ORIENTED_EDGE('',*,*,#5132,.F.);
#6596=ORIENTED_EDGE('',*,*,#5134,.F.);
#6597=ORIENTED_EDGE('',*,*,#5135,.T.);
#6598=ORIENTED_EDGE('',*,*,#5136,.F.);
#6599=ORIENTED_EDGE('',*,*,#5135,.F.);
#6600=ORIENTED_EDGE('',*,*,#4611,.T.);
#6601=ORIENTED_EDGE('',*,*,#4570,.T.);
#6602=ORIENTED_EDGE('',*,*,#4644,.T.);
#6603=ORIENTED_EDGE('',*,*,#4582,.T.);
#6604=ORIENTED_EDGE('',*,*,#5137,.F.);
#6605=ORIENTED_EDGE('',*,*,#5138,.T.);
#6606=ORIENTED_EDGE('',*,*,#5139,.F.);
#6607=ORIENTED_EDGE('',*,*,#5138,.F.);
#6608=ORIENTED_EDGE('',*,*,#4471,.T.);
#6609=ORIENTED_EDGE('',*,*,#4429,.T.);
#6610=ORIENTED_EDGE('',*,*,#4501,.T.);
#6611=ORIENTED_EDGE('',*,*,#4441,.T.);
#6612=ORIENTED_EDGE('',*,*,#5140,.F.);
#6613=ORIENTED_EDGE('',*,*,#5141,.T.);
#6614=ORIENTED_EDGE('',*,*,#5142,.F.);
#6615=ORIENTED_EDGE('',*,*,#5141,.F.);
#6616=ORIENTED_EDGE('',*,*,#5143,.F.);
#6617=ORIENTED_EDGE('',*,*,#5144,.T.);
#6618=ORIENTED_EDGE('',*,*,#5145,.F.);
#6619=ORIENTED_EDGE('',*,*,#5144,.F.);
#6620=ORIENTED_EDGE('',*,*,#5146,.F.);
#6621=ORIENTED_EDGE('',*,*,#5147,.T.);
#6622=ORIENTED_EDGE('',*,*,#5148,.F.);
#6623=ORIENTED_EDGE('',*,*,#5147,.F.);
#6624=ORIENTED_EDGE('',*,*,#5149,.F.);
#6625=ORIENTED_EDGE('',*,*,#5150,.T.);
#6626=ORIENTED_EDGE('',*,*,#5151,.F.);
#6627=ORIENTED_EDGE('',*,*,#5150,.F.);
#6628=ORIENTED_EDGE('',*,*,#5152,.F.);
#6629=ORIENTED_EDGE('',*,*,#5153,.T.);
#6630=ORIENTED_EDGE('',*,*,#5154,.F.);
#6631=ORIENTED_EDGE('',*,*,#5153,.F.);
#6632=ORIENTED_EDGE('',*,*,#5155,.F.);
#6633=ORIENTED_EDGE('',*,*,#5156,.T.);
#6634=ORIENTED_EDGE('',*,*,#5157,.F.);
#6635=ORIENTED_EDGE('',*,*,#5156,.F.);
#6636=ORIENTED_EDGE('',*,*,#5158,.F.);
#6637=ORIENTED_EDGE('',*,*,#5159,.T.);
#6638=ORIENTED_EDGE('',*,*,#5160,.F.);
#6639=ORIENTED_EDGE('',*,*,#5159,.F.);
#6640=ORIENTED_EDGE('',*,*,#5161,.F.);
#6641=ORIENTED_EDGE('',*,*,#5162,.T.);
#6642=ORIENTED_EDGE('',*,*,#5163,.F.);
#6643=ORIENTED_EDGE('',*,*,#5162,.F.);
#6644=ORIENTED_EDGE('',*,*,#5164,.F.);
#6645=ORIENTED_EDGE('',*,*,#5165,.T.);
#6646=ORIENTED_EDGE('',*,*,#5166,.F.);
#6647=ORIENTED_EDGE('',*,*,#5165,.F.);
#6648=ORIENTED_EDGE('',*,*,#5167,.F.);
#6649=ORIENTED_EDGE('',*,*,#5168,.T.);
#6650=ORIENTED_EDGE('',*,*,#5169,.F.);
#6651=ORIENTED_EDGE('',*,*,#5168,.F.);
#6652=ORIENTED_EDGE('',*,*,#5170,.F.);
#6653=ORIENTED_EDGE('',*,*,#5171,.T.);
#6654=ORIENTED_EDGE('',*,*,#4663,.T.);
#6655=ORIENTED_EDGE('',*,*,#5171,.F.);
#6656=ORIENTED_EDGE('',*,*,#5172,.F.);
#6657=ORIENTED_EDGE('',*,*,#5173,.T.);
#6658=ORIENTED_EDGE('',*,*,#4521,.T.);
#6659=ORIENTED_EDGE('',*,*,#5173,.F.);
#6660=ORIENTED_EDGE('',*,*,#5174,.F.);
#6661=ORIENTED_EDGE('',*,*,#5175,.T.);
#6662=ORIENTED_EDGE('',*,*,#4664,.T.);
#6663=ORIENTED_EDGE('',*,*,#5175,.F.);
#6664=ORIENTED_EDGE('',*,*,#5176,.F.);
#6665=ORIENTED_EDGE('',*,*,#5177,.T.);
#6666=ORIENTED_EDGE('',*,*,#4522,.T.);
#6667=ORIENTED_EDGE('',*,*,#5177,.F.);
#6668=ORIENTED_EDGE('',*,*,#5178,.F.);
#6669=ORIENTED_EDGE('',*,*,#5179,.T.);
#6670=ORIENTED_EDGE('',*,*,#5180,.F.);
#6671=ORIENTED_EDGE('',*,*,#5179,.F.);
#6672=ORIENTED_EDGE('',*,*,#5181,.F.);
#6673=ORIENTED_EDGE('',*,*,#5182,.T.);
#6674=ORIENTED_EDGE('',*,*,#5183,.F.);
#6675=ORIENTED_EDGE('',*,*,#5182,.F.);
#6676=ORIENTED_EDGE('',*,*,#5184,.F.);
#6677=ORIENTED_EDGE('',*,*,#5185,.T.);
#6678=ORIENTED_EDGE('',*,*,#5186,.F.);
#6679=ORIENTED_EDGE('',*,*,#5185,.F.);
#6680=ORIENTED_EDGE('',*,*,#4609,.T.);
#6681=ORIENTED_EDGE('',*,*,#4564,.T.);
#6682=ORIENTED_EDGE('',*,*,#4646,.T.);
#6683=ORIENTED_EDGE('',*,*,#4590,.T.);
#6684=ORIENTED_EDGE('',*,*,#5187,.F.);
#6685=ORIENTED_EDGE('',*,*,#5188,.T.);
#6686=ORIENTED_EDGE('',*,*,#5189,.F.);
#6687=ORIENTED_EDGE('',*,*,#5188,.F.);
#6688=ORIENTED_EDGE('',*,*,#4469,.T.);
#6689=ORIENTED_EDGE('',*,*,#4423,.T.);
#6690=ORIENTED_EDGE('',*,*,#4503,.T.);
#6691=ORIENTED_EDGE('',*,*,#4449,.T.);
#6692=ORIENTED_EDGE('',*,*,#5190,.F.);
#6693=ORIENTED_EDGE('',*,*,#5191,.T.);
#6694=ORIENTED_EDGE('',*,*,#5192,.F.);
#6695=ORIENTED_EDGE('',*,*,#5191,.F.);
#6696=ORIENTED_EDGE('',*,*,#5193,.F.);
#6697=ORIENTED_EDGE('',*,*,#5194,.T.);
#6698=ORIENTED_EDGE('',*,*,#5195,.F.);
#6699=ORIENTED_EDGE('',*,*,#5194,.F.);
#6700=ORIENTED_EDGE('',*,*,#5196,.F.);
#6701=ORIENTED_EDGE('',*,*,#5197,.T.);
#6702=ORIENTED_EDGE('',*,*,#5198,.F.);
#6703=ORIENTED_EDGE('',*,*,#5197,.F.);
#6704=ORIENTED_EDGE('',*,*,#4607,.T.);
#6705=ORIENTED_EDGE('',*,*,#4560,.T.);
#6706=ORIENTED_EDGE('',*,*,#4648,.T.);
#6707=ORIENTED_EDGE('',*,*,#4544,.T.);
#6708=ORIENTED_EDGE('',*,*,#5199,.F.);
#6709=ORIENTED_EDGE('',*,*,#5200,.T.);
#6710=ORIENTED_EDGE('',*,*,#5201,.F.);
#6711=ORIENTED_EDGE('',*,*,#5200,.F.);
#6712=ORIENTED_EDGE('',*,*,#4467,.T.);
#6713=ORIENTED_EDGE('',*,*,#4419,.T.);
#6714=ORIENTED_EDGE('',*,*,#4505,.T.);
#6715=ORIENTED_EDGE('',*,*,#4403,.T.);
#6716=ORIENTED_EDGE('',*,*,#5202,.F.);
#6717=ORIENTED_EDGE('',*,*,#5203,.T.);
#6718=ORIENTED_EDGE('',*,*,#4665,.T.);
#6719=ORIENTED_EDGE('',*,*,#5203,.F.);
#6720=ORIENTED_EDGE('',*,*,#5204,.F.);
#6721=ORIENTED_EDGE('',*,*,#5205,.T.);
#6722=ORIENTED_EDGE('',*,*,#4523,.T.);
#6723=ORIENTED_EDGE('',*,*,#5205,.F.);
#6724=ORIENTED_EDGE('',*,*,#5206,.F.);
#6725=ORIENTED_EDGE('',*,*,#5207,.T.);
#6726=ORIENTED_EDGE('',*,*,#5208,.F.);
#6727=ORIENTED_EDGE('',*,*,#5207,.F.);
#6728=ORIENTED_EDGE('',*,*,#5209,.F.);
#6729=ORIENTED_EDGE('',*,*,#5210,.T.);
#6730=ORIENTED_EDGE('',*,*,#5211,.F.);
#6731=ORIENTED_EDGE('',*,*,#5210,.F.);
#6732=ORIENTED_EDGE('',*,*,#5212,.F.);
#6733=ORIENTED_EDGE('',*,*,#5213,.T.);
#6734=ORIENTED_EDGE('',*,*,#5214,.F.);
#6735=ORIENTED_EDGE('',*,*,#5213,.F.);
#6736=ORIENTED_EDGE('',*,*,#5215,.F.);
#6737=ORIENTED_EDGE('',*,*,#5216,.T.);
#6738=ORIENTED_EDGE('',*,*,#5217,.F.);
#6739=ORIENTED_EDGE('',*,*,#5216,.F.);
#6740=ORIENTED_EDGE('',*,*,#5218,.F.);
#6741=ORIENTED_EDGE('',*,*,#5219,.T.);
#6742=ORIENTED_EDGE('',*,*,#5220,.F.);
#6743=ORIENTED_EDGE('',*,*,#5219,.F.);
#6744=ORIENTED_EDGE('',*,*,#5221,.F.);
#6745=ORIENTED_EDGE('',*,*,#5222,.T.);
#6746=ORIENTED_EDGE('',*,*,#5223,.F.);
#6747=ORIENTED_EDGE('',*,*,#5222,.F.);
#6748=ORIENTED_EDGE('',*,*,#5224,.F.);
#6749=ORIENTED_EDGE('',*,*,#5225,.T.);
#6750=ORIENTED_EDGE('',*,*,#5226,.F.);
#6751=ORIENTED_EDGE('',*,*,#5225,.F.);
#6752=ORIENTED_EDGE('',*,*,#5227,.F.);
#6753=ORIENTED_EDGE('',*,*,#5228,.T.);
#6754=ORIENTED_EDGE('',*,*,#5229,.F.);
#6755=ORIENTED_EDGE('',*,*,#5228,.F.);
#6756=ORIENTED_EDGE('',*,*,#5230,.F.);
#6757=ORIENTED_EDGE('',*,*,#5231,.T.);
#6758=ORIENTED_EDGE('',*,*,#5232,.F.);
#6759=ORIENTED_EDGE('',*,*,#5231,.F.);
#6760=ORIENTED_EDGE('',*,*,#4617,.T.);
#6761=ORIENTED_EDGE('',*,*,#4558,.T.);
#6762=ORIENTED_EDGE('',*,*,#4638,.T.);
#6763=ORIENTED_EDGE('',*,*,#4536,.T.);
#6764=ORIENTED_EDGE('',*,*,#5233,.F.);
#6765=ORIENTED_EDGE('',*,*,#5234,.T.);
#6766=ORIENTED_EDGE('',*,*,#5235,.F.);
#6767=ORIENTED_EDGE('',*,*,#5234,.F.);
#6768=ORIENTED_EDGE('',*,*,#4477,.T.);
#6769=ORIENTED_EDGE('',*,*,#4417,.T.);
#6770=ORIENTED_EDGE('',*,*,#4495,.T.);
#6771=ORIENTED_EDGE('',*,*,#4396,.T.);
#6772=ORIENTED_EDGE('',*,*,#5236,.F.);
#6773=ORIENTED_EDGE('',*,*,#5237,.T.);
#6774=ORIENTED_EDGE('',*,*,#5238,.F.);
#6775=ORIENTED_EDGE('',*,*,#5237,.F.);
#6776=ORIENTED_EDGE('',*,*,#5239,.F.);
#6777=ORIENTED_EDGE('',*,*,#5240,.T.);
#6778=ORIENTED_EDGE('',*,*,#5241,.F.);
#6779=ORIENTED_EDGE('',*,*,#5240,.F.);
#6780=ORIENTED_EDGE('',*,*,#5242,.F.);
#6781=ORIENTED_EDGE('',*,*,#5243,.T.);
#6782=ORIENTED_EDGE('',*,*,#4666,.T.);
#6783=ORIENTED_EDGE('',*,*,#5243,.F.);
#6784=ORIENTED_EDGE('',*,*,#5244,.F.);
#6785=ORIENTED_EDGE('',*,*,#5245,.T.);
#6786=ORIENTED_EDGE('',*,*,#4524,.T.);
#6787=ORIENTED_EDGE('',*,*,#5245,.F.);
#6788=ORIENTED_EDGE('',*,*,#5246,.F.);
#6789=ORIENTED_EDGE('',*,*,#5247,.T.);
#6790=ORIENTED_EDGE('',*,*,#5248,.F.);
#6791=ORIENTED_EDGE('',*,*,#5247,.F.);
#6792=ORIENTED_EDGE('',*,*,#4615,.T.);
#6793=ORIENTED_EDGE('',*,*,#4554,.T.);
#6794=ORIENTED_EDGE('',*,*,#4640,.T.);
#6795=ORIENTED_EDGE('',*,*,#4598,.T.);
#6796=ORIENTED_EDGE('',*,*,#5249,.F.);
#6797=ORIENTED_EDGE('',*,*,#5250,.T.);
#6798=ORIENTED_EDGE('',*,*,#5251,.F.);
#6799=ORIENTED_EDGE('',*,*,#5250,.F.);
#6800=ORIENTED_EDGE('',*,*,#4475,.T.);
#6801=ORIENTED_EDGE('',*,*,#4413,.T.);
#6802=ORIENTED_EDGE('',*,*,#4497,.T.);
#6803=ORIENTED_EDGE('',*,*,#4457,.T.);
#6804=ORIENTED_EDGE('',*,*,#5252,.F.);
#6805=ORIENTED_EDGE('',*,*,#5253,.T.);
#6806=ORIENTED_EDGE('',*,*,#4667,.T.);
#6807=ORIENTED_EDGE('',*,*,#5253,.F.);
#6808=ORIENTED_EDGE('',*,*,#5254,.F.);
#6809=ORIENTED_EDGE('',*,*,#5255,.T.);
#6810=ORIENTED_EDGE('',*,*,#4525,.T.);
#6811=ORIENTED_EDGE('',*,*,#5255,.F.);
#6812=ORIENTED_EDGE('',*,*,#5256,.F.);
#6813=ORIENTED_EDGE('',*,*,#5257,.T.);
#6814=ORIENTED_EDGE('',*,*,#5258,.F.);
#6815=ORIENTED_EDGE('',*,*,#5257,.F.);
#6816=ORIENTED_EDGE('',*,*,#5259,.F.);
#6817=ORIENTED_EDGE('',*,*,#5260,.T.);
#6818=ORIENTED_EDGE('',*,*,#5261,.F.);
#6819=ORIENTED_EDGE('',*,*,#5260,.F.);
#6820=ORIENTED_EDGE('',*,*,#5262,.F.);
#6821=ORIENTED_EDGE('',*,*,#5263,.T.);
#6822=ORIENTED_EDGE('',*,*,#5264,.F.);
#6823=ORIENTED_EDGE('',*,*,#5263,.F.);
#6824=ORIENTED_EDGE('',*,*,#5265,.F.);
#6825=ORIENTED_EDGE('',*,*,#5266,.T.);
#6826=ORIENTED_EDGE('',*,*,#5267,.F.);
#6827=ORIENTED_EDGE('',*,*,#5266,.F.);
#6828=ORIENTED_EDGE('',*,*,#5268,.F.);
#6829=ORIENTED_EDGE('',*,*,#5269,.T.);
#6830=ORIENTED_EDGE('',*,*,#4668,.T.);
#6831=ORIENTED_EDGE('',*,*,#5269,.F.);
#6832=ORIENTED_EDGE('',*,*,#5270,.F.);
#6833=ORIENTED_EDGE('',*,*,#5271,.T.);
#6834=ORIENTED_EDGE('',*,*,#4526,.T.);
#6835=ORIENTED_EDGE('',*,*,#5271,.F.);
#6836=ORIENTED_EDGE('',*,*,#5272,.F.);
#6837=ORIENTED_EDGE('',*,*,#5273,.T.);
#6838=ORIENTED_EDGE('',*,*,#5274,.F.);
#6839=ORIENTED_EDGE('',*,*,#5273,.F.);
#6840=ORIENTED_EDGE('',*,*,#5275,.F.);
#6841=ORIENTED_EDGE('',*,*,#5276,.T.);
#6842=ORIENTED_EDGE('',*,*,#5277,.F.);
#6843=ORIENTED_EDGE('',*,*,#5276,.F.);
#6844=ORIENTED_EDGE('',*,*,#5278,.F.);
#6845=ORIENTED_EDGE('',*,*,#5279,.T.);
#6846=ORIENTED_EDGE('',*,*,#5280,.F.);
#6847=ORIENTED_EDGE('',*,*,#5279,.F.);
#6848=ORIENTED_EDGE('',*,*,#4606,.T.);
#6849=ORIENTED_EDGE('',*,*,#4550,.T.);
#6850=ORIENTED_EDGE('',*,*,#4649,.T.);
#6851=ORIENTED_EDGE('',*,*,#4562,.T.);
#6852=ORIENTED_EDGE('',*,*,#5281,.F.);
#6853=ORIENTED_EDGE('',*,*,#5282,.T.);
#6854=ORIENTED_EDGE('',*,*,#5283,.F.);
#6855=ORIENTED_EDGE('',*,*,#5282,.F.);
#6856=ORIENTED_EDGE('',*,*,#4466,.T.);
#6857=ORIENTED_EDGE('',*,*,#4409,.T.);
#6858=ORIENTED_EDGE('',*,*,#4506,.T.);
#6859=ORIENTED_EDGE('',*,*,#4421,.T.);
#6860=ORIENTED_EDGE('',*,*,#5284,.F.);
#6861=ORIENTED_EDGE('',*,*,#5285,.T.);
#6862=ORIENTED_EDGE('',*,*,#4669,.T.);
#6863=ORIENTED_EDGE('',*,*,#5285,.F.);
#6864=ORIENTED_EDGE('',*,*,#5286,.F.);
#6865=ORIENTED_EDGE('',*,*,#5287,.T.);
#6866=ORIENTED_EDGE('',*,*,#4527,.T.);
#6867=ORIENTED_EDGE('',*,*,#5287,.F.);
#6868=ORIENTED_EDGE('',*,*,#5288,.F.);
#6869=ORIENTED_EDGE('',*,*,#5289,.T.);
#6870=ORIENTED_EDGE('',*,*,#5290,.F.);
#6871=ORIENTED_EDGE('',*,*,#5289,.F.);
#6872=ORIENTED_EDGE('',*,*,#4608,.T.);
#6873=ORIENTED_EDGE('',*,*,#4546,.T.);
#6874=ORIENTED_EDGE('',*,*,#4647,.T.);
#6875=ORIENTED_EDGE('',*,*,#4566,.T.);
#6876=ORIENTED_EDGE('',*,*,#5291,.F.);
#6877=ORIENTED_EDGE('',*,*,#5292,.T.);
#6878=ORIENTED_EDGE('',*,*,#5293,.F.);
#6879=ORIENTED_EDGE('',*,*,#5292,.F.);
#6880=ORIENTED_EDGE('',*,*,#4468,.T.);
#6881=ORIENTED_EDGE('',*,*,#4405,.T.);
#6882=ORIENTED_EDGE('',*,*,#4504,.T.);
#6883=ORIENTED_EDGE('',*,*,#4425,.T.);
#6884=ORIENTED_EDGE('',*,*,#5294,.F.);
#6885=ORIENTED_EDGE('',*,*,#5295,.T.);
#6886=ORIENTED_EDGE('',*,*,#4670,.T.);
#6887=ORIENTED_EDGE('',*,*,#5295,.F.);
#6888=ORIENTED_EDGE('',*,*,#5296,.F.);
#6889=ORIENTED_EDGE('',*,*,#5297,.T.);
#6890=ORIENTED_EDGE('',*,*,#4528,.T.);
#6891=ORIENTED_EDGE('',*,*,#5297,.F.);
#6892=ORIENTED_EDGE('',*,*,#5298,.F.);
#6893=ORIENTED_EDGE('',*,*,#5299,.T.);
#6894=ORIENTED_EDGE('',*,*,#5300,.F.);
#6895=ORIENTED_EDGE('',*,*,#5299,.F.);
#6896=ORIENTED_EDGE('',*,*,#5301,.F.);
#6897=ORIENTED_EDGE('',*,*,#5302,.T.);
#6898=ORIENTED_EDGE('',*,*,#5303,.F.);
#6899=ORIENTED_EDGE('',*,*,#5302,.F.);
#6900=ORIENTED_EDGE('',*,*,#5304,.F.);
#6901=ORIENTED_EDGE('',*,*,#5305,.T.);
#6902=ORIENTED_EDGE('',*,*,#5306,.F.);
#6903=ORIENTED_EDGE('',*,*,#5305,.F.);
#6904=ORIENTED_EDGE('',*,*,#5307,.F.);
#6905=ORIENTED_EDGE('',*,*,#5308,.T.);
#6906=ORIENTED_EDGE('',*,*,#5309,.F.);
#6907=ORIENTED_EDGE('',*,*,#5308,.F.);
#6908=ORIENTED_EDGE('',*,*,#5310,.F.);
#6909=ORIENTED_EDGE('',*,*,#5311,.T.);
#6910=ORIENTED_EDGE('',*,*,#5312,.F.);
#6911=ORIENTED_EDGE('',*,*,#5311,.F.);
#6912=ORIENTED_EDGE('',*,*,#5313,.F.);
#6913=ORIENTED_EDGE('',*,*,#5314,.T.);
#6914=ORIENTED_EDGE('',*,*,#5315,.F.);
#6915=ORIENTED_EDGE('',*,*,#5314,.F.);
#6916=ORIENTED_EDGE('',*,*,#5316,.F.);
#6917=ORIENTED_EDGE('',*,*,#5317,.T.);
#6918=ORIENTED_EDGE('',*,*,#5318,.F.);
#6919=ORIENTED_EDGE('',*,*,#5317,.F.);
#6920=ORIENTED_EDGE('',*,*,#5319,.F.);
#6921=ORIENTED_EDGE('',*,*,#5320,.T.);
#6922=ORIENTED_EDGE('',*,*,#5321,.F.);
#6923=ORIENTED_EDGE('',*,*,#5320,.F.);
#6924=ORIENTED_EDGE('',*,*,#5322,.F.);
#6925=ORIENTED_EDGE('',*,*,#5323,.T.);
#6926=ORIENTED_EDGE('',*,*,#5324,.F.);
#6927=ORIENTED_EDGE('',*,*,#5323,.F.);
#6928=ORIENTED_EDGE('',*,*,#5325,.F.);
#6929=ORIENTED_EDGE('',*,*,#5326,.T.);
#6930=ORIENTED_EDGE('',*,*,#5327,.F.);
#6931=ORIENTED_EDGE('',*,*,#5326,.F.);
#6932=ORIENTED_EDGE('',*,*,#5328,.F.);
#6933=ORIENTED_EDGE('',*,*,#5329,.T.);
#6934=ORIENTED_EDGE('',*,*,#5330,.F.);
#6935=ORIENTED_EDGE('',*,*,#5329,.F.);
#6936=ORIENTED_EDGE('',*,*,#5331,.F.);
#6937=ORIENTED_EDGE('',*,*,#5332,.T.);
#6938=ORIENTED_EDGE('',*,*,#5333,.F.);
#6939=ORIENTED_EDGE('',*,*,#5332,.F.);
#6940=ORIENTED_EDGE('',*,*,#5334,.F.);
#6941=ORIENTED_EDGE('',*,*,#5335,.T.);
#6942=ORIENTED_EDGE('',*,*,#5336,.F.);
#6943=ORIENTED_EDGE('',*,*,#5335,.F.);
#6944=ORIENTED_EDGE('',*,*,#5337,.F.);
#6945=ORIENTED_EDGE('',*,*,#5338,.T.);
#6946=ORIENTED_EDGE('',*,*,#5339,.F.);
#6947=ORIENTED_EDGE('',*,*,#5338,.F.);
#6948=ORIENTED_EDGE('',*,*,#5340,.F.);
#6949=ORIENTED_EDGE('',*,*,#5341,.T.);
#6950=ORIENTED_EDGE('',*,*,#5342,.F.);
#6951=ORIENTED_EDGE('',*,*,#5341,.F.);
#6952=ORIENTED_EDGE('',*,*,#4603,.T.);
#6953=ORIENTED_EDGE('',*,*,#4542,.T.);
#6954=ORIENTED_EDGE('',*,*,#4652,.T.);
#6955=ORIENTED_EDGE('',*,*,#4586,.T.);
#6956=ORIENTED_EDGE('',*,*,#5343,.F.);
#6957=ORIENTED_EDGE('',*,*,#5344,.T.);
#6958=ORIENTED_EDGE('',*,*,#5345,.F.);
#6959=ORIENTED_EDGE('',*,*,#5344,.F.);
#6960=ORIENTED_EDGE('',*,*,#4463,.T.);
#6961=ORIENTED_EDGE('',*,*,#4401,.T.);
#6962=ORIENTED_EDGE('',*,*,#4509,.T.);
#6963=ORIENTED_EDGE('',*,*,#4445,.T.);
#6964=ORIENTED_EDGE('',*,*,#5346,.F.);
#6965=ORIENTED_EDGE('',*,*,#5347,.T.);
#6966=ORIENTED_EDGE('',*,*,#5348,.F.);
#6967=ORIENTED_EDGE('',*,*,#5347,.F.);
#6968=ORIENTED_EDGE('',*,*,#5349,.F.);
#6969=ORIENTED_EDGE('',*,*,#5350,.T.);
#6970=ORIENTED_EDGE('',*,*,#5351,.F.);
#6971=ORIENTED_EDGE('',*,*,#5350,.F.);
#6972=ORIENTED_EDGE('',*,*,#5352,.F.);
#6973=ORIENTED_EDGE('',*,*,#5353,.T.);
#6974=ORIENTED_EDGE('',*,*,#5354,.F.);
#6975=ORIENTED_EDGE('',*,*,#5353,.F.);
#6976=ORIENTED_EDGE('',*,*,#5355,.F.);
#6977=ORIENTED_EDGE('',*,*,#5356,.T.);
#6978=ORIENTED_EDGE('',*,*,#5357,.F.);
#6979=ORIENTED_EDGE('',*,*,#5356,.F.);
#6980=ORIENTED_EDGE('',*,*,#5358,.F.);
#6981=ORIENTED_EDGE('',*,*,#5359,.T.);
#6982=ORIENTED_EDGE('',*,*,#5360,.F.);
#6983=ORIENTED_EDGE('',*,*,#5359,.F.);
#6984=ORIENTED_EDGE('',*,*,#5361,.F.);
#6985=ORIENTED_EDGE('',*,*,#5362,.T.);
#6986=ORIENTED_EDGE('',*,*,#5363,.F.);
#6987=ORIENTED_EDGE('',*,*,#5362,.F.);
#6988=ORIENTED_EDGE('',*,*,#5364,.F.);
#6989=ORIENTED_EDGE('',*,*,#5365,.T.);
#6990=ORIENTED_EDGE('',*,*,#5366,.F.);
#6991=ORIENTED_EDGE('',*,*,#5365,.F.);
#6992=ORIENTED_EDGE('',*,*,#5367,.F.);
#6993=ORIENTED_EDGE('',*,*,#5368,.T.);
#6994=ORIENTED_EDGE('',*,*,#5369,.F.);
#6995=ORIENTED_EDGE('',*,*,#5368,.F.);
#6996=ORIENTED_EDGE('',*,*,#5370,.F.);
#6997=ORIENTED_EDGE('',*,*,#5371,.T.);
#6998=ORIENTED_EDGE('',*,*,#5372,.F.);
#6999=ORIENTED_EDGE('',*,*,#5371,.F.);
#7000=ORIENTED_EDGE('',*,*,#5373,.F.);
#7001=ORIENTED_EDGE('',*,*,#5374,.T.);
#7002=ORIENTED_EDGE('',*,*,#5375,.F.);
#7003=ORIENTED_EDGE('',*,*,#5374,.F.);
#7004=ORIENTED_EDGE('',*,*,#5376,.F.);
#7005=ORIENTED_EDGE('',*,*,#5377,.T.);
#7006=ORIENTED_EDGE('',*,*,#5378,.F.);
#7007=ORIENTED_EDGE('',*,*,#5377,.F.);
#7008=ORIENTED_EDGE('',*,*,#5379,.F.);
#7009=ORIENTED_EDGE('',*,*,#5380,.T.);
#7010=ORIENTED_EDGE('',*,*,#5381,.F.);
#7011=ORIENTED_EDGE('',*,*,#5380,.F.);
#7012=ORIENTED_EDGE('',*,*,#5382,.F.);
#7013=ORIENTED_EDGE('',*,*,#5383,.T.);
#7014=ORIENTED_EDGE('',*,*,#5384,.F.);
#7015=ORIENTED_EDGE('',*,*,#5383,.F.);
#7016=ORIENTED_EDGE('',*,*,#5385,.F.);
#7017=ORIENTED_EDGE('',*,*,#5386,.T.);
#7018=ORIENTED_EDGE('',*,*,#5387,.F.);
#7019=ORIENTED_EDGE('',*,*,#5386,.F.);
#7020=ORIENTED_EDGE('',*,*,#5388,.F.);
#7021=ORIENTED_EDGE('',*,*,#5389,.T.);
#7022=ORIENTED_EDGE('',*,*,#5390,.F.);
#7023=ORIENTED_EDGE('',*,*,#5389,.F.);
#7024=ORIENTED_EDGE('',*,*,#5391,.F.);
#7025=ORIENTED_EDGE('',*,*,#5392,.T.);
#7026=ORIENTED_EDGE('',*,*,#5393,.F.);
#7027=ORIENTED_EDGE('',*,*,#5392,.F.);
#7028=ORIENTED_EDGE('',*,*,#5394,.F.);
#7029=ORIENTED_EDGE('',*,*,#5395,.T.);
#7030=ORIENTED_EDGE('',*,*,#5396,.F.);
#7031=ORIENTED_EDGE('',*,*,#5395,.F.);
#7032=ORIENTED_EDGE('',*,*,#5397,.F.);
#7033=ORIENTED_EDGE('',*,*,#5398,.T.);
#7034=ORIENTED_EDGE('',*,*,#5399,.F.);
#7035=ORIENTED_EDGE('',*,*,#5398,.F.);
#7036=ORIENTED_EDGE('',*,*,#5400,.T.);
#7037=ORIENTED_EDGE('',*,*,#5401,.T.);
#7038=ORIENTED_EDGE('',*,*,#5402,.T.);
#7039=ORIENTED_EDGE('',*,*,#5403,.T.);
#7040=ORIENTED_EDGE('',*,*,#5403,.F.);
#7041=ORIENTED_EDGE('',*,*,#5404,.F.);
#7042=ORIENTED_EDGE('',*,*,#5405,.F.);
#7043=ORIENTED_EDGE('',*,*,#5406,.F.);
#7044=ORIENTED_EDGE('',*,*,#4762,.T.);
#7045=ORIENTED_EDGE('',*,*,#4768,.T.);
#7046=ORIENTED_EDGE('',*,*,#4774,.T.);
#7047=ORIENTED_EDGE('',*,*,#4780,.T.);
#7048=ORIENTED_EDGE('',*,*,#4786,.T.);
#7049=ORIENTED_EDGE('',*,*,#4792,.T.);
#7050=ORIENTED_EDGE('',*,*,#4798,.T.);
#7051=ORIENTED_EDGE('',*,*,#4804,.T.);
#7052=ORIENTED_EDGE('',*,*,#4810,.T.);
#7053=ORIENTED_EDGE('',*,*,#4816,.T.);
#7054=ORIENTED_EDGE('',*,*,#4822,.T.);
#7055=ORIENTED_EDGE('',*,*,#4828,.T.);
#7056=ORIENTED_EDGE('',*,*,#4834,.T.);
#7057=ORIENTED_EDGE('',*,*,#4840,.T.);
#7058=ORIENTED_EDGE('',*,*,#4846,.T.);
#7059=ORIENTED_EDGE('',*,*,#4852,.T.);
#7060=ORIENTED_EDGE('',*,*,#4705,.T.);
#7061=ORIENTED_EDGE('',*,*,#4862,.T.);
#7062=ORIENTED_EDGE('',*,*,#4707,.T.);
#7063=ORIENTED_EDGE('',*,*,#4872,.T.);
#7064=ORIENTED_EDGE('',*,*,#4878,.T.);
#7065=ORIENTED_EDGE('',*,*,#4884,.T.);
#7066=ORIENTED_EDGE('',*,*,#4890,.T.);
#7067=ORIENTED_EDGE('',*,*,#4896,.T.);
#7068=ORIENTED_EDGE('',*,*,#4902,.T.);
#7069=ORIENTED_EDGE('',*,*,#4709,.T.);
#7070=ORIENTED_EDGE('',*,*,#4711,.T.);
#7071=ORIENTED_EDGE('',*,*,#4916,.T.);
#7072=ORIENTED_EDGE('',*,*,#4922,.T.);
#7073=ORIENTED_EDGE('',*,*,#4928,.T.);
#7074=ORIENTED_EDGE('',*,*,#4934,.T.);
#7075=ORIENTED_EDGE('',*,*,#4940,.T.);
#7076=ORIENTED_EDGE('',*,*,#4946,.T.);
#7077=ORIENTED_EDGE('',*,*,#4952,.T.);
#7078=ORIENTED_EDGE('',*,*,#4958,.T.);
#7079=ORIENTED_EDGE('',*,*,#4713,.T.);
#7080=ORIENTED_EDGE('',*,*,#4715,.T.);
#7081=ORIENTED_EDGE('',*,*,#4717,.T.);
#7082=ORIENTED_EDGE('',*,*,#4719,.T.);
#7083=ORIENTED_EDGE('',*,*,#4980,.T.);
#7084=ORIENTED_EDGE('',*,*,#4986,.T.);
#7085=ORIENTED_EDGE('',*,*,#4992,.T.);
#7086=ORIENTED_EDGE('',*,*,#4998,.T.);
#7087=ORIENTED_EDGE('',*,*,#5004,.T.);
#7088=ORIENTED_EDGE('',*,*,#5010,.T.);
#7089=ORIENTED_EDGE('',*,*,#5016,.T.);
#7090=ORIENTED_EDGE('',*,*,#5022,.T.);
#7091=ORIENTED_EDGE('',*,*,#5028,.T.);
#7092=ORIENTED_EDGE('',*,*,#5034,.T.);
#7093=ORIENTED_EDGE('',*,*,#5040,.T.);
#7094=ORIENTED_EDGE('',*,*,#5046,.T.);
#7095=ORIENTED_EDGE('',*,*,#5052,.T.);
#7096=ORIENTED_EDGE('',*,*,#5058,.T.);
#7097=ORIENTED_EDGE('',*,*,#5064,.T.);
#7098=ORIENTED_EDGE('',*,*,#5070,.T.);
#7099=ORIENTED_EDGE('',*,*,#5076,.T.);
#7100=ORIENTED_EDGE('',*,*,#5082,.T.);
#7101=ORIENTED_EDGE('',*,*,#5088,.T.);
#7102=ORIENTED_EDGE('',*,*,#5094,.T.);
#7103=ORIENTED_EDGE('',*,*,#5100,.T.);
#7104=ORIENTED_EDGE('',*,*,#5106,.T.);
#7105=ORIENTED_EDGE('',*,*,#5112,.T.);
#7106=ORIENTED_EDGE('',*,*,#5118,.T.);
#7107=ORIENTED_EDGE('',*,*,#5124,.T.);
#7108=ORIENTED_EDGE('',*,*,#5130,.T.);
#7109=ORIENTED_EDGE('',*,*,#5136,.T.);
#7110=ORIENTED_EDGE('',*,*,#5142,.T.);
#7111=ORIENTED_EDGE('',*,*,#5148,.T.);
#7112=ORIENTED_EDGE('',*,*,#5154,.T.);
#7113=ORIENTED_EDGE('',*,*,#5160,.T.);
#7114=ORIENTED_EDGE('',*,*,#5166,.T.);
#7115=ORIENTED_EDGE('',*,*,#4721,.T.);
#7116=ORIENTED_EDGE('',*,*,#4723,.T.);
#7117=ORIENTED_EDGE('',*,*,#5180,.T.);
#7118=ORIENTED_EDGE('',*,*,#5186,.T.);
#7119=ORIENTED_EDGE('',*,*,#5192,.T.);
#7120=ORIENTED_EDGE('',*,*,#5198,.T.);
#7121=ORIENTED_EDGE('',*,*,#4725,.T.);
#7122=ORIENTED_EDGE('',*,*,#5208,.T.);
#7123=ORIENTED_EDGE('',*,*,#5214,.T.);
#7124=ORIENTED_EDGE('',*,*,#5220,.T.);
#7125=ORIENTED_EDGE('',*,*,#5226,.T.);
#7126=ORIENTED_EDGE('',*,*,#5232,.T.);
#7127=ORIENTED_EDGE('',*,*,#5238,.T.);
#7128=ORIENTED_EDGE('',*,*,#4727,.T.);
#7129=ORIENTED_EDGE('',*,*,#5248,.T.);
#7130=ORIENTED_EDGE('',*,*,#4729,.T.);
#7131=ORIENTED_EDGE('',*,*,#5258,.T.);
#7132=ORIENTED_EDGE('',*,*,#5264,.T.);
#7133=ORIENTED_EDGE('',*,*,#4731,.T.);
#7134=ORIENTED_EDGE('',*,*,#5274,.T.);
#7135=ORIENTED_EDGE('',*,*,#5280,.T.);
#7136=ORIENTED_EDGE('',*,*,#4733,.T.);
#7137=ORIENTED_EDGE('',*,*,#5290,.T.);
#7138=ORIENTED_EDGE('',*,*,#4735,.T.);
#7139=ORIENTED_EDGE('',*,*,#5300,.T.);
#7140=ORIENTED_EDGE('',*,*,#5306,.T.);
#7141=ORIENTED_EDGE('',*,*,#5312,.T.);
#7142=ORIENTED_EDGE('',*,*,#5318,.T.);
#7143=ORIENTED_EDGE('',*,*,#5324,.T.);
#7144=ORIENTED_EDGE('',*,*,#5330,.T.);
#7145=ORIENTED_EDGE('',*,*,#5336,.T.);
#7146=ORIENTED_EDGE('',*,*,#5342,.T.);
#7147=ORIENTED_EDGE('',*,*,#5348,.T.);
#7148=ORIENTED_EDGE('',*,*,#5354,.T.);
#7149=ORIENTED_EDGE('',*,*,#5360,.T.);
#7150=ORIENTED_EDGE('',*,*,#5366,.T.);
#7151=ORIENTED_EDGE('',*,*,#5372,.T.);
#7152=ORIENTED_EDGE('',*,*,#5378,.T.);
#7153=ORIENTED_EDGE('',*,*,#5384,.T.);
#7154=ORIENTED_EDGE('',*,*,#5390,.T.);
#7155=ORIENTED_EDGE('',*,*,#5396,.T.);
#7156=ORIENTED_EDGE('',*,*,#5402,.F.);
#7157=ORIENTED_EDGE('',*,*,#5407,.T.);
#7158=ORIENTED_EDGE('',*,*,#5408,.F.);
#7159=ORIENTED_EDGE('',*,*,#5409,.T.);
#7160=ORIENTED_EDGE('',*,*,#5410,.F.);
#7161=ORIENTED_EDGE('',*,*,#5411,.T.);
#7162=ORIENTED_EDGE('',*,*,#5412,.F.);
#7163=ORIENTED_EDGE('',*,*,#5404,.T.);
#7164=ORIENTED_EDGE('',*,*,#4750,.T.);
#7165=ORIENTED_EDGE('',*,*,#4753,.T.);
#7166=ORIENTED_EDGE('',*,*,#4756,.T.);
#7167=ORIENTED_EDGE('',*,*,#4754,.T.);
#7168=ORIENTED_EDGE('',*,*,#4745,.T.);
#7169=ORIENTED_EDGE('',*,*,#4748,.T.);
#7170=ORIENTED_EDGE('',*,*,#4759,.T.);
#7171=ORIENTED_EDGE('',*,*,#4757,.T.);
#7172=ORIENTED_EDGE('',*,*,#5413,.T.);
#7173=ORIENTED_EDGE('',*,*,#5414,.T.);
#7174=ORIENTED_EDGE('',*,*,#5408,.T.);
#7175=ORIENTED_EDGE('',*,*,#5415,.T.);
#7176=ORIENTED_EDGE('',*,*,#5414,.F.);
#7177=ORIENTED_EDGE('',*,*,#5416,.F.);
#7178=ORIENTED_EDGE('',*,*,#5417,.F.);
#7179=ORIENTED_EDGE('',*,*,#5409,.F.);
#7180=ORIENTED_EDGE('',*,*,#4763,.T.);
#7181=ORIENTED_EDGE('',*,*,#4769,.T.);
#7182=ORIENTED_EDGE('',*,*,#4775,.T.);
#7183=ORIENTED_EDGE('',*,*,#4781,.T.);
#7184=ORIENTED_EDGE('',*,*,#4787,.T.);
#7185=ORIENTED_EDGE('',*,*,#4793,.T.);
#7186=ORIENTED_EDGE('',*,*,#4799,.T.);
#7187=ORIENTED_EDGE('',*,*,#4805,.T.);
#7188=ORIENTED_EDGE('',*,*,#4811,.T.);
#7189=ORIENTED_EDGE('',*,*,#4817,.T.);
#7190=ORIENTED_EDGE('',*,*,#4823,.T.);
#7191=ORIENTED_EDGE('',*,*,#4829,.T.);
#7192=ORIENTED_EDGE('',*,*,#4835,.T.);
#7193=ORIENTED_EDGE('',*,*,#4841,.T.);
#7194=ORIENTED_EDGE('',*,*,#4847,.T.);
#7195=ORIENTED_EDGE('',*,*,#4853,.T.);
#7196=ORIENTED_EDGE('',*,*,#4858,.T.);
#7197=ORIENTED_EDGE('',*,*,#4863,.T.);
#7198=ORIENTED_EDGE('',*,*,#4868,.T.);
#7199=ORIENTED_EDGE('',*,*,#4873,.T.);
#7200=ORIENTED_EDGE('',*,*,#4879,.T.);
#7201=ORIENTED_EDGE('',*,*,#4885,.T.);
#7202=ORIENTED_EDGE('',*,*,#4891,.T.);
#7203=ORIENTED_EDGE('',*,*,#4897,.T.);
#7204=ORIENTED_EDGE('',*,*,#4903,.T.);
#7205=ORIENTED_EDGE('',*,*,#4908,.T.);
#7206=ORIENTED_EDGE('',*,*,#4912,.T.);
#7207=ORIENTED_EDGE('',*,*,#4917,.T.);
#7208=ORIENTED_EDGE('',*,*,#4923,.T.);
#7209=ORIENTED_EDGE('',*,*,#4929,.T.);
#7210=ORIENTED_EDGE('',*,*,#4935,.T.);
#7211=ORIENTED_EDGE('',*,*,#4941,.T.);
#7212=ORIENTED_EDGE('',*,*,#4947,.T.);
#7213=ORIENTED_EDGE('',*,*,#4953,.T.);
#7214=ORIENTED_EDGE('',*,*,#4959,.T.);
#7215=ORIENTED_EDGE('',*,*,#4964,.T.);
#7216=ORIENTED_EDGE('',*,*,#4968,.T.);
#7217=ORIENTED_EDGE('',*,*,#4972,.T.);
#7218=ORIENTED_EDGE('',*,*,#4976,.T.);
#7219=ORIENTED_EDGE('',*,*,#4981,.T.);
#7220=ORIENTED_EDGE('',*,*,#4987,.T.);
#7221=ORIENTED_EDGE('',*,*,#4993,.T.);
#7222=ORIENTED_EDGE('',*,*,#4999,.T.);
#7223=ORIENTED_EDGE('',*,*,#5005,.T.);
#7224=ORIENTED_EDGE('',*,*,#5011,.T.);
#7225=ORIENTED_EDGE('',*,*,#5017,.T.);
#7226=ORIENTED_EDGE('',*,*,#5023,.T.);
#7227=ORIENTED_EDGE('',*,*,#5029,.T.);
#7228=ORIENTED_EDGE('',*,*,#5035,.T.);
#7229=ORIENTED_EDGE('',*,*,#5041,.T.);
#7230=ORIENTED_EDGE('',*,*,#5047,.T.);
#7231=ORIENTED_EDGE('',*,*,#5053,.T.);
#7232=ORIENTED_EDGE('',*,*,#5059,.T.);
#7233=ORIENTED_EDGE('',*,*,#5065,.T.);
#7234=ORIENTED_EDGE('',*,*,#5071,.T.);
#7235=ORIENTED_EDGE('',*,*,#5077,.T.);
#7236=ORIENTED_EDGE('',*,*,#5083,.T.);
#7237=ORIENTED_EDGE('',*,*,#5089,.T.);
#7238=ORIENTED_EDGE('',*,*,#5095,.T.);
#7239=ORIENTED_EDGE('',*,*,#5101,.T.);
#7240=ORIENTED_EDGE('',*,*,#5107,.T.);
#7241=ORIENTED_EDGE('',*,*,#5113,.T.);
#7242=ORIENTED_EDGE('',*,*,#5119,.T.);
#7243=ORIENTED_EDGE('',*,*,#5125,.T.);
#7244=ORIENTED_EDGE('',*,*,#5131,.T.);
#7245=ORIENTED_EDGE('',*,*,#5137,.T.);
#7246=ORIENTED_EDGE('',*,*,#5143,.T.);
#7247=ORIENTED_EDGE('',*,*,#5149,.T.);
#7248=ORIENTED_EDGE('',*,*,#5155,.T.);
#7249=ORIENTED_EDGE('',*,*,#5161,.T.);
#7250=ORIENTED_EDGE('',*,*,#5167,.T.);
#7251=ORIENTED_EDGE('',*,*,#5172,.T.);
#7252=ORIENTED_EDGE('',*,*,#5176,.T.);
#7253=ORIENTED_EDGE('',*,*,#5181,.T.);
#7254=ORIENTED_EDGE('',*,*,#5187,.T.);
#7255=ORIENTED_EDGE('',*,*,#5193,.T.);
#7256=ORIENTED_EDGE('',*,*,#5199,.T.);
#7257=ORIENTED_EDGE('',*,*,#5204,.T.);
#7258=ORIENTED_EDGE('',*,*,#5209,.T.);
#7259=ORIENTED_EDGE('',*,*,#5215,.T.);
#7260=ORIENTED_EDGE('',*,*,#5221,.T.);
#7261=ORIENTED_EDGE('',*,*,#5227,.T.);
#7262=ORIENTED_EDGE('',*,*,#5233,.T.);
#7263=ORIENTED_EDGE('',*,*,#5239,.T.);
#7264=ORIENTED_EDGE('',*,*,#5244,.T.);
#7265=ORIENTED_EDGE('',*,*,#5249,.T.);
#7266=ORIENTED_EDGE('',*,*,#5254,.T.);
#7267=ORIENTED_EDGE('',*,*,#5259,.T.);
#7268=ORIENTED_EDGE('',*,*,#5265,.T.);
#7269=ORIENTED_EDGE('',*,*,#5270,.T.);
#7270=ORIENTED_EDGE('',*,*,#5275,.T.);
#7271=ORIENTED_EDGE('',*,*,#5281,.T.);
#7272=ORIENTED_EDGE('',*,*,#5286,.T.);
#7273=ORIENTED_EDGE('',*,*,#5291,.T.);
#7274=ORIENTED_EDGE('',*,*,#5296,.T.);
#7275=ORIENTED_EDGE('',*,*,#5301,.T.);
#7276=ORIENTED_EDGE('',*,*,#5307,.T.);
#7277=ORIENTED_EDGE('',*,*,#5313,.T.);
#7278=ORIENTED_EDGE('',*,*,#5319,.T.);
#7279=ORIENTED_EDGE('',*,*,#5325,.T.);
#7280=ORIENTED_EDGE('',*,*,#5331,.T.);
#7281=ORIENTED_EDGE('',*,*,#5337,.T.);
#7282=ORIENTED_EDGE('',*,*,#5343,.T.);
#7283=ORIENTED_EDGE('',*,*,#5349,.T.);
#7284=ORIENTED_EDGE('',*,*,#5355,.T.);
#7285=ORIENTED_EDGE('',*,*,#5361,.T.);
#7286=ORIENTED_EDGE('',*,*,#5367,.T.);
#7287=ORIENTED_EDGE('',*,*,#5373,.T.);
#7288=ORIENTED_EDGE('',*,*,#5379,.T.);
#7289=ORIENTED_EDGE('',*,*,#5385,.T.);
#7290=ORIENTED_EDGE('',*,*,#5391,.T.);
#7291=ORIENTED_EDGE('',*,*,#5397,.T.);
#7292=ORIENTED_EDGE('',*,*,#5400,.F.);
#7293=ORIENTED_EDGE('',*,*,#5406,.T.);
#7294=ORIENTED_EDGE('',*,*,#5418,.F.);
#7295=ORIENTED_EDGE('',*,*,#5419,.T.);
#7296=ORIENTED_EDGE('',*,*,#5420,.F.);
#7297=ORIENTED_EDGE('',*,*,#5416,.T.);
#7298=ORIENTED_EDGE('',*,*,#5413,.F.);
#7299=ORIENTED_EDGE('',*,*,#5421,.T.);
#7300=ORIENTED_EDGE('',*,*,#5422,.T.);
#7301=ORIENTED_EDGE('',*,*,#5423,.F.);
#7302=ORIENTED_EDGE('',*,*,#5424,.T.);
#7303=ORIENTED_EDGE('',*,*,#5425,.T.);
#7304=ORIENTED_EDGE('',*,*,#4494,.T.);
#7305=ORIENTED_EDGE('',*,*,#4529,.T.);
#7306=ORIENTED_EDGE('',*,*,#4459,.T.);
#7307=ORIENTED_EDGE('',*,*,#4392,.T.);
#7308=ORIENTED_EDGE('',*,*,#4635,.T.);
#7309=ORIENTED_EDGE('',*,*,#4637,.T.);
#7310=ORIENTED_EDGE('',*,*,#4532,.T.);
#7311=ORIENTED_EDGE('',*,*,#4600,.T.);
#7312=ORIENTED_EDGE('',*,*,#5418,.T.);
#7313=ORIENTED_EDGE('',*,*,#5405,.T.);
#7314=ORIENTED_EDGE('',*,*,#5412,.T.);
#7315=ORIENTED_EDGE('',*,*,#5426,.T.);
#7316=ORIENTED_EDGE('',*,*,#5426,.F.);
#7317=ORIENTED_EDGE('',*,*,#5411,.F.);
#7318=ORIENTED_EDGE('',*,*,#5427,.F.);
#7319=ORIENTED_EDGE('',*,*,#5419,.F.);
#7320=ORIENTED_EDGE('',*,*,#5428,.T.);
#7321=ORIENTED_EDGE('',*,*,#5429,.T.);
#7322=ORIENTED_EDGE('',*,*,#5430,.T.);
#7323=ORIENTED_EDGE('',*,*,#5431,.T.);
#7324=ORIENTED_EDGE('',*,*,#5432,.T.);
#7325=ORIENTED_EDGE('',*,*,#5433,.T.);
#7326=ORIENTED_EDGE('',*,*,#5434,.T.);
#7327=ORIENTED_EDGE('',*,*,#5435,.T.);
#7328=ORIENTED_EDGE('',*,*,#5436,.T.);
#7329=ORIENTED_EDGE('',*,*,#5437,.T.);
#7330=ORIENTED_EDGE('',*,*,#5438,.T.);
#7331=ORIENTED_EDGE('',*,*,#5439,.T.);
#7332=ORIENTED_EDGE('',*,*,#5440,.T.);
#7333=ORIENTED_EDGE('',*,*,#5441,.T.);
#7334=ORIENTED_EDGE('',*,*,#5442,.T.);
#7335=ORIENTED_EDGE('',*,*,#5443,.T.);
#7336=ORIENTED_EDGE('',*,*,#5420,.T.);
#7337=ORIENTED_EDGE('',*,*,#5427,.T.);
#7338=ORIENTED_EDGE('',*,*,#5410,.T.);
#7339=ORIENTED_EDGE('',*,*,#5417,.T.);
#7340=ORIENTED_EDGE('',*,*,#5444,.F.);
#7341=ORIENTED_EDGE('',*,*,#5445,.F.);
#7342=ORIENTED_EDGE('',*,*,#5442,.F.);
#7343=ORIENTED_EDGE('',*,*,#5446,.T.);
#7344=ORIENTED_EDGE('',*,*,#5447,.F.);
#7345=ORIENTED_EDGE('',*,*,#5446,.F.);
#7346=ORIENTED_EDGE('',*,*,#5441,.F.);
#7347=ORIENTED_EDGE('',*,*,#5448,.T.);
#7348=ORIENTED_EDGE('',*,*,#5449,.F.);
#7349=ORIENTED_EDGE('',*,*,#5448,.F.);
#7350=ORIENTED_EDGE('',*,*,#5440,.F.);
#7351=ORIENTED_EDGE('',*,*,#5450,.T.);
#7352=ORIENTED_EDGE('',*,*,#5451,.F.);
#7353=ORIENTED_EDGE('',*,*,#5450,.F.);
#7354=ORIENTED_EDGE('',*,*,#5443,.F.);
#7355=ORIENTED_EDGE('',*,*,#5445,.T.);
#7356=ORIENTED_EDGE('',*,*,#5452,.F.);
#7357=ORIENTED_EDGE('',*,*,#5453,.F.);
#7358=ORIENTED_EDGE('',*,*,#5438,.F.);
#7359=ORIENTED_EDGE('',*,*,#5454,.T.);
#7360=ORIENTED_EDGE('',*,*,#5455,.F.);
#7361=ORIENTED_EDGE('',*,*,#5454,.F.);
#7362=ORIENTED_EDGE('',*,*,#5437,.F.);
#7363=ORIENTED_EDGE('',*,*,#5456,.T.);
#7364=ORIENTED_EDGE('',*,*,#5457,.F.);
#7365=ORIENTED_EDGE('',*,*,#5456,.F.);
#7366=ORIENTED_EDGE('',*,*,#5436,.F.);
#7367=ORIENTED_EDGE('',*,*,#5458,.T.);
#7368=ORIENTED_EDGE('',*,*,#5459,.F.);
#7369=ORIENTED_EDGE('',*,*,#5458,.F.);
#7370=ORIENTED_EDGE('',*,*,#5439,.F.);
#7371=ORIENTED_EDGE('',*,*,#5453,.T.);
#7372=ORIENTED_EDGE('',*,*,#5460,.F.);
#7373=ORIENTED_EDGE('',*,*,#5461,.F.);
#7374=ORIENTED_EDGE('',*,*,#5434,.F.);
#7375=ORIENTED_EDGE('',*,*,#5462,.T.);
#7376=ORIENTED_EDGE('',*,*,#5463,.F.);
#7377=ORIENTED_EDGE('',*,*,#5462,.F.);
#7378=ORIENTED_EDGE('',*,*,#5433,.F.);
#7379=ORIENTED_EDGE('',*,*,#5464,.T.);
#7380=ORIENTED_EDGE('',*,*,#5465,.F.);
#7381=ORIENTED_EDGE('',*,*,#5464,.F.);
#7382=ORIENTED_EDGE('',*,*,#5432,.F.);
#7383=ORIENTED_EDGE('',*,*,#5466,.T.);
#7384=ORIENTED_EDGE('',*,*,#5467,.F.);
#7385=ORIENTED_EDGE('',*,*,#5466,.F.);
#7386=ORIENTED_EDGE('',*,*,#5435,.F.);
#7387=ORIENTED_EDGE('',*,*,#5461,.T.);
#7388=ORIENTED_EDGE('',*,*,#5468,.F.);
#7389=ORIENTED_EDGE('',*,*,#5469,.F.);
#7390=ORIENTED_EDGE('',*,*,#5430,.F.);
#7391=ORIENTED_EDGE('',*,*,#5470,.T.);
#7392=ORIENTED_EDGE('',*,*,#5471,.F.);
#7393=ORIENTED_EDGE('',*,*,#5470,.F.);
#7394=ORIENTED_EDGE('',*,*,#5429,.F.);
#7395=ORIENTED_EDGE('',*,*,#5472,.T.);
#7396=ORIENTED_EDGE('',*,*,#5473,.F.);
#7397=ORIENTED_EDGE('',*,*,#5472,.F.);
#7398=ORIENTED_EDGE('',*,*,#5428,.F.);
#7399=ORIENTED_EDGE('',*,*,#5474,.T.);
#7400=ORIENTED_EDGE('',*,*,#5475,.F.);
#7401=ORIENTED_EDGE('',*,*,#5474,.F.);
#7402=ORIENTED_EDGE('',*,*,#5431,.F.);
#7403=ORIENTED_EDGE('',*,*,#5469,.T.);
#7404=ORIENTED_EDGE('',*,*,#5476,.F.);
#7405=ORIENTED_EDGE('',*,*,#5477,.F.);
#7406=ORIENTED_EDGE('',*,*,#5478,.F.);
#7407=ORIENTED_EDGE('',*,*,#5423,.T.);
#7408=ORIENTED_EDGE('',*,*,#5449,.T.);
#7409=ORIENTED_EDGE('',*,*,#5451,.T.);
#7410=ORIENTED_EDGE('',*,*,#5444,.T.);
#7411=ORIENTED_EDGE('',*,*,#5447,.T.);
#7412=ORIENTED_EDGE('',*,*,#5457,.T.);
#7413=ORIENTED_EDGE('',*,*,#5459,.T.);
#7414=ORIENTED_EDGE('',*,*,#5452,.T.);
#7415=ORIENTED_EDGE('',*,*,#5455,.T.);
#7416=ORIENTED_EDGE('',*,*,#5465,.T.);
#7417=ORIENTED_EDGE('',*,*,#5467,.T.);
#7418=ORIENTED_EDGE('',*,*,#5460,.T.);
#7419=ORIENTED_EDGE('',*,*,#5463,.T.);
#7420=ORIENTED_EDGE('',*,*,#5473,.T.);
#7421=ORIENTED_EDGE('',*,*,#5475,.T.);
#7422=ORIENTED_EDGE('',*,*,#5468,.T.);
#7423=ORIENTED_EDGE('',*,*,#5471,.T.);
#7424=ORIENTED_EDGE('',*,*,#5476,.T.);
#7425=ORIENTED_EDGE('',*,*,#5422,.F.);
#7426=ORIENTED_EDGE('',*,*,#5479,.F.);
#7427=ORIENTED_EDGE('',*,*,#5480,.F.);
#7428=ORIENTED_EDGE('',*,*,#4765,.T.);
#7429=ORIENTED_EDGE('',*,*,#4771,.T.);
#7430=ORIENTED_EDGE('',*,*,#4777,.T.);
#7431=ORIENTED_EDGE('',*,*,#4783,.T.);
#7432=ORIENTED_EDGE('',*,*,#4789,.T.);
#7433=ORIENTED_EDGE('',*,*,#4795,.T.);
#7434=ORIENTED_EDGE('',*,*,#4801,.T.);
#7435=ORIENTED_EDGE('',*,*,#4807,.T.);
#7436=ORIENTED_EDGE('',*,*,#4813,.T.);
#7437=ORIENTED_EDGE('',*,*,#4819,.T.);
#7438=ORIENTED_EDGE('',*,*,#4825,.T.);
#7439=ORIENTED_EDGE('',*,*,#4831,.T.);
#7440=ORIENTED_EDGE('',*,*,#4837,.T.);
#7441=ORIENTED_EDGE('',*,*,#4843,.T.);
#7442=ORIENTED_EDGE('',*,*,#4849,.T.);
#7443=ORIENTED_EDGE('',*,*,#4855,.T.);
#7444=ORIENTED_EDGE('',*,*,#4673,.T.);
#7445=ORIENTED_EDGE('',*,*,#4865,.T.);
#7446=ORIENTED_EDGE('',*,*,#4675,.T.);
#7447=ORIENTED_EDGE('',*,*,#4875,.T.);
#7448=ORIENTED_EDGE('',*,*,#4881,.T.);
#7449=ORIENTED_EDGE('',*,*,#4887,.T.);
#7450=ORIENTED_EDGE('',*,*,#4893,.T.);
#7451=ORIENTED_EDGE('',*,*,#4899,.T.);
#7452=ORIENTED_EDGE('',*,*,#4905,.T.);
#7453=ORIENTED_EDGE('',*,*,#4677,.T.);
#7454=ORIENTED_EDGE('',*,*,#4679,.T.);
#7455=ORIENTED_EDGE('',*,*,#4919,.T.);
#7456=ORIENTED_EDGE('',*,*,#4925,.T.);
#7457=ORIENTED_EDGE('',*,*,#4931,.T.);
#7458=ORIENTED_EDGE('',*,*,#4937,.T.);
#7459=ORIENTED_EDGE('',*,*,#4943,.T.);
#7460=ORIENTED_EDGE('',*,*,#4949,.T.);
#7461=ORIENTED_EDGE('',*,*,#4955,.T.);
#7462=ORIENTED_EDGE('',*,*,#4961,.T.);
#7463=ORIENTED_EDGE('',*,*,#4681,.T.);
#7464=ORIENTED_EDGE('',*,*,#4683,.T.);
#7465=ORIENTED_EDGE('',*,*,#4685,.T.);
#7466=ORIENTED_EDGE('',*,*,#4687,.T.);
#7467=ORIENTED_EDGE('',*,*,#4983,.T.);
#7468=ORIENTED_EDGE('',*,*,#4989,.T.);
#7469=ORIENTED_EDGE('',*,*,#4995,.T.);
#7470=ORIENTED_EDGE('',*,*,#5001,.T.);
#7471=ORIENTED_EDGE('',*,*,#5007,.T.);
#7472=ORIENTED_EDGE('',*,*,#5013,.T.);
#7473=ORIENTED_EDGE('',*,*,#5019,.T.);
#7474=ORIENTED_EDGE('',*,*,#5025,.T.);
#7475=ORIENTED_EDGE('',*,*,#5031,.T.);
#7476=ORIENTED_EDGE('',*,*,#5037,.T.);
#7477=ORIENTED_EDGE('',*,*,#5043,.T.);
#7478=ORIENTED_EDGE('',*,*,#5049,.T.);
#7479=ORIENTED_EDGE('',*,*,#5055,.T.);
#7480=ORIENTED_EDGE('',*,*,#5061,.T.);
#7481=ORIENTED_EDGE('',*,*,#5067,.T.);
#7482=ORIENTED_EDGE('',*,*,#5073,.T.);
#7483=ORIENTED_EDGE('',*,*,#5079,.T.);
#7484=ORIENTED_EDGE('',*,*,#5085,.T.);
#7485=ORIENTED_EDGE('',*,*,#5091,.T.);
#7486=ORIENTED_EDGE('',*,*,#5097,.T.);
#7487=ORIENTED_EDGE('',*,*,#5103,.T.);
#7488=ORIENTED_EDGE('',*,*,#5109,.T.);
#7489=ORIENTED_EDGE('',*,*,#5115,.T.);
#7490=ORIENTED_EDGE('',*,*,#5121,.T.);
#7491=ORIENTED_EDGE('',*,*,#5127,.T.);
#7492=ORIENTED_EDGE('',*,*,#5133,.T.);
#7493=ORIENTED_EDGE('',*,*,#5139,.T.);
#7494=ORIENTED_EDGE('',*,*,#5145,.T.);
#7495=ORIENTED_EDGE('',*,*,#5151,.T.);
#7496=ORIENTED_EDGE('',*,*,#5157,.T.);
#7497=ORIENTED_EDGE('',*,*,#5163,.T.);
#7498=ORIENTED_EDGE('',*,*,#5169,.T.);
#7499=ORIENTED_EDGE('',*,*,#4689,.T.);
#7500=ORIENTED_EDGE('',*,*,#4691,.T.);
#7501=ORIENTED_EDGE('',*,*,#5183,.T.);
#7502=ORIENTED_EDGE('',*,*,#5189,.T.);
#7503=ORIENTED_EDGE('',*,*,#5195,.T.);
#7504=ORIENTED_EDGE('',*,*,#5201,.T.);
#7505=ORIENTED_EDGE('',*,*,#4693,.T.);
#7506=ORIENTED_EDGE('',*,*,#5211,.T.);
#7507=ORIENTED_EDGE('',*,*,#5217,.T.);
#7508=ORIENTED_EDGE('',*,*,#5223,.T.);
#7509=ORIENTED_EDGE('',*,*,#5229,.T.);
#7510=ORIENTED_EDGE('',*,*,#5235,.T.);
#7511=ORIENTED_EDGE('',*,*,#5241,.T.);
#7512=ORIENTED_EDGE('',*,*,#4695,.T.);
#7513=ORIENTED_EDGE('',*,*,#5251,.T.);
#7514=ORIENTED_EDGE('',*,*,#4697,.T.);
#7515=ORIENTED_EDGE('',*,*,#5261,.T.);
#7516=ORIENTED_EDGE('',*,*,#5267,.T.);
#7517=ORIENTED_EDGE('',*,*,#4699,.T.);
#7518=ORIENTED_EDGE('',*,*,#5277,.T.);
#7519=ORIENTED_EDGE('',*,*,#5283,.T.);
#7520=ORIENTED_EDGE('',*,*,#4701,.T.);
#7521=ORIENTED_EDGE('',*,*,#5293,.T.);
#7522=ORIENTED_EDGE('',*,*,#4703,.T.);
#7523=ORIENTED_EDGE('',*,*,#5303,.T.);
#7524=ORIENTED_EDGE('',*,*,#5309,.T.);
#7525=ORIENTED_EDGE('',*,*,#5315,.T.);
#7526=ORIENTED_EDGE('',*,*,#5321,.T.);
#7527=ORIENTED_EDGE('',*,*,#5327,.T.);
#7528=ORIENTED_EDGE('',*,*,#5333,.T.);
#7529=ORIENTED_EDGE('',*,*,#5339,.T.);
#7530=ORIENTED_EDGE('',*,*,#5345,.T.);
#7531=ORIENTED_EDGE('',*,*,#5351,.T.);
#7532=ORIENTED_EDGE('',*,*,#5357,.T.);
#7533=ORIENTED_EDGE('',*,*,#5363,.T.);
#7534=ORIENTED_EDGE('',*,*,#5369,.T.);
#7535=ORIENTED_EDGE('',*,*,#5375,.T.);
#7536=ORIENTED_EDGE('',*,*,#5381,.T.);
#7537=ORIENTED_EDGE('',*,*,#5387,.T.);
#7538=ORIENTED_EDGE('',*,*,#5393,.T.);
#7539=ORIENTED_EDGE('',*,*,#5399,.T.);
#7540=ORIENTED_EDGE('',*,*,#5477,.T.);
#7541=ORIENTED_EDGE('',*,*,#5480,.T.);
#7542=ORIENTED_EDGE('',*,*,#5481,.T.);
#7543=ORIENTED_EDGE('',*,*,#5482,.T.);
#7544=ORIENTED_EDGE('',*,*,#5478,.T.);
#7545=ORIENTED_EDGE('',*,*,#5482,.F.);
#7546=ORIENTED_EDGE('',*,*,#5483,.T.);
#7547=ORIENTED_EDGE('',*,*,#5424,.F.);
#7548=ORIENTED_EDGE('',*,*,#4760,.T.);
#7549=ORIENTED_EDGE('',*,*,#4766,.T.);
#7550=ORIENTED_EDGE('',*,*,#4772,.T.);
#7551=ORIENTED_EDGE('',*,*,#4778,.T.);
#7552=ORIENTED_EDGE('',*,*,#4784,.T.);
#7553=ORIENTED_EDGE('',*,*,#4790,.T.);
#7554=ORIENTED_EDGE('',*,*,#4796,.T.);
#7555=ORIENTED_EDGE('',*,*,#4802,.T.);
#7556=ORIENTED_EDGE('',*,*,#4808,.T.);
#7557=ORIENTED_EDGE('',*,*,#4814,.T.);
#7558=ORIENTED_EDGE('',*,*,#4820,.T.);
#7559=ORIENTED_EDGE('',*,*,#4826,.T.);
#7560=ORIENTED_EDGE('',*,*,#4832,.T.);
#7561=ORIENTED_EDGE('',*,*,#4838,.T.);
#7562=ORIENTED_EDGE('',*,*,#4844,.T.);
#7563=ORIENTED_EDGE('',*,*,#4850,.T.);
#7564=ORIENTED_EDGE('',*,*,#4856,.T.);
#7565=ORIENTED_EDGE('',*,*,#4860,.T.);
#7566=ORIENTED_EDGE('',*,*,#4866,.T.);
#7567=ORIENTED_EDGE('',*,*,#4870,.T.);
#7568=ORIENTED_EDGE('',*,*,#4876,.T.);
#7569=ORIENTED_EDGE('',*,*,#4882,.T.);
#7570=ORIENTED_EDGE('',*,*,#4888,.T.);
#7571=ORIENTED_EDGE('',*,*,#4894,.T.);
#7572=ORIENTED_EDGE('',*,*,#4900,.T.);
#7573=ORIENTED_EDGE('',*,*,#4906,.T.);
#7574=ORIENTED_EDGE('',*,*,#4910,.T.);
#7575=ORIENTED_EDGE('',*,*,#4914,.T.);
#7576=ORIENTED_EDGE('',*,*,#4920,.T.);
#7577=ORIENTED_EDGE('',*,*,#4926,.T.);
#7578=ORIENTED_EDGE('',*,*,#4932,.T.);
#7579=ORIENTED_EDGE('',*,*,#4938,.T.);
#7580=ORIENTED_EDGE('',*,*,#4944,.T.);
#7581=ORIENTED_EDGE('',*,*,#4950,.T.);
#7582=ORIENTED_EDGE('',*,*,#4956,.T.);
#7583=ORIENTED_EDGE('',*,*,#4962,.T.);
#7584=ORIENTED_EDGE('',*,*,#4966,.T.);
#7585=ORIENTED_EDGE('',*,*,#4970,.T.);
#7586=ORIENTED_EDGE('',*,*,#4974,.T.);
#7587=ORIENTED_EDGE('',*,*,#4978,.T.);
#7588=ORIENTED_EDGE('',*,*,#4984,.T.);
#7589=ORIENTED_EDGE('',*,*,#4990,.T.);
#7590=ORIENTED_EDGE('',*,*,#4996,.T.);
#7591=ORIENTED_EDGE('',*,*,#5002,.T.);
#7592=ORIENTED_EDGE('',*,*,#5008,.T.);
#7593=ORIENTED_EDGE('',*,*,#5014,.T.);
#7594=ORIENTED_EDGE('',*,*,#5020,.T.);
#7595=ORIENTED_EDGE('',*,*,#5026,.T.);
#7596=ORIENTED_EDGE('',*,*,#5032,.T.);
#7597=ORIENTED_EDGE('',*,*,#5038,.T.);
#7598=ORIENTED_EDGE('',*,*,#5044,.T.);
#7599=ORIENTED_EDGE('',*,*,#5050,.T.);
#7600=ORIENTED_EDGE('',*,*,#5056,.T.);
#7601=ORIENTED_EDGE('',*,*,#5062,.T.);
#7602=ORIENTED_EDGE('',*,*,#5068,.T.);
#7603=ORIENTED_EDGE('',*,*,#5074,.T.);
#7604=ORIENTED_EDGE('',*,*,#5080,.T.);
#7605=ORIENTED_EDGE('',*,*,#5086,.T.);
#7606=ORIENTED_EDGE('',*,*,#5092,.T.);
#7607=ORIENTED_EDGE('',*,*,#5098,.T.);
#7608=ORIENTED_EDGE('',*,*,#5104,.T.);
#7609=ORIENTED_EDGE('',*,*,#5110,.T.);
#7610=ORIENTED_EDGE('',*,*,#5116,.T.);
#7611=ORIENTED_EDGE('',*,*,#5122,.T.);
#7612=ORIENTED_EDGE('',*,*,#5128,.T.);
#7613=ORIENTED_EDGE('',*,*,#5134,.T.);
#7614=ORIENTED_EDGE('',*,*,#5140,.T.);
#7615=ORIENTED_EDGE('',*,*,#5146,.T.);
#7616=ORIENTED_EDGE('',*,*,#5152,.T.);
#7617=ORIENTED_EDGE('',*,*,#5158,.T.);
#7618=ORIENTED_EDGE('',*,*,#5164,.T.);
#7619=ORIENTED_EDGE('',*,*,#5170,.T.);
#7620=ORIENTED_EDGE('',*,*,#5174,.T.);
#7621=ORIENTED_EDGE('',*,*,#5178,.T.);
#7622=ORIENTED_EDGE('',*,*,#5184,.T.);
#7623=ORIENTED_EDGE('',*,*,#5190,.T.);
#7624=ORIENTED_EDGE('',*,*,#5196,.T.);
#7625=ORIENTED_EDGE('',*,*,#5202,.T.);
#7626=ORIENTED_EDGE('',*,*,#5206,.T.);
#7627=ORIENTED_EDGE('',*,*,#5212,.T.);
#7628=ORIENTED_EDGE('',*,*,#5218,.T.);
#7629=ORIENTED_EDGE('',*,*,#5224,.T.);
#7630=ORIENTED_EDGE('',*,*,#5230,.T.);
#7631=ORIENTED_EDGE('',*,*,#5236,.T.);
#7632=ORIENTED_EDGE('',*,*,#5242,.T.);
#7633=ORIENTED_EDGE('',*,*,#5246,.T.);
#7634=ORIENTED_EDGE('',*,*,#5252,.T.);
#7635=ORIENTED_EDGE('',*,*,#5256,.T.);
#7636=ORIENTED_EDGE('',*,*,#5262,.T.);
#7637=ORIENTED_EDGE('',*,*,#5268,.T.);
#7638=ORIENTED_EDGE('',*,*,#5272,.T.);
#7639=ORIENTED_EDGE('',*,*,#5278,.T.);
#7640=ORIENTED_EDGE('',*,*,#5284,.T.);
#7641=ORIENTED_EDGE('',*,*,#5288,.T.);
#7642=ORIENTED_EDGE('',*,*,#5294,.T.);
#7643=ORIENTED_EDGE('',*,*,#5298,.T.);
#7644=ORIENTED_EDGE('',*,*,#5304,.T.);
#7645=ORIENTED_EDGE('',*,*,#5310,.T.);
#7646=ORIENTED_EDGE('',*,*,#5316,.T.);
#7647=ORIENTED_EDGE('',*,*,#5322,.T.);
#7648=ORIENTED_EDGE('',*,*,#5328,.T.);
#7649=ORIENTED_EDGE('',*,*,#5334,.T.);
#7650=ORIENTED_EDGE('',*,*,#5340,.T.);
#7651=ORIENTED_EDGE('',*,*,#5346,.T.);
#7652=ORIENTED_EDGE('',*,*,#5352,.T.);
#7653=ORIENTED_EDGE('',*,*,#5358,.T.);
#7654=ORIENTED_EDGE('',*,*,#5364,.T.);
#7655=ORIENTED_EDGE('',*,*,#5370,.T.);
#7656=ORIENTED_EDGE('',*,*,#5376,.T.);
#7657=ORIENTED_EDGE('',*,*,#5382,.T.);
#7658=ORIENTED_EDGE('',*,*,#5388,.T.);
#7659=ORIENTED_EDGE('',*,*,#5394,.T.);
#7660=ORIENTED_EDGE('',*,*,#5401,.F.);
#7661=ORIENTED_EDGE('',*,*,#5425,.F.);
#7662=ORIENTED_EDGE('',*,*,#5483,.F.);
#7663=ORIENTED_EDGE('',*,*,#5481,.F.);
#7664=ORIENTED_EDGE('',*,*,#5479,.T.);
#7665=ORIENTED_EDGE('',*,*,#5421,.F.);
#7666=ORIENTED_EDGE('',*,*,#5415,.F.);
#7667=ORIENTED_EDGE('',*,*,#5407,.F.);
#7668=PLANE('',#8098);
#7669=PLANE('',#8099);
#7670=PLANE('',#8100);
#7671=PLANE('',#8101);
#7672=PLANE('',#8102);
#7673=PLANE('',#8103);
#7674=PLANE('',#8104);
#7675=PLANE('',#8105);
#7676=PLANE('',#8106);
#7677=PLANE('',#8107);
#7678=PLANE('',#8108);
#7679=PLANE('',#8109);
#7680=PLANE('',#8110);
#7681=PLANE('',#8111);
#7682=PLANE('',#8112);
#7683=PLANE('',#8113);
#7684=PLANE('',#8114);
#7685=PLANE('',#8115);
#7686=PLANE('',#8148);
#7687=PLANE('',#8181);
#7688=PLANE('',#8182);
#7689=PLANE('',#8183);
#7690=PLANE('',#8184);
#7691=PLANE('',#8185);
#7692=PLANE('',#8186);
#7693=PLANE('',#8187);
#7694=PLANE('',#8188);
#7695=PLANE('',#8189);
#7696=PLANE('',#8190);
#7697=PLANE('',#8191);
#7698=PLANE('',#8192);
#7699=PLANE('',#8193);
#7700=PLANE('',#8194);
#7701=PLANE('',#8195);
#7702=PLANE('',#8196);
#7703=PLANE('',#8197);
#7704=PLANE('',#8198);
#7705=PLANE('',#8199);
#7706=PLANE('',#8200);
#7707=PLANE('',#8233);
#7708=PLANE('',#8234);
#7709=PLANE('',#8267);
#7710=PLANE('',#8332);
#7711=PLANE('',#8333);
#7712=PLANE('',#8334);
#7713=PLANE('',#8335);
#7714=PLANE('',#8336);
#7715=PLANE('',#8337);
#7716=PLANE('',#8338);
#7717=PLANE('',#8339);
#7718=PLANE('',#8340);
#7719=PLANE('',#8341);
#7720=PLANE('',#8985);
#7721=PLANE('',#8986);
#7722=PLANE('',#8992);
#7723=PLANE('',#8993);
#7724=PLANE('',#8997);
#7725=PLANE('',#8999);
#7726=PLANE('',#9000);
#7727=PLANE('',#9001);
#7728=PLANE('',#9002);
#7729=PLANE('',#9003);
#7730=PLANE('',#9004);
#7731=PLANE('',#9005);
#7732=PLANE('',#9006);
#7733=PLANE('',#9007);
#7734=PLANE('',#9008);
#7735=PLANE('',#9009);
#7736=PLANE('',#9010);
#7737=PLANE('',#9011);
#7738=PLANE('',#9012);
#7739=PLANE('',#9013);
#7740=PLANE('',#9014);
#7741=PLANE('',#9015);
#7742=PLANE('',#9016);
#7743=PLANE('',#9017);
#7744=PLANE('',#9018);
#7745=PLANE('',#9019);
#7746=ADVANCED_FACE('',(#1416),#7668,.F.);
#7747=ADVANCED_FACE('',(#1417),#7669,.T.);
#7748=ADVANCED_FACE('',(#1418),#7670,.T.);
#7749=ADVANCED_FACE('',(#1419),#7671,.T.);
#7750=ADVANCED_FACE('',(#1420),#7672,.T.);
#7751=ADVANCED_FACE('',(#1421),#7673,.T.);
#7752=ADVANCED_FACE('',(#1422),#7674,.T.);
#7753=ADVANCED_FACE('',(#1423),#7675,.T.);
#7754=ADVANCED_FACE('',(#1424),#7676,.T.);
#7755=ADVANCED_FACE('',(#1425),#7677,.T.);
#7756=ADVANCED_FACE('',(#1426),#7678,.T.);
#7757=ADVANCED_FACE('',(#1427),#7679,.T.);
#7758=ADVANCED_FACE('',(#1428),#7680,.T.);
#7759=ADVANCED_FACE('',(#1429),#7681,.T.);
#7760=ADVANCED_FACE('',(#1430),#7682,.T.);
#7761=ADVANCED_FACE('',(#1431),#7683,.T.);
#7762=ADVANCED_FACE('',(#1432),#7684,.T.);
#7763=ADVANCED_FACE('',(#1433,#276,#277,#278,#279,#280,#281,#282,#283,#284,
#285,#286,#287,#288,#289,#290,#291),#7685,.F.);
#7764=ADVANCED_FACE('',(#1434,#292,#293,#294,#295,#296,#297,#298,#299,#300,
#301,#302,#303,#304,#305,#306,#307),#7686,.F.);
#7765=ADVANCED_FACE('',(#1435),#7687,.F.);
#7766=ADVANCED_FACE('',(#1436),#7688,.T.);
#7767=ADVANCED_FACE('',(#1437),#7689,.F.);
#7768=ADVANCED_FACE('',(#1438),#7690,.T.);
#7769=ADVANCED_FACE('',(#1439),#7691,.T.);
#7770=ADVANCED_FACE('',(#1440),#7692,.T.);
#7771=ADVANCED_FACE('',(#1441),#7693,.T.);
#7772=ADVANCED_FACE('',(#1442),#7694,.T.);
#7773=ADVANCED_FACE('',(#1443),#7695,.T.);
#7774=ADVANCED_FACE('',(#1444),#7696,.T.);
#7775=ADVANCED_FACE('',(#1445),#7697,.T.);
#7776=ADVANCED_FACE('',(#1446),#7698,.T.);
#7777=ADVANCED_FACE('',(#1447),#7699,.T.);
#7778=ADVANCED_FACE('',(#1448),#7700,.T.);
#7779=ADVANCED_FACE('',(#1449),#7701,.T.);
#7780=ADVANCED_FACE('',(#1450),#7702,.T.);
#7781=ADVANCED_FACE('',(#1451),#7703,.T.);
#7782=ADVANCED_FACE('',(#1452),#7704,.T.);
#7783=ADVANCED_FACE('',(#1453),#7705,.T.);
#7784=ADVANCED_FACE('',(#1454,#308,#309,#310,#311,#312,#313,#314,#315,#316,
#317,#318,#319,#320,#321,#322,#323),#7706,.F.);
#7785=ADVANCED_FACE('',(#1455),#7707,.F.);
#7786=ADVANCED_FACE('',(#1456,#324,#325,#326,#327,#328,#329,#330,#331,#332,
#333,#334,#335,#336,#337,#338,#339),#7708,.F.);
#7787=ADVANCED_FACE('',(#1457),#7709,.T.);
#7788=ADVANCED_FACE('',(#1458),#16,.F.);
#7789=ADVANCED_FACE('',(#1459),#17,.F.);
#7790=ADVANCED_FACE('',(#1460),#18,.F.);
#7791=ADVANCED_FACE('',(#1461),#19,.F.);
#7792=ADVANCED_FACE('',(#1462),#20,.F.);
#7793=ADVANCED_FACE('',(#1463),#21,.F.);
#7794=ADVANCED_FACE('',(#1464),#22,.F.);
#7795=ADVANCED_FACE('',(#1465),#23,.F.);
#7796=ADVANCED_FACE('',(#1466),#24,.F.);
#7797=ADVANCED_FACE('',(#1467),#25,.F.);
#7798=ADVANCED_FACE('',(#1468),#26,.F.);
#7799=ADVANCED_FACE('',(#1469),#27,.F.);
#7800=ADVANCED_FACE('',(#1470),#28,.F.);
#7801=ADVANCED_FACE('',(#1471),#29,.F.);
#7802=ADVANCED_FACE('',(#1472),#30,.F.);
#7803=ADVANCED_FACE('',(#1473),#31,.F.);
#7804=ADVANCED_FACE('',(#1474),#32,.F.);
#7805=ADVANCED_FACE('',(#1475),#33,.F.);
#7806=ADVANCED_FACE('',(#1476),#34,.F.);
#7807=ADVANCED_FACE('',(#1477),#35,.F.);
#7808=ADVANCED_FACE('',(#1478),#36,.F.);
#7809=ADVANCED_FACE('',(#1479),#37,.F.);
#7810=ADVANCED_FACE('',(#1480),#38,.F.);
#7811=ADVANCED_FACE('',(#1481),#39,.F.);
#7812=ADVANCED_FACE('',(#1482),#40,.F.);
#7813=ADVANCED_FACE('',(#1483),#41,.F.);
#7814=ADVANCED_FACE('',(#1484),#42,.F.);
#7815=ADVANCED_FACE('',(#1485),#43,.F.);
#7816=ADVANCED_FACE('',(#1486),#44,.F.);
#7817=ADVANCED_FACE('',(#1487),#45,.F.);
#7818=ADVANCED_FACE('',(#1488),#46,.F.);
#7819=ADVANCED_FACE('',(#1489),#47,.F.);
#7820=ADVANCED_FACE('',(#1490),#7710,.F.);
#7821=ADVANCED_FACE('',(#1491),#7711,.F.);
#7822=ADVANCED_FACE('',(#1492),#7712,.T.);
#7823=ADVANCED_FACE('',(#1493),#7713,.T.);
#7824=ADVANCED_FACE('',(#1494),#7714,.T.);
#7825=ADVANCED_FACE('',(#1495),#7715,.T.);
#7826=ADVANCED_FACE('',(#1496),#7716,.T.);
#7827=ADVANCED_FACE('',(#1497),#7717,.T.);
#7828=ADVANCED_FACE('',(#1498),#7718,.T.);
#7829=ADVANCED_FACE('',(#1499),#7719,.T.);
#7830=ADVANCED_FACE('',(#1500),#48,.F.);
#7831=ADVANCED_FACE('',(#1501),#49,.F.);
#7832=ADVANCED_FACE('',(#1502),#50,.F.);
#7833=ADVANCED_FACE('',(#1503),#51,.F.);
#7834=ADVANCED_FACE('',(#1504),#52,.F.);
#7835=ADVANCED_FACE('',(#1505),#53,.F.);
#7836=ADVANCED_FACE('',(#1506),#54,.F.);
#7837=ADVANCED_FACE('',(#1507),#55,.F.);
#7838=ADVANCED_FACE('',(#1508),#56,.F.);
#7839=ADVANCED_FACE('',(#1509),#57,.F.);
#7840=ADVANCED_FACE('',(#1510),#58,.F.);
#7841=ADVANCED_FACE('',(#1511),#59,.F.);
#7842=ADVANCED_FACE('',(#1512),#60,.F.);
#7843=ADVANCED_FACE('',(#1513),#61,.F.);
#7844=ADVANCED_FACE('',(#1514),#62,.F.);
#7845=ADVANCED_FACE('',(#1515),#63,.F.);
#7846=ADVANCED_FACE('',(#1516),#64,.F.);
#7847=ADVANCED_FACE('',(#1517),#65,.F.);
#7848=ADVANCED_FACE('',(#1518),#66,.F.);
#7849=ADVANCED_FACE('',(#1519),#67,.F.);
#7850=ADVANCED_FACE('',(#1520),#68,.F.);
#7851=ADVANCED_FACE('',(#1521),#69,.F.);
#7852=ADVANCED_FACE('',(#1522),#70,.F.);
#7853=ADVANCED_FACE('',(#1523),#71,.F.);
#7854=ADVANCED_FACE('',(#1524),#72,.F.);
#7855=ADVANCED_FACE('',(#1525),#73,.F.);
#7856=ADVANCED_FACE('',(#1526,#340),#74,.F.);
#7857=ADVANCED_FACE('',(#1527,#341),#75,.F.);
#7858=ADVANCED_FACE('',(#1528),#76,.F.);
#7859=ADVANCED_FACE('',(#1529),#77,.F.);
#7860=ADVANCED_FACE('',(#1530),#78,.F.);
#7861=ADVANCED_FACE('',(#1531),#79,.F.);
#7862=ADVANCED_FACE('',(#1532),#80,.F.);
#7863=ADVANCED_FACE('',(#1533),#81,.F.);
#7864=ADVANCED_FACE('',(#1534),#82,.F.);
#7865=ADVANCED_FACE('',(#1535),#83,.F.);
#7866=ADVANCED_FACE('',(#1536),#84,.F.);
#7867=ADVANCED_FACE('',(#1537),#85,.F.);
#7868=ADVANCED_FACE('',(#1538),#86,.F.);
#7869=ADVANCED_FACE('',(#1539),#87,.F.);
#7870=ADVANCED_FACE('',(#1540),#88,.F.);
#7871=ADVANCED_FACE('',(#1541),#89,.F.);
#7872=ADVANCED_FACE('',(#1542),#90,.F.);
#7873=ADVANCED_FACE('',(#1543),#91,.F.);
#7874=ADVANCED_FACE('',(#1544),#92,.F.);
#7875=ADVANCED_FACE('',(#1545),#93,.F.);
#7876=ADVANCED_FACE('',(#1546),#94,.F.);
#7877=ADVANCED_FACE('',(#1547),#95,.F.);
#7878=ADVANCED_FACE('',(#1548),#96,.F.);
#7879=ADVANCED_FACE('',(#1549),#97,.F.);
#7880=ADVANCED_FACE('',(#1550),#98,.F.);
#7881=ADVANCED_FACE('',(#1551),#99,.F.);
#7882=ADVANCED_FACE('',(#1552),#100,.F.);
#7883=ADVANCED_FACE('',(#1553),#101,.F.);
#7884=ADVANCED_FACE('',(#1554),#102,.F.);
#7885=ADVANCED_FACE('',(#1555),#103,.F.);
#7886=ADVANCED_FACE('',(#1556),#104,.F.);
#7887=ADVANCED_FACE('',(#1557),#105,.F.);
#7888=ADVANCED_FACE('',(#1558,#342),#106,.F.);
#7889=ADVANCED_FACE('',(#1559,#343),#107,.F.);
#7890=ADVANCED_FACE('',(#1560,#344),#108,.F.);
#7891=ADVANCED_FACE('',(#1561,#345),#109,.F.);
#7892=ADVANCED_FACE('',(#1562),#110,.F.);
#7893=ADVANCED_FACE('',(#1563),#111,.F.);
#7894=ADVANCED_FACE('',(#1564),#112,.F.);
#7895=ADVANCED_FACE('',(#1565),#113,.F.);
#7896=ADVANCED_FACE('',(#1566),#114,.F.);
#7897=ADVANCED_FACE('',(#1567),#115,.F.);
#7898=ADVANCED_FACE('',(#1568),#116,.F.);
#7899=ADVANCED_FACE('',(#1569),#117,.F.);
#7900=ADVANCED_FACE('',(#1570),#118,.F.);
#7901=ADVANCED_FACE('',(#1571),#119,.F.);
#7902=ADVANCED_FACE('',(#1572),#120,.F.);
#7903=ADVANCED_FACE('',(#1573),#121,.F.);
#7904=ADVANCED_FACE('',(#1574),#122,.F.);
#7905=ADVANCED_FACE('',(#1575),#123,.F.);
#7906=ADVANCED_FACE('',(#1576),#124,.F.);
#7907=ADVANCED_FACE('',(#1577),#125,.F.);
#7908=ADVANCED_FACE('',(#1578),#126,.F.);
#7909=ADVANCED_FACE('',(#1579),#127,.F.);
#7910=ADVANCED_FACE('',(#1580,#346),#128,.F.);
#7911=ADVANCED_FACE('',(#1581,#347),#129,.F.);
#7912=ADVANCED_FACE('',(#1582,#348),#130,.F.);
#7913=ADVANCED_FACE('',(#1583,#349),#131,.F.);
#7914=ADVANCED_FACE('',(#1584),#132,.F.);
#7915=ADVANCED_FACE('',(#1585),#133,.F.);
#7916=ADVANCED_FACE('',(#1586,#350),#134,.F.);
#7917=ADVANCED_FACE('',(#1587,#351),#135,.F.);
#7918=ADVANCED_FACE('',(#1588),#136,.F.);
#7919=ADVANCED_FACE('',(#1589),#137,.F.);
#7920=ADVANCED_FACE('',(#1590,#352),#138,.F.);
#7921=ADVANCED_FACE('',(#1591,#353),#139,.F.);
#7922=ADVANCED_FACE('',(#1592,#354),#140,.F.);
#7923=ADVANCED_FACE('',(#1593,#355),#141,.F.);
#7924=ADVANCED_FACE('',(#1594),#142,.F.);
#7925=ADVANCED_FACE('',(#1595),#143,.F.);
#7926=ADVANCED_FACE('',(#1596),#144,.F.);
#7927=ADVANCED_FACE('',(#1597),#145,.F.);
#7928=ADVANCED_FACE('',(#1598),#146,.F.);
#7929=ADVANCED_FACE('',(#1599),#147,.F.);
#7930=ADVANCED_FACE('',(#1600),#148,.F.);
#7931=ADVANCED_FACE('',(#1601),#149,.F.);
#7932=ADVANCED_FACE('',(#1602),#150,.F.);
#7933=ADVANCED_FACE('',(#1603),#151,.F.);
#7934=ADVANCED_FACE('',(#1604),#152,.F.);
#7935=ADVANCED_FACE('',(#1605),#153,.F.);
#7936=ADVANCED_FACE('',(#1606),#154,.F.);
#7937=ADVANCED_FACE('',(#1607),#155,.F.);
#7938=ADVANCED_FACE('',(#1608),#156,.F.);
#7939=ADVANCED_FACE('',(#1609),#157,.F.);
#7940=ADVANCED_FACE('',(#1610),#158,.F.);
#7941=ADVANCED_FACE('',(#1611),#159,.F.);
#7942=ADVANCED_FACE('',(#1612),#160,.F.);
#7943=ADVANCED_FACE('',(#1613),#161,.F.);
#7944=ADVANCED_FACE('',(#1614),#162,.F.);
#7945=ADVANCED_FACE('',(#1615),#163,.F.);
#7946=ADVANCED_FACE('',(#1616),#164,.F.);
#7947=ADVANCED_FACE('',(#1617),#165,.F.);
#7948=ADVANCED_FACE('',(#1618),#166,.F.);
#7949=ADVANCED_FACE('',(#1619),#167,.F.);
#7950=ADVANCED_FACE('',(#1620),#168,.F.);
#7951=ADVANCED_FACE('',(#1621),#169,.F.);
#7952=ADVANCED_FACE('',(#1622),#170,.F.);
#7953=ADVANCED_FACE('',(#1623),#171,.F.);
#7954=ADVANCED_FACE('',(#1624),#172,.F.);
#7955=ADVANCED_FACE('',(#1625),#173,.F.);
#7956=ADVANCED_FACE('',(#1626),#174,.F.);
#7957=ADVANCED_FACE('',(#1627),#175,.F.);
#7958=ADVANCED_FACE('',(#1628),#176,.F.);
#7959=ADVANCED_FACE('',(#1629),#177,.F.);
#7960=ADVANCED_FACE('',(#1630,#356),#178,.F.);
#7961=ADVANCED_FACE('',(#1631,#357),#179,.F.);
#7962=ADVANCED_FACE('',(#1632),#180,.F.);
#7963=ADVANCED_FACE('',(#1633),#181,.F.);
#7964=ADVANCED_FACE('',(#1634),#182,.F.);
#7965=ADVANCED_FACE('',(#1635),#183,.F.);
#7966=ADVANCED_FACE('',(#1636),#184,.F.);
#7967=ADVANCED_FACE('',(#1637),#185,.F.);
#7968=ADVANCED_FACE('',(#1638),#186,.F.);
#7969=ADVANCED_FACE('',(#1639),#187,.F.);
#7970=ADVANCED_FACE('',(#1640),#188,.F.);
#7971=ADVANCED_FACE('',(#1641),#189,.F.);
#7972=ADVANCED_FACE('',(#1642),#190,.F.);
#7973=ADVANCED_FACE('',(#1643),#191,.F.);
#7974=ADVANCED_FACE('',(#1644),#192,.F.);
#7975=ADVANCED_FACE('',(#1645),#193,.F.);
#7976=ADVANCED_FACE('',(#1646),#194,.F.);
#7977=ADVANCED_FACE('',(#1647),#195,.F.);
#7978=ADVANCED_FACE('',(#1648,#358),#196,.F.);
#7979=ADVANCED_FACE('',(#1649,#359),#197,.F.);
#7980=ADVANCED_FACE('',(#1650),#198,.F.);
#7981=ADVANCED_FACE('',(#1651),#199,.F.);
#7982=ADVANCED_FACE('',(#1652,#360),#200,.F.);
#7983=ADVANCED_FACE('',(#1653,#361),#201,.F.);
#7984=ADVANCED_FACE('',(#1654),#202,.F.);
#7985=ADVANCED_FACE('',(#1655),#203,.F.);
#7986=ADVANCED_FACE('',(#1656),#204,.F.);
#7987=ADVANCED_FACE('',(#1657),#205,.F.);
#7988=ADVANCED_FACE('',(#1658),#206,.F.);
#7989=ADVANCED_FACE('',(#1659),#207,.F.);
#7990=ADVANCED_FACE('',(#1660),#208,.F.);
#7991=ADVANCED_FACE('',(#1661),#209,.F.);
#7992=ADVANCED_FACE('',(#1662),#210,.F.);
#7993=ADVANCED_FACE('',(#1663),#211,.F.);
#7994=ADVANCED_FACE('',(#1664,#362),#212,.F.);
#7995=ADVANCED_FACE('',(#1665,#363),#213,.F.);
#7996=ADVANCED_FACE('',(#1666),#214,.F.);
#7997=ADVANCED_FACE('',(#1667),#215,.F.);
#7998=ADVANCED_FACE('',(#1668),#216,.F.);
#7999=ADVANCED_FACE('',(#1669),#217,.F.);
#8000=ADVANCED_FACE('',(#1670,#364),#218,.F.);
#8001=ADVANCED_FACE('',(#1671,#365),#219,.F.);
#8002=ADVANCED_FACE('',(#1672),#220,.F.);
#8003=ADVANCED_FACE('',(#1673),#221,.F.);
#8004=ADVANCED_FACE('',(#1674),#222,.F.);
#8005=ADVANCED_FACE('',(#1675),#223,.F.);
#8006=ADVANCED_FACE('',(#1676),#224,.F.);
#8007=ADVANCED_FACE('',(#1677),#225,.F.);
#8008=ADVANCED_FACE('',(#1678),#226,.F.);
#8009=ADVANCED_FACE('',(#1679),#227,.F.);
#8010=ADVANCED_FACE('',(#1680),#228,.F.);
#8011=ADVANCED_FACE('',(#1681),#229,.F.);
#8012=ADVANCED_FACE('',(#1682,#366),#230,.F.);
#8013=ADVANCED_FACE('',(#1683,#367),#231,.F.);
#8014=ADVANCED_FACE('',(#1684),#232,.F.);
#8015=ADVANCED_FACE('',(#1685),#233,.F.);
#8016=ADVANCED_FACE('',(#1686,#368),#234,.F.);
#8017=ADVANCED_FACE('',(#1687,#369),#235,.F.);
#8018=ADVANCED_FACE('',(#1688),#236,.F.);
#8019=ADVANCED_FACE('',(#1689),#237,.F.);
#8020=ADVANCED_FACE('',(#1690),#238,.F.);
#8021=ADVANCED_FACE('',(#1691),#239,.F.);
#8022=ADVANCED_FACE('',(#1692),#240,.F.);
#8023=ADVANCED_FACE('',(#1693),#241,.F.);
#8024=ADVANCED_FACE('',(#1694),#242,.F.);
#8025=ADVANCED_FACE('',(#1695),#243,.F.);
#8026=ADVANCED_FACE('',(#1696),#244,.F.);
#8027=ADVANCED_FACE('',(#1697),#245,.F.);
#8028=ADVANCED_FACE('',(#1698),#246,.F.);
#8029=ADVANCED_FACE('',(#1699),#247,.F.);
#8030=ADVANCED_FACE('',(#1700),#248,.F.);
#8031=ADVANCED_FACE('',(#1701),#249,.F.);
#8032=ADVANCED_FACE('',(#1702),#250,.F.);
#8033=ADVANCED_FACE('',(#1703),#251,.F.);
#8034=ADVANCED_FACE('',(#1704,#370),#252,.F.);
#8035=ADVANCED_FACE('',(#1705,#371),#253,.F.);
#8036=ADVANCED_FACE('',(#1706),#254,.F.);
#8037=ADVANCED_FACE('',(#1707),#255,.F.);
#8038=ADVANCED_FACE('',(#1708),#256,.F.);
#8039=ADVANCED_FACE('',(#1709),#257,.F.);
#8040=ADVANCED_FACE('',(#1710),#258,.F.);
#8041=ADVANCED_FACE('',(#1711),#259,.F.);
#8042=ADVANCED_FACE('',(#1712),#260,.F.);
#8043=ADVANCED_FACE('',(#1713),#261,.F.);
#8044=ADVANCED_FACE('',(#1714),#262,.F.);
#8045=ADVANCED_FACE('',(#1715),#263,.F.);
#8046=ADVANCED_FACE('',(#1716),#264,.F.);
#8047=ADVANCED_FACE('',(#1717),#265,.F.);
#8048=ADVANCED_FACE('',(#1718),#266,.F.);
#8049=ADVANCED_FACE('',(#1719),#267,.F.);
#8050=ADVANCED_FACE('',(#1720),#268,.F.);
#8051=ADVANCED_FACE('',(#1721),#269,.F.);
#8052=ADVANCED_FACE('',(#1722),#270,.F.);
#8053=ADVANCED_FACE('',(#1723),#271,.F.);
#8054=ADVANCED_FACE('',(#1724),#272,.T.);
#8055=ADVANCED_FACE('',(#1725,#372,#373,#374,#375,#376,#377,#378,#379,#380,
#381,#382,#383,#384,#385,#386,#387,#388,#389,#390,#391,#392,#393,#394,#395,
#396,#397,#398,#399,#400,#401,#402,#403,#404,#405,#406,#407,#408,#409,#410,
#411,#412,#413,#414,#415,#416,#417,#418,#419,#420,#421,#422,#423,#424,#425,
#426,#427,#428,#429,#430,#431,#432,#433,#434,#435,#436,#437,#438,#439,#440,
#441,#442,#443,#444,#445,#446,#447,#448,#449,#450,#451,#452,#453,#454,#455,
#456,#457,#458,#459,#460,#461,#462,#463,#464,#465,#466,#467,#468,#469,#470,
#471,#472,#473,#474,#475,#476,#477,#478,#479,#480,#481,#482,#483),#7720,
 .T.);
#8056=ADVANCED_FACE('',(#1726,#484,#485),#7721,.F.);
#8057=ADVANCED_FACE('',(#1727),#273,.T.);
#8058=ADVANCED_FACE('',(#1728,#486,#487,#488,#489,#490,#491,#492,#493,#494,
#495,#496,#497,#498,#499,#500,#501,#502,#503,#504,#505,#506,#507,#508,#509,
#510,#511,#512,#513,#514,#515,#516,#517,#518,#519,#520,#521,#522,#523,#524,
#525,#526,#527,#528,#529,#530,#531,#532,#533,#534,#535,#536,#537,#538,#539,
#540,#541,#542,#543,#544,#545,#546,#547,#548,#549,#550,#551,#552,#553,#554,
#555,#556,#557,#558,#559,#560,#561,#562,#563,#564,#565,#566,#567,#568,#569,
#570,#571,#572,#573,#574,#575,#576,#577,#578,#579,#580,#581,#582,#583,#584,
#585,#586,#587,#588,#589,#590,#591,#592,#593,#594,#595,#596,#597),#7722,
 .T.);
#8059=ADVANCED_FACE('',(#1729,#598,#599),#7723,.T.);
#8060=ADVANCED_FACE('',(#1730),#274,.T.);
#8061=ADVANCED_FACE('',(#1731,#600,#601,#602,#603),#7724,.T.);
#8062=ADVANCED_FACE('',(#1732),#275,.T.);
#8063=ADVANCED_FACE('',(#1733),#7725,.F.);
#8064=ADVANCED_FACE('',(#1734),#7726,.F.);
#8065=ADVANCED_FACE('',(#1735),#7727,.F.);
#8066=ADVANCED_FACE('',(#1736),#7728,.F.);
#8067=ADVANCED_FACE('',(#1737),#7729,.F.);
#8068=ADVANCED_FACE('',(#1738),#7730,.F.);
#8069=ADVANCED_FACE('',(#1739),#7731,.F.);
#8070=ADVANCED_FACE('',(#1740),#7732,.F.);
#8071=ADVANCED_FACE('',(#1741),#7733,.F.);
#8072=ADVANCED_FACE('',(#1742),#7734,.F.);
#8073=ADVANCED_FACE('',(#1743),#7735,.F.);
#8074=ADVANCED_FACE('',(#1744),#7736,.F.);
#8075=ADVANCED_FACE('',(#1745),#7737,.F.);
#8076=ADVANCED_FACE('',(#1746),#7738,.F.);
#8077=ADVANCED_FACE('',(#1747),#7739,.F.);
#8078=ADVANCED_FACE('',(#1748),#7740,.F.);
#8079=ADVANCED_FACE('',(#1749,#604,#605,#606,#607),#7741,.T.);
#8080=ADVANCED_FACE('',(#1750,#608,#609,#610,#611,#612,#613,#614,#615,#616,
#617,#618,#619,#620,#621,#622,#623,#624,#625,#626,#627,#628,#629,#630,#631,
#632,#633,#634,#635,#636,#637,#638,#639,#640,#641,#642,#643,#644,#645,#646,
#647,#648,#649,#650,#651,#652,#653,#654,#655,#656,#657,#658,#659,#660,#661,
#662,#663,#664,#665,#666,#667,#668,#669,#670,#671,#672,#673,#674,#675,#676,
#677,#678,#679,#680,#681,#682,#683,#684,#685,#686,#687,#688,#689,#690,#691,
#692,#693,#694,#695,#696,#697,#698,#699,#700,#701,#702,#703,#704,#705,#706,
#707,#708,#709,#710,#711,#712,#713,#714,#715,#716,#717,#718,#719),#7742,
 .T.);
#8081=ADVANCED_FACE('',(#1751),#7743,.T.);
#8082=ADVANCED_FACE('',(#1752,#720,#721,#722,#723,#724,#725,#726,#727,#728,
#729,#730,#731,#732,#733,#734,#735,#736,#737,#738,#739,#740,#741,#742,#743,
#744,#745,#746,#747,#748,#749,#750,#751,#752,#753,#754,#755,#756,#757,#758,
#759,#760,#761,#762,#763,#764,#765,#766,#767,#768,#769,#770,#771,#772,#773,
#774,#775,#776,#777,#778,#779,#780,#781,#782,#783,#784,#785,#786,#787,#788,
#789,#790,#791,#792,#793,#794,#795,#796,#797,#798,#799,#800,#801,#802,#803,
#804,#805,#806,#807,#808,#809,#810,#811,#812,#813,#814,#815,#816,#817,#818,
#819,#820,#821,#822,#823,#824,#825,#826,#827,#828,#829,#830,#831),#7744,
 .T.);
#8083=ADVANCED_FACE('',(#1753),#7745,.T.);
#8084=CLOSED_SHELL('',(#7746,#7747,#7748,#7749,#7750,#7751,#7752,#7753,
#7754,#7755,#7756,#7757,#7758,#7759,#7760,#7761,#7762,#7763,#7764,#7765,
#7766,#7767,#7768,#7769,#7770,#7771,#7772,#7773,#7774,#7775,#7776,#7777,
#7778,#7779,#7780,#7781,#7782,#7783,#7784,#7785,#7786,#7787,#7788,#7789,
#7790,#7791,#7792,#7793,#7794,#7795,#7796,#7797,#7798,#7799,#7800,#7801,
#7802,#7803,#7804,#7805,#7806,#7807,#7808,#7809,#7810,#7811,#7812,#7813,
#7814,#7815,#7816,#7817,#7818,#7819,#7820,#7821,#7822,#7823,#7824,#7825,
#7826,#7827,#7828,#7829,#7830,#7831,#7832,#7833,#7834,#7835,#7836,#7837,
#7838,#7839,#7840,#7841,#7842,#7843,#7844,#7845,#7846,#7847,#7848,#7849,
#7850,#7851,#7852,#7853,#7854,#7855,#7856,#7857,#7858,#7859,#7860,#7861,
#7862,#7863,#7864,#7865,#7866,#7867,#7868,#7869,#7870,#7871,#7872,#7873,
#7874,#7875,#7876,#7877,#7878,#7879,#7880,#7881,#7882,#7883,#7884,#7885,
#7886,#7887,#7888,#7889,#7890,#7891,#7892,#7893,#7894,#7895,#7896,#7897,
#7898,#7899,#7900,#7901,#7902,#7903,#7904,#7905,#7906,#7907,#7908,#7909,
#7910,#7911,#7912,#7913,#7914,#7915,#7916,#7917,#7918,#7919,#7920,#7921,
#7922,#7923,#7924,#7925,#7926,#7927,#7928,#7929,#7930,#7931,#7932,#7933,
#7934,#7935,#7936,#7937,#7938,#7939,#7940,#7941,#7942,#7943,#7944,#7945,
#7946,#7947,#7948,#7949,#7950,#7951,#7952,#7953,#7954,#7955,#7956,#7957,
#7958,#7959,#7960,#7961,#7962,#7963,#7964,#7965,#7966,#7967,#7968,#7969,
#7970,#7971,#7972,#7973,#7974,#7975,#7976,#7977,#7978,#7979,#7980,#7981,
#7982,#7983,#7984,#7985,#7986,#7987,#7988,#7989,#7990,#7991,#7992,#7993,
#7994,#7995,#7996,#7997,#7998,#7999,#8000,#8001,#8002,#8003,#8004,#8005,
#8006,#8007,#8008,#8009,#8010,#8011,#8012,#8013,#8014,#8015,#8016,#8017,
#8018,#8019,#8020,#8021,#8022,#8023,#8024,#8025,#8026,#8027,#8028,#8029,
#8030,#8031,#8032,#8033,#8034,#8035,#8036,#8037,#8038,#8039,#8040,#8041,
#8042,#8043,#8044,#8045,#8046,#8047,#8048,#8049,#8050,#8051,#8052,#8053,
#8054,#8055,#8056,#8057,#8058,#8059,#8060,#8061,#8062,#8063,#8064,#8065,
#8066,#8067,#8068,#8069,#8070,#8071,#8072,#8073,#8074,#8075,#8076,#8077,
#8078,#8079,#8080,#8081,#8082,#8083));
#8085=DERIVED_UNIT_ELEMENT(#8087,1.);
#8086=DERIVED_UNIT_ELEMENT(#13538,-3.);
#8087=(
MASS_UNIT()
NAMED_UNIT(*)
SI_UNIT(.KILO.,.GRAM.)
);
#8088=DERIVED_UNIT((#8085,#8086));
#8089=MEASURE_REPRESENTATION_ITEM('density measure',
POSITIVE_RATIO_MEASURE(7850.),#8088);
#8090=PROPERTY_DEFINITION_REPRESENTATION(#8095,#8092);
#8091=PROPERTY_DEFINITION_REPRESENTATION(#8096,#8093);
#8092=REPRESENTATION('material name',(#8094),#13535);
#8093=REPRESENTATION('density',(#8089),#13535);
#8094=DESCRIPTIVE_REPRESENTATION_ITEM('Steel','Steel');
#8095=PROPERTY_DEFINITION('material property','material name',#13545);
#8096=PROPERTY_DEFINITION('material property','density of part',#13545);
#8097=AXIS2_PLACEMENT_3D('',#11374,#9020,#9021);
#8098=AXIS2_PLACEMENT_3D('',#11375,#9022,#9023);
#8099=AXIS2_PLACEMENT_3D('',#11384,#9028,#9029);
#8100=AXIS2_PLACEMENT_3D('',#11390,#9033,#9034);
#8101=AXIS2_PLACEMENT_3D('',#11399,#9039,#9040);
#8102=AXIS2_PLACEMENT_3D('',#11408,#9045,#9046);
#8103=AXIS2_PLACEMENT_3D('',#11417,#9051,#9052);
#8104=AXIS2_PLACEMENT_3D('',#11426,#9057,#9058);
#8105=AXIS2_PLACEMENT_3D('',#11435,#9063,#9064);
#8106=AXIS2_PLACEMENT_3D('',#11444,#9069,#9070);
#8107=AXIS2_PLACEMENT_3D('',#11453,#9075,#9076);
#8108=AXIS2_PLACEMENT_3D('',#11462,#9081,#9082);
#8109=AXIS2_PLACEMENT_3D('',#11471,#9087,#9088);
#8110=AXIS2_PLACEMENT_3D('',#11480,#9093,#9094);
#8111=AXIS2_PLACEMENT_3D('',#11489,#9099,#9100);
#8112=AXIS2_PLACEMENT_3D('',#11498,#9105,#9106);
#8113=AXIS2_PLACEMENT_3D('',#11507,#9111,#9112);
#8114=AXIS2_PLACEMENT_3D('',#11516,#9117,#9118);
#8115=AXIS2_PLACEMENT_3D('',#11525,#9123,#9124);
#8116=AXIS2_PLACEMENT_3D('',#11532,#9128,#9129);
#8117=AXIS2_PLACEMENT_3D('',#11533,#9130,#9131);
#8118=AXIS2_PLACEMENT_3D('',#11534,#9132,#9133);
#8119=AXIS2_PLACEMENT_3D('',#11535,#9134,#9135);
#8120=AXIS2_PLACEMENT_3D('',#11536,#9136,#9137);
#8121=AXIS2_PLACEMENT_3D('',#11537,#9138,#9139);
#8122=AXIS2_PLACEMENT_3D('',#11538,#9140,#9141);
#8123=AXIS2_PLACEMENT_3D('',#11539,#9142,#9143);
#8124=AXIS2_PLACEMENT_3D('',#11540,#9144,#9145);
#8125=AXIS2_PLACEMENT_3D('',#11541,#9146,#9147);
#8126=AXIS2_PLACEMENT_3D('',#11542,#9148,#9149);
#8127=AXIS2_PLACEMENT_3D('',#11543,#9150,#9151);
#8128=AXIS2_PLACEMENT_3D('',#11544,#9152,#9153);
#8129=AXIS2_PLACEMENT_3D('',#11545,#9154,#9155);
#8130=AXIS2_PLACEMENT_3D('',#11546,#9156,#9157);
#8131=AXIS2_PLACEMENT_3D('',#11547,#9158,#9159);
#8132=AXIS2_PLACEMENT_3D('',#11549,#9160,#9161);
#8133=AXIS2_PLACEMENT_3D('',#11551,#9162,#9163);
#8134=AXIS2_PLACEMENT_3D('',#11553,#9164,#9165);
#8135=AXIS2_PLACEMENT_3D('',#11555,#9166,#9167);
#8136=AXIS2_PLACEMENT_3D('',#11557,#9168,#9169);
#8137=AXIS2_PLACEMENT_3D('',#11559,#9170,#9171);
#8138=AXIS2_PLACEMENT_3D('',#11561,#9172,#9173);
#8139=AXIS2_PLACEMENT_3D('',#11563,#9174,#9175);
#8140=AXIS2_PLACEMENT_3D('',#11565,#9176,#9177);
#8141=AXIS2_PLACEMENT_3D('',#11567,#9178,#9179);
#8142=AXIS2_PLACEMENT_3D('',#11569,#9180,#9181);
#8143=AXIS2_PLACEMENT_3D('',#11571,#9182,#9183);
#8144=AXIS2_PLACEMENT_3D('',#11573,#9184,#9185);
#8145=AXIS2_PLACEMENT_3D('',#11575,#9186,#9187);
#8146=AXIS2_PLACEMENT_3D('',#11577,#9188,#9189);
#8147=AXIS2_PLACEMENT_3D('',#11579,#9190,#9191);
#8148=AXIS2_PLACEMENT_3D('',#11580,#9192,#9193);
#8149=AXIS2_PLACEMENT_3D('',#11583,#9195,#9196);
#8150=AXIS2_PLACEMENT_3D('',#11584,#9197,#9198);
#8151=AXIS2_PLACEMENT_3D('',#11585,#9199,#9200);
#8152=AXIS2_PLACEMENT_3D('',#11586,#9201,#9202);
#8153=AXIS2_PLACEMENT_3D('',#11587,#9203,#9204);
#8154=AXIS2_PLACEMENT_3D('',#11588,#9205,#9206);
#8155=AXIS2_PLACEMENT_3D('',#11589,#9207,#9208);
#8156=AXIS2_PLACEMENT_3D('',#11590,#9209,#9210);
#8157=AXIS2_PLACEMENT_3D('',#11591,#9211,#9212);
#8158=AXIS2_PLACEMENT_3D('',#11592,#9213,#9214);
#8159=AXIS2_PLACEMENT_3D('',#11593,#9215,#9216);
#8160=AXIS2_PLACEMENT_3D('',#11594,#9217,#9218);
#8161=AXIS2_PLACEMENT_3D('',#11595,#9219,#9220);
#8162=AXIS2_PLACEMENT_3D('',#11596,#9221,#9222);
#8163=AXIS2_PLACEMENT_3D('',#11597,#9223,#9224);
#8164=AXIS2_PLACEMENT_3D('',#11599,#9225,#9226);
#8165=AXIS2_PLACEMENT_3D('',#11604,#9229,#9230);
#8166=AXIS2_PLACEMENT_3D('',#11606,#9231,#9232);
#8167=AXIS2_PLACEMENT_3D('',#11608,#9233,#9234);
#8168=AXIS2_PLACEMENT_3D('',#11610,#9235,#9236);
#8169=AXIS2_PLACEMENT_3D('',#11612,#9237,#9238);
#8170=AXIS2_PLACEMENT_3D('',#11614,#9239,#9240);
#8171=AXIS2_PLACEMENT_3D('',#11616,#9241,#9242);
#8172=AXIS2_PLACEMENT_3D('',#11618,#9243,#9244);
#8173=AXIS2_PLACEMENT_3D('',#11620,#9245,#9246);
#8174=AXIS2_PLACEMENT_3D('',#11622,#9247,#9248);
#8175=AXIS2_PLACEMENT_3D('',#11624,#9249,#9250);
#8176=AXIS2_PLACEMENT_3D('',#11626,#9251,#9252);
#8177=AXIS2_PLACEMENT_3D('',#11628,#9253,#9254);
#8178=AXIS2_PLACEMENT_3D('',#11630,#9255,#9256);
#8179=AXIS2_PLACEMENT_3D('',#11632,#9257,#9258);
#8180=AXIS2_PLACEMENT_3D('',#11634,#9259,#9260);
#8181=AXIS2_PLACEMENT_3D('',#11635,#9261,#9262);
#8182=AXIS2_PLACEMENT_3D('',#11638,#9265,#9266);
#8183=AXIS2_PLACEMENT_3D('',#11640,#9268,#9269);
#8184=AXIS2_PLACEMENT_3D('',#11649,#9274,#9275);
#8185=AXIS2_PLACEMENT_3D('',#11658,#9280,#9281);
#8186=AXIS2_PLACEMENT_3D('',#11667,#9286,#9287);
#8187=AXIS2_PLACEMENT_3D('',#11676,#9292,#9293);
#8188=AXIS2_PLACEMENT_3D('',#11685,#9298,#9299);
#8189=AXIS2_PLACEMENT_3D('',#11694,#9304,#9305);
#8190=AXIS2_PLACEMENT_3D('',#11703,#9310,#9311);
#8191=AXIS2_PLACEMENT_3D('',#11712,#9316,#9317);
#8192=AXIS2_PLACEMENT_3D('',#11721,#9322,#9323);
#8193=AXIS2_PLACEMENT_3D('',#11730,#9328,#9329);
#8194=AXIS2_PLACEMENT_3D('',#11739,#9334,#9335);
#8195=AXIS2_PLACEMENT_3D('',#11748,#9340,#9341);
#8196=AXIS2_PLACEMENT_3D('',#11757,#9346,#9347);
#8197=AXIS2_PLACEMENT_3D('',#11766,#9352,#9353);
#8198=AXIS2_PLACEMENT_3D('',#11775,#9358,#9359);
#8199=AXIS2_PLACEMENT_3D('',#11784,#9364,#9365);
#8200=AXIS2_PLACEMENT_3D('',#11793,#9370,#9371);
#8201=AXIS2_PLACEMENT_3D('',#11798,#9374,#9375);
#8202=AXIS2_PLACEMENT_3D('',#11799,#9376,#9377);
#8203=AXIS2_PLACEMENT_3D('',#11800,#9378,#9379);
#8204=AXIS2_PLACEMENT_3D('',#11801,#9380,#9381);
#8205=AXIS2_PLACEMENT_3D('',#11802,#9382,#9383);
#8206=AXIS2_PLACEMENT_3D('',#11803,#9384,#9385);
#8207=AXIS2_PLACEMENT_3D('',#11804,#9386,#9387);
#8208=AXIS2_PLACEMENT_3D('',#11805,#9388,#9389);
#8209=AXIS2_PLACEMENT_3D('',#11806,#9390,#9391);
#8210=AXIS2_PLACEMENT_3D('',#11807,#9392,#9393);
#8211=AXIS2_PLACEMENT_3D('',#11808,#9394,#9395);
#8212=AXIS2_PLACEMENT_3D('',#11809,#9396,#9397);
#8213=AXIS2_PLACEMENT_3D('',#11810,#9398,#9399);
#8214=AXIS2_PLACEMENT_3D('',#11811,#9400,#9401);
#8215=AXIS2_PLACEMENT_3D('',#11812,#9402,#9403);
#8216=AXIS2_PLACEMENT_3D('',#11813,#9404,#9405);
#8217=AXIS2_PLACEMENT_3D('',#11816,#9407,#9408);
#8218=AXIS2_PLACEMENT_3D('',#11818,#9409,#9410);
#8219=AXIS2_PLACEMENT_3D('',#11820,#9411,#9412);
#8220=AXIS2_PLACEMENT_3D('',#11822,#9413,#9414);
#8221=AXIS2_PLACEMENT_3D('',#11824,#9415,#9416);
#8222=AXIS2_PLACEMENT_3D('',#11826,#9417,#9418);
#8223=AXIS2_PLACEMENT_3D('',#11828,#9419,#9420);
#8224=AXIS2_PLACEMENT_3D('',#11830,#9421,#9422);
#8225=AXIS2_PLACEMENT_3D('',#11832,#9423,#9424);
#8226=AXIS2_PLACEMENT_3D('',#11834,#9425,#9426);
#8227=AXIS2_PLACEMENT_3D('',#11836,#9427,#9428);
#8228=AXIS2_PLACEMENT_3D('',#11838,#9429,#9430);
#8229=AXIS2_PLACEMENT_3D('',#11840,#9431,#9432);
#8230=AXIS2_PLACEMENT_3D('',#11842,#9433,#9434);
#8231=AXIS2_PLACEMENT_3D('',#11844,#9435,#9436);
#8232=AXIS2_PLACEMENT_3D('',#11846,#9437,#9438);
#8233=AXIS2_PLACEMENT_3D('',#11847,#9439,#9440);
#8234=AXIS2_PLACEMENT_3D('',#11851,#9443,#9444);
#8235=AXIS2_PLACEMENT_3D('',#11853,#9446,#9447);
#8236=AXIS2_PLACEMENT_3D('',#11854,#9448,#9449);
#8237=AXIS2_PLACEMENT_3D('',#11855,#9450,#9451);
#8238=AXIS2_PLACEMENT_3D('',#11856,#9452,#9453);
#8239=AXIS2_PLACEMENT_3D('',#11857,#9454,#9455);
#8240=AXIS2_PLACEMENT_3D('',#11858,#9456,#9457);
#8241=AXIS2_PLACEMENT_3D('',#11859,#9458,#9459);
#8242=AXIS2_PLACEMENT_3D('',#11860,#9460,#9461);
#8243=AXIS2_PLACEMENT_3D('',#11861,#9462,#9463);
#8244=AXIS2_PLACEMENT_3D('',#11862,#9464,#9465);
#8245=AXIS2_PLACEMENT_3D('',#11863,#9466,#9467);
#8246=AXIS2_PLACEMENT_3D('',#11864,#9468,#9469);
#8247=AXIS2_PLACEMENT_3D('',#11865,#9470,#9471);
#8248=AXIS2_PLACEMENT_3D('',#11866,#9472,#9473);
#8249=AXIS2_PLACEMENT_3D('',#11867,#9474,#9475);
#8250=AXIS2_PLACEMENT_3D('',#11869,#9476,#9477);
#8251=AXIS2_PLACEMENT_3D('',#11872,#9479,#9480);
#8252=AXIS2_PLACEMENT_3D('',#11874,#9481,#9482);
#8253=AXIS2_PLACEMENT_3D('',#11876,#9483,#9484);
#8254=AXIS2_PLACEMENT_3D('',#11878,#9485,#9486);
#8255=AXIS2_PLACEMENT_3D('',#11880,#9487,#9488);
#8256=AXIS2_PLACEMENT_3D('',#11882,#9489,#9490);
#8257=AXIS2_PLACEMENT_3D('',#11884,#9491,#9492);
#8258=AXIS2_PLACEMENT_3D('',#11886,#9493,#9494);
#8259=AXIS2_PLACEMENT_3D('',#11888,#9495,#9496);
#8260=AXIS2_PLACEMENT_3D('',#11890,#9497,#9498);
#8261=AXIS2_PLACEMENT_3D('',#11892,#9499,#9500);
#8262=AXIS2_PLACEMENT_3D('',#11894,#9501,#9502);
#8263=AXIS2_PLACEMENT_3D('',#11896,#9503,#9504);
#8264=AXIS2_PLACEMENT_3D('',#11898,#9505,#9506);
#8265=AXIS2_PLACEMENT_3D('',#11900,#9507,#9508);
#8266=AXIS2_PLACEMENT_3D('',#11902,#9509,#9510);
#8267=AXIS2_PLACEMENT_3D('',#11903,#9511,#9512);
#8268=AXIS2_PLACEMENT_3D('',#11905,#9514,#9515);
#8269=AXIS2_PLACEMENT_3D('',#11908,#9517,#9518);
#8270=AXIS2_PLACEMENT_3D('',#11909,#9519,#9520);
#8271=AXIS2_PLACEMENT_3D('',#11912,#9522,#9523);
#8272=AXIS2_PLACEMENT_3D('',#11913,#9524,#9525);
#8273=AXIS2_PLACEMENT_3D('',#11916,#9527,#9528);
#8274=AXIS2_PLACEMENT_3D('',#11917,#9529,#9530);
#8275=AXIS2_PLACEMENT_3D('',#11920,#9532,#9533);
#8276=AXIS2_PLACEMENT_3D('',#11921,#9534,#9535);
#8277=AXIS2_PLACEMENT_3D('',#11924,#9537,#9538);
#8278=AXIS2_PLACEMENT_3D('',#11925,#9539,#9540);
#8279=AXIS2_PLACEMENT_3D('',#11928,#9542,#9543);
#8280=AXIS2_PLACEMENT_3D('',#11929,#9544,#9545);
#8281=AXIS2_PLACEMENT_3D('',#11932,#9547,#9548);
#8282=AXIS2_PLACEMENT_3D('',#11933,#9549,#9550);
#8283=AXIS2_PLACEMENT_3D('',#11936,#9552,#9553);
#8284=AXIS2_PLACEMENT_3D('',#11937,#9554,#9555);
#8285=AXIS2_PLACEMENT_3D('',#11940,#9557,#9558);
#8286=AXIS2_PLACEMENT_3D('',#11941,#9559,#9560);
#8287=AXIS2_PLACEMENT_3D('',#11944,#9562,#9563);
#8288=AXIS2_PLACEMENT_3D('',#11945,#9564,#9565);
#8289=AXIS2_PLACEMENT_3D('',#11948,#9567,#9568);
#8290=AXIS2_PLACEMENT_3D('',#11949,#9569,#9570);
#8291=AXIS2_PLACEMENT_3D('',#11952,#9572,#9573);
#8292=AXIS2_PLACEMENT_3D('',#11953,#9574,#9575);
#8293=AXIS2_PLACEMENT_3D('',#11956,#9577,#9578);
#8294=AXIS2_PLACEMENT_3D('',#11957,#9579,#9580);
#8295=AXIS2_PLACEMENT_3D('',#11960,#9582,#9583);
#8296=AXIS2_PLACEMENT_3D('',#11961,#9584,#9585);
#8297=AXIS2_PLACEMENT_3D('',#11964,#9587,#9588);
#8298=AXIS2_PLACEMENT_3D('',#11965,#9589,#9590);
#8299=AXIS2_PLACEMENT_3D('',#11968,#9592,#9593);
#8300=AXIS2_PLACEMENT_3D('',#11969,#9594,#9595);
#8301=AXIS2_PLACEMENT_3D('',#11972,#9597,#9598);
#8302=AXIS2_PLACEMENT_3D('',#11973,#9599,#9600);
#8303=AXIS2_PLACEMENT_3D('',#11976,#9602,#9603);
#8304=AXIS2_PLACEMENT_3D('',#11977,#9604,#9605);
#8305=AXIS2_PLACEMENT_3D('',#11980,#9607,#9608);
#8306=AXIS2_PLACEMENT_3D('',#11981,#9609,#9610);
#8307=AXIS2_PLACEMENT_3D('',#11984,#9612,#9613);
#8308=AXIS2_PLACEMENT_3D('',#11985,#9614,#9615);
#8309=AXIS2_PLACEMENT_3D('',#11988,#9617,#9618);
#8310=AXIS2_PLACEMENT_3D('',#11989,#9619,#9620);
#8311=AXIS2_PLACEMENT_3D('',#11992,#9622,#9623);
#8312=AXIS2_PLACEMENT_3D('',#11993,#9624,#9625);
#8313=AXIS2_PLACEMENT_3D('',#11996,#9627,#9628);
#8314=AXIS2_PLACEMENT_3D('',#11997,#9629,#9630);
#8315=AXIS2_PLACEMENT_3D('',#12000,#9632,#9633);
#8316=AXIS2_PLACEMENT_3D('',#12001,#9634,#9635);
#8317=AXIS2_PLACEMENT_3D('',#12004,#9637,#9638);
#8318=AXIS2_PLACEMENT_3D('',#12005,#9639,#9640);
#8319=AXIS2_PLACEMENT_3D('',#12008,#9642,#9643);
#8320=AXIS2_PLACEMENT_3D('',#12009,#9644,#9645);
#8321=AXIS2_PLACEMENT_3D('',#12012,#9647,#9648);
#8322=AXIS2_PLACEMENT_3D('',#12013,#9649,#9650);
#8323=AXIS2_PLACEMENT_3D('',#12016,#9652,#9653);
#8324=AXIS2_PLACEMENT_3D('',#12017,#9654,#9655);
#8325=AXIS2_PLACEMENT_3D('',#12020,#9657,#9658);
#8326=AXIS2_PLACEMENT_3D('',#12021,#9659,#9660);
#8327=AXIS2_PLACEMENT_3D('',#12024,#9662,#9663);
#8328=AXIS2_PLACEMENT_3D('',#12025,#9664,#9665);
#8329=AXIS2_PLACEMENT_3D('',#12028,#9667,#9668);
#8330=AXIS2_PLACEMENT_3D('',#12029,#9669,#9670);
#8331=AXIS2_PLACEMENT_3D('',#12032,#9672,#9673);
#8332=AXIS2_PLACEMENT_3D('',#12033,#9674,#9675);
#8333=AXIS2_PLACEMENT_3D('',#12042,#9680,#9681);
#8334=AXIS2_PLACEMENT_3D('',#12051,#9686,#9687);
#8335=AXIS2_PLACEMENT_3D('',#12057,#9691,#9692);
#8336=AXIS2_PLACEMENT_3D('',#12061,#9695,#9696);
#8337=AXIS2_PLACEMENT_3D('',#12067,#9700,#9701);
#8338=AXIS2_PLACEMENT_3D('',#12071,#9704,#9705);
#8339=AXIS2_PLACEMENT_3D('',#12075,#9708,#9709);
#8340=AXIS2_PLACEMENT_3D('',#12077,#9711,#9712);
#8341=AXIS2_PLACEMENT_3D('',#12081,#9715,#9716);
#8342=AXIS2_PLACEMENT_3D('',#12083,#9718,#9719);
#8343=AXIS2_PLACEMENT_3D('',#12085,#9720,#9721);
#8344=AXIS2_PLACEMENT_3D('',#12088,#9723,#9724);
#8345=AXIS2_PLACEMENT_3D('',#12089,#9725,#9726);
#8346=AXIS2_PLACEMENT_3D('',#12091,#9727,#9728);
#8347=AXIS2_PLACEMENT_3D('',#12094,#9730,#9731);
#8348=AXIS2_PLACEMENT_3D('',#12095,#9732,#9733);
#8349=AXIS2_PLACEMENT_3D('',#12097,#9734,#9735);
#8350=AXIS2_PLACEMENT_3D('',#12100,#9737,#9738);
#8351=AXIS2_PLACEMENT_3D('',#12101,#9739,#9740);
#8352=AXIS2_PLACEMENT_3D('',#12103,#9741,#9742);
#8353=AXIS2_PLACEMENT_3D('',#12106,#9744,#9745);
#8354=AXIS2_PLACEMENT_3D('',#12107,#9746,#9747);
#8355=AXIS2_PLACEMENT_3D('',#12109,#9748,#9749);
#8356=AXIS2_PLACEMENT_3D('',#12112,#9751,#9752);
#8357=AXIS2_PLACEMENT_3D('',#12113,#9753,#9754);
#8358=AXIS2_PLACEMENT_3D('',#12115,#9755,#9756);
#8359=AXIS2_PLACEMENT_3D('',#12118,#9758,#9759);
#8360=AXIS2_PLACEMENT_3D('',#12119,#9760,#9761);
#8361=AXIS2_PLACEMENT_3D('',#12121,#9762,#9763);
#8362=AXIS2_PLACEMENT_3D('',#12124,#9765,#9766);
#8363=AXIS2_PLACEMENT_3D('',#12125,#9767,#9768);
#8364=AXIS2_PLACEMENT_3D('',#12127,#9769,#9770);
#8365=AXIS2_PLACEMENT_3D('',#12130,#9772,#9773);
#8366=AXIS2_PLACEMENT_3D('',#12131,#9774,#9775);
#8367=AXIS2_PLACEMENT_3D('',#12133,#9776,#9777);
#8368=AXIS2_PLACEMENT_3D('',#12136,#9779,#9780);
#8369=AXIS2_PLACEMENT_3D('',#12137,#9781,#9782);
#8370=AXIS2_PLACEMENT_3D('',#12139,#9783,#9784);
#8371=AXIS2_PLACEMENT_3D('',#12142,#9786,#9787);
#8372=AXIS2_PLACEMENT_3D('',#12143,#9788,#9789);
#8373=AXIS2_PLACEMENT_3D('',#12145,#9790,#9791);
#8374=AXIS2_PLACEMENT_3D('',#12148,#9793,#9794);
#8375=AXIS2_PLACEMENT_3D('',#12149,#9795,#9796);
#8376=AXIS2_PLACEMENT_3D('',#12151,#9797,#9798);
#8377=AXIS2_PLACEMENT_3D('',#12154,#9800,#9801);
#8378=AXIS2_PLACEMENT_3D('',#12155,#9802,#9803);
#8379=AXIS2_PLACEMENT_3D('',#12157,#9804,#9805);
#8380=AXIS2_PLACEMENT_3D('',#12160,#9807,#9808);
#8381=AXIS2_PLACEMENT_3D('',#12161,#9809,#9810);
#8382=AXIS2_PLACEMENT_3D('',#12163,#9811,#9812);
#8383=AXIS2_PLACEMENT_3D('',#12166,#9814,#9815);
#8384=AXIS2_PLACEMENT_3D('',#12167,#9816,#9817);
#8385=AXIS2_PLACEMENT_3D('',#12169,#9818,#9819);
#8386=AXIS2_PLACEMENT_3D('',#12172,#9821,#9822);
#8387=AXIS2_PLACEMENT_3D('',#12173,#9823,#9824);
#8388=AXIS2_PLACEMENT_3D('',#12175,#9825,#9826);
#8389=AXIS2_PLACEMENT_3D('',#12178,#9828,#9829);
#8390=AXIS2_PLACEMENT_3D('',#12179,#9830,#9831);
#8391=AXIS2_PLACEMENT_3D('',#12181,#9832,#9833);
#8392=AXIS2_PLACEMENT_3D('',#12184,#9835,#9836);
#8393=AXIS2_PLACEMENT_3D('',#12185,#9837,#9838);
#8394=AXIS2_PLACEMENT_3D('',#12187,#9839,#9840);
#8395=AXIS2_PLACEMENT_3D('',#12190,#9842,#9843);
#8396=AXIS2_PLACEMENT_3D('',#12191,#9844,#9845);
#8397=AXIS2_PLACEMENT_3D('',#12193,#9846,#9847);
#8398=AXIS2_PLACEMENT_3D('',#12196,#9849,#9850);
#8399=AXIS2_PLACEMENT_3D('',#12197,#9851,#9852);
#8400=AXIS2_PLACEMENT_3D('',#12199,#9853,#9854);
#8401=AXIS2_PLACEMENT_3D('',#12202,#9856,#9857);
#8402=AXIS2_PLACEMENT_3D('',#12203,#9858,#9859);
#8403=AXIS2_PLACEMENT_3D('',#12205,#9860,#9861);
#8404=AXIS2_PLACEMENT_3D('',#12208,#9863,#9864);
#8405=AXIS2_PLACEMENT_3D('',#12209,#9865,#9866);
#8406=AXIS2_PLACEMENT_3D('',#12211,#9867,#9868);
#8407=AXIS2_PLACEMENT_3D('',#12214,#9870,#9871);
#8408=AXIS2_PLACEMENT_3D('',#12215,#9872,#9873);
#8409=AXIS2_PLACEMENT_3D('',#12217,#9874,#9875);
#8410=AXIS2_PLACEMENT_3D('',#12220,#9877,#9878);
#8411=AXIS2_PLACEMENT_3D('',#12221,#9879,#9880);
#8412=AXIS2_PLACEMENT_3D('',#12223,#9881,#9882);
#8413=AXIS2_PLACEMENT_3D('',#12226,#9884,#9885);
#8414=AXIS2_PLACEMENT_3D('',#12227,#9886,#9887);
#8415=AXIS2_PLACEMENT_3D('',#12229,#9888,#9889);
#8416=AXIS2_PLACEMENT_3D('',#12232,#9891,#9892);
#8417=AXIS2_PLACEMENT_3D('',#12233,#9893,#9894);
#8418=AXIS2_PLACEMENT_3D('',#12235,#9895,#9896);
#8419=AXIS2_PLACEMENT_3D('',#12238,#9898,#9899);
#8420=AXIS2_PLACEMENT_3D('',#12239,#9900,#9901);
#8421=AXIS2_PLACEMENT_3D('',#12241,#9902,#9903);
#8422=AXIS2_PLACEMENT_3D('',#12244,#9905,#9906);
#8423=AXIS2_PLACEMENT_3D('',#12245,#9907,#9908);
#8424=AXIS2_PLACEMENT_3D('',#12247,#9909,#9910);
#8425=AXIS2_PLACEMENT_3D('',#12250,#9912,#9913);
#8426=AXIS2_PLACEMENT_3D('',#12251,#9914,#9915);
#8427=AXIS2_PLACEMENT_3D('',#12253,#9916,#9917);
#8428=AXIS2_PLACEMENT_3D('',#12256,#9919,#9920);
#8429=AXIS2_PLACEMENT_3D('',#12257,#9921,#9922);
#8430=AXIS2_PLACEMENT_3D('',#12259,#9923,#9924);
#8431=AXIS2_PLACEMENT_3D('',#12262,#9926,#9927);
#8432=AXIS2_PLACEMENT_3D('',#12263,#9928,#9929);
#8433=AXIS2_PLACEMENT_3D('',#12265,#9930,#9931);
#8434=AXIS2_PLACEMENT_3D('',#12268,#9933,#9934);
#8435=AXIS2_PLACEMENT_3D('',#12269,#9935,#9936);
#8436=AXIS2_PLACEMENT_3D('',#12271,#9937,#9938);
#8437=AXIS2_PLACEMENT_3D('',#12274,#9940,#9941);
#8438=AXIS2_PLACEMENT_3D('',#12275,#9942,#9943);
#8439=AXIS2_PLACEMENT_3D('',#12277,#9944,#9945);
#8440=AXIS2_PLACEMENT_3D('',#12279,#9947,#9948);
#8441=AXIS2_PLACEMENT_3D('',#12281,#9949,#9950);
#8442=AXIS2_PLACEMENT_3D('',#12283,#9952,#9953);
#8443=AXIS2_PLACEMENT_3D('',#12285,#9954,#9955);
#8444=AXIS2_PLACEMENT_3D('',#12288,#9957,#9958);
#8445=AXIS2_PLACEMENT_3D('',#12289,#9959,#9960);
#8446=AXIS2_PLACEMENT_3D('',#12291,#9961,#9962);
#8447=AXIS2_PLACEMENT_3D('',#12294,#9964,#9965);
#8448=AXIS2_PLACEMENT_3D('',#12295,#9966,#9967);
#8449=AXIS2_PLACEMENT_3D('',#12297,#9968,#9969);
#8450=AXIS2_PLACEMENT_3D('',#12299,#9971,#9972);
#8451=AXIS2_PLACEMENT_3D('',#12301,#9973,#9974);
#8452=AXIS2_PLACEMENT_3D('',#12303,#9976,#9977);
#8453=AXIS2_PLACEMENT_3D('',#12305,#9978,#9979);
#8454=AXIS2_PLACEMENT_3D('',#12308,#9981,#9982);
#8455=AXIS2_PLACEMENT_3D('',#12309,#9983,#9984);
#8456=AXIS2_PLACEMENT_3D('',#12311,#9985,#9986);
#8457=AXIS2_PLACEMENT_3D('',#12314,#9988,#9989);
#8458=AXIS2_PLACEMENT_3D('',#12315,#9990,#9991);
#8459=AXIS2_PLACEMENT_3D('',#12317,#9992,#9993);
#8460=AXIS2_PLACEMENT_3D('',#12320,#9995,#9996);
#8461=AXIS2_PLACEMENT_3D('',#12321,#9997,#9998);
#8462=AXIS2_PLACEMENT_3D('',#12323,#9999,#10000);
#8463=AXIS2_PLACEMENT_3D('',#12326,#10002,#10003);
#8464=AXIS2_PLACEMENT_3D('',#12327,#10004,#10005);
#8465=AXIS2_PLACEMENT_3D('',#12329,#10006,#10007);
#8466=AXIS2_PLACEMENT_3D('',#12332,#10009,#10010);
#8467=AXIS2_PLACEMENT_3D('',#12333,#10011,#10012);
#8468=AXIS2_PLACEMENT_3D('',#12335,#10013,#10014);
#8469=AXIS2_PLACEMENT_3D('',#12338,#10016,#10017);
#8470=AXIS2_PLACEMENT_3D('',#12339,#10018,#10019);
#8471=AXIS2_PLACEMENT_3D('',#12341,#10020,#10021);
#8472=AXIS2_PLACEMENT_3D('',#12344,#10023,#10024);
#8473=AXIS2_PLACEMENT_3D('',#12345,#10025,#10026);
#8474=AXIS2_PLACEMENT_3D('',#12347,#10027,#10028);
#8475=AXIS2_PLACEMENT_3D('',#12350,#10030,#10031);
#8476=AXIS2_PLACEMENT_3D('',#12351,#10032,#10033);
#8477=AXIS2_PLACEMENT_3D('',#12353,#10034,#10035);
#8478=AXIS2_PLACEMENT_3D('',#12356,#10037,#10038);
#8479=AXIS2_PLACEMENT_3D('',#12357,#10039,#10040);
#8480=AXIS2_PLACEMENT_3D('',#12359,#10041,#10042);
#8481=AXIS2_PLACEMENT_3D('',#12362,#10044,#10045);
#8482=AXIS2_PLACEMENT_3D('',#12363,#10046,#10047);
#8483=AXIS2_PLACEMENT_3D('',#12365,#10048,#10049);
#8484=AXIS2_PLACEMENT_3D('',#12368,#10051,#10052);
#8485=AXIS2_PLACEMENT_3D('',#12369,#10053,#10054);
#8486=AXIS2_PLACEMENT_3D('',#12371,#10055,#10056);
#8487=AXIS2_PLACEMENT_3D('',#12374,#10058,#10059);
#8488=AXIS2_PLACEMENT_3D('',#12375,#10060,#10061);
#8489=AXIS2_PLACEMENT_3D('',#12377,#10062,#10063);
#8490=AXIS2_PLACEMENT_3D('',#12379,#10065,#10066);
#8491=AXIS2_PLACEMENT_3D('',#12381,#10067,#10068);
#8492=AXIS2_PLACEMENT_3D('',#12383,#10070,#10071);
#8493=AXIS2_PLACEMENT_3D('',#12385,#10072,#10073);
#8494=AXIS2_PLACEMENT_3D('',#12387,#10075,#10076);
#8495=AXIS2_PLACEMENT_3D('',#12389,#10077,#10078);
#8496=AXIS2_PLACEMENT_3D('',#12391,#10080,#10081);
#8497=AXIS2_PLACEMENT_3D('',#12393,#10082,#10083);
#8498=AXIS2_PLACEMENT_3D('',#12396,#10085,#10086);
#8499=AXIS2_PLACEMENT_3D('',#12397,#10087,#10088);
#8500=AXIS2_PLACEMENT_3D('',#12399,#10089,#10090);
#8501=AXIS2_PLACEMENT_3D('',#12402,#10092,#10093);
#8502=AXIS2_PLACEMENT_3D('',#12403,#10094,#10095);
#8503=AXIS2_PLACEMENT_3D('',#12405,#10096,#10097);
#8504=AXIS2_PLACEMENT_3D('',#12408,#10099,#10100);
#8505=AXIS2_PLACEMENT_3D('',#12409,#10101,#10102);
#8506=AXIS2_PLACEMENT_3D('',#12411,#10103,#10104);
#8507=AXIS2_PLACEMENT_3D('',#12414,#10106,#10107);
#8508=AXIS2_PLACEMENT_3D('',#12415,#10108,#10109);
#8509=AXIS2_PLACEMENT_3D('',#12417,#10110,#10111);
#8510=AXIS2_PLACEMENT_3D('',#12420,#10113,#10114);
#8511=AXIS2_PLACEMENT_3D('',#12421,#10115,#10116);
#8512=AXIS2_PLACEMENT_3D('',#12423,#10117,#10118);
#8513=AXIS2_PLACEMENT_3D('',#12426,#10120,#10121);
#8514=AXIS2_PLACEMENT_3D('',#12427,#10122,#10123);
#8515=AXIS2_PLACEMENT_3D('',#12429,#10124,#10125);
#8516=AXIS2_PLACEMENT_3D('',#12432,#10127,#10128);
#8517=AXIS2_PLACEMENT_3D('',#12433,#10129,#10130);
#8518=AXIS2_PLACEMENT_3D('',#12435,#10131,#10132);
#8519=AXIS2_PLACEMENT_3D('',#12438,#10134,#10135);
#8520=AXIS2_PLACEMENT_3D('',#12439,#10136,#10137);
#8521=AXIS2_PLACEMENT_3D('',#12441,#10138,#10139);
#8522=AXIS2_PLACEMENT_3D('',#12444,#10141,#10142);
#8523=AXIS2_PLACEMENT_3D('',#12445,#10143,#10144);
#8524=AXIS2_PLACEMENT_3D('',#12447,#10145,#10146);
#8525=AXIS2_PLACEMENT_3D('',#12450,#10148,#10149);
#8526=AXIS2_PLACEMENT_3D('',#12451,#10150,#10151);
#8527=AXIS2_PLACEMENT_3D('',#12453,#10152,#10153);
#8528=AXIS2_PLACEMENT_3D('',#12456,#10155,#10156);
#8529=AXIS2_PLACEMENT_3D('',#12457,#10157,#10158);
#8530=AXIS2_PLACEMENT_3D('',#12459,#10159,#10160);
#8531=AXIS2_PLACEMENT_3D('',#12462,#10162,#10163);
#8532=AXIS2_PLACEMENT_3D('',#12463,#10164,#10165);
#8533=AXIS2_PLACEMENT_3D('',#12465,#10166,#10167);
#8534=AXIS2_PLACEMENT_3D('',#12468,#10169,#10170);
#8535=AXIS2_PLACEMENT_3D('',#12469,#10171,#10172);
#8536=AXIS2_PLACEMENT_3D('',#12471,#10173,#10174);
#8537=AXIS2_PLACEMENT_3D('',#12474,#10176,#10177);
#8538=AXIS2_PLACEMENT_3D('',#12475,#10178,#10179);
#8539=AXIS2_PLACEMENT_3D('',#12477,#10180,#10181);
#8540=AXIS2_PLACEMENT_3D('',#12480,#10183,#10184);
#8541=AXIS2_PLACEMENT_3D('',#12481,#10185,#10186);
#8542=AXIS2_PLACEMENT_3D('',#12483,#10187,#10188);
#8543=AXIS2_PLACEMENT_3D('',#12486,#10190,#10191);
#8544=AXIS2_PLACEMENT_3D('',#12487,#10192,#10193);
#8545=AXIS2_PLACEMENT_3D('',#12489,#10194,#10195);
#8546=AXIS2_PLACEMENT_3D('',#12491,#10197,#10198);
#8547=AXIS2_PLACEMENT_3D('',#12493,#10199,#10200);
#8548=AXIS2_PLACEMENT_3D('',#12495,#10202,#10203);
#8549=AXIS2_PLACEMENT_3D('',#12497,#10204,#10205);
#8550=AXIS2_PLACEMENT_3D('',#12499,#10207,#10208);
#8551=AXIS2_PLACEMENT_3D('',#12501,#10209,#10210);
#8552=AXIS2_PLACEMENT_3D('',#12503,#10212,#10213);
#8553=AXIS2_PLACEMENT_3D('',#12505,#10214,#10215);
#8554=AXIS2_PLACEMENT_3D('',#12507,#10217,#10218);
#8555=AXIS2_PLACEMENT_3D('',#12509,#10219,#10220);
#8556=AXIS2_PLACEMENT_3D('',#12511,#10222,#10223);
#8557=AXIS2_PLACEMENT_3D('',#12513,#10224,#10225);
#8558=AXIS2_PLACEMENT_3D('',#12515,#10227,#10228);
#8559=AXIS2_PLACEMENT_3D('',#12517,#10229,#10230);
#8560=AXIS2_PLACEMENT_3D('',#12519,#10232,#10233);
#8561=AXIS2_PLACEMENT_3D('',#12521,#10234,#10235);
#8562=AXIS2_PLACEMENT_3D('',#12524,#10237,#10238);
#8563=AXIS2_PLACEMENT_3D('',#12525,#10239,#10240);
#8564=AXIS2_PLACEMENT_3D('',#12527,#10241,#10242);
#8565=AXIS2_PLACEMENT_3D('',#12530,#10244,#10245);
#8566=AXIS2_PLACEMENT_3D('',#12531,#10246,#10247);
#8567=AXIS2_PLACEMENT_3D('',#12533,#10248,#10249);
#8568=AXIS2_PLACEMENT_3D('',#12536,#10251,#10252);
#8569=AXIS2_PLACEMENT_3D('',#12537,#10253,#10254);
#8570=AXIS2_PLACEMENT_3D('',#12539,#10255,#10256);
#8571=AXIS2_PLACEMENT_3D('',#12542,#10258,#10259);
#8572=AXIS2_PLACEMENT_3D('',#12543,#10260,#10261);
#8573=AXIS2_PLACEMENT_3D('',#12545,#10262,#10263);
#8574=AXIS2_PLACEMENT_3D('',#12548,#10265,#10266);
#8575=AXIS2_PLACEMENT_3D('',#12549,#10267,#10268);
#8576=AXIS2_PLACEMENT_3D('',#12551,#10269,#10270);
#8577=AXIS2_PLACEMENT_3D('',#12554,#10272,#10273);
#8578=AXIS2_PLACEMENT_3D('',#12555,#10274,#10275);
#8579=AXIS2_PLACEMENT_3D('',#12557,#10276,#10277);
#8580=AXIS2_PLACEMENT_3D('',#12560,#10279,#10280);
#8581=AXIS2_PLACEMENT_3D('',#12561,#10281,#10282);
#8582=AXIS2_PLACEMENT_3D('',#12563,#10283,#10284);
#8583=AXIS2_PLACEMENT_3D('',#12566,#10286,#10287);
#8584=AXIS2_PLACEMENT_3D('',#12567,#10288,#10289);
#8585=AXIS2_PLACEMENT_3D('',#12569,#10290,#10291);
#8586=AXIS2_PLACEMENT_3D('',#12572,#10293,#10294);
#8587=AXIS2_PLACEMENT_3D('',#12573,#10295,#10296);
#8588=AXIS2_PLACEMENT_3D('',#12575,#10297,#10298);
#8589=AXIS2_PLACEMENT_3D('',#12578,#10300,#10301);
#8590=AXIS2_PLACEMENT_3D('',#12579,#10302,#10303);
#8591=AXIS2_PLACEMENT_3D('',#12581,#10304,#10305);
#8592=AXIS2_PLACEMENT_3D('',#12584,#10307,#10308);
#8593=AXIS2_PLACEMENT_3D('',#12585,#10309,#10310);
#8594=AXIS2_PLACEMENT_3D('',#12587,#10311,#10312);
#8595=AXIS2_PLACEMENT_3D('',#12590,#10314,#10315);
#8596=AXIS2_PLACEMENT_3D('',#12591,#10316,#10317);
#8597=AXIS2_PLACEMENT_3D('',#12593,#10318,#10319);
#8598=AXIS2_PLACEMENT_3D('',#12596,#10321,#10322);
#8599=AXIS2_PLACEMENT_3D('',#12597,#10323,#10324);
#8600=AXIS2_PLACEMENT_3D('',#12599,#10325,#10326);
#8601=AXIS2_PLACEMENT_3D('',#12602,#10328,#10329);
#8602=AXIS2_PLACEMENT_3D('',#12603,#10330,#10331);
#8603=AXIS2_PLACEMENT_3D('',#12605,#10332,#10333);
#8604=AXIS2_PLACEMENT_3D('',#12608,#10335,#10336);
#8605=AXIS2_PLACEMENT_3D('',#12609,#10337,#10338);
#8606=AXIS2_PLACEMENT_3D('',#12611,#10339,#10340);
#8607=AXIS2_PLACEMENT_3D('',#12614,#10342,#10343);
#8608=AXIS2_PLACEMENT_3D('',#12615,#10344,#10345);
#8609=AXIS2_PLACEMENT_3D('',#12617,#10346,#10347);
#8610=AXIS2_PLACEMENT_3D('',#12620,#10349,#10350);
#8611=AXIS2_PLACEMENT_3D('',#12621,#10351,#10352);
#8612=AXIS2_PLACEMENT_3D('',#12623,#10353,#10354);
#8613=AXIS2_PLACEMENT_3D('',#12626,#10356,#10357);
#8614=AXIS2_PLACEMENT_3D('',#12627,#10358,#10359);
#8615=AXIS2_PLACEMENT_3D('',#12629,#10360,#10361);
#8616=AXIS2_PLACEMENT_3D('',#12632,#10363,#10364);
#8617=AXIS2_PLACEMENT_3D('',#12633,#10365,#10366);
#8618=AXIS2_PLACEMENT_3D('',#12635,#10367,#10368);
#8619=AXIS2_PLACEMENT_3D('',#12638,#10370,#10371);
#8620=AXIS2_PLACEMENT_3D('',#12639,#10372,#10373);
#8621=AXIS2_PLACEMENT_3D('',#12641,#10374,#10375);
#8622=AXIS2_PLACEMENT_3D('',#12644,#10377,#10378);
#8623=AXIS2_PLACEMENT_3D('',#12645,#10379,#10380);
#8624=AXIS2_PLACEMENT_3D('',#12647,#10381,#10382);
#8625=AXIS2_PLACEMENT_3D('',#12650,#10384,#10385);
#8626=AXIS2_PLACEMENT_3D('',#12651,#10386,#10387);
#8627=AXIS2_PLACEMENT_3D('',#12653,#10388,#10389);
#8628=AXIS2_PLACEMENT_3D('',#12656,#10391,#10392);
#8629=AXIS2_PLACEMENT_3D('',#12657,#10393,#10394);
#8630=AXIS2_PLACEMENT_3D('',#12659,#10395,#10396);
#8631=AXIS2_PLACEMENT_3D('',#12662,#10398,#10399);
#8632=AXIS2_PLACEMENT_3D('',#12663,#10400,#10401);
#8633=AXIS2_PLACEMENT_3D('',#12665,#10402,#10403);
#8634=AXIS2_PLACEMENT_3D('',#12668,#10405,#10406);
#8635=AXIS2_PLACEMENT_3D('',#12669,#10407,#10408);
#8636=AXIS2_PLACEMENT_3D('',#12671,#10409,#10410);
#8637=AXIS2_PLACEMENT_3D('',#12674,#10412,#10413);
#8638=AXIS2_PLACEMENT_3D('',#12675,#10414,#10415);
#8639=AXIS2_PLACEMENT_3D('',#12677,#10416,#10417);
#8640=AXIS2_PLACEMENT_3D('',#12680,#10419,#10420);
#8641=AXIS2_PLACEMENT_3D('',#12681,#10421,#10422);
#8642=AXIS2_PLACEMENT_3D('',#12683,#10423,#10424);
#8643=AXIS2_PLACEMENT_3D('',#12686,#10426,#10427);
#8644=AXIS2_PLACEMENT_3D('',#12687,#10428,#10429);
#8645=AXIS2_PLACEMENT_3D('',#12689,#10430,#10431);
#8646=AXIS2_PLACEMENT_3D('',#12692,#10433,#10434);
#8647=AXIS2_PLACEMENT_3D('',#12693,#10435,#10436);
#8648=AXIS2_PLACEMENT_3D('',#12695,#10437,#10438);
#8649=AXIS2_PLACEMENT_3D('',#12698,#10440,#10441);
#8650=AXIS2_PLACEMENT_3D('',#12699,#10442,#10443);
#8651=AXIS2_PLACEMENT_3D('',#12701,#10444,#10445);
#8652=AXIS2_PLACEMENT_3D('',#12704,#10447,#10448);
#8653=AXIS2_PLACEMENT_3D('',#12705,#10449,#10450);
#8654=AXIS2_PLACEMENT_3D('',#12707,#10451,#10452);
#8655=AXIS2_PLACEMENT_3D('',#12710,#10454,#10455);
#8656=AXIS2_PLACEMENT_3D('',#12711,#10456,#10457);
#8657=AXIS2_PLACEMENT_3D('',#12713,#10458,#10459);
#8658=AXIS2_PLACEMENT_3D('',#12716,#10461,#10462);
#8659=AXIS2_PLACEMENT_3D('',#12717,#10463,#10464);
#8660=AXIS2_PLACEMENT_3D('',#12719,#10465,#10466);
#8661=AXIS2_PLACEMENT_3D('',#12722,#10468,#10469);
#8662=AXIS2_PLACEMENT_3D('',#12723,#10470,#10471);
#8663=AXIS2_PLACEMENT_3D('',#12725,#10472,#10473);
#8664=AXIS2_PLACEMENT_3D('',#12728,#10475,#10476);
#8665=AXIS2_PLACEMENT_3D('',#12729,#10477,#10478);
#8666=AXIS2_PLACEMENT_3D('',#12731,#10479,#10480);
#8667=AXIS2_PLACEMENT_3D('',#12734,#10482,#10483);
#8668=AXIS2_PLACEMENT_3D('',#12735,#10484,#10485);
#8669=AXIS2_PLACEMENT_3D('',#12737,#10486,#10487);
#8670=AXIS2_PLACEMENT_3D('',#12740,#10489,#10490);
#8671=AXIS2_PLACEMENT_3D('',#12741,#10491,#10492);
#8672=AXIS2_PLACEMENT_3D('',#12743,#10493,#10494);
#8673=AXIS2_PLACEMENT_3D('',#12746,#10496,#10497);
#8674=AXIS2_PLACEMENT_3D('',#12747,#10498,#10499);
#8675=AXIS2_PLACEMENT_3D('',#12749,#10500,#10501);
#8676=AXIS2_PLACEMENT_3D('',#12752,#10503,#10504);
#8677=AXIS2_PLACEMENT_3D('',#12753,#10505,#10506);
#8678=AXIS2_PLACEMENT_3D('',#12755,#10507,#10508);
#8679=AXIS2_PLACEMENT_3D('',#12758,#10510,#10511);
#8680=AXIS2_PLACEMENT_3D('',#12759,#10512,#10513);
#8681=AXIS2_PLACEMENT_3D('',#12761,#10514,#10515);
#8682=AXIS2_PLACEMENT_3D('',#12764,#10517,#10518);
#8683=AXIS2_PLACEMENT_3D('',#12765,#10519,#10520);
#8684=AXIS2_PLACEMENT_3D('',#12767,#10521,#10522);
#8685=AXIS2_PLACEMENT_3D('',#12770,#10524,#10525);
#8686=AXIS2_PLACEMENT_3D('',#12771,#10526,#10527);
#8687=AXIS2_PLACEMENT_3D('',#12773,#10528,#10529);
#8688=AXIS2_PLACEMENT_3D('',#12776,#10531,#10532);
#8689=AXIS2_PLACEMENT_3D('',#12777,#10533,#10534);
#8690=AXIS2_PLACEMENT_3D('',#12779,#10535,#10536);
#8691=AXIS2_PLACEMENT_3D('',#12782,#10538,#10539);
#8692=AXIS2_PLACEMENT_3D('',#12783,#10540,#10541);
#8693=AXIS2_PLACEMENT_3D('',#12785,#10542,#10543);
#8694=AXIS2_PLACEMENT_3D('',#12788,#10545,#10546);
#8695=AXIS2_PLACEMENT_3D('',#12789,#10547,#10548);
#8696=AXIS2_PLACEMENT_3D('',#12791,#10549,#10550);
#8697=AXIS2_PLACEMENT_3D('',#12794,#10552,#10553);
#8698=AXIS2_PLACEMENT_3D('',#12795,#10554,#10555);
#8699=AXIS2_PLACEMENT_3D('',#12797,#10556,#10557);
#8700=AXIS2_PLACEMENT_3D('',#12800,#10559,#10560);
#8701=AXIS2_PLACEMENT_3D('',#12801,#10561,#10562);
#8702=AXIS2_PLACEMENT_3D('',#12803,#10563,#10564);
#8703=AXIS2_PLACEMENT_3D('',#12806,#10566,#10567);
#8704=AXIS2_PLACEMENT_3D('',#12807,#10568,#10569);
#8705=AXIS2_PLACEMENT_3D('',#12809,#10570,#10571);
#8706=AXIS2_PLACEMENT_3D('',#12812,#10573,#10574);
#8707=AXIS2_PLACEMENT_3D('',#12813,#10575,#10576);
#8708=AXIS2_PLACEMENT_3D('',#12815,#10577,#10578);
#8709=AXIS2_PLACEMENT_3D('',#12818,#10580,#10581);
#8710=AXIS2_PLACEMENT_3D('',#12819,#10582,#10583);
#8711=AXIS2_PLACEMENT_3D('',#12821,#10584,#10585);
#8712=AXIS2_PLACEMENT_3D('',#12824,#10587,#10588);
#8713=AXIS2_PLACEMENT_3D('',#12825,#10589,#10590);
#8714=AXIS2_PLACEMENT_3D('',#12827,#10591,#10592);
#8715=AXIS2_PLACEMENT_3D('',#12830,#10594,#10595);
#8716=AXIS2_PLACEMENT_3D('',#12831,#10596,#10597);
#8717=AXIS2_PLACEMENT_3D('',#12833,#10598,#10599);
#8718=AXIS2_PLACEMENT_3D('',#12836,#10601,#10602);
#8719=AXIS2_PLACEMENT_3D('',#12837,#10603,#10604);
#8720=AXIS2_PLACEMENT_3D('',#12839,#10605,#10606);
#8721=AXIS2_PLACEMENT_3D('',#12842,#10608,#10609);
#8722=AXIS2_PLACEMENT_3D('',#12843,#10610,#10611);
#8723=AXIS2_PLACEMENT_3D('',#12845,#10612,#10613);
#8724=AXIS2_PLACEMENT_3D('',#12848,#10615,#10616);
#8725=AXIS2_PLACEMENT_3D('',#12849,#10617,#10618);
#8726=AXIS2_PLACEMENT_3D('',#12851,#10619,#10620);
#8727=AXIS2_PLACEMENT_3D('',#12854,#10622,#10623);
#8728=AXIS2_PLACEMENT_3D('',#12855,#10624,#10625);
#8729=AXIS2_PLACEMENT_3D('',#12857,#10626,#10627);
#8730=AXIS2_PLACEMENT_3D('',#12860,#10629,#10630);
#8731=AXIS2_PLACEMENT_3D('',#12861,#10631,#10632);
#8732=AXIS2_PLACEMENT_3D('',#12863,#10633,#10634);
#8733=AXIS2_PLACEMENT_3D('',#12866,#10636,#10637);
#8734=AXIS2_PLACEMENT_3D('',#12867,#10638,#10639);
#8735=AXIS2_PLACEMENT_3D('',#12869,#10640,#10641);
#8736=AXIS2_PLACEMENT_3D('',#12872,#10643,#10644);
#8737=AXIS2_PLACEMENT_3D('',#12873,#10645,#10646);
#8738=AXIS2_PLACEMENT_3D('',#12875,#10647,#10648);
#8739=AXIS2_PLACEMENT_3D('',#12878,#10650,#10651);
#8740=AXIS2_PLACEMENT_3D('',#12879,#10652,#10653);
#8741=AXIS2_PLACEMENT_3D('',#12881,#10654,#10655);
#8742=AXIS2_PLACEMENT_3D('',#12884,#10657,#10658);
#8743=AXIS2_PLACEMENT_3D('',#12885,#10659,#10660);
#8744=AXIS2_PLACEMENT_3D('',#12887,#10661,#10662);
#8745=AXIS2_PLACEMENT_3D('',#12890,#10664,#10665);
#8746=AXIS2_PLACEMENT_3D('',#12891,#10666,#10667);
#8747=AXIS2_PLACEMENT_3D('',#12893,#10668,#10669);
#8748=AXIS2_PLACEMENT_3D('',#12896,#10671,#10672);
#8749=AXIS2_PLACEMENT_3D('',#12897,#10673,#10674);
#8750=AXIS2_PLACEMENT_3D('',#12899,#10675,#10676);
#8751=AXIS2_PLACEMENT_3D('',#12902,#10678,#10679);
#8752=AXIS2_PLACEMENT_3D('',#12903,#10680,#10681);
#8753=AXIS2_PLACEMENT_3D('',#12905,#10682,#10683);
#8754=AXIS2_PLACEMENT_3D('',#12907,#10685,#10686);
#8755=AXIS2_PLACEMENT_3D('',#12909,#10687,#10688);
#8756=AXIS2_PLACEMENT_3D('',#12911,#10690,#10691);
#8757=AXIS2_PLACEMENT_3D('',#12913,#10692,#10693);
#8758=AXIS2_PLACEMENT_3D('',#12915,#10695,#10696);
#8759=AXIS2_PLACEMENT_3D('',#12917,#10697,#10698);
#8760=AXIS2_PLACEMENT_3D('',#12919,#10700,#10701);
#8761=AXIS2_PLACEMENT_3D('',#12921,#10702,#10703);
#8762=AXIS2_PLACEMENT_3D('',#12924,#10705,#10706);
#8763=AXIS2_PLACEMENT_3D('',#12925,#10707,#10708);
#8764=AXIS2_PLACEMENT_3D('',#12927,#10709,#10710);
#8765=AXIS2_PLACEMENT_3D('',#12930,#10712,#10713);
#8766=AXIS2_PLACEMENT_3D('',#12931,#10714,#10715);
#8767=AXIS2_PLACEMENT_3D('',#12933,#10716,#10717);
#8768=AXIS2_PLACEMENT_3D('',#12936,#10719,#10720);
#8769=AXIS2_PLACEMENT_3D('',#12937,#10721,#10722);
#8770=AXIS2_PLACEMENT_3D('',#12939,#10723,#10724);
#8771=AXIS2_PLACEMENT_3D('',#12942,#10726,#10727);
#8772=AXIS2_PLACEMENT_3D('',#12943,#10728,#10729);
#8773=AXIS2_PLACEMENT_3D('',#12945,#10730,#10731);
#8774=AXIS2_PLACEMENT_3D('',#12948,#10733,#10734);
#8775=AXIS2_PLACEMENT_3D('',#12949,#10735,#10736);
#8776=AXIS2_PLACEMENT_3D('',#12951,#10737,#10738);
#8777=AXIS2_PLACEMENT_3D('',#12954,#10740,#10741);
#8778=AXIS2_PLACEMENT_3D('',#12955,#10742,#10743);
#8779=AXIS2_PLACEMENT_3D('',#12957,#10744,#10745);
#8780=AXIS2_PLACEMENT_3D('',#12960,#10747,#10748);
#8781=AXIS2_PLACEMENT_3D('',#12961,#10749,#10750);
#8782=AXIS2_PLACEMENT_3D('',#12963,#10751,#10752);
#8783=AXIS2_PLACEMENT_3D('',#12966,#10754,#10755);
#8784=AXIS2_PLACEMENT_3D('',#12967,#10756,#10757);
#8785=AXIS2_PLACEMENT_3D('',#12969,#10758,#10759);
#8786=AXIS2_PLACEMENT_3D('',#12971,#10761,#10762);
#8787=AXIS2_PLACEMENT_3D('',#12973,#10763,#10764);
#8788=AXIS2_PLACEMENT_3D('',#12975,#10766,#10767);
#8789=AXIS2_PLACEMENT_3D('',#12977,#10768,#10769);
#8790=AXIS2_PLACEMENT_3D('',#12980,#10771,#10772);
#8791=AXIS2_PLACEMENT_3D('',#12981,#10773,#10774);
#8792=AXIS2_PLACEMENT_3D('',#12983,#10775,#10776);
#8793=AXIS2_PLACEMENT_3D('',#12986,#10778,#10779);
#8794=AXIS2_PLACEMENT_3D('',#12987,#10780,#10781);
#8795=AXIS2_PLACEMENT_3D('',#12989,#10782,#10783);
#8796=AXIS2_PLACEMENT_3D('',#12992,#10785,#10786);
#8797=AXIS2_PLACEMENT_3D('',#12993,#10787,#10788);
#8798=AXIS2_PLACEMENT_3D('',#12995,#10789,#10790);
#8799=AXIS2_PLACEMENT_3D('',#12998,#10792,#10793);
#8800=AXIS2_PLACEMENT_3D('',#12999,#10794,#10795);
#8801=AXIS2_PLACEMENT_3D('',#13001,#10796,#10797);
#8802=AXIS2_PLACEMENT_3D('',#13004,#10799,#10800);
#8803=AXIS2_PLACEMENT_3D('',#13005,#10801,#10802);
#8804=AXIS2_PLACEMENT_3D('',#13007,#10803,#10804);
#8805=AXIS2_PLACEMENT_3D('',#13010,#10806,#10807);
#8806=AXIS2_PLACEMENT_3D('',#13011,#10808,#10809);
#8807=AXIS2_PLACEMENT_3D('',#13013,#10810,#10811);
#8808=AXIS2_PLACEMENT_3D('',#13016,#10813,#10814);
#8809=AXIS2_PLACEMENT_3D('',#13017,#10815,#10816);
#8810=AXIS2_PLACEMENT_3D('',#13019,#10817,#10818);
#8811=AXIS2_PLACEMENT_3D('',#13022,#10820,#10821);
#8812=AXIS2_PLACEMENT_3D('',#13023,#10822,#10823);
#8813=AXIS2_PLACEMENT_3D('',#13025,#10824,#10825);
#8814=AXIS2_PLACEMENT_3D('',#13028,#10827,#10828);
#8815=AXIS2_PLACEMENT_3D('',#13029,#10829,#10830);
#8816=AXIS2_PLACEMENT_3D('',#13031,#10831,#10832);
#8817=AXIS2_PLACEMENT_3D('',#13034,#10834,#10835);
#8818=AXIS2_PLACEMENT_3D('',#13035,#10836,#10837);
#8819=AXIS2_PLACEMENT_3D('',#13037,#10838,#10839);
#8820=AXIS2_PLACEMENT_3D('',#13040,#10841,#10842);
#8821=AXIS2_PLACEMENT_3D('',#13041,#10843,#10844);
#8822=AXIS2_PLACEMENT_3D('',#13043,#10845,#10846);
#8823=AXIS2_PLACEMENT_3D('',#13046,#10848,#10849);
#8824=AXIS2_PLACEMENT_3D('',#13047,#10850,#10851);
#8825=AXIS2_PLACEMENT_3D('',#13049,#10852,#10853);
#8826=AXIS2_PLACEMENT_3D('',#13051,#10855,#10856);
#8827=AXIS2_PLACEMENT_3D('',#13053,#10857,#10858);
#8828=AXIS2_PLACEMENT_3D('',#13055,#10860,#10861);
#8829=AXIS2_PLACEMENT_3D('',#13057,#10862,#10863);
#8830=AXIS2_PLACEMENT_3D('',#13060,#10865,#10866);
#8831=AXIS2_PLACEMENT_3D('',#13061,#10867,#10868);
#8832=AXIS2_PLACEMENT_3D('',#13063,#10869,#10870);
#8833=AXIS2_PLACEMENT_3D('',#13066,#10872,#10873);
#8834=AXIS2_PLACEMENT_3D('',#13067,#10874,#10875);
#8835=AXIS2_PLACEMENT_3D('',#13069,#10876,#10877);
#8836=AXIS2_PLACEMENT_3D('',#13071,#10879,#10880);
#8837=AXIS2_PLACEMENT_3D('',#13073,#10881,#10882);
#8838=AXIS2_PLACEMENT_3D('',#13075,#10884,#10885);
#8839=AXIS2_PLACEMENT_3D('',#13077,#10886,#10887);
#8840=AXIS2_PLACEMENT_3D('',#13080,#10889,#10890);
#8841=AXIS2_PLACEMENT_3D('',#13081,#10891,#10892);
#8842=AXIS2_PLACEMENT_3D('',#13083,#10893,#10894);
#8843=AXIS2_PLACEMENT_3D('',#13086,#10896,#10897);
#8844=AXIS2_PLACEMENT_3D('',#13087,#10898,#10899);
#8845=AXIS2_PLACEMENT_3D('',#13089,#10900,#10901);
#8846=AXIS2_PLACEMENT_3D('',#13092,#10903,#10904);
#8847=AXIS2_PLACEMENT_3D('',#13093,#10905,#10906);
#8848=AXIS2_PLACEMENT_3D('',#13095,#10907,#10908);
#8849=AXIS2_PLACEMENT_3D('',#13098,#10910,#10911);
#8850=AXIS2_PLACEMENT_3D('',#13099,#10912,#10913);
#8851=AXIS2_PLACEMENT_3D('',#13101,#10914,#10915);
#8852=AXIS2_PLACEMENT_3D('',#13103,#10917,#10918);
#8853=AXIS2_PLACEMENT_3D('',#13105,#10919,#10920);
#8854=AXIS2_PLACEMENT_3D('',#13107,#10922,#10923);
#8855=AXIS2_PLACEMENT_3D('',#13109,#10924,#10925);
#8856=AXIS2_PLACEMENT_3D('',#13112,#10927,#10928);
#8857=AXIS2_PLACEMENT_3D('',#13113,#10929,#10930);
#8858=AXIS2_PLACEMENT_3D('',#13115,#10931,#10932);
#8859=AXIS2_PLACEMENT_3D('',#13118,#10934,#10935);
#8860=AXIS2_PLACEMENT_3D('',#13119,#10936,#10937);
#8861=AXIS2_PLACEMENT_3D('',#13121,#10938,#10939);
#8862=AXIS2_PLACEMENT_3D('',#13124,#10941,#10942);
#8863=AXIS2_PLACEMENT_3D('',#13125,#10943,#10944);
#8864=AXIS2_PLACEMENT_3D('',#13127,#10945,#10946);
#8865=AXIS2_PLACEMENT_3D('',#13130,#10948,#10949);
#8866=AXIS2_PLACEMENT_3D('',#13131,#10950,#10951);
#8867=AXIS2_PLACEMENT_3D('',#13133,#10952,#10953);
#8868=AXIS2_PLACEMENT_3D('',#13135,#10955,#10956);
#8869=AXIS2_PLACEMENT_3D('',#13137,#10957,#10958);
#8870=AXIS2_PLACEMENT_3D('',#13139,#10960,#10961);
#8871=AXIS2_PLACEMENT_3D('',#13141,#10962,#10963);
#8872=AXIS2_PLACEMENT_3D('',#13144,#10965,#10966);
#8873=AXIS2_PLACEMENT_3D('',#13145,#10967,#10968);
#8874=AXIS2_PLACEMENT_3D('',#13147,#10969,#10970);
#8875=AXIS2_PLACEMENT_3D('',#13150,#10972,#10973);
#8876=AXIS2_PLACEMENT_3D('',#13151,#10974,#10975);
#8877=AXIS2_PLACEMENT_3D('',#13153,#10976,#10977);
#8878=AXIS2_PLACEMENT_3D('',#13155,#10979,#10980);
#8879=AXIS2_PLACEMENT_3D('',#13157,#10981,#10982);
#8880=AXIS2_PLACEMENT_3D('',#13159,#10984,#10985);
#8881=AXIS2_PLACEMENT_3D('',#13161,#10986,#10987);
#8882=AXIS2_PLACEMENT_3D('',#13164,#10989,#10990);
#8883=AXIS2_PLACEMENT_3D('',#13165,#10991,#10992);
#8884=AXIS2_PLACEMENT_3D('',#13167,#10993,#10994);
#8885=AXIS2_PLACEMENT_3D('',#13170,#10996,#10997);
#8886=AXIS2_PLACEMENT_3D('',#13171,#10998,#10999);
#8887=AXIS2_PLACEMENT_3D('',#13173,#11000,#11001);
#8888=AXIS2_PLACEMENT_3D('',#13176,#11003,#11004);
#8889=AXIS2_PLACEMENT_3D('',#13177,#11005,#11006);
#8890=AXIS2_PLACEMENT_3D('',#13179,#11007,#11008);
#8891=AXIS2_PLACEMENT_3D('',#13182,#11010,#11011);
#8892=AXIS2_PLACEMENT_3D('',#13183,#11012,#11013);
#8893=AXIS2_PLACEMENT_3D('',#13185,#11014,#11015);
#8894=AXIS2_PLACEMENT_3D('',#13188,#11017,#11018);
#8895=AXIS2_PLACEMENT_3D('',#13189,#11019,#11020);
#8896=AXIS2_PLACEMENT_3D('',#13191,#11021,#11022);
#8897=AXIS2_PLACEMENT_3D('',#13194,#11024,#11025);
#8898=AXIS2_PLACEMENT_3D('',#13195,#11026,#11027);
#8899=AXIS2_PLACEMENT_3D('',#13197,#11028,#11029);
#8900=AXIS2_PLACEMENT_3D('',#13200,#11031,#11032);
#8901=AXIS2_PLACEMENT_3D('',#13201,#11033,#11034);
#8902=AXIS2_PLACEMENT_3D('',#13203,#11035,#11036);
#8903=AXIS2_PLACEMENT_3D('',#13206,#11038,#11039);
#8904=AXIS2_PLACEMENT_3D('',#13207,#11040,#11041);
#8905=AXIS2_PLACEMENT_3D('',#13209,#11042,#11043);
#8906=AXIS2_PLACEMENT_3D('',#13212,#11045,#11046);
#8907=AXIS2_PLACEMENT_3D('',#13213,#11047,#11048);
#8908=AXIS2_PLACEMENT_3D('',#13215,#11049,#11050);
#8909=AXIS2_PLACEMENT_3D('',#13218,#11052,#11053);
#8910=AXIS2_PLACEMENT_3D('',#13219,#11054,#11055);
#8911=AXIS2_PLACEMENT_3D('',#13221,#11056,#11057);
#8912=AXIS2_PLACEMENT_3D('',#13224,#11059,#11060);
#8913=AXIS2_PLACEMENT_3D('',#13225,#11061,#11062);
#8914=AXIS2_PLACEMENT_3D('',#13227,#11063,#11064);
#8915=AXIS2_PLACEMENT_3D('',#13230,#11066,#11067);
#8916=AXIS2_PLACEMENT_3D('',#13231,#11068,#11069);
#8917=AXIS2_PLACEMENT_3D('',#13233,#11070,#11071);
#8918=AXIS2_PLACEMENT_3D('',#13236,#11073,#11074);
#8919=AXIS2_PLACEMENT_3D('',#13237,#11075,#11076);
#8920=AXIS2_PLACEMENT_3D('',#13239,#11077,#11078);
#8921=AXIS2_PLACEMENT_3D('',#13242,#11080,#11081);
#8922=AXIS2_PLACEMENT_3D('',#13243,#11082,#11083);
#8923=AXIS2_PLACEMENT_3D('',#13245,#11084,#11085);
#8924=AXIS2_PLACEMENT_3D('',#13248,#11087,#11088);
#8925=AXIS2_PLACEMENT_3D('',#13249,#11089,#11090);
#8926=AXIS2_PLACEMENT_3D('',#13251,#11091,#11092);
#8927=AXIS2_PLACEMENT_3D('',#13254,#11094,#11095);
#8928=AXIS2_PLACEMENT_3D('',#13255,#11096,#11097);
#8929=AXIS2_PLACEMENT_3D('',#13257,#11098,#11099);
#8930=AXIS2_PLACEMENT_3D('',#13260,#11101,#11102);
#8931=AXIS2_PLACEMENT_3D('',#13261,#11103,#11104);
#8932=AXIS2_PLACEMENT_3D('',#13263,#11105,#11106);
#8933=AXIS2_PLACEMENT_3D('',#13266,#11108,#11109);
#8934=AXIS2_PLACEMENT_3D('',#13267,#11110,#11111);
#8935=AXIS2_PLACEMENT_3D('',#13269,#11112,#11113);
#8936=AXIS2_PLACEMENT_3D('',#13272,#11115,#11116);
#8937=AXIS2_PLACEMENT_3D('',#13273,#11117,#11118);
#8938=AXIS2_PLACEMENT_3D('',#13275,#11119,#11120);
#8939=AXIS2_PLACEMENT_3D('',#13278,#11122,#11123);
#8940=AXIS2_PLACEMENT_3D('',#13279,#11124,#11125);
#8941=AXIS2_PLACEMENT_3D('',#13281,#11126,#11127);
#8942=AXIS2_PLACEMENT_3D('',#13284,#11129,#11130);
#8943=AXIS2_PLACEMENT_3D('',#13285,#11131,#11132);
#8944=AXIS2_PLACEMENT_3D('',#13287,#11133,#11134);
#8945=AXIS2_PLACEMENT_3D('',#13290,#11136,#11137);
#8946=AXIS2_PLACEMENT_3D('',#13291,#11138,#11139);
#8947=AXIS2_PLACEMENT_3D('',#13293,#11140,#11141);
#8948=AXIS2_PLACEMENT_3D('',#13296,#11143,#11144);
#8949=AXIS2_PLACEMENT_3D('',#13297,#11145,#11146);
#8950=AXIS2_PLACEMENT_3D('',#13299,#11147,#11148);
#8951=AXIS2_PLACEMENT_3D('',#13302,#11150,#11151);
#8952=AXIS2_PLACEMENT_3D('',#13303,#11152,#11153);
#8953=AXIS2_PLACEMENT_3D('',#13305,#11154,#11155);
#8954=AXIS2_PLACEMENT_3D('',#13308,#11157,#11158);
#8955=AXIS2_PLACEMENT_3D('',#13309,#11159,#11160);
#8956=AXIS2_PLACEMENT_3D('',#13311,#11161,#11162);
#8957=AXIS2_PLACEMENT_3D('',#13314,#11164,#11165);
#8958=AXIS2_PLACEMENT_3D('',#13315,#11166,#11167);
#8959=AXIS2_PLACEMENT_3D('',#13317,#11168,#11169);
#8960=AXIS2_PLACEMENT_3D('',#13320,#11171,#11172);
#8961=AXIS2_PLACEMENT_3D('',#13321,#11173,#11174);
#8962=AXIS2_PLACEMENT_3D('',#13323,#11175,#11176);
#8963=AXIS2_PLACEMENT_3D('',#13326,#11178,#11179);
#8964=AXIS2_PLACEMENT_3D('',#13327,#11180,#11181);
#8965=AXIS2_PLACEMENT_3D('',#13329,#11182,#11183);
#8966=AXIS2_PLACEMENT_3D('',#13332,#11185,#11186);
#8967=AXIS2_PLACEMENT_3D('',#13333,#11187,#11188);
#8968=AXIS2_PLACEMENT_3D('',#13335,#11189,#11190);
#8969=AXIS2_PLACEMENT_3D('',#13338,#11192,#11193);
#8970=AXIS2_PLACEMENT_3D('',#13339,#11194,#11195);
#8971=AXIS2_PLACEMENT_3D('',#13341,#11196,#11197);
#8972=AXIS2_PLACEMENT_3D('',#13344,#11199,#11200);
#8973=AXIS2_PLACEMENT_3D('',#13345,#11201,#11202);
#8974=AXIS2_PLACEMENT_3D('',#13347,#11203,#11204);
#8975=AXIS2_PLACEMENT_3D('',#13350,#11206,#11207);
#8976=AXIS2_PLACEMENT_3D('',#13351,#11208,#11209);
#8977=AXIS2_PLACEMENT_3D('',#13353,#11210,#11211);
#8978=AXIS2_PLACEMENT_3D('',#13356,#11213,#11214);
#8979=AXIS2_PLACEMENT_3D('',#13357,#11215,#11216);
#8980=AXIS2_PLACEMENT_3D('',#13359,#11217,#11218);
#8981=AXIS2_PLACEMENT_3D('',#13362,#11220,#11221);
#8982=AXIS2_PLACEMENT_3D('',#13363,#11222,#11223);
#8983=AXIS2_PLACEMENT_3D('',#13366,#11224,#11225);
#8984=AXIS2_PLACEMENT_3D('',#13370,#11227,#11228);
#8985=AXIS2_PLACEMENT_3D('',#13372,#11230,#11231);
#8986=AXIS2_PLACEMENT_3D('',#13378,#11235,#11236);
#8987=AXIS2_PLACEMENT_3D('',#13382,#11238,#11239);
#8988=AXIS2_PLACEMENT_3D('',#13386,#11241,#11242);
#8989=AXIS2_PLACEMENT_3D('',#13389,#11244,#11245);
#8990=AXIS2_PLACEMENT_3D('',#13390,#11246,#11247);
#8991=AXIS2_PLACEMENT_3D('',#13393,#11248,#11249);
#8992=AXIS2_PLACEMENT_3D('',#13396,#11252,#11253);
#8993=AXIS2_PLACEMENT_3D('',#13400,#11256,#11257);
#8994=AXIS2_PLACEMENT_3D('',#13402,#11258,#11259);
#8995=AXIS2_PLACEMENT_3D('',#13405,#11261,#11262);
#8996=AXIS2_PLACEMENT_3D('',#13415,#11268,#11269);
#8997=AXIS2_PLACEMENT_3D('',#13417,#11271,#11272);
#8998=AXIS2_PLACEMENT_3D('',#13451,#11290,#11291);
#8999=AXIS2_PLACEMENT_3D('',#13452,#11292,#11293);
#9000=AXIS2_PLACEMENT_3D('',#13458,#11297,#11298);
#9001=AXIS2_PLACEMENT_3D('',#13462,#11301,#11302);
#9002=AXIS2_PLACEMENT_3D('',#13466,#11305,#11306);
#9003=AXIS2_PLACEMENT_3D('',#13468,#11308,#11309);
#9004=AXIS2_PLACEMENT_3D('',#13474,#11313,#11314);
#9005=AXIS2_PLACEMENT_3D('',#13478,#11317,#11318);
#9006=AXIS2_PLACEMENT_3D('',#13482,#11321,#11322);
#9007=AXIS2_PLACEMENT_3D('',#13484,#11324,#11325);
#9008=AXIS2_PLACEMENT_3D('',#13490,#11329,#11330);
#9009=AXIS2_PLACEMENT_3D('',#13494,#11333,#11334);
#9010=AXIS2_PLACEMENT_3D('',#13498,#11337,#11338);
#9011=AXIS2_PLACEMENT_3D('',#13500,#11340,#11341);
#9012=AXIS2_PLACEMENT_3D('',#13506,#11345,#11346);
#9013=AXIS2_PLACEMENT_3D('',#13510,#11349,#11350);
#9014=AXIS2_PLACEMENT_3D('',#13514,#11353,#11354);
#9015=AXIS2_PLACEMENT_3D('',#13516,#11356,#11357);
#9016=AXIS2_PLACEMENT_3D('',#13522,#11361,#11362);
#9017=AXIS2_PLACEMENT_3D('',#13526,#11365,#11366);
#9018=AXIS2_PLACEMENT_3D('',#13530,#11369,#11370);
#9019=AXIS2_PLACEMENT_3D('',#13532,#11372,#11373);
#9020=DIRECTION('axis',(0.,0.,1.));
#9021=DIRECTION('refdir',(1.,0.,0.));
#9022=DIRECTION('center_axis',(0.,1.,0.));
#9023=DIRECTION('ref_axis',(-1.,0.,0.));
#9024=DIRECTION('',(1.,0.,0.));
#9025=DIRECTION('',(0.,0.,1.));
#9026=DIRECTION('',(-1.,0.,0.));
#9027=DIRECTION('',(0.,0.,1.));
#9028=DIRECTION('center_axis',(0.,0.,1.));
#9029=DIRECTION('ref_axis',(1.,0.,0.));
#9030=DIRECTION('',(-1.,0.,0.));
#9031=DIRECTION('',(0.,1.,0.));
#9032=DIRECTION('',(0.,-1.,0.));
#9033=DIRECTION('center_axis',(0.,0.,1.));
#9034=DIRECTION('ref_axis',(1.,0.,0.));
#9035=DIRECTION('',(-1.,0.,0.));
#9036=DIRECTION('',(0.,1.,0.));
#9037=DIRECTION('',(1.,0.,0.));
#9038=DIRECTION('',(0.,-1.,0.));
#9039=DIRECTION('center_axis',(0.,0.,1.));
#9040=DIRECTION('ref_axis',(1.,0.,0.));
#9041=DIRECTION('',(-1.,0.,0.));
#9042=DIRECTION('',(0.,1.,0.));
#9043=DIRECTION('',(1.,0.,0.));
#9044=DIRECTION('',(0.,-1.,0.));
#9045=DIRECTION('center_axis',(0.,0.,1.));
#9046=DIRECTION('ref_axis',(1.,0.,0.));
#9047=DIRECTION('',(-1.,0.,0.));
#9048=DIRECTION('',(0.,1.,0.));
#9049=DIRECTION('',(1.,0.,0.));
#9050=DIRECTION('',(0.,-1.,0.));
#9051=DIRECTION('center_axis',(0.,0.,1.));
#9052=DIRECTION('ref_axis',(1.,0.,0.));
#9053=DIRECTION('',(-1.,0.,0.));
#9054=DIRECTION('',(0.,1.,0.));
#9055=DIRECTION('',(1.,0.,0.));
#9056=DIRECTION('',(0.,-1.,0.));
#9057=DIRECTION('center_axis',(0.,0.,1.));
#9058=DIRECTION('ref_axis',(1.,0.,0.));
#9059=DIRECTION('',(-1.,0.,0.));
#9060=DIRECTION('',(0.,1.,0.));
#9061=DIRECTION('',(1.,0.,0.));
#9062=DIRECTION('',(0.,-1.,0.));
#9063=DIRECTION('center_axis',(0.,0.,1.));
#9064=DIRECTION('ref_axis',(1.,0.,0.));
#9065=DIRECTION('',(1.,0.,0.));
#9066=DIRECTION('',(0.,-1.,0.));
#9067=DIRECTION('',(-1.,0.,0.));
#9068=DIRECTION('',(0.,1.,0.));
#9069=DIRECTION('center_axis',(0.,0.,1.));
#9070=DIRECTION('ref_axis',(1.,0.,0.));
#9071=DIRECTION('',(1.,0.,0.));
#9072=DIRECTION('',(0.,-1.,0.));
#9073=DIRECTION('',(-1.,0.,0.));
#9074=DIRECTION('',(0.,1.,0.));
#9075=DIRECTION('center_axis',(0.,0.,1.));
#9076=DIRECTION('ref_axis',(1.,0.,0.));
#9077=DIRECTION('',(-1.,0.,0.));
#9078=DIRECTION('',(0.,1.,0.));
#9079=DIRECTION('',(1.,0.,0.));
#9080=DIRECTION('',(0.,-1.,0.));
#9081=DIRECTION('center_axis',(0.,0.,1.));
#9082=DIRECTION('ref_axis',(1.,0.,0.));
#9083=DIRECTION('',(-1.,0.,0.));
#9084=DIRECTION('',(0.,1.,0.));
#9085=DIRECTION('',(1.,0.,0.));
#9086=DIRECTION('',(0.,-1.,0.));
#9087=DIRECTION('center_axis',(0.,0.,1.));
#9088=DIRECTION('ref_axis',(1.,0.,0.));
#9089=DIRECTION('',(-1.,0.,0.));
#9090=DIRECTION('',(0.,1.,0.));
#9091=DIRECTION('',(1.,0.,0.));
#9092=DIRECTION('',(0.,-1.,0.));
#9093=DIRECTION('center_axis',(0.,0.,1.));
#9094=DIRECTION('ref_axis',(1.,0.,0.));
#9095=DIRECTION('',(1.,0.,0.));
#9096=DIRECTION('',(0.,-1.,0.));
#9097=DIRECTION('',(-1.,0.,0.));
#9098=DIRECTION('',(0.,1.,0.));
#9099=DIRECTION('center_axis',(0.,0.,1.));
#9100=DIRECTION('ref_axis',(1.,0.,0.));
#9101=DIRECTION('',(1.,0.,0.));
#9102=DIRECTION('',(0.,-1.,0.));
#9103=DIRECTION('',(-1.,0.,0.));
#9104=DIRECTION('',(0.,1.,0.));
#9105=DIRECTION('center_axis',(0.,0.,1.));
#9106=DIRECTION('ref_axis',(1.,0.,0.));
#9107=DIRECTION('',(1.,0.,0.));
#9108=DIRECTION('',(0.,-1.,0.));
#9109=DIRECTION('',(-1.,0.,0.));
#9110=DIRECTION('',(0.,1.,0.));
#9111=DIRECTION('center_axis',(0.,0.,1.));
#9112=DIRECTION('ref_axis',(1.,0.,0.));
#9113=DIRECTION('',(1.,0.,0.));
#9114=DIRECTION('',(0.,-1.,0.));
#9115=DIRECTION('',(-1.,0.,0.));
#9116=DIRECTION('',(0.,1.,0.));
#9117=DIRECTION('center_axis',(0.,0.,1.));
#9118=DIRECTION('ref_axis',(1.,0.,0.));
#9119=DIRECTION('',(1.,0.,0.));
#9120=DIRECTION('',(0.,-1.,0.));
#9121=DIRECTION('',(-1.,0.,0.));
#9122=DIRECTION('',(0.,1.,0.));
#9123=DIRECTION('center_axis',(-1.,0.,0.));
#9124=DIRECTION('ref_axis',(0.,-1.,0.));
#9125=DIRECTION('',(0.,1.,0.));
#9126=DIRECTION('',(0.,0.,1.));
#9127=DIRECTION('',(0.,-1.,0.));
#9128=DIRECTION('center_axis',(1.,0.,0.));
#9129=DIRECTION('ref_axis',(0.,1.,0.));
#9130=DIRECTION('center_axis',(1.,0.,0.));
#9131=DIRECTION('ref_axis',(0.,1.,0.));
#9132=DIRECTION('center_axis',(1.,0.,0.));
#9133=DIRECTION('ref_axis',(0.,1.,0.));
#9134=DIRECTION('center_axis',(1.,0.,0.));
#9135=DIRECTION('ref_axis',(0.,1.,0.));
#9136=DIRECTION('center_axis',(1.,0.,0.));
#9137=DIRECTION('ref_axis',(0.,1.,0.));
#9138=DIRECTION('center_axis',(1.,0.,0.));
#9139=DIRECTION('ref_axis',(0.,1.,0.));
#9140=DIRECTION('center_axis',(1.,0.,0.));
#9141=DIRECTION('ref_axis',(0.,1.,0.));
#9142=DIRECTION('center_axis',(1.,0.,0.));
#9143=DIRECTION('ref_axis',(0.,1.,0.));
#9144=DIRECTION('center_axis',(1.,0.,0.));
#9145=DIRECTION('ref_axis',(0.,1.,0.));
#9146=DIRECTION('center_axis',(1.,0.,0.));
#9147=DIRECTION('ref_axis',(0.,1.,0.));
#9148=DIRECTION('center_axis',(1.,0.,0.));
#9149=DIRECTION('ref_axis',(0.,1.,0.));
#9150=DIRECTION('center_axis',(1.,0.,0.));
#9151=DIRECTION('ref_axis',(0.,1.,0.));
#9152=DIRECTION('center_axis',(1.,0.,0.));
#9153=DIRECTION('ref_axis',(0.,1.,0.));
#9154=DIRECTION('center_axis',(1.,0.,0.));
#9155=DIRECTION('ref_axis',(0.,1.,0.));
#9156=DIRECTION('center_axis',(1.,0.,0.));
#9157=DIRECTION('ref_axis',(0.,1.,0.));
#9158=DIRECTION('center_axis',(1.,0.,0.));
#9159=DIRECTION('ref_axis',(0.,1.,0.));
#9160=DIRECTION('center_axis',(1.,0.,0.));
#9161=DIRECTION('ref_axis',(0.,1.,0.));
#9162=DIRECTION('center_axis',(1.,0.,0.));
#9163=DIRECTION('ref_axis',(0.,1.,0.));
#9164=DIRECTION('center_axis',(1.,0.,0.));
#9165=DIRECTION('ref_axis',(0.,1.,0.));
#9166=DIRECTION('center_axis',(1.,0.,0.));
#9167=DIRECTION('ref_axis',(0.,1.,0.));
#9168=DIRECTION('center_axis',(1.,0.,0.));
#9169=DIRECTION('ref_axis',(0.,1.,0.));
#9170=DIRECTION('center_axis',(1.,0.,0.));
#9171=DIRECTION('ref_axis',(0.,1.,0.));
#9172=DIRECTION('center_axis',(1.,0.,0.));
#9173=DIRECTION('ref_axis',(0.,1.,0.));
#9174=DIRECTION('center_axis',(1.,0.,0.));
#9175=DIRECTION('ref_axis',(0.,1.,0.));
#9176=DIRECTION('center_axis',(1.,0.,0.));
#9177=DIRECTION('ref_axis',(0.,1.,0.));
#9178=DIRECTION('center_axis',(1.,0.,0.));
#9179=DIRECTION('ref_axis',(0.,1.,0.));
#9180=DIRECTION('center_axis',(1.,0.,0.));
#9181=DIRECTION('ref_axis',(0.,1.,0.));
#9182=DIRECTION('center_axis',(1.,0.,0.));
#9183=DIRECTION('ref_axis',(0.,1.,0.));
#9184=DIRECTION('center_axis',(1.,0.,0.));
#9185=DIRECTION('ref_axis',(0.,1.,0.));
#9186=DIRECTION('center_axis',(1.,0.,0.));
#9187=DIRECTION('ref_axis',(0.,1.,0.));
#9188=DIRECTION('center_axis',(1.,0.,0.));
#9189=DIRECTION('ref_axis',(0.,1.,0.));
#9190=DIRECTION('center_axis',(1.,0.,0.));
#9191=DIRECTION('ref_axis',(0.,1.,0.));
#9192=DIRECTION('center_axis',(1.,0.,0.));
#9193=DIRECTION('ref_axis',(0.,1.,0.));
#9194=DIRECTION('',(0.,-1.,0.));
#9195=DIRECTION('center_axis',(-1.,0.,0.));
#9196=DIRECTION('ref_axis',(0.,1.,0.));
#9197=DIRECTION('center_axis',(-1.,0.,0.));
#9198=DIRECTION('ref_axis',(0.,1.,0.));
#9199=DIRECTION('center_axis',(-1.,0.,0.));
#9200=DIRECTION('ref_axis',(0.,1.,0.));
#9201=DIRECTION('center_axis',(-1.,0.,0.));
#9202=DIRECTION('ref_axis',(0.,1.,0.));
#9203=DIRECTION('center_axis',(-1.,0.,0.));
#9204=DIRECTION('ref_axis',(0.,1.,0.));
#9205=DIRECTION('center_axis',(-1.,0.,0.));
#9206=DIRECTION('ref_axis',(0.,1.,0.));
#9207=DIRECTION('center_axis',(-1.,0.,0.));
#9208=DIRECTION('ref_axis',(0.,1.,0.));
#9209=DIRECTION('center_axis',(-1.,0.,0.));
#9210=DIRECTION('ref_axis',(0.,1.,0.));
#9211=DIRECTION('center_axis',(-1.,0.,0.));
#9212=DIRECTION('ref_axis',(0.,1.,0.));
#9213=DIRECTION('center_axis',(-1.,0.,0.));
#9214=DIRECTION('ref_axis',(0.,1.,0.));
#9215=DIRECTION('center_axis',(-1.,0.,0.));
#9216=DIRECTION('ref_axis',(0.,1.,0.));
#9217=DIRECTION('center_axis',(-1.,0.,0.));
#9218=DIRECTION('ref_axis',(0.,1.,0.));
#9219=DIRECTION('center_axis',(-1.,0.,0.));
#9220=DIRECTION('ref_axis',(0.,1.,0.));
#9221=DIRECTION('center_axis',(-1.,0.,0.));
#9222=DIRECTION('ref_axis',(0.,1.,0.));
#9223=DIRECTION('center_axis',(-1.,0.,0.));
#9224=DIRECTION('ref_axis',(0.,1.,0.));
#9225=DIRECTION('center_axis',(-1.,0.,0.));
#9226=DIRECTION('ref_axis',(0.,1.,0.));
#9227=DIRECTION('',(0.,1.,0.));
#9228=DIRECTION('',(0.,0.,1.));
#9229=DIRECTION('center_axis',(-1.,0.,0.));
#9230=DIRECTION('ref_axis',(0.,1.,0.));
#9231=DIRECTION('center_axis',(-1.,0.,0.));
#9232=DIRECTION('ref_axis',(0.,1.,0.));
#9233=DIRECTION('center_axis',(-1.,0.,0.));
#9234=DIRECTION('ref_axis',(0.,1.,0.));
#9235=DIRECTION('center_axis',(-1.,0.,0.));
#9236=DIRECTION('ref_axis',(0.,1.,0.));
#9237=DIRECTION('center_axis',(-1.,0.,0.));
#9238=DIRECTION('ref_axis',(0.,1.,0.));
#9239=DIRECTION('center_axis',(-1.,0.,0.));
#9240=DIRECTION('ref_axis',(0.,1.,0.));
#9241=DIRECTION('center_axis',(-1.,0.,0.));
#9242=DIRECTION('ref_axis',(0.,1.,0.));
#9243=DIRECTION('center_axis',(-1.,0.,0.));
#9244=DIRECTION('ref_axis',(0.,1.,0.));
#9245=DIRECTION('center_axis',(-1.,0.,0.));
#9246=DIRECTION('ref_axis',(0.,1.,0.));
#9247=DIRECTION('center_axis',(-1.,0.,0.));
#9248=DIRECTION('ref_axis',(0.,1.,0.));
#9249=DIRECTION('center_axis',(-1.,0.,0.));
#9250=DIRECTION('ref_axis',(0.,1.,0.));
#9251=DIRECTION('center_axis',(-1.,0.,0.));
#9252=DIRECTION('ref_axis',(0.,1.,0.));
#9253=DIRECTION('center_axis',(-1.,0.,0.));
#9254=DIRECTION('ref_axis',(0.,1.,0.));
#9255=DIRECTION('center_axis',(-1.,0.,0.));
#9256=DIRECTION('ref_axis',(0.,1.,0.));
#9257=DIRECTION('center_axis',(-1.,0.,0.));
#9258=DIRECTION('ref_axis',(0.,1.,0.));
#9259=DIRECTION('center_axis',(-1.,0.,0.));
#9260=DIRECTION('ref_axis',(0.,1.,0.));
#9261=DIRECTION('center_axis',(0.,-1.,0.));
#9262=DIRECTION('ref_axis',(1.,0.,0.));
#9263=DIRECTION('',(-1.,0.,0.));
#9264=DIRECTION('',(1.,0.,0.));
#9265=DIRECTION('center_axis',(0.,0.,1.));
#9266=DIRECTION('ref_axis',(1.,0.,0.));
#9267=DIRECTION('',(1.,0.,0.));
#9268=DIRECTION('center_axis',(0.,-1.,0.));
#9269=DIRECTION('ref_axis',(1.,0.,0.));
#9270=DIRECTION('',(-1.,0.,0.));
#9271=DIRECTION('',(0.,0.,1.));
#9272=DIRECTION('',(1.,0.,0.));
#9273=DIRECTION('',(0.,0.,1.));
#9274=DIRECTION('center_axis',(0.,0.,1.));
#9275=DIRECTION('ref_axis',(1.,0.,0.));
#9276=DIRECTION('',(-1.,0.,0.));
#9277=DIRECTION('',(0.,1.,0.));
#9278=DIRECTION('',(-1.,0.,0.));
#9279=DIRECTION('',(0.,-1.,0.));
#9280=DIRECTION('center_axis',(0.,0.,1.));
#9281=DIRECTION('ref_axis',(1.,0.,0.));
#9282=DIRECTION('',(-1.,0.,0.));
#9283=DIRECTION('',(0.,1.,0.));
#9284=DIRECTION('',(1.,0.,0.));
#9285=DIRECTION('',(0.,-1.,0.));
#9286=DIRECTION('center_axis',(0.,0.,1.));
#9287=DIRECTION('ref_axis',(1.,0.,0.));
#9288=DIRECTION('',(-1.,0.,0.));
#9289=DIRECTION('',(0.,1.,0.));
#9290=DIRECTION('',(1.,0.,0.));
#9291=DIRECTION('',(0.,-1.,0.));
#9292=DIRECTION('center_axis',(0.,0.,1.));
#9293=DIRECTION('ref_axis',(1.,0.,0.));
#9294=DIRECTION('',(-1.,0.,0.));
#9295=DIRECTION('',(0.,1.,0.));
#9296=DIRECTION('',(1.,0.,0.));
#9297=DIRECTION('',(0.,-1.,0.));
#9298=DIRECTION('center_axis',(0.,0.,1.));
#9299=DIRECTION('ref_axis',(1.,0.,0.));
#9300=DIRECTION('',(-1.,0.,0.));
#9301=DIRECTION('',(0.,1.,0.));
#9302=DIRECTION('',(1.,0.,0.));
#9303=DIRECTION('',(0.,-1.,0.));
#9304=DIRECTION('center_axis',(0.,0.,1.));
#9305=DIRECTION('ref_axis',(1.,0.,0.));
#9306=DIRECTION('',(-1.,0.,0.));
#9307=DIRECTION('',(0.,1.,0.));
#9308=DIRECTION('',(1.,0.,0.));
#9309=DIRECTION('',(0.,-1.,0.));
#9310=DIRECTION('center_axis',(0.,0.,1.));
#9311=DIRECTION('ref_axis',(1.,0.,0.));
#9312=DIRECTION('',(1.,0.,0.));
#9313=DIRECTION('',(0.,-1.,0.));
#9314=DIRECTION('',(-1.,0.,0.));
#9315=DIRECTION('',(0.,1.,0.));
#9316=DIRECTION('center_axis',(0.,0.,1.));
#9317=DIRECTION('ref_axis',(1.,0.,0.));
#9318=DIRECTION('',(1.,0.,0.));
#9319=DIRECTION('',(0.,-1.,0.));
#9320=DIRECTION('',(-1.,0.,0.));
#9321=DIRECTION('',(0.,1.,0.));
#9322=DIRECTION('center_axis',(0.,0.,1.));
#9323=DIRECTION('ref_axis',(1.,0.,0.));
#9324=DIRECTION('',(-1.,0.,0.));
#9325=DIRECTION('',(0.,1.,0.));
#9326=DIRECTION('',(1.,0.,0.));
#9327=DIRECTION('',(0.,-1.,0.));
#9328=DIRECTION('center_axis',(0.,0.,1.));
#9329=DIRECTION('ref_axis',(1.,0.,0.));
#9330=DIRECTION('',(-1.,0.,0.));
#9331=DIRECTION('',(0.,1.,0.));
#9332=DIRECTION('',(1.,0.,0.));
#9333=DIRECTION('',(0.,-1.,0.));
#9334=DIRECTION('center_axis',(0.,0.,1.));
#9335=DIRECTION('ref_axis',(1.,0.,0.));
#9336=DIRECTION('',(-1.,0.,0.));
#9337=DIRECTION('',(0.,1.,0.));
#9338=DIRECTION('',(1.,0.,0.));
#9339=DIRECTION('',(0.,-1.,0.));
#9340=DIRECTION('center_axis',(0.,0.,1.));
#9341=DIRECTION('ref_axis',(1.,0.,0.));
#9342=DIRECTION('',(1.,0.,0.));
#9343=DIRECTION('',(0.,-1.,0.));
#9344=DIRECTION('',(-1.,0.,0.));
#9345=DIRECTION('',(0.,1.,0.));
#9346=DIRECTION('center_axis',(0.,0.,1.));
#9347=DIRECTION('ref_axis',(1.,0.,0.));
#9348=DIRECTION('',(1.,0.,0.));
#9349=DIRECTION('',(0.,-1.,0.));
#9350=DIRECTION('',(-1.,0.,0.));
#9351=DIRECTION('',(0.,1.,0.));
#9352=DIRECTION('center_axis',(0.,0.,1.));
#9353=DIRECTION('ref_axis',(1.,0.,0.));
#9354=DIRECTION('',(1.,0.,0.));
#9355=DIRECTION('',(0.,-1.,0.));
#9356=DIRECTION('',(-1.,0.,0.));
#9357=DIRECTION('',(0.,1.,0.));
#9358=DIRECTION('center_axis',(0.,0.,1.));
#9359=DIRECTION('ref_axis',(1.,0.,0.));
#9360=DIRECTION('',(1.,0.,0.));
#9361=DIRECTION('',(0.,-1.,0.));
#9362=DIRECTION('',(-1.,0.,0.));
#9363=DIRECTION('',(0.,1.,0.));
#9364=DIRECTION('center_axis',(0.,0.,1.));
#9365=DIRECTION('ref_axis',(1.,0.,0.));
#9366=DIRECTION('',(1.,0.,0.));
#9367=DIRECTION('',(0.,-1.,0.));
#9368=DIRECTION('',(-1.,0.,0.));
#9369=DIRECTION('',(0.,1.,0.));
#9370=DIRECTION('center_axis',(-1.,0.,0.));
#9371=DIRECTION('ref_axis',(0.,-1.,0.));
#9372=DIRECTION('',(0.,1.,0.));
#9373=DIRECTION('',(0.,-1.,0.));
#9374=DIRECTION('center_axis',(1.,0.,0.));
#9375=DIRECTION('ref_axis',(0.,1.,0.));
#9376=DIRECTION('center_axis',(1.,0.,0.));
#9377=DIRECTION('ref_axis',(0.,1.,0.));
#9378=DIRECTION('center_axis',(1.,0.,0.));
#9379=DIRECTION('ref_axis',(0.,1.,0.));
#9380=DIRECTION('center_axis',(1.,0.,0.));
#9381=DIRECTION('ref_axis',(0.,1.,0.));
#9382=DIRECTION('center_axis',(1.,0.,0.));
#9383=DIRECTION('ref_axis',(0.,1.,0.));
#9384=DIRECTION('center_axis',(1.,0.,0.));
#9385=DIRECTION('ref_axis',(0.,1.,0.));
#9386=DIRECTION('center_axis',(1.,0.,0.));
#9387=DIRECTION('ref_axis',(0.,1.,0.));
#9388=DIRECTION('center_axis',(1.,0.,0.));
#9389=DIRECTION('ref_axis',(0.,1.,0.));
#9390=DIRECTION('center_axis',(1.,0.,0.));
#9391=DIRECTION('ref_axis',(0.,1.,0.));
#9392=DIRECTION('center_axis',(1.,0.,0.));
#9393=DIRECTION('ref_axis',(0.,1.,0.));
#9394=DIRECTION('center_axis',(1.,0.,0.));
#9395=DIRECTION('ref_axis',(0.,1.,0.));
#9396=DIRECTION('center_axis',(1.,0.,0.));
#9397=DIRECTION('ref_axis',(0.,1.,0.));
#9398=DIRECTION('center_axis',(1.,0.,0.));
#9399=DIRECTION('ref_axis',(0.,1.,0.));
#9400=DIRECTION('center_axis',(1.,0.,0.));
#9401=DIRECTION('ref_axis',(0.,1.,0.));
#9402=DIRECTION('center_axis',(1.,0.,0.));
#9403=DIRECTION('ref_axis',(0.,1.,0.));
#9404=DIRECTION('center_axis',(1.,0.,0.));
#9405=DIRECTION('ref_axis',(0.,1.,0.));
#9406=DIRECTION('',(0.,0.,1.));
#9407=DIRECTION('center_axis',(1.,0.,0.));
#9408=DIRECTION('ref_axis',(0.,1.,0.));
#9409=DIRECTION('center_axis',(1.,0.,0.));
#9410=DIRECTION('ref_axis',(0.,1.,0.));
#9411=DIRECTION('center_axis',(1.,0.,0.));
#9412=DIRECTION('ref_axis',(0.,1.,0.));
#9413=DIRECTION('center_axis',(1.,0.,0.));
#9414=DIRECTION('ref_axis',(0.,1.,0.));
#9415=DIRECTION('center_axis',(1.,0.,0.));
#9416=DIRECTION('ref_axis',(0.,1.,0.));
#9417=DIRECTION('center_axis',(1.,0.,0.));
#9418=DIRECTION('ref_axis',(0.,1.,0.));
#9419=DIRECTION('center_axis',(1.,0.,0.));
#9420=DIRECTION('ref_axis',(0.,1.,0.));
#9421=DIRECTION('center_axis',(1.,0.,0.));
#9422=DIRECTION('ref_axis',(0.,1.,0.));
#9423=DIRECTION('center_axis',(1.,0.,0.));
#9424=DIRECTION('ref_axis',(0.,1.,0.));
#9425=DIRECTION('center_axis',(1.,0.,0.));
#9426=DIRECTION('ref_axis',(0.,1.,0.));
#9427=DIRECTION('center_axis',(1.,0.,0.));
#9428=DIRECTION('ref_axis',(0.,1.,0.));
#9429=DIRECTION('center_axis',(1.,0.,0.));
#9430=DIRECTION('ref_axis',(0.,1.,0.));
#9431=DIRECTION('center_axis',(1.,0.,0.));
#9432=DIRECTION('ref_axis',(0.,1.,0.));
#9433=DIRECTION('center_axis',(1.,0.,0.));
#9434=DIRECTION('ref_axis',(0.,1.,0.));
#9435=DIRECTION('center_axis',(1.,0.,0.));
#9436=DIRECTION('ref_axis',(0.,1.,0.));
#9437=DIRECTION('center_axis',(1.,0.,0.));
#9438=DIRECTION('ref_axis',(0.,1.,0.));
#9439=DIRECTION('center_axis',(0.,1.,0.));
#9440=DIRECTION('ref_axis',(-1.,0.,0.));
#9441=DIRECTION('',(1.,0.,0.));
#9442=DIRECTION('',(0.,0.,1.));
#9443=DIRECTION('center_axis',(1.,0.,0.));
#9444=DIRECTION('ref_axis',(0.,1.,0.));
#9445=DIRECTION('',(0.,-1.,0.));
#9446=DIRECTION('center_axis',(-1.,0.,0.));
#9447=DIRECTION('ref_axis',(0.,1.,0.));
#9448=DIRECTION('center_axis',(-1.,0.,0.));
#9449=DIRECTION('ref_axis',(0.,1.,0.));
#9450=DIRECTION('center_axis',(-1.,0.,0.));
#9451=DIRECTION('ref_axis',(0.,1.,0.));
#9452=DIRECTION('center_axis',(-1.,0.,0.));
#9453=DIRECTION('ref_axis',(0.,1.,0.));
#9454=DIRECTION('center_axis',(-1.,0.,0.));
#9455=DIRECTION('ref_axis',(0.,1.,0.));
#9456=DIRECTION('center_axis',(-1.,0.,0.));
#9457=DIRECTION('ref_axis',(0.,1.,0.));
#9458=DIRECTION('center_axis',(-1.,0.,0.));
#9459=DIRECTION('ref_axis',(0.,1.,0.));
#9460=DIRECTION('center_axis',(-1.,0.,0.));
#9461=DIRECTION('ref_axis',(0.,1.,0.));
#9462=DIRECTION('center_axis',(-1.,0.,0.));
#9463=DIRECTION('ref_axis',(0.,1.,0.));
#9464=DIRECTION('center_axis',(-1.,0.,0.));
#9465=DIRECTION('ref_axis',(0.,1.,0.));
#9466=DIRECTION('center_axis',(-1.,0.,0.));
#9467=DIRECTION('ref_axis',(0.,1.,0.));
#9468=DIRECTION('center_axis',(-1.,0.,0.));
#9469=DIRECTION('ref_axis',(0.,1.,0.));
#9470=DIRECTION('center_axis',(-1.,0.,0.));
#9471=DIRECTION('ref_axis',(0.,1.,0.));
#9472=DIRECTION('center_axis',(-1.,0.,0.));
#9473=DIRECTION('ref_axis',(0.,1.,0.));
#9474=DIRECTION('center_axis',(-1.,0.,0.));
#9475=DIRECTION('ref_axis',(0.,1.,0.));
#9476=DIRECTION('center_axis',(-1.,0.,0.));
#9477=DIRECTION('ref_axis',(0.,1.,0.));
#9478=DIRECTION('',(0.,1.,0.));
#9479=DIRECTION('center_axis',(-1.,0.,0.));
#9480=DIRECTION('ref_axis',(0.,1.,0.));
#9481=DIRECTION('center_axis',(-1.,0.,0.));
#9482=DIRECTION('ref_axis',(0.,1.,0.));
#9483=DIRECTION('center_axis',(-1.,0.,0.));
#9484=DIRECTION('ref_axis',(0.,1.,0.));
#9485=DIRECTION('center_axis',(-1.,0.,0.));
#9486=DIRECTION('ref_axis',(0.,1.,0.));
#9487=DIRECTION('center_axis',(-1.,0.,0.));
#9488=DIRECTION('ref_axis',(0.,1.,0.));
#9489=DIRECTION('center_axis',(-1.,0.,0.));
#9490=DIRECTION('ref_axis',(0.,1.,0.));
#9491=DIRECTION('center_axis',(-1.,0.,0.));
#9492=DIRECTION('ref_axis',(0.,1.,0.));
#9493=DIRECTION('center_axis',(-1.,0.,0.));
#9494=DIRECTION('ref_axis',(0.,1.,0.));
#9495=DIRECTION('center_axis',(-1.,0.,0.));
#9496=DIRECTION('ref_axis',(0.,1.,0.));
#9497=DIRECTION('center_axis',(-1.,0.,0.));
#9498=DIRECTION('ref_axis',(0.,1.,0.));
#9499=DIRECTION('center_axis',(-1.,0.,0.));
#9500=DIRECTION('ref_axis',(0.,1.,0.));
#9501=DIRECTION('center_axis',(-1.,0.,0.));
#9502=DIRECTION('ref_axis',(0.,1.,0.));
#9503=DIRECTION('center_axis',(-1.,0.,0.));
#9504=DIRECTION('ref_axis',(0.,1.,0.));
#9505=DIRECTION('center_axis',(-1.,0.,0.));
#9506=DIRECTION('ref_axis',(0.,1.,0.));
#9507=DIRECTION('center_axis',(-1.,0.,0.));
#9508=DIRECTION('ref_axis',(0.,1.,0.));
#9509=DIRECTION('center_axis',(-1.,0.,0.));
#9510=DIRECTION('ref_axis',(0.,1.,0.));
#9511=DIRECTION('center_axis',(0.,0.,1.));
#9512=DIRECTION('ref_axis',(1.,0.,0.));
#9513=DIRECTION('',(1.,0.,0.));
#9514=DIRECTION('center_axis',(-1.,0.,0.));
#9515=DIRECTION('ref_axis',(0.,1.,0.));
#9516=DIRECTION('',(-1.,0.,0.));
#9517=DIRECTION('center_axis',(1.,0.,0.));
#9518=DIRECTION('ref_axis',(0.,1.,0.));
#9519=DIRECTION('center_axis',(-1.,0.,0.));
#9520=DIRECTION('ref_axis',(0.,1.,0.));
#9521=DIRECTION('',(-1.,0.,0.));
#9522=DIRECTION('center_axis',(1.,0.,0.));
#9523=DIRECTION('ref_axis',(0.,1.,0.));
#9524=DIRECTION('center_axis',(-1.,0.,0.));
#9525=DIRECTION('ref_axis',(0.,1.,0.));
#9526=DIRECTION('',(-1.,0.,0.));
#9527=DIRECTION('center_axis',(1.,0.,0.));
#9528=DIRECTION('ref_axis',(0.,1.,0.));
#9529=DIRECTION('center_axis',(-1.,0.,0.));
#9530=DIRECTION('ref_axis',(0.,1.,0.));
#9531=DIRECTION('',(-1.,0.,0.));
#9532=DIRECTION('center_axis',(1.,0.,0.));
#9533=DIRECTION('ref_axis',(0.,1.,0.));
#9534=DIRECTION('center_axis',(-1.,0.,0.));
#9535=DIRECTION('ref_axis',(0.,1.,0.));
#9536=DIRECTION('',(-1.,0.,0.));
#9537=DIRECTION('center_axis',(1.,0.,0.));
#9538=DIRECTION('ref_axis',(0.,1.,0.));
#9539=DIRECTION('center_axis',(-1.,0.,0.));
#9540=DIRECTION('ref_axis',(0.,1.,0.));
#9541=DIRECTION('',(-1.,0.,0.));
#9542=DIRECTION('center_axis',(1.,0.,0.));
#9543=DIRECTION('ref_axis',(0.,1.,0.));
#9544=DIRECTION('center_axis',(-1.,0.,0.));
#9545=DIRECTION('ref_axis',(0.,1.,0.));
#9546=DIRECTION('',(-1.,0.,0.));
#9547=DIRECTION('center_axis',(1.,0.,0.));
#9548=DIRECTION('ref_axis',(0.,1.,0.));
#9549=DIRECTION('center_axis',(-1.,0.,0.));
#9550=DIRECTION('ref_axis',(0.,1.,0.));
#9551=DIRECTION('',(-1.,0.,0.));
#9552=DIRECTION('center_axis',(1.,0.,0.));
#9553=DIRECTION('ref_axis',(0.,1.,0.));
#9554=DIRECTION('center_axis',(-1.,0.,0.));
#9555=DIRECTION('ref_axis',(0.,1.,0.));
#9556=DIRECTION('',(-1.,0.,0.));
#9557=DIRECTION('center_axis',(1.,0.,0.));
#9558=DIRECTION('ref_axis',(0.,1.,0.));
#9559=DIRECTION('center_axis',(-1.,0.,0.));
#9560=DIRECTION('ref_axis',(0.,1.,0.));
#9561=DIRECTION('',(-1.,0.,0.));
#9562=DIRECTION('center_axis',(1.,0.,0.));
#9563=DIRECTION('ref_axis',(0.,1.,0.));
#9564=DIRECTION('center_axis',(-1.,0.,0.));
#9565=DIRECTION('ref_axis',(0.,1.,0.));
#9566=DIRECTION('',(-1.,0.,0.));
#9567=DIRECTION('center_axis',(1.,0.,0.));
#9568=DIRECTION('ref_axis',(0.,1.,0.));
#9569=DIRECTION('center_axis',(-1.,0.,0.));
#9570=DIRECTION('ref_axis',(0.,1.,0.));
#9571=DIRECTION('',(-1.,0.,0.));
#9572=DIRECTION('center_axis',(1.,0.,0.));
#9573=DIRECTION('ref_axis',(0.,1.,0.));
#9574=DIRECTION('center_axis',(-1.,0.,0.));
#9575=DIRECTION('ref_axis',(0.,1.,0.));
#9576=DIRECTION('',(-1.,0.,0.));
#9577=DIRECTION('center_axis',(1.,0.,0.));
#9578=DIRECTION('ref_axis',(0.,1.,0.));
#9579=DIRECTION('center_axis',(-1.,0.,0.));
#9580=DIRECTION('ref_axis',(0.,1.,0.));
#9581=DIRECTION('',(-1.,0.,0.));
#9582=DIRECTION('center_axis',(1.,0.,0.));
#9583=DIRECTION('ref_axis',(0.,1.,0.));
#9584=DIRECTION('center_axis',(-1.,0.,0.));
#9585=DIRECTION('ref_axis',(0.,1.,0.));
#9586=DIRECTION('',(-1.,0.,0.));
#9587=DIRECTION('center_axis',(1.,0.,0.));
#9588=DIRECTION('ref_axis',(0.,1.,0.));
#9589=DIRECTION('center_axis',(-1.,0.,0.));
#9590=DIRECTION('ref_axis',(0.,1.,0.));
#9591=DIRECTION('',(-1.,0.,0.));
#9592=DIRECTION('center_axis',(1.,0.,0.));
#9593=DIRECTION('ref_axis',(0.,1.,0.));
#9594=DIRECTION('center_axis',(-1.,0.,0.));
#9595=DIRECTION('ref_axis',(0.,1.,0.));
#9596=DIRECTION('',(-1.,0.,0.));
#9597=DIRECTION('center_axis',(1.,0.,0.));
#9598=DIRECTION('ref_axis',(0.,1.,0.));
#9599=DIRECTION('center_axis',(-1.,0.,0.));
#9600=DIRECTION('ref_axis',(0.,1.,0.));
#9601=DIRECTION('',(-1.,0.,0.));
#9602=DIRECTION('center_axis',(1.,0.,0.));
#9603=DIRECTION('ref_axis',(0.,1.,0.));
#9604=DIRECTION('center_axis',(-1.,0.,0.));
#9605=DIRECTION('ref_axis',(0.,1.,0.));
#9606=DIRECTION('',(-1.,0.,0.));
#9607=DIRECTION('center_axis',(1.,0.,0.));
#9608=DIRECTION('ref_axis',(0.,1.,0.));
#9609=DIRECTION('center_axis',(-1.,0.,0.));
#9610=DIRECTION('ref_axis',(0.,1.,0.));
#9611=DIRECTION('',(-1.,0.,0.));
#9612=DIRECTION('center_axis',(1.,0.,0.));
#9613=DIRECTION('ref_axis',(0.,1.,0.));
#9614=DIRECTION('center_axis',(-1.,0.,0.));
#9615=DIRECTION('ref_axis',(0.,1.,0.));
#9616=DIRECTION('',(-1.,0.,0.));
#9617=DIRECTION('center_axis',(1.,0.,0.));
#9618=DIRECTION('ref_axis',(0.,1.,0.));
#9619=DIRECTION('center_axis',(-1.,0.,0.));
#9620=DIRECTION('ref_axis',(0.,1.,0.));
#9621=DIRECTION('',(-1.,0.,0.));
#9622=DIRECTION('center_axis',(1.,0.,0.));
#9623=DIRECTION('ref_axis',(0.,1.,0.));
#9624=DIRECTION('center_axis',(-1.,0.,0.));
#9625=DIRECTION('ref_axis',(0.,1.,0.));
#9626=DIRECTION('',(-1.,0.,0.));
#9627=DIRECTION('center_axis',(1.,0.,0.));
#9628=DIRECTION('ref_axis',(0.,1.,0.));
#9629=DIRECTION('center_axis',(-1.,0.,0.));
#9630=DIRECTION('ref_axis',(0.,1.,0.));
#9631=DIRECTION('',(-1.,0.,0.));
#9632=DIRECTION('center_axis',(1.,0.,0.));
#9633=DIRECTION('ref_axis',(0.,1.,0.));
#9634=DIRECTION('center_axis',(-1.,0.,0.));
#9635=DIRECTION('ref_axis',(0.,1.,0.));
#9636=DIRECTION('',(-1.,0.,0.));
#9637=DIRECTION('center_axis',(1.,0.,0.));
#9638=DIRECTION('ref_axis',(0.,1.,0.));
#9639=DIRECTION('center_axis',(-1.,0.,0.));
#9640=DIRECTION('ref_axis',(0.,1.,0.));
#9641=DIRECTION('',(-1.,0.,0.));
#9642=DIRECTION('center_axis',(1.,0.,0.));
#9643=DIRECTION('ref_axis',(0.,1.,0.));
#9644=DIRECTION('center_axis',(-1.,0.,0.));
#9645=DIRECTION('ref_axis',(0.,1.,0.));
#9646=DIRECTION('',(-1.,0.,0.));
#9647=DIRECTION('center_axis',(1.,0.,0.));
#9648=DIRECTION('ref_axis',(0.,1.,0.));
#9649=DIRECTION('center_axis',(-1.,0.,0.));
#9650=DIRECTION('ref_axis',(0.,1.,0.));
#9651=DIRECTION('',(-1.,0.,0.));
#9652=DIRECTION('center_axis',(1.,0.,0.));
#9653=DIRECTION('ref_axis',(0.,1.,0.));
#9654=DIRECTION('center_axis',(-1.,0.,0.));
#9655=DIRECTION('ref_axis',(0.,1.,0.));
#9656=DIRECTION('',(-1.,0.,0.));
#9657=DIRECTION('center_axis',(1.,0.,0.));
#9658=DIRECTION('ref_axis',(0.,1.,0.));
#9659=DIRECTION('center_axis',(-1.,0.,0.));
#9660=DIRECTION('ref_axis',(0.,1.,0.));
#9661=DIRECTION('',(-1.,0.,0.));
#9662=DIRECTION('center_axis',(1.,0.,0.));
#9663=DIRECTION('ref_axis',(0.,1.,0.));
#9664=DIRECTION('center_axis',(-1.,0.,0.));
#9665=DIRECTION('ref_axis',(0.,1.,0.));
#9666=DIRECTION('',(-1.,0.,0.));
#9667=DIRECTION('center_axis',(1.,0.,0.));
#9668=DIRECTION('ref_axis',(0.,1.,0.));
#9669=DIRECTION('center_axis',(-1.,0.,0.));
#9670=DIRECTION('ref_axis',(0.,1.,0.));
#9671=DIRECTION('',(-1.,0.,0.));
#9672=DIRECTION('center_axis',(1.,0.,0.));
#9673=DIRECTION('ref_axis',(0.,1.,0.));
#9674=DIRECTION('center_axis',(0.,0.,1.));
#9675=DIRECTION('ref_axis',(1.,0.,0.));
#9676=DIRECTION('',(0.,-1.,0.));
#9677=DIRECTION('',(-1.,0.,0.));
#9678=DIRECTION('',(0.,1.,0.));
#9679=DIRECTION('',(1.,0.,0.));
#9680=DIRECTION('center_axis',(0.,0.,1.));
#9681=DIRECTION('ref_axis',(1.,0.,0.));
#9682=DIRECTION('',(-1.,0.,0.));
#9683=DIRECTION('',(0.,1.,0.));
#9684=DIRECTION('',(1.,0.,0.));
#9685=DIRECTION('',(0.,-1.,0.));
#9686=DIRECTION('center_axis',(0.,1.,0.));
#9687=DIRECTION('ref_axis',(-1.,0.,0.));
#9688=DIRECTION('',(0.,0.,1.));
#9689=DIRECTION('',(-1.,0.,0.));
#9690=DIRECTION('',(0.,0.,1.));
#9691=DIRECTION('center_axis',(-1.,0.,0.));
#9692=DIRECTION('ref_axis',(0.,-1.,0.));
#9693=DIRECTION('',(0.,0.,1.));
#9694=DIRECTION('',(0.,-1.,0.));
#9695=DIRECTION('center_axis',(1.,0.,0.));
#9696=DIRECTION('ref_axis',(0.,1.,0.));
#9697=DIRECTION('',(0.,0.,1.));
#9698=DIRECTION('',(0.,1.,0.));
#9699=DIRECTION('',(0.,0.,1.));
#9700=DIRECTION('center_axis',(0.,1.,0.));
#9701=DIRECTION('ref_axis',(-1.,0.,0.));
#9702=DIRECTION('',(0.,0.,1.));
#9703=DIRECTION('',(-1.,0.,0.));
#9704=DIRECTION('center_axis',(0.,-1.,0.));
#9705=DIRECTION('ref_axis',(1.,0.,0.));
#9706=DIRECTION('',(1.,0.,0.));
#9707=DIRECTION('',(0.,0.,1.));
#9708=DIRECTION('center_axis',(-1.,0.,0.));
#9709=DIRECTION('ref_axis',(0.,-1.,0.));
#9710=DIRECTION('',(0.,-1.,0.));
#9711=DIRECTION('center_axis',(1.,0.,0.));
#9712=DIRECTION('ref_axis',(0.,1.,0.));
#9713=DIRECTION('',(0.,1.,0.));
#9714=DIRECTION('',(0.,0.,1.));
#9715=DIRECTION('center_axis',(0.,-1.,0.));
#9716=DIRECTION('ref_axis',(1.,0.,0.));
#9717=DIRECTION('',(1.,0.,0.));
#9718=DIRECTION('center_axis',(-1.,0.,0.));
#9719=DIRECTION('ref_axis',(0.,1.,0.));
#9720=DIRECTION('center_axis',(-1.,0.,0.));
#9721=DIRECTION('ref_axis',(0.,1.,0.));
#9722=DIRECTION('',(-1.,0.,0.));
#9723=DIRECTION('center_axis',(1.,0.,0.));
#9724=DIRECTION('ref_axis',(0.,1.,0.));
#9725=DIRECTION('center_axis',(-1.,0.,0.));
#9726=DIRECTION('ref_axis',(0.,1.,0.));
#9727=DIRECTION('center_axis',(-1.,0.,0.));
#9728=DIRECTION('ref_axis',(0.,1.,0.));
#9729=DIRECTION('',(-1.,0.,0.));
#9730=DIRECTION('center_axis',(1.,0.,0.));
#9731=DIRECTION('ref_axis',(0.,1.,0.));
#9732=DIRECTION('center_axis',(-1.,0.,0.));
#9733=DIRECTION('ref_axis',(0.,1.,0.));
#9734=DIRECTION('center_axis',(-1.,0.,0.));
#9735=DIRECTION('ref_axis',(0.,1.,0.));
#9736=DIRECTION('',(-1.,0.,0.));
#9737=DIRECTION('center_axis',(1.,0.,0.));
#9738=DIRECTION('ref_axis',(0.,1.,0.));
#9739=DIRECTION('center_axis',(-1.,0.,0.));
#9740=DIRECTION('ref_axis',(0.,1.,0.));
#9741=DIRECTION('center_axis',(-1.,0.,0.));
#9742=DIRECTION('ref_axis',(0.,1.,0.));
#9743=DIRECTION('',(-1.,0.,0.));
#9744=DIRECTION('center_axis',(1.,0.,0.));
#9745=DIRECTION('ref_axis',(0.,1.,0.));
#9746=DIRECTION('center_axis',(-1.,0.,0.));
#9747=DIRECTION('ref_axis',(0.,1.,0.));
#9748=DIRECTION('center_axis',(-1.,0.,0.));
#9749=DIRECTION('ref_axis',(0.,1.,0.));
#9750=DIRECTION('',(-1.,0.,0.));
#9751=DIRECTION('center_axis',(1.,0.,0.));
#9752=DIRECTION('ref_axis',(0.,1.,0.));
#9753=DIRECTION('center_axis',(-1.,0.,0.));
#9754=DIRECTION('ref_axis',(0.,1.,0.));
#9755=DIRECTION('center_axis',(-1.,0.,0.));
#9756=DIRECTION('ref_axis',(0.,1.,0.));
#9757=DIRECTION('',(-1.,0.,0.));
#9758=DIRECTION('center_axis',(1.,0.,0.));
#9759=DIRECTION('ref_axis',(0.,1.,0.));
#9760=DIRECTION('center_axis',(-1.,0.,0.));
#9761=DIRECTION('ref_axis',(0.,1.,0.));
#9762=DIRECTION('center_axis',(-1.,0.,0.));
#9763=DIRECTION('ref_axis',(0.,1.,0.));
#9764=DIRECTION('',(-1.,0.,0.));
#9765=DIRECTION('center_axis',(1.,0.,0.));
#9766=DIRECTION('ref_axis',(0.,1.,0.));
#9767=DIRECTION('center_axis',(-1.,0.,0.));
#9768=DIRECTION('ref_axis',(0.,1.,0.));
#9769=DIRECTION('center_axis',(-1.,0.,0.));
#9770=DIRECTION('ref_axis',(0.,1.,0.));
#9771=DIRECTION('',(-1.,0.,0.));
#9772=DIRECTION('center_axis',(1.,0.,0.));
#9773=DIRECTION('ref_axis',(0.,1.,0.));
#9774=DIRECTION('center_axis',(-1.,0.,0.));
#9775=DIRECTION('ref_axis',(0.,1.,0.));
#9776=DIRECTION('center_axis',(-1.,0.,0.));
#9777=DIRECTION('ref_axis',(0.,1.,0.));
#9778=DIRECTION('',(-1.,0.,0.));
#9779=DIRECTION('center_axis',(1.,0.,0.));
#9780=DIRECTION('ref_axis',(0.,1.,0.));
#9781=DIRECTION('center_axis',(-1.,0.,0.));
#9782=DIRECTION('ref_axis',(0.,1.,0.));
#9783=DIRECTION('center_axis',(-1.,0.,0.));
#9784=DIRECTION('ref_axis',(0.,1.,0.));
#9785=DIRECTION('',(-1.,0.,0.));
#9786=DIRECTION('center_axis',(1.,0.,0.));
#9787=DIRECTION('ref_axis',(0.,1.,0.));
#9788=DIRECTION('center_axis',(-1.,0.,0.));
#9789=DIRECTION('ref_axis',(0.,1.,0.));
#9790=DIRECTION('center_axis',(-1.,0.,0.));
#9791=DIRECTION('ref_axis',(0.,1.,0.));
#9792=DIRECTION('',(-1.,0.,0.));
#9793=DIRECTION('center_axis',(1.,0.,0.));
#9794=DIRECTION('ref_axis',(0.,1.,0.));
#9795=DIRECTION('center_axis',(-1.,0.,0.));
#9796=DIRECTION('ref_axis',(0.,1.,0.));
#9797=DIRECTION('center_axis',(-1.,0.,0.));
#9798=DIRECTION('ref_axis',(0.,1.,0.));
#9799=DIRECTION('',(-1.,0.,0.));
#9800=DIRECTION('center_axis',(1.,0.,0.));
#9801=DIRECTION('ref_axis',(0.,1.,0.));
#9802=DIRECTION('center_axis',(-1.,0.,0.));
#9803=DIRECTION('ref_axis',(0.,1.,0.));
#9804=DIRECTION('center_axis',(-1.,0.,0.));
#9805=DIRECTION('ref_axis',(0.,1.,0.));
#9806=DIRECTION('',(-1.,0.,0.));
#9807=DIRECTION('center_axis',(1.,0.,0.));
#9808=DIRECTION('ref_axis',(0.,1.,0.));
#9809=DIRECTION('center_axis',(-1.,0.,0.));
#9810=DIRECTION('ref_axis',(0.,1.,0.));
#9811=DIRECTION('center_axis',(-1.,0.,0.));
#9812=DIRECTION('ref_axis',(0.,1.,0.));
#9813=DIRECTION('',(-1.,0.,0.));
#9814=DIRECTION('center_axis',(1.,0.,0.));
#9815=DIRECTION('ref_axis',(0.,1.,0.));
#9816=DIRECTION('center_axis',(-1.,0.,0.));
#9817=DIRECTION('ref_axis',(0.,1.,0.));
#9818=DIRECTION('center_axis',(-1.,0.,0.));
#9819=DIRECTION('ref_axis',(0.,1.,0.));
#9820=DIRECTION('',(-1.,0.,0.));
#9821=DIRECTION('center_axis',(1.,0.,0.));
#9822=DIRECTION('ref_axis',(0.,1.,0.));
#9823=DIRECTION('center_axis',(-1.,0.,0.));
#9824=DIRECTION('ref_axis',(0.,1.,0.));
#9825=DIRECTION('center_axis',(-1.,0.,0.));
#9826=DIRECTION('ref_axis',(0.,1.,0.));
#9827=DIRECTION('',(-1.,0.,0.));
#9828=DIRECTION('center_axis',(1.,0.,0.));
#9829=DIRECTION('ref_axis',(0.,1.,0.));
#9830=DIRECTION('center_axis',(-1.,0.,0.));
#9831=DIRECTION('ref_axis',(0.,1.,0.));
#9832=DIRECTION('center_axis',(-1.,0.,0.));
#9833=DIRECTION('ref_axis',(0.,1.,0.));
#9834=DIRECTION('',(-1.,0.,0.));
#9835=DIRECTION('center_axis',(1.,0.,0.));
#9836=DIRECTION('ref_axis',(0.,1.,0.));
#9837=DIRECTION('center_axis',(-1.,0.,0.));
#9838=DIRECTION('ref_axis',(0.,1.,0.));
#9839=DIRECTION('center_axis',(-1.,0.,0.));
#9840=DIRECTION('ref_axis',(0.,1.,0.));
#9841=DIRECTION('',(-1.,0.,0.));
#9842=DIRECTION('center_axis',(1.,0.,0.));
#9843=DIRECTION('ref_axis',(0.,1.,0.));
#9844=DIRECTION('center_axis',(-1.,0.,0.));
#9845=DIRECTION('ref_axis',(0.,1.,0.));
#9846=DIRECTION('center_axis',(-1.,0.,0.));
#9847=DIRECTION('ref_axis',(0.,1.,0.));
#9848=DIRECTION('',(-1.,0.,0.));
#9849=DIRECTION('center_axis',(1.,0.,0.));
#9850=DIRECTION('ref_axis',(0.,1.,0.));
#9851=DIRECTION('center_axis',(-1.,0.,0.));
#9852=DIRECTION('ref_axis',(0.,1.,0.));
#9853=DIRECTION('center_axis',(-1.,0.,0.));
#9854=DIRECTION('ref_axis',(0.,1.,0.));
#9855=DIRECTION('',(-1.,0.,0.));
#9856=DIRECTION('center_axis',(1.,0.,0.));
#9857=DIRECTION('ref_axis',(0.,1.,0.));
#9858=DIRECTION('center_axis',(-1.,0.,0.));
#9859=DIRECTION('ref_axis',(0.,1.,0.));
#9860=DIRECTION('center_axis',(-1.,0.,0.));
#9861=DIRECTION('ref_axis',(0.,1.,0.));
#9862=DIRECTION('',(-1.,0.,0.));
#9863=DIRECTION('center_axis',(1.,0.,0.));
#9864=DIRECTION('ref_axis',(0.,1.,0.));
#9865=DIRECTION('center_axis',(-1.,0.,0.));
#9866=DIRECTION('ref_axis',(0.,1.,0.));
#9867=DIRECTION('center_axis',(-1.,0.,0.));
#9868=DIRECTION('ref_axis',(0.,1.,0.));
#9869=DIRECTION('',(-1.,0.,0.));
#9870=DIRECTION('center_axis',(1.,0.,0.));
#9871=DIRECTION('ref_axis',(0.,1.,0.));
#9872=DIRECTION('center_axis',(-1.,0.,0.));
#9873=DIRECTION('ref_axis',(0.,1.,0.));
#9874=DIRECTION('center_axis',(-1.,0.,0.));
#9875=DIRECTION('ref_axis',(0.,1.,0.));
#9876=DIRECTION('',(-1.,0.,0.));
#9877=DIRECTION('center_axis',(1.,0.,0.));
#9878=DIRECTION('ref_axis',(0.,1.,0.));
#9879=DIRECTION('center_axis',(-1.,0.,0.));
#9880=DIRECTION('ref_axis',(0.,1.,0.));
#9881=DIRECTION('center_axis',(-1.,0.,0.));
#9882=DIRECTION('ref_axis',(0.,1.,0.));
#9883=DIRECTION('',(-1.,0.,0.));
#9884=DIRECTION('center_axis',(1.,0.,0.));
#9885=DIRECTION('ref_axis',(0.,1.,0.));
#9886=DIRECTION('center_axis',(-1.,0.,0.));
#9887=DIRECTION('ref_axis',(0.,1.,0.));
#9888=DIRECTION('center_axis',(-1.,0.,0.));
#9889=DIRECTION('ref_axis',(0.,1.,0.));
#9890=DIRECTION('',(-1.,0.,0.));
#9891=DIRECTION('center_axis',(1.,0.,0.));
#9892=DIRECTION('ref_axis',(0.,1.,0.));
#9893=DIRECTION('center_axis',(-1.,0.,0.));
#9894=DIRECTION('ref_axis',(0.,1.,0.));
#9895=DIRECTION('center_axis',(-1.,0.,0.));
#9896=DIRECTION('ref_axis',(0.,1.,0.));
#9897=DIRECTION('',(-1.,0.,0.));
#9898=DIRECTION('center_axis',(1.,0.,0.));
#9899=DIRECTION('ref_axis',(0.,1.,0.));
#9900=DIRECTION('center_axis',(-1.,0.,0.));
#9901=DIRECTION('ref_axis',(0.,1.,0.));
#9902=DIRECTION('center_axis',(-1.,0.,0.));
#9903=DIRECTION('ref_axis',(0.,1.,0.));
#9904=DIRECTION('',(-1.,0.,0.));
#9905=DIRECTION('center_axis',(1.,0.,0.));
#9906=DIRECTION('ref_axis',(0.,1.,0.));
#9907=DIRECTION('center_axis',(-1.,0.,0.));
#9908=DIRECTION('ref_axis',(0.,1.,0.));
#9909=DIRECTION('center_axis',(-1.,0.,0.));
#9910=DIRECTION('ref_axis',(0.,1.,0.));
#9911=DIRECTION('',(-1.,0.,0.));
#9912=DIRECTION('center_axis',(1.,0.,0.));
#9913=DIRECTION('ref_axis',(0.,1.,0.));
#9914=DIRECTION('center_axis',(-1.,0.,0.));
#9915=DIRECTION('ref_axis',(0.,1.,0.));
#9916=DIRECTION('center_axis',(-1.,0.,0.));
#9917=DIRECTION('ref_axis',(0.,1.,0.));
#9918=DIRECTION('',(-1.,0.,0.));
#9919=DIRECTION('center_axis',(1.,0.,0.));
#9920=DIRECTION('ref_axis',(0.,1.,0.));
#9921=DIRECTION('center_axis',(-1.,0.,0.));
#9922=DIRECTION('ref_axis',(0.,1.,0.));
#9923=DIRECTION('center_axis',(-1.,0.,0.));
#9924=DIRECTION('ref_axis',(0.,1.,0.));
#9925=DIRECTION('',(-1.,0.,0.));
#9926=DIRECTION('center_axis',(1.,0.,0.));
#9927=DIRECTION('ref_axis',(0.,1.,0.));
#9928=DIRECTION('center_axis',(-1.,0.,0.));
#9929=DIRECTION('ref_axis',(0.,1.,0.));
#9930=DIRECTION('center_axis',(-1.,0.,0.));
#9931=DIRECTION('ref_axis',(0.,1.,0.));
#9932=DIRECTION('',(-1.,0.,0.));
#9933=DIRECTION('center_axis',(1.,0.,0.));
#9934=DIRECTION('ref_axis',(0.,1.,0.));
#9935=DIRECTION('center_axis',(-1.,0.,0.));
#9936=DIRECTION('ref_axis',(0.,1.,0.));
#9937=DIRECTION('center_axis',(-1.,0.,0.));
#9938=DIRECTION('ref_axis',(0.,1.,0.));
#9939=DIRECTION('',(-1.,0.,0.));
#9940=DIRECTION('center_axis',(1.,0.,0.));
#9941=DIRECTION('ref_axis',(0.,1.,0.));
#9942=DIRECTION('center_axis',(-1.,0.,0.));
#9943=DIRECTION('ref_axis',(0.,1.,0.));
#9944=DIRECTION('center_axis',(-1.,0.,0.));
#9945=DIRECTION('ref_axis',(0.,1.,0.));
#9946=DIRECTION('',(-1.,0.,0.));
#9947=DIRECTION('center_axis',(-1.,0.,0.));
#9948=DIRECTION('ref_axis',(0.,1.,0.));
#9949=DIRECTION('center_axis',(-1.,0.,0.));
#9950=DIRECTION('ref_axis',(0.,1.,0.));
#9951=DIRECTION('',(-1.,0.,0.));
#9952=DIRECTION('center_axis',(-1.,0.,0.));
#9953=DIRECTION('ref_axis',(0.,1.,0.));
#9954=DIRECTION('center_axis',(-1.,0.,0.));
#9955=DIRECTION('ref_axis',(0.,1.,0.));
#9956=DIRECTION('',(-1.,0.,0.));
#9957=DIRECTION('center_axis',(1.,0.,0.));
#9958=DIRECTION('ref_axis',(0.,1.,0.));
#9959=DIRECTION('center_axis',(-1.,0.,0.));
#9960=DIRECTION('ref_axis',(0.,1.,0.));
#9961=DIRECTION('center_axis',(-1.,0.,0.));
#9962=DIRECTION('ref_axis',(0.,1.,0.));
#9963=DIRECTION('',(-1.,0.,0.));
#9964=DIRECTION('center_axis',(1.,0.,0.));
#9965=DIRECTION('ref_axis',(0.,1.,0.));
#9966=DIRECTION('center_axis',(-1.,0.,0.));
#9967=DIRECTION('ref_axis',(0.,1.,0.));
#9968=DIRECTION('center_axis',(-1.,0.,0.));
#9969=DIRECTION('ref_axis',(0.,1.,0.));
#9970=DIRECTION('',(-1.,0.,0.));
#9971=DIRECTION('center_axis',(-1.,0.,0.));
#9972=DIRECTION('ref_axis',(0.,1.,0.));
#9973=DIRECTION('center_axis',(-1.,0.,0.));
#9974=DIRECTION('ref_axis',(0.,1.,0.));
#9975=DIRECTION('',(-1.,0.,0.));
#9976=DIRECTION('center_axis',(-1.,0.,0.));
#9977=DIRECTION('ref_axis',(0.,1.,0.));
#9978=DIRECTION('center_axis',(-1.,0.,0.));
#9979=DIRECTION('ref_axis',(0.,1.,0.));
#9980=DIRECTION('',(-1.,0.,0.));
#9981=DIRECTION('center_axis',(1.,0.,0.));
#9982=DIRECTION('ref_axis',(0.,1.,0.));
#9983=DIRECTION('center_axis',(-1.,0.,0.));
#9984=DIRECTION('ref_axis',(0.,1.,0.));
#9985=DIRECTION('center_axis',(-1.,0.,0.));
#9986=DIRECTION('ref_axis',(0.,1.,0.));
#9987=DIRECTION('',(-1.,0.,0.));
#9988=DIRECTION('center_axis',(1.,0.,0.));
#9989=DIRECTION('ref_axis',(0.,1.,0.));
#9990=DIRECTION('center_axis',(-1.,0.,0.));
#9991=DIRECTION('ref_axis',(0.,1.,0.));
#9992=DIRECTION('center_axis',(-1.,0.,0.));
#9993=DIRECTION('ref_axis',(0.,1.,0.));
#9994=DIRECTION('',(-1.,0.,0.));
#9995=DIRECTION('center_axis',(1.,0.,0.));
#9996=DIRECTION('ref_axis',(0.,1.,0.));
#9997=DIRECTION('center_axis',(-1.,0.,0.));
#9998=DIRECTION('ref_axis',(0.,1.,0.));
#9999=DIRECTION('center_axis',(-1.,0.,0.));
#10000=DIRECTION('ref_axis',(0.,1.,0.));
#10001=DIRECTION('',(-1.,0.,0.));
#10002=DIRECTION('center_axis',(1.,0.,0.));
#10003=DIRECTION('ref_axis',(0.,1.,0.));
#10004=DIRECTION('center_axis',(-1.,0.,0.));
#10005=DIRECTION('ref_axis',(0.,1.,0.));
#10006=DIRECTION('center_axis',(-1.,0.,0.));
#10007=DIRECTION('ref_axis',(0.,1.,0.));
#10008=DIRECTION('',(-1.,0.,0.));
#10009=DIRECTION('center_axis',(1.,0.,0.));
#10010=DIRECTION('ref_axis',(0.,1.,0.));
#10011=DIRECTION('center_axis',(-1.,0.,0.));
#10012=DIRECTION('ref_axis',(0.,1.,0.));
#10013=DIRECTION('center_axis',(-1.,0.,0.));
#10014=DIRECTION('ref_axis',(0.,1.,0.));
#10015=DIRECTION('',(-1.,0.,0.));
#10016=DIRECTION('center_axis',(1.,0.,0.));
#10017=DIRECTION('ref_axis',(0.,1.,0.));
#10018=DIRECTION('center_axis',(-1.,0.,0.));
#10019=DIRECTION('ref_axis',(0.,1.,0.));
#10020=DIRECTION('center_axis',(-1.,0.,0.));
#10021=DIRECTION('ref_axis',(0.,1.,0.));
#10022=DIRECTION('',(-1.,0.,0.));
#10023=DIRECTION('center_axis',(1.,0.,0.));
#10024=DIRECTION('ref_axis',(0.,1.,0.));
#10025=DIRECTION('center_axis',(-1.,0.,0.));
#10026=DIRECTION('ref_axis',(0.,1.,0.));
#10027=DIRECTION('center_axis',(-1.,0.,0.));
#10028=DIRECTION('ref_axis',(0.,1.,0.));
#10029=DIRECTION('',(-1.,0.,0.));
#10030=DIRECTION('center_axis',(1.,0.,0.));
#10031=DIRECTION('ref_axis',(0.,1.,0.));
#10032=DIRECTION('center_axis',(-1.,0.,0.));
#10033=DIRECTION('ref_axis',(0.,1.,0.));
#10034=DIRECTION('center_axis',(-1.,0.,0.));
#10035=DIRECTION('ref_axis',(0.,1.,0.));
#10036=DIRECTION('',(-1.,0.,0.));
#10037=DIRECTION('center_axis',(1.,0.,0.));
#10038=DIRECTION('ref_axis',(0.,1.,0.));
#10039=DIRECTION('center_axis',(-1.,0.,0.));
#10040=DIRECTION('ref_axis',(0.,1.,0.));
#10041=DIRECTION('center_axis',(-1.,0.,0.));
#10042=DIRECTION('ref_axis',(0.,1.,0.));
#10043=DIRECTION('',(-1.,0.,0.));
#10044=DIRECTION('center_axis',(1.,0.,0.));
#10045=DIRECTION('ref_axis',(0.,1.,0.));
#10046=DIRECTION('center_axis',(-1.,0.,0.));
#10047=DIRECTION('ref_axis',(0.,1.,0.));
#10048=DIRECTION('center_axis',(-1.,0.,0.));
#10049=DIRECTION('ref_axis',(0.,1.,0.));
#10050=DIRECTION('',(-1.,0.,0.));
#10051=DIRECTION('center_axis',(1.,0.,0.));
#10052=DIRECTION('ref_axis',(0.,1.,0.));
#10053=DIRECTION('center_axis',(-1.,0.,0.));
#10054=DIRECTION('ref_axis',(0.,1.,0.));
#10055=DIRECTION('center_axis',(-1.,0.,0.));
#10056=DIRECTION('ref_axis',(0.,1.,0.));
#10057=DIRECTION('',(-1.,0.,0.));
#10058=DIRECTION('center_axis',(1.,0.,0.));
#10059=DIRECTION('ref_axis',(0.,1.,0.));
#10060=DIRECTION('center_axis',(-1.,0.,0.));
#10061=DIRECTION('ref_axis',(0.,1.,0.));
#10062=DIRECTION('center_axis',(-1.,0.,0.));
#10063=DIRECTION('ref_axis',(0.,1.,0.));
#10064=DIRECTION('',(-1.,0.,0.));
#10065=DIRECTION('center_axis',(-1.,0.,0.));
#10066=DIRECTION('ref_axis',(0.,1.,0.));
#10067=DIRECTION('center_axis',(-1.,0.,0.));
#10068=DIRECTION('ref_axis',(0.,1.,0.));
#10069=DIRECTION('',(-1.,0.,0.));
#10070=DIRECTION('center_axis',(-1.,0.,0.));
#10071=DIRECTION('ref_axis',(0.,1.,0.));
#10072=DIRECTION('center_axis',(-1.,0.,0.));
#10073=DIRECTION('ref_axis',(0.,1.,0.));
#10074=DIRECTION('',(-1.,0.,0.));
#10075=DIRECTION('center_axis',(-1.,0.,0.));
#10076=DIRECTION('ref_axis',(0.,1.,0.));
#10077=DIRECTION('center_axis',(-1.,0.,0.));
#10078=DIRECTION('ref_axis',(0.,1.,0.));
#10079=DIRECTION('',(-1.,0.,0.));
#10080=DIRECTION('center_axis',(-1.,0.,0.));
#10081=DIRECTION('ref_axis',(0.,1.,0.));
#10082=DIRECTION('center_axis',(-1.,0.,0.));
#10083=DIRECTION('ref_axis',(0.,1.,0.));
#10084=DIRECTION('',(-1.,0.,0.));
#10085=DIRECTION('center_axis',(1.,0.,0.));
#10086=DIRECTION('ref_axis',(0.,1.,0.));
#10087=DIRECTION('center_axis',(-1.,0.,0.));
#10088=DIRECTION('ref_axis',(0.,1.,0.));
#10089=DIRECTION('center_axis',(-1.,0.,0.));
#10090=DIRECTION('ref_axis',(0.,1.,0.));
#10091=DIRECTION('',(-1.,0.,0.));
#10092=DIRECTION('center_axis',(1.,0.,0.));
#10093=DIRECTION('ref_axis',(0.,1.,0.));
#10094=DIRECTION('center_axis',(-1.,0.,0.));
#10095=DIRECTION('ref_axis',(0.,1.,0.));
#10096=DIRECTION('center_axis',(-1.,0.,0.));
#10097=DIRECTION('ref_axis',(0.,1.,0.));
#10098=DIRECTION('',(-1.,0.,0.));
#10099=DIRECTION('center_axis',(1.,0.,0.));
#10100=DIRECTION('ref_axis',(0.,1.,0.));
#10101=DIRECTION('center_axis',(-1.,0.,0.));
#10102=DIRECTION('ref_axis',(0.,1.,0.));
#10103=DIRECTION('center_axis',(-1.,0.,0.));
#10104=DIRECTION('ref_axis',(0.,1.,0.));
#10105=DIRECTION('',(-1.,0.,0.));
#10106=DIRECTION('center_axis',(1.,0.,0.));
#10107=DIRECTION('ref_axis',(0.,1.,0.));
#10108=DIRECTION('center_axis',(-1.,0.,0.));
#10109=DIRECTION('ref_axis',(0.,1.,0.));
#10110=DIRECTION('center_axis',(-1.,0.,0.));
#10111=DIRECTION('ref_axis',(0.,1.,0.));
#10112=DIRECTION('',(-1.,0.,0.));
#10113=DIRECTION('center_axis',(1.,0.,0.));
#10114=DIRECTION('ref_axis',(0.,1.,0.));
#10115=DIRECTION('center_axis',(-1.,0.,0.));
#10116=DIRECTION('ref_axis',(0.,1.,0.));
#10117=DIRECTION('center_axis',(-1.,0.,0.));
#10118=DIRECTION('ref_axis',(0.,1.,0.));
#10119=DIRECTION('',(-1.,0.,0.));
#10120=DIRECTION('center_axis',(1.,0.,0.));
#10121=DIRECTION('ref_axis',(0.,1.,0.));
#10122=DIRECTION('center_axis',(-1.,0.,0.));
#10123=DIRECTION('ref_axis',(0.,1.,0.));
#10124=DIRECTION('center_axis',(-1.,0.,0.));
#10125=DIRECTION('ref_axis',(0.,1.,0.));
#10126=DIRECTION('',(-1.,0.,0.));
#10127=DIRECTION('center_axis',(1.,0.,0.));
#10128=DIRECTION('ref_axis',(0.,1.,0.));
#10129=DIRECTION('center_axis',(-1.,0.,0.));
#10130=DIRECTION('ref_axis',(0.,1.,0.));
#10131=DIRECTION('center_axis',(-1.,0.,0.));
#10132=DIRECTION('ref_axis',(0.,1.,0.));
#10133=DIRECTION('',(-1.,0.,0.));
#10134=DIRECTION('center_axis',(1.,0.,0.));
#10135=DIRECTION('ref_axis',(0.,1.,0.));
#10136=DIRECTION('center_axis',(-1.,0.,0.));
#10137=DIRECTION('ref_axis',(0.,1.,0.));
#10138=DIRECTION('center_axis',(-1.,0.,0.));
#10139=DIRECTION('ref_axis',(0.,1.,0.));
#10140=DIRECTION('',(-1.,0.,0.));
#10141=DIRECTION('center_axis',(1.,0.,0.));
#10142=DIRECTION('ref_axis',(0.,1.,0.));
#10143=DIRECTION('center_axis',(-1.,0.,0.));
#10144=DIRECTION('ref_axis',(0.,1.,0.));
#10145=DIRECTION('center_axis',(-1.,0.,0.));
#10146=DIRECTION('ref_axis',(0.,1.,0.));
#10147=DIRECTION('',(-1.,0.,0.));
#10148=DIRECTION('center_axis',(1.,0.,0.));
#10149=DIRECTION('ref_axis',(0.,1.,0.));
#10150=DIRECTION('center_axis',(-1.,0.,0.));
#10151=DIRECTION('ref_axis',(0.,1.,0.));
#10152=DIRECTION('center_axis',(-1.,0.,0.));
#10153=DIRECTION('ref_axis',(0.,1.,0.));
#10154=DIRECTION('',(-1.,0.,0.));
#10155=DIRECTION('center_axis',(1.,0.,0.));
#10156=DIRECTION('ref_axis',(0.,1.,0.));
#10157=DIRECTION('center_axis',(-1.,0.,0.));
#10158=DIRECTION('ref_axis',(0.,1.,0.));
#10159=DIRECTION('center_axis',(-1.,0.,0.));
#10160=DIRECTION('ref_axis',(0.,1.,0.));
#10161=DIRECTION('',(-1.,0.,0.));
#10162=DIRECTION('center_axis',(1.,0.,0.));
#10163=DIRECTION('ref_axis',(0.,1.,0.));
#10164=DIRECTION('center_axis',(-1.,0.,0.));
#10165=DIRECTION('ref_axis',(0.,1.,0.));
#10166=DIRECTION('center_axis',(-1.,0.,0.));
#10167=DIRECTION('ref_axis',(0.,1.,0.));
#10168=DIRECTION('',(-1.,0.,0.));
#10169=DIRECTION('center_axis',(1.,0.,0.));
#10170=DIRECTION('ref_axis',(0.,1.,0.));
#10171=DIRECTION('center_axis',(-1.,0.,0.));
#10172=DIRECTION('ref_axis',(0.,1.,0.));
#10173=DIRECTION('center_axis',(-1.,0.,0.));
#10174=DIRECTION('ref_axis',(0.,1.,0.));
#10175=DIRECTION('',(-1.,0.,0.));
#10176=DIRECTION('center_axis',(1.,0.,0.));
#10177=DIRECTION('ref_axis',(0.,1.,0.));
#10178=DIRECTION('center_axis',(-1.,0.,0.));
#10179=DIRECTION('ref_axis',(0.,1.,0.));
#10180=DIRECTION('center_axis',(-1.,0.,0.));
#10181=DIRECTION('ref_axis',(0.,1.,0.));
#10182=DIRECTION('',(-1.,0.,0.));
#10183=DIRECTION('center_axis',(1.,0.,0.));
#10184=DIRECTION('ref_axis',(0.,1.,0.));
#10185=DIRECTION('center_axis',(-1.,0.,0.));
#10186=DIRECTION('ref_axis',(0.,1.,0.));
#10187=DIRECTION('center_axis',(-1.,0.,0.));
#10188=DIRECTION('ref_axis',(0.,1.,0.));
#10189=DIRECTION('',(-1.,0.,0.));
#10190=DIRECTION('center_axis',(1.,0.,0.));
#10191=DIRECTION('ref_axis',(0.,1.,0.));
#10192=DIRECTION('center_axis',(-1.,0.,0.));
#10193=DIRECTION('ref_axis',(0.,1.,0.));
#10194=DIRECTION('center_axis',(-1.,0.,0.));
#10195=DIRECTION('ref_axis',(0.,1.,0.));
#10196=DIRECTION('',(-1.,0.,0.));
#10197=DIRECTION('center_axis',(-1.,0.,0.));
#10198=DIRECTION('ref_axis',(0.,1.,0.));
#10199=DIRECTION('center_axis',(-1.,0.,0.));
#10200=DIRECTION('ref_axis',(0.,1.,0.));
#10201=DIRECTION('',(-1.,0.,0.));
#10202=DIRECTION('center_axis',(-1.,0.,0.));
#10203=DIRECTION('ref_axis',(0.,1.,0.));
#10204=DIRECTION('center_axis',(-1.,0.,0.));
#10205=DIRECTION('ref_axis',(0.,1.,0.));
#10206=DIRECTION('',(-1.,0.,0.));
#10207=DIRECTION('center_axis',(-1.,0.,0.));
#10208=DIRECTION('ref_axis',(0.,1.,0.));
#10209=DIRECTION('center_axis',(-1.,0.,0.));
#10210=DIRECTION('ref_axis',(0.,1.,0.));
#10211=DIRECTION('',(-1.,0.,0.));
#10212=DIRECTION('center_axis',(-1.,0.,0.));
#10213=DIRECTION('ref_axis',(0.,1.,0.));
#10214=DIRECTION('center_axis',(-1.,0.,0.));
#10215=DIRECTION('ref_axis',(0.,1.,0.));
#10216=DIRECTION('',(-1.,0.,0.));
#10217=DIRECTION('center_axis',(-1.,0.,0.));
#10218=DIRECTION('ref_axis',(0.,1.,0.));
#10219=DIRECTION('center_axis',(-1.,0.,0.));
#10220=DIRECTION('ref_axis',(0.,1.,0.));
#10221=DIRECTION('',(-1.,0.,0.));
#10222=DIRECTION('center_axis',(-1.,0.,0.));
#10223=DIRECTION('ref_axis',(0.,1.,0.));
#10224=DIRECTION('center_axis',(-1.,0.,0.));
#10225=DIRECTION('ref_axis',(0.,1.,0.));
#10226=DIRECTION('',(-1.,0.,0.));
#10227=DIRECTION('center_axis',(-1.,0.,0.));
#10228=DIRECTION('ref_axis',(0.,1.,0.));
#10229=DIRECTION('center_axis',(-1.,0.,0.));
#10230=DIRECTION('ref_axis',(0.,1.,0.));
#10231=DIRECTION('',(-1.,0.,0.));
#10232=DIRECTION('center_axis',(-1.,0.,0.));
#10233=DIRECTION('ref_axis',(0.,1.,0.));
#10234=DIRECTION('center_axis',(-1.,0.,0.));
#10235=DIRECTION('ref_axis',(0.,1.,0.));
#10236=DIRECTION('',(-1.,0.,0.));
#10237=DIRECTION('center_axis',(1.,0.,0.));
#10238=DIRECTION('ref_axis',(0.,1.,0.));
#10239=DIRECTION('center_axis',(-1.,0.,0.));
#10240=DIRECTION('ref_axis',(0.,1.,0.));
#10241=DIRECTION('center_axis',(-1.,0.,0.));
#10242=DIRECTION('ref_axis',(0.,1.,0.));
#10243=DIRECTION('',(-1.,0.,0.));
#10244=DIRECTION('center_axis',(1.,0.,0.));
#10245=DIRECTION('ref_axis',(0.,1.,0.));
#10246=DIRECTION('center_axis',(-1.,0.,0.));
#10247=DIRECTION('ref_axis',(0.,1.,0.));
#10248=DIRECTION('center_axis',(-1.,0.,0.));
#10249=DIRECTION('ref_axis',(0.,1.,0.));
#10250=DIRECTION('',(-1.,0.,0.));
#10251=DIRECTION('center_axis',(1.,0.,0.));
#10252=DIRECTION('ref_axis',(0.,1.,0.));
#10253=DIRECTION('center_axis',(-1.,0.,0.));
#10254=DIRECTION('ref_axis',(0.,1.,0.));
#10255=DIRECTION('center_axis',(-1.,0.,0.));
#10256=DIRECTION('ref_axis',(0.,1.,0.));
#10257=DIRECTION('',(-1.,0.,0.));
#10258=DIRECTION('center_axis',(1.,0.,0.));
#10259=DIRECTION('ref_axis',(0.,1.,0.));
#10260=DIRECTION('center_axis',(-1.,0.,0.));
#10261=DIRECTION('ref_axis',(0.,1.,0.));
#10262=DIRECTION('center_axis',(-1.,0.,0.));
#10263=DIRECTION('ref_axis',(0.,1.,0.));
#10264=DIRECTION('',(-1.,0.,0.));
#10265=DIRECTION('center_axis',(1.,0.,0.));
#10266=DIRECTION('ref_axis',(0.,1.,0.));
#10267=DIRECTION('center_axis',(-1.,0.,0.));
#10268=DIRECTION('ref_axis',(0.,1.,0.));
#10269=DIRECTION('center_axis',(-1.,0.,0.));
#10270=DIRECTION('ref_axis',(0.,1.,0.));
#10271=DIRECTION('',(-1.,0.,0.));
#10272=DIRECTION('center_axis',(1.,0.,0.));
#10273=DIRECTION('ref_axis',(0.,1.,0.));
#10274=DIRECTION('center_axis',(-1.,0.,0.));
#10275=DIRECTION('ref_axis',(0.,1.,0.));
#10276=DIRECTION('center_axis',(-1.,0.,0.));
#10277=DIRECTION('ref_axis',(0.,1.,0.));
#10278=DIRECTION('',(-1.,0.,0.));
#10279=DIRECTION('center_axis',(1.,0.,0.));
#10280=DIRECTION('ref_axis',(0.,1.,0.));
#10281=DIRECTION('center_axis',(-1.,0.,0.));
#10282=DIRECTION('ref_axis',(0.,1.,0.));
#10283=DIRECTION('center_axis',(-1.,0.,0.));
#10284=DIRECTION('ref_axis',(0.,1.,0.));
#10285=DIRECTION('',(-1.,0.,0.));
#10286=DIRECTION('center_axis',(1.,0.,0.));
#10287=DIRECTION('ref_axis',(0.,1.,0.));
#10288=DIRECTION('center_axis',(-1.,0.,0.));
#10289=DIRECTION('ref_axis',(0.,1.,0.));
#10290=DIRECTION('center_axis',(-1.,0.,0.));
#10291=DIRECTION('ref_axis',(0.,1.,0.));
#10292=DIRECTION('',(-1.,0.,0.));
#10293=DIRECTION('center_axis',(1.,0.,0.));
#10294=DIRECTION('ref_axis',(0.,1.,0.));
#10295=DIRECTION('center_axis',(-1.,0.,0.));
#10296=DIRECTION('ref_axis',(0.,1.,0.));
#10297=DIRECTION('center_axis',(-1.,0.,0.));
#10298=DIRECTION('ref_axis',(0.,1.,0.));
#10299=DIRECTION('',(-1.,0.,0.));
#10300=DIRECTION('center_axis',(1.,0.,0.));
#10301=DIRECTION('ref_axis',(0.,1.,0.));
#10302=DIRECTION('center_axis',(-1.,0.,0.));
#10303=DIRECTION('ref_axis',(0.,1.,0.));
#10304=DIRECTION('center_axis',(-1.,0.,0.));
#10305=DIRECTION('ref_axis',(0.,1.,0.));
#10306=DIRECTION('',(-1.,0.,0.));
#10307=DIRECTION('center_axis',(1.,0.,0.));
#10308=DIRECTION('ref_axis',(0.,1.,0.));
#10309=DIRECTION('center_axis',(-1.,0.,0.));
#10310=DIRECTION('ref_axis',(0.,1.,0.));
#10311=DIRECTION('center_axis',(-1.,0.,0.));
#10312=DIRECTION('ref_axis',(0.,1.,0.));
#10313=DIRECTION('',(-1.,0.,0.));
#10314=DIRECTION('center_axis',(1.,0.,0.));
#10315=DIRECTION('ref_axis',(0.,1.,0.));
#10316=DIRECTION('center_axis',(-1.,0.,0.));
#10317=DIRECTION('ref_axis',(0.,1.,0.));
#10318=DIRECTION('center_axis',(-1.,0.,0.));
#10319=DIRECTION('ref_axis',(0.,1.,0.));
#10320=DIRECTION('',(-1.,0.,0.));
#10321=DIRECTION('center_axis',(1.,0.,0.));
#10322=DIRECTION('ref_axis',(0.,1.,0.));
#10323=DIRECTION('center_axis',(-1.,0.,0.));
#10324=DIRECTION('ref_axis',(0.,1.,0.));
#10325=DIRECTION('center_axis',(-1.,0.,0.));
#10326=DIRECTION('ref_axis',(0.,1.,0.));
#10327=DIRECTION('',(-1.,0.,0.));
#10328=DIRECTION('center_axis',(1.,0.,0.));
#10329=DIRECTION('ref_axis',(0.,1.,0.));
#10330=DIRECTION('center_axis',(-1.,0.,0.));
#10331=DIRECTION('ref_axis',(0.,1.,0.));
#10332=DIRECTION('center_axis',(-1.,0.,0.));
#10333=DIRECTION('ref_axis',(0.,1.,0.));
#10334=DIRECTION('',(-1.,0.,0.));
#10335=DIRECTION('center_axis',(1.,0.,0.));
#10336=DIRECTION('ref_axis',(0.,1.,0.));
#10337=DIRECTION('center_axis',(-1.,0.,0.));
#10338=DIRECTION('ref_axis',(0.,1.,0.));
#10339=DIRECTION('center_axis',(-1.,0.,0.));
#10340=DIRECTION('ref_axis',(0.,1.,0.));
#10341=DIRECTION('',(-1.,0.,0.));
#10342=DIRECTION('center_axis',(1.,0.,0.));
#10343=DIRECTION('ref_axis',(0.,1.,0.));
#10344=DIRECTION('center_axis',(-1.,0.,0.));
#10345=DIRECTION('ref_axis',(0.,1.,0.));
#10346=DIRECTION('center_axis',(-1.,0.,0.));
#10347=DIRECTION('ref_axis',(0.,1.,0.));
#10348=DIRECTION('',(-1.,0.,0.));
#10349=DIRECTION('center_axis',(1.,0.,0.));
#10350=DIRECTION('ref_axis',(0.,1.,0.));
#10351=DIRECTION('center_axis',(-1.,0.,0.));
#10352=DIRECTION('ref_axis',(0.,1.,0.));
#10353=DIRECTION('center_axis',(-1.,0.,0.));
#10354=DIRECTION('ref_axis',(0.,1.,0.));
#10355=DIRECTION('',(-1.,0.,0.));
#10356=DIRECTION('center_axis',(1.,0.,0.));
#10357=DIRECTION('ref_axis',(0.,1.,0.));
#10358=DIRECTION('center_axis',(-1.,0.,0.));
#10359=DIRECTION('ref_axis',(0.,1.,0.));
#10360=DIRECTION('center_axis',(-1.,0.,0.));
#10361=DIRECTION('ref_axis',(0.,1.,0.));
#10362=DIRECTION('',(-1.,0.,0.));
#10363=DIRECTION('center_axis',(1.,0.,0.));
#10364=DIRECTION('ref_axis',(0.,1.,0.));
#10365=DIRECTION('center_axis',(-1.,0.,0.));
#10366=DIRECTION('ref_axis',(0.,1.,0.));
#10367=DIRECTION('center_axis',(-1.,0.,0.));
#10368=DIRECTION('ref_axis',(0.,1.,0.));
#10369=DIRECTION('',(-1.,0.,0.));
#10370=DIRECTION('center_axis',(1.,0.,0.));
#10371=DIRECTION('ref_axis',(0.,1.,0.));
#10372=DIRECTION('center_axis',(-1.,0.,0.));
#10373=DIRECTION('ref_axis',(0.,1.,0.));
#10374=DIRECTION('center_axis',(-1.,0.,0.));
#10375=DIRECTION('ref_axis',(0.,1.,0.));
#10376=DIRECTION('',(-1.,0.,0.));
#10377=DIRECTION('center_axis',(1.,0.,0.));
#10378=DIRECTION('ref_axis',(0.,1.,0.));
#10379=DIRECTION('center_axis',(-1.,0.,0.));
#10380=DIRECTION('ref_axis',(0.,1.,0.));
#10381=DIRECTION('center_axis',(-1.,0.,0.));
#10382=DIRECTION('ref_axis',(0.,1.,0.));
#10383=DIRECTION('',(-1.,0.,0.));
#10384=DIRECTION('center_axis',(1.,0.,0.));
#10385=DIRECTION('ref_axis',(0.,1.,0.));
#10386=DIRECTION('center_axis',(-1.,0.,0.));
#10387=DIRECTION('ref_axis',(0.,1.,0.));
#10388=DIRECTION('center_axis',(-1.,0.,0.));
#10389=DIRECTION('ref_axis',(0.,1.,0.));
#10390=DIRECTION('',(-1.,0.,0.));
#10391=DIRECTION('center_axis',(1.,0.,0.));
#10392=DIRECTION('ref_axis',(0.,1.,0.));
#10393=DIRECTION('center_axis',(-1.,0.,0.));
#10394=DIRECTION('ref_axis',(0.,1.,0.));
#10395=DIRECTION('center_axis',(-1.,0.,0.));
#10396=DIRECTION('ref_axis',(0.,1.,0.));
#10397=DIRECTION('',(-1.,0.,0.));
#10398=DIRECTION('center_axis',(1.,0.,0.));
#10399=DIRECTION('ref_axis',(0.,1.,0.));
#10400=DIRECTION('center_axis',(-1.,0.,0.));
#10401=DIRECTION('ref_axis',(0.,1.,0.));
#10402=DIRECTION('center_axis',(-1.,0.,0.));
#10403=DIRECTION('ref_axis',(0.,1.,0.));
#10404=DIRECTION('',(-1.,0.,0.));
#10405=DIRECTION('center_axis',(1.,0.,0.));
#10406=DIRECTION('ref_axis',(0.,1.,0.));
#10407=DIRECTION('center_axis',(-1.,0.,0.));
#10408=DIRECTION('ref_axis',(0.,1.,0.));
#10409=DIRECTION('center_axis',(-1.,0.,0.));
#10410=DIRECTION('ref_axis',(0.,1.,0.));
#10411=DIRECTION('',(-1.,0.,0.));
#10412=DIRECTION('center_axis',(1.,0.,0.));
#10413=DIRECTION('ref_axis',(0.,1.,0.));
#10414=DIRECTION('center_axis',(-1.,0.,0.));
#10415=DIRECTION('ref_axis',(0.,1.,0.));
#10416=DIRECTION('center_axis',(-1.,0.,0.));
#10417=DIRECTION('ref_axis',(0.,1.,0.));
#10418=DIRECTION('',(-1.,0.,0.));
#10419=DIRECTION('center_axis',(1.,0.,0.));
#10420=DIRECTION('ref_axis',(0.,1.,0.));
#10421=DIRECTION('center_axis',(-1.,0.,0.));
#10422=DIRECTION('ref_axis',(0.,1.,0.));
#10423=DIRECTION('center_axis',(-1.,0.,0.));
#10424=DIRECTION('ref_axis',(0.,1.,0.));
#10425=DIRECTION('',(-1.,0.,0.));
#10426=DIRECTION('center_axis',(1.,0.,0.));
#10427=DIRECTION('ref_axis',(0.,1.,0.));
#10428=DIRECTION('center_axis',(-1.,0.,0.));
#10429=DIRECTION('ref_axis',(0.,1.,0.));
#10430=DIRECTION('center_axis',(-1.,0.,0.));
#10431=DIRECTION('ref_axis',(0.,1.,0.));
#10432=DIRECTION('',(-1.,0.,0.));
#10433=DIRECTION('center_axis',(1.,0.,0.));
#10434=DIRECTION('ref_axis',(0.,1.,0.));
#10435=DIRECTION('center_axis',(-1.,0.,0.));
#10436=DIRECTION('ref_axis',(0.,1.,0.));
#10437=DIRECTION('center_axis',(-1.,0.,0.));
#10438=DIRECTION('ref_axis',(0.,1.,0.));
#10439=DIRECTION('',(-1.,0.,0.));
#10440=DIRECTION('center_axis',(1.,0.,0.));
#10441=DIRECTION('ref_axis',(0.,1.,0.));
#10442=DIRECTION('center_axis',(-1.,0.,0.));
#10443=DIRECTION('ref_axis',(0.,1.,0.));
#10444=DIRECTION('center_axis',(-1.,0.,0.));
#10445=DIRECTION('ref_axis',(0.,1.,0.));
#10446=DIRECTION('',(-1.,0.,0.));
#10447=DIRECTION('center_axis',(1.,0.,0.));
#10448=DIRECTION('ref_axis',(0.,1.,0.));
#10449=DIRECTION('center_axis',(-1.,0.,0.));
#10450=DIRECTION('ref_axis',(0.,1.,0.));
#10451=DIRECTION('center_axis',(-1.,0.,0.));
#10452=DIRECTION('ref_axis',(0.,1.,0.));
#10453=DIRECTION('',(-1.,0.,0.));
#10454=DIRECTION('center_axis',(1.,0.,0.));
#10455=DIRECTION('ref_axis',(0.,1.,0.));
#10456=DIRECTION('center_axis',(-1.,0.,0.));
#10457=DIRECTION('ref_axis',(0.,1.,0.));
#10458=DIRECTION('center_axis',(-1.,0.,0.));
#10459=DIRECTION('ref_axis',(0.,1.,0.));
#10460=DIRECTION('',(-1.,0.,0.));
#10461=DIRECTION('center_axis',(1.,0.,0.));
#10462=DIRECTION('ref_axis',(0.,1.,0.));
#10463=DIRECTION('center_axis',(-1.,0.,0.));
#10464=DIRECTION('ref_axis',(0.,1.,0.));
#10465=DIRECTION('center_axis',(-1.,0.,0.));
#10466=DIRECTION('ref_axis',(0.,1.,0.));
#10467=DIRECTION('',(-1.,0.,0.));
#10468=DIRECTION('center_axis',(1.,0.,0.));
#10469=DIRECTION('ref_axis',(0.,1.,0.));
#10470=DIRECTION('center_axis',(-1.,0.,0.));
#10471=DIRECTION('ref_axis',(0.,1.,0.));
#10472=DIRECTION('center_axis',(-1.,0.,0.));
#10473=DIRECTION('ref_axis',(0.,1.,0.));
#10474=DIRECTION('',(-1.,0.,0.));
#10475=DIRECTION('center_axis',(1.,0.,0.));
#10476=DIRECTION('ref_axis',(0.,1.,0.));
#10477=DIRECTION('center_axis',(-1.,0.,0.));
#10478=DIRECTION('ref_axis',(0.,1.,0.));
#10479=DIRECTION('center_axis',(-1.,0.,0.));
#10480=DIRECTION('ref_axis',(0.,1.,0.));
#10481=DIRECTION('',(-1.,0.,0.));
#10482=DIRECTION('center_axis',(1.,0.,0.));
#10483=DIRECTION('ref_axis',(0.,1.,0.));
#10484=DIRECTION('center_axis',(-1.,0.,0.));
#10485=DIRECTION('ref_axis',(0.,1.,0.));
#10486=DIRECTION('center_axis',(-1.,0.,0.));
#10487=DIRECTION('ref_axis',(0.,1.,0.));
#10488=DIRECTION('',(-1.,0.,0.));
#10489=DIRECTION('center_axis',(1.,0.,0.));
#10490=DIRECTION('ref_axis',(0.,1.,0.));
#10491=DIRECTION('center_axis',(-1.,0.,0.));
#10492=DIRECTION('ref_axis',(0.,1.,0.));
#10493=DIRECTION('center_axis',(-1.,0.,0.));
#10494=DIRECTION('ref_axis',(0.,1.,0.));
#10495=DIRECTION('',(-1.,0.,0.));
#10496=DIRECTION('center_axis',(1.,0.,0.));
#10497=DIRECTION('ref_axis',(0.,1.,0.));
#10498=DIRECTION('center_axis',(-1.,0.,0.));
#10499=DIRECTION('ref_axis',(0.,1.,0.));
#10500=DIRECTION('center_axis',(-1.,0.,0.));
#10501=DIRECTION('ref_axis',(0.,1.,0.));
#10502=DIRECTION('',(-1.,0.,0.));
#10503=DIRECTION('center_axis',(1.,0.,0.));
#10504=DIRECTION('ref_axis',(0.,1.,0.));
#10505=DIRECTION('center_axis',(-1.,0.,0.));
#10506=DIRECTION('ref_axis',(0.,1.,0.));
#10507=DIRECTION('center_axis',(-1.,0.,0.));
#10508=DIRECTION('ref_axis',(0.,1.,0.));
#10509=DIRECTION('',(-1.,0.,0.));
#10510=DIRECTION('center_axis',(1.,0.,0.));
#10511=DIRECTION('ref_axis',(0.,1.,0.));
#10512=DIRECTION('center_axis',(-1.,0.,0.));
#10513=DIRECTION('ref_axis',(0.,1.,0.));
#10514=DIRECTION('center_axis',(-1.,0.,0.));
#10515=DIRECTION('ref_axis',(0.,1.,0.));
#10516=DIRECTION('',(-1.,0.,0.));
#10517=DIRECTION('center_axis',(1.,0.,0.));
#10518=DIRECTION('ref_axis',(0.,1.,0.));
#10519=DIRECTION('center_axis',(-1.,0.,0.));
#10520=DIRECTION('ref_axis',(0.,1.,0.));
#10521=DIRECTION('center_axis',(-1.,0.,0.));
#10522=DIRECTION('ref_axis',(0.,1.,0.));
#10523=DIRECTION('',(-1.,0.,0.));
#10524=DIRECTION('center_axis',(1.,0.,0.));
#10525=DIRECTION('ref_axis',(0.,1.,0.));
#10526=DIRECTION('center_axis',(-1.,0.,0.));
#10527=DIRECTION('ref_axis',(0.,1.,0.));
#10528=DIRECTION('center_axis',(-1.,0.,0.));
#10529=DIRECTION('ref_axis',(0.,1.,0.));
#10530=DIRECTION('',(-1.,0.,0.));
#10531=DIRECTION('center_axis',(1.,0.,0.));
#10532=DIRECTION('ref_axis',(0.,1.,0.));
#10533=DIRECTION('center_axis',(-1.,0.,0.));
#10534=DIRECTION('ref_axis',(0.,1.,0.));
#10535=DIRECTION('center_axis',(-1.,0.,0.));
#10536=DIRECTION('ref_axis',(0.,1.,0.));
#10537=DIRECTION('',(-1.,0.,0.));
#10538=DIRECTION('center_axis',(1.,0.,0.));
#10539=DIRECTION('ref_axis',(0.,1.,0.));
#10540=DIRECTION('center_axis',(-1.,0.,0.));
#10541=DIRECTION('ref_axis',(0.,1.,0.));
#10542=DIRECTION('center_axis',(-1.,0.,0.));
#10543=DIRECTION('ref_axis',(0.,1.,0.));
#10544=DIRECTION('',(-1.,0.,0.));
#10545=DIRECTION('center_axis',(1.,0.,0.));
#10546=DIRECTION('ref_axis',(0.,1.,0.));
#10547=DIRECTION('center_axis',(-1.,0.,0.));
#10548=DIRECTION('ref_axis',(0.,1.,0.));
#10549=DIRECTION('center_axis',(-1.,0.,0.));
#10550=DIRECTION('ref_axis',(0.,1.,0.));
#10551=DIRECTION('',(-1.,0.,0.));
#10552=DIRECTION('center_axis',(1.,0.,0.));
#10553=DIRECTION('ref_axis',(0.,1.,0.));
#10554=DIRECTION('center_axis',(-1.,0.,0.));
#10555=DIRECTION('ref_axis',(0.,1.,0.));
#10556=DIRECTION('center_axis',(-1.,0.,0.));
#10557=DIRECTION('ref_axis',(0.,1.,0.));
#10558=DIRECTION('',(-1.,0.,0.));
#10559=DIRECTION('center_axis',(1.,0.,0.));
#10560=DIRECTION('ref_axis',(0.,1.,0.));
#10561=DIRECTION('center_axis',(-1.,0.,0.));
#10562=DIRECTION('ref_axis',(0.,1.,0.));
#10563=DIRECTION('center_axis',(-1.,0.,0.));
#10564=DIRECTION('ref_axis',(0.,1.,0.));
#10565=DIRECTION('',(-1.,0.,0.));
#10566=DIRECTION('center_axis',(1.,0.,0.));
#10567=DIRECTION('ref_axis',(0.,1.,0.));
#10568=DIRECTION('center_axis',(-1.,0.,0.));
#10569=DIRECTION('ref_axis',(0.,1.,0.));
#10570=DIRECTION('center_axis',(-1.,0.,0.));
#10571=DIRECTION('ref_axis',(0.,1.,0.));
#10572=DIRECTION('',(-1.,0.,0.));
#10573=DIRECTION('center_axis',(1.,0.,0.));
#10574=DIRECTION('ref_axis',(0.,1.,0.));
#10575=DIRECTION('center_axis',(-1.,0.,0.));
#10576=DIRECTION('ref_axis',(0.,1.,0.));
#10577=DIRECTION('center_axis',(-1.,0.,0.));
#10578=DIRECTION('ref_axis',(0.,1.,0.));
#10579=DIRECTION('',(-1.,0.,0.));
#10580=DIRECTION('center_axis',(1.,0.,0.));
#10581=DIRECTION('ref_axis',(0.,1.,0.));
#10582=DIRECTION('center_axis',(-1.,0.,0.));
#10583=DIRECTION('ref_axis',(0.,1.,0.));
#10584=DIRECTION('center_axis',(-1.,0.,0.));
#10585=DIRECTION('ref_axis',(0.,1.,0.));
#10586=DIRECTION('',(-1.,0.,0.));
#10587=DIRECTION('center_axis',(1.,0.,0.));
#10588=DIRECTION('ref_axis',(0.,1.,0.));
#10589=DIRECTION('center_axis',(-1.,0.,0.));
#10590=DIRECTION('ref_axis',(0.,1.,0.));
#10591=DIRECTION('center_axis',(-1.,0.,0.));
#10592=DIRECTION('ref_axis',(0.,1.,0.));
#10593=DIRECTION('',(-1.,0.,0.));
#10594=DIRECTION('center_axis',(1.,0.,0.));
#10595=DIRECTION('ref_axis',(0.,1.,0.));
#10596=DIRECTION('center_axis',(-1.,0.,0.));
#10597=DIRECTION('ref_axis',(0.,1.,0.));
#10598=DIRECTION('center_axis',(-1.,0.,0.));
#10599=DIRECTION('ref_axis',(0.,1.,0.));
#10600=DIRECTION('',(-1.,0.,0.));
#10601=DIRECTION('center_axis',(1.,0.,0.));
#10602=DIRECTION('ref_axis',(0.,1.,0.));
#10603=DIRECTION('center_axis',(-1.,0.,0.));
#10604=DIRECTION('ref_axis',(0.,1.,0.));
#10605=DIRECTION('center_axis',(-1.,0.,0.));
#10606=DIRECTION('ref_axis',(0.,1.,0.));
#10607=DIRECTION('',(-1.,0.,0.));
#10608=DIRECTION('center_axis',(1.,0.,0.));
#10609=DIRECTION('ref_axis',(0.,1.,0.));
#10610=DIRECTION('center_axis',(-1.,0.,0.));
#10611=DIRECTION('ref_axis',(0.,1.,0.));
#10612=DIRECTION('center_axis',(-1.,0.,0.));
#10613=DIRECTION('ref_axis',(0.,1.,0.));
#10614=DIRECTION('',(-1.,0.,0.));
#10615=DIRECTION('center_axis',(1.,0.,0.));
#10616=DIRECTION('ref_axis',(0.,1.,0.));
#10617=DIRECTION('center_axis',(-1.,0.,0.));
#10618=DIRECTION('ref_axis',(0.,1.,0.));
#10619=DIRECTION('center_axis',(-1.,0.,0.));
#10620=DIRECTION('ref_axis',(0.,1.,0.));
#10621=DIRECTION('',(-1.,0.,0.));
#10622=DIRECTION('center_axis',(1.,0.,0.));
#10623=DIRECTION('ref_axis',(0.,1.,0.));
#10624=DIRECTION('center_axis',(-1.,0.,0.));
#10625=DIRECTION('ref_axis',(0.,1.,0.));
#10626=DIRECTION('center_axis',(-1.,0.,0.));
#10627=DIRECTION('ref_axis',(0.,1.,0.));
#10628=DIRECTION('',(-1.,0.,0.));
#10629=DIRECTION('center_axis',(1.,0.,0.));
#10630=DIRECTION('ref_axis',(0.,1.,0.));
#10631=DIRECTION('center_axis',(-1.,0.,0.));
#10632=DIRECTION('ref_axis',(0.,1.,0.));
#10633=DIRECTION('center_axis',(-1.,0.,0.));
#10634=DIRECTION('ref_axis',(0.,1.,0.));
#10635=DIRECTION('',(-1.,0.,0.));
#10636=DIRECTION('center_axis',(1.,0.,0.));
#10637=DIRECTION('ref_axis',(0.,1.,0.));
#10638=DIRECTION('center_axis',(-1.,0.,0.));
#10639=DIRECTION('ref_axis',(0.,1.,0.));
#10640=DIRECTION('center_axis',(-1.,0.,0.));
#10641=DIRECTION('ref_axis',(0.,1.,0.));
#10642=DIRECTION('',(-1.,0.,0.));
#10643=DIRECTION('center_axis',(1.,0.,0.));
#10644=DIRECTION('ref_axis',(0.,1.,0.));
#10645=DIRECTION('center_axis',(-1.,0.,0.));
#10646=DIRECTION('ref_axis',(0.,1.,0.));
#10647=DIRECTION('center_axis',(-1.,0.,0.));
#10648=DIRECTION('ref_axis',(0.,1.,0.));
#10649=DIRECTION('',(-1.,0.,0.));
#10650=DIRECTION('center_axis',(1.,0.,0.));
#10651=DIRECTION('ref_axis',(0.,1.,0.));
#10652=DIRECTION('center_axis',(-1.,0.,0.));
#10653=DIRECTION('ref_axis',(0.,1.,0.));
#10654=DIRECTION('center_axis',(-1.,0.,0.));
#10655=DIRECTION('ref_axis',(0.,1.,0.));
#10656=DIRECTION('',(-1.,0.,0.));
#10657=DIRECTION('center_axis',(1.,0.,0.));
#10658=DIRECTION('ref_axis',(0.,1.,0.));
#10659=DIRECTION('center_axis',(-1.,0.,0.));
#10660=DIRECTION('ref_axis',(0.,1.,0.));
#10661=DIRECTION('center_axis',(-1.,0.,0.));
#10662=DIRECTION('ref_axis',(0.,1.,0.));
#10663=DIRECTION('',(-1.,0.,0.));
#10664=DIRECTION('center_axis',(1.,0.,0.));
#10665=DIRECTION('ref_axis',(0.,1.,0.));
#10666=DIRECTION('center_axis',(-1.,0.,0.));
#10667=DIRECTION('ref_axis',(0.,1.,0.));
#10668=DIRECTION('center_axis',(-1.,0.,0.));
#10669=DIRECTION('ref_axis',(0.,1.,0.));
#10670=DIRECTION('',(-1.,0.,0.));
#10671=DIRECTION('center_axis',(1.,0.,0.));
#10672=DIRECTION('ref_axis',(0.,1.,0.));
#10673=DIRECTION('center_axis',(-1.,0.,0.));
#10674=DIRECTION('ref_axis',(0.,1.,0.));
#10675=DIRECTION('center_axis',(-1.,0.,0.));
#10676=DIRECTION('ref_axis',(0.,1.,0.));
#10677=DIRECTION('',(-1.,0.,0.));
#10678=DIRECTION('center_axis',(1.,0.,0.));
#10679=DIRECTION('ref_axis',(0.,1.,0.));
#10680=DIRECTION('center_axis',(-1.,0.,0.));
#10681=DIRECTION('ref_axis',(0.,1.,0.));
#10682=DIRECTION('center_axis',(-1.,0.,0.));
#10683=DIRECTION('ref_axis',(0.,1.,0.));
#10684=DIRECTION('',(-1.,0.,0.));
#10685=DIRECTION('center_axis',(-1.,0.,0.));
#10686=DIRECTION('ref_axis',(0.,1.,0.));
#10687=DIRECTION('center_axis',(-1.,0.,0.));
#10688=DIRECTION('ref_axis',(0.,1.,0.));
#10689=DIRECTION('',(-1.,0.,0.));
#10690=DIRECTION('center_axis',(-1.,0.,0.));
#10691=DIRECTION('ref_axis',(0.,1.,0.));
#10692=DIRECTION('center_axis',(-1.,0.,0.));
#10693=DIRECTION('ref_axis',(0.,1.,0.));
#10694=DIRECTION('',(-1.,0.,0.));
#10695=DIRECTION('center_axis',(-1.,0.,0.));
#10696=DIRECTION('ref_axis',(0.,1.,0.));
#10697=DIRECTION('center_axis',(-1.,0.,0.));
#10698=DIRECTION('ref_axis',(0.,1.,0.));
#10699=DIRECTION('',(-1.,0.,0.));
#10700=DIRECTION('center_axis',(-1.,0.,0.));
#10701=DIRECTION('ref_axis',(0.,1.,0.));
#10702=DIRECTION('center_axis',(-1.,0.,0.));
#10703=DIRECTION('ref_axis',(0.,1.,0.));
#10704=DIRECTION('',(-1.,0.,0.));
#10705=DIRECTION('center_axis',(1.,0.,0.));
#10706=DIRECTION('ref_axis',(0.,1.,0.));
#10707=DIRECTION('center_axis',(-1.,0.,0.));
#10708=DIRECTION('ref_axis',(0.,1.,0.));
#10709=DIRECTION('center_axis',(-1.,0.,0.));
#10710=DIRECTION('ref_axis',(0.,1.,0.));
#10711=DIRECTION('',(-1.,0.,0.));
#10712=DIRECTION('center_axis',(1.,0.,0.));
#10713=DIRECTION('ref_axis',(0.,1.,0.));
#10714=DIRECTION('center_axis',(-1.,0.,0.));
#10715=DIRECTION('ref_axis',(0.,1.,0.));
#10716=DIRECTION('center_axis',(-1.,0.,0.));
#10717=DIRECTION('ref_axis',(0.,1.,0.));
#10718=DIRECTION('',(-1.,0.,0.));
#10719=DIRECTION('center_axis',(1.,0.,0.));
#10720=DIRECTION('ref_axis',(0.,1.,0.));
#10721=DIRECTION('center_axis',(-1.,0.,0.));
#10722=DIRECTION('ref_axis',(0.,1.,0.));
#10723=DIRECTION('center_axis',(-1.,0.,0.));
#10724=DIRECTION('ref_axis',(0.,1.,0.));
#10725=DIRECTION('',(-1.,0.,0.));
#10726=DIRECTION('center_axis',(1.,0.,0.));
#10727=DIRECTION('ref_axis',(0.,1.,0.));
#10728=DIRECTION('center_axis',(-1.,0.,0.));
#10729=DIRECTION('ref_axis',(0.,1.,0.));
#10730=DIRECTION('center_axis',(-1.,0.,0.));
#10731=DIRECTION('ref_axis',(0.,1.,0.));
#10732=DIRECTION('',(-1.,0.,0.));
#10733=DIRECTION('center_axis',(1.,0.,0.));
#10734=DIRECTION('ref_axis',(0.,1.,0.));
#10735=DIRECTION('center_axis',(-1.,0.,0.));
#10736=DIRECTION('ref_axis',(0.,1.,0.));
#10737=DIRECTION('center_axis',(-1.,0.,0.));
#10738=DIRECTION('ref_axis',(0.,1.,0.));
#10739=DIRECTION('',(-1.,0.,0.));
#10740=DIRECTION('center_axis',(1.,0.,0.));
#10741=DIRECTION('ref_axis',(0.,1.,0.));
#10742=DIRECTION('center_axis',(-1.,0.,0.));
#10743=DIRECTION('ref_axis',(0.,1.,0.));
#10744=DIRECTION('center_axis',(-1.,0.,0.));
#10745=DIRECTION('ref_axis',(0.,1.,0.));
#10746=DIRECTION('',(-1.,0.,0.));
#10747=DIRECTION('center_axis',(1.,0.,0.));
#10748=DIRECTION('ref_axis',(0.,1.,0.));
#10749=DIRECTION('center_axis',(-1.,0.,0.));
#10750=DIRECTION('ref_axis',(0.,1.,0.));
#10751=DIRECTION('center_axis',(-1.,0.,0.));
#10752=DIRECTION('ref_axis',(0.,1.,0.));
#10753=DIRECTION('',(-1.,0.,0.));
#10754=DIRECTION('center_axis',(1.,0.,0.));
#10755=DIRECTION('ref_axis',(0.,1.,0.));
#10756=DIRECTION('center_axis',(-1.,0.,0.));
#10757=DIRECTION('ref_axis',(0.,1.,0.));
#10758=DIRECTION('center_axis',(-1.,0.,0.));
#10759=DIRECTION('ref_axis',(0.,1.,0.));
#10760=DIRECTION('',(-1.,0.,0.));
#10761=DIRECTION('center_axis',(-1.,0.,0.));
#10762=DIRECTION('ref_axis',(0.,1.,0.));
#10763=DIRECTION('center_axis',(-1.,0.,0.));
#10764=DIRECTION('ref_axis',(0.,1.,0.));
#10765=DIRECTION('',(-1.,0.,0.));
#10766=DIRECTION('center_axis',(-1.,0.,0.));
#10767=DIRECTION('ref_axis',(0.,1.,0.));
#10768=DIRECTION('center_axis',(-1.,0.,0.));
#10769=DIRECTION('ref_axis',(0.,1.,0.));
#10770=DIRECTION('',(-1.,0.,0.));
#10771=DIRECTION('center_axis',(1.,0.,0.));
#10772=DIRECTION('ref_axis',(0.,1.,0.));
#10773=DIRECTION('center_axis',(-1.,0.,0.));
#10774=DIRECTION('ref_axis',(0.,1.,0.));
#10775=DIRECTION('center_axis',(-1.,0.,0.));
#10776=DIRECTION('ref_axis',(0.,1.,0.));
#10777=DIRECTION('',(-1.,0.,0.));
#10778=DIRECTION('center_axis',(1.,0.,0.));
#10779=DIRECTION('ref_axis',(0.,1.,0.));
#10780=DIRECTION('center_axis',(-1.,0.,0.));
#10781=DIRECTION('ref_axis',(0.,1.,0.));
#10782=DIRECTION('center_axis',(-1.,0.,0.));
#10783=DIRECTION('ref_axis',(0.,1.,0.));
#10784=DIRECTION('',(-1.,0.,0.));
#10785=DIRECTION('center_axis',(1.,0.,0.));
#10786=DIRECTION('ref_axis',(0.,1.,0.));
#10787=DIRECTION('center_axis',(-1.,0.,0.));
#10788=DIRECTION('ref_axis',(0.,1.,0.));
#10789=DIRECTION('center_axis',(-1.,0.,0.));
#10790=DIRECTION('ref_axis',(0.,1.,0.));
#10791=DIRECTION('',(-1.,0.,0.));
#10792=DIRECTION('center_axis',(1.,0.,0.));
#10793=DIRECTION('ref_axis',(0.,1.,0.));
#10794=DIRECTION('center_axis',(-1.,0.,0.));
#10795=DIRECTION('ref_axis',(0.,1.,0.));
#10796=DIRECTION('center_axis',(-1.,0.,0.));
#10797=DIRECTION('ref_axis',(0.,1.,0.));
#10798=DIRECTION('',(-1.,0.,0.));
#10799=DIRECTION('center_axis',(1.,0.,0.));
#10800=DIRECTION('ref_axis',(0.,1.,0.));
#10801=DIRECTION('center_axis',(-1.,0.,0.));
#10802=DIRECTION('ref_axis',(0.,1.,0.));
#10803=DIRECTION('center_axis',(-1.,0.,0.));
#10804=DIRECTION('ref_axis',(0.,1.,0.));
#10805=DIRECTION('',(-1.,0.,0.));
#10806=DIRECTION('center_axis',(1.,0.,0.));
#10807=DIRECTION('ref_axis',(0.,1.,0.));
#10808=DIRECTION('center_axis',(-1.,0.,0.));
#10809=DIRECTION('ref_axis',(0.,1.,0.));
#10810=DIRECTION('center_axis',(-1.,0.,0.));
#10811=DIRECTION('ref_axis',(0.,1.,0.));
#10812=DIRECTION('',(-1.,0.,0.));
#10813=DIRECTION('center_axis',(1.,0.,0.));
#10814=DIRECTION('ref_axis',(0.,1.,0.));
#10815=DIRECTION('center_axis',(-1.,0.,0.));
#10816=DIRECTION('ref_axis',(0.,1.,0.));
#10817=DIRECTION('center_axis',(-1.,0.,0.));
#10818=DIRECTION('ref_axis',(0.,1.,0.));
#10819=DIRECTION('',(-1.,0.,0.));
#10820=DIRECTION('center_axis',(1.,0.,0.));
#10821=DIRECTION('ref_axis',(0.,1.,0.));
#10822=DIRECTION('center_axis',(-1.,0.,0.));
#10823=DIRECTION('ref_axis',(0.,1.,0.));
#10824=DIRECTION('center_axis',(-1.,0.,0.));
#10825=DIRECTION('ref_axis',(0.,1.,0.));
#10826=DIRECTION('',(-1.,0.,0.));
#10827=DIRECTION('center_axis',(1.,0.,0.));
#10828=DIRECTION('ref_axis',(0.,1.,0.));
#10829=DIRECTION('center_axis',(-1.,0.,0.));
#10830=DIRECTION('ref_axis',(0.,1.,0.));
#10831=DIRECTION('center_axis',(-1.,0.,0.));
#10832=DIRECTION('ref_axis',(0.,1.,0.));
#10833=DIRECTION('',(-1.,0.,0.));
#10834=DIRECTION('center_axis',(1.,0.,0.));
#10835=DIRECTION('ref_axis',(0.,1.,0.));
#10836=DIRECTION('center_axis',(-1.,0.,0.));
#10837=DIRECTION('ref_axis',(0.,1.,0.));
#10838=DIRECTION('center_axis',(-1.,0.,0.));
#10839=DIRECTION('ref_axis',(0.,1.,0.));
#10840=DIRECTION('',(-1.,0.,0.));
#10841=DIRECTION('center_axis',(1.,0.,0.));
#10842=DIRECTION('ref_axis',(0.,1.,0.));
#10843=DIRECTION('center_axis',(-1.,0.,0.));
#10844=DIRECTION('ref_axis',(0.,1.,0.));
#10845=DIRECTION('center_axis',(-1.,0.,0.));
#10846=DIRECTION('ref_axis',(0.,1.,0.));
#10847=DIRECTION('',(-1.,0.,0.));
#10848=DIRECTION('center_axis',(1.,0.,0.));
#10849=DIRECTION('ref_axis',(0.,1.,0.));
#10850=DIRECTION('center_axis',(-1.,0.,0.));
#10851=DIRECTION('ref_axis',(0.,1.,0.));
#10852=DIRECTION('center_axis',(-1.,0.,0.));
#10853=DIRECTION('ref_axis',(0.,1.,0.));
#10854=DIRECTION('',(-1.,0.,0.));
#10855=DIRECTION('center_axis',(-1.,0.,0.));
#10856=DIRECTION('ref_axis',(0.,1.,0.));
#10857=DIRECTION('center_axis',(-1.,0.,0.));
#10858=DIRECTION('ref_axis',(0.,1.,0.));
#10859=DIRECTION('',(-1.,0.,0.));
#10860=DIRECTION('center_axis',(-1.,0.,0.));
#10861=DIRECTION('ref_axis',(0.,1.,0.));
#10862=DIRECTION('center_axis',(-1.,0.,0.));
#10863=DIRECTION('ref_axis',(0.,1.,0.));
#10864=DIRECTION('',(-1.,0.,0.));
#10865=DIRECTION('center_axis',(1.,0.,0.));
#10866=DIRECTION('ref_axis',(0.,1.,0.));
#10867=DIRECTION('center_axis',(-1.,0.,0.));
#10868=DIRECTION('ref_axis',(0.,1.,0.));
#10869=DIRECTION('center_axis',(-1.,0.,0.));
#10870=DIRECTION('ref_axis',(0.,1.,0.));
#10871=DIRECTION('',(-1.,0.,0.));
#10872=DIRECTION('center_axis',(1.,0.,0.));
#10873=DIRECTION('ref_axis',(0.,1.,0.));
#10874=DIRECTION('center_axis',(-1.,0.,0.));
#10875=DIRECTION('ref_axis',(0.,1.,0.));
#10876=DIRECTION('center_axis',(-1.,0.,0.));
#10877=DIRECTION('ref_axis',(0.,1.,0.));
#10878=DIRECTION('',(-1.,0.,0.));
#10879=DIRECTION('center_axis',(-1.,0.,0.));
#10880=DIRECTION('ref_axis',(0.,1.,0.));
#10881=DIRECTION('center_axis',(-1.,0.,0.));
#10882=DIRECTION('ref_axis',(0.,1.,0.));
#10883=DIRECTION('',(-1.,0.,0.));
#10884=DIRECTION('center_axis',(-1.,0.,0.));
#10885=DIRECTION('ref_axis',(0.,1.,0.));
#10886=DIRECTION('center_axis',(-1.,0.,0.));
#10887=DIRECTION('ref_axis',(0.,1.,0.));
#10888=DIRECTION('',(-1.,0.,0.));
#10889=DIRECTION('center_axis',(1.,0.,0.));
#10890=DIRECTION('ref_axis',(0.,1.,0.));
#10891=DIRECTION('center_axis',(-1.,0.,0.));
#10892=DIRECTION('ref_axis',(0.,1.,0.));
#10893=DIRECTION('center_axis',(-1.,0.,0.));
#10894=DIRECTION('ref_axis',(0.,1.,0.));
#10895=DIRECTION('',(-1.,0.,0.));
#10896=DIRECTION('center_axis',(1.,0.,0.));
#10897=DIRECTION('ref_axis',(0.,1.,0.));
#10898=DIRECTION('center_axis',(-1.,0.,0.));
#10899=DIRECTION('ref_axis',(0.,1.,0.));
#10900=DIRECTION('center_axis',(-1.,0.,0.));
#10901=DIRECTION('ref_axis',(0.,1.,0.));
#10902=DIRECTION('',(-1.,0.,0.));
#10903=DIRECTION('center_axis',(1.,0.,0.));
#10904=DIRECTION('ref_axis',(0.,1.,0.));
#10905=DIRECTION('center_axis',(-1.,0.,0.));
#10906=DIRECTION('ref_axis',(0.,1.,0.));
#10907=DIRECTION('center_axis',(-1.,0.,0.));
#10908=DIRECTION('ref_axis',(0.,1.,0.));
#10909=DIRECTION('',(-1.,0.,0.));
#10910=DIRECTION('center_axis',(1.,0.,0.));
#10911=DIRECTION('ref_axis',(0.,1.,0.));
#10912=DIRECTION('center_axis',(-1.,0.,0.));
#10913=DIRECTION('ref_axis',(0.,1.,0.));
#10914=DIRECTION('center_axis',(-1.,0.,0.));
#10915=DIRECTION('ref_axis',(0.,1.,0.));
#10916=DIRECTION('',(-1.,0.,0.));
#10917=DIRECTION('center_axis',(-1.,0.,0.));
#10918=DIRECTION('ref_axis',(0.,1.,0.));
#10919=DIRECTION('center_axis',(-1.,0.,0.));
#10920=DIRECTION('ref_axis',(0.,1.,0.));
#10921=DIRECTION('',(-1.,0.,0.));
#10922=DIRECTION('center_axis',(-1.,0.,0.));
#10923=DIRECTION('ref_axis',(0.,1.,0.));
#10924=DIRECTION('center_axis',(-1.,0.,0.));
#10925=DIRECTION('ref_axis',(0.,1.,0.));
#10926=DIRECTION('',(-1.,0.,0.));
#10927=DIRECTION('center_axis',(1.,0.,0.));
#10928=DIRECTION('ref_axis',(0.,1.,0.));
#10929=DIRECTION('center_axis',(-1.,0.,0.));
#10930=DIRECTION('ref_axis',(0.,1.,0.));
#10931=DIRECTION('center_axis',(-1.,0.,0.));
#10932=DIRECTION('ref_axis',(0.,1.,0.));
#10933=DIRECTION('',(-1.,0.,0.));
#10934=DIRECTION('center_axis',(1.,0.,0.));
#10935=DIRECTION('ref_axis',(0.,1.,0.));
#10936=DIRECTION('center_axis',(-1.,0.,0.));
#10937=DIRECTION('ref_axis',(0.,1.,0.));
#10938=DIRECTION('center_axis',(-1.,0.,0.));
#10939=DIRECTION('ref_axis',(0.,1.,0.));
#10940=DIRECTION('',(-1.,0.,0.));
#10941=DIRECTION('center_axis',(1.,0.,0.));
#10942=DIRECTION('ref_axis',(0.,1.,0.));
#10943=DIRECTION('center_axis',(-1.,0.,0.));
#10944=DIRECTION('ref_axis',(0.,1.,0.));
#10945=DIRECTION('center_axis',(-1.,0.,0.));
#10946=DIRECTION('ref_axis',(0.,1.,0.));
#10947=DIRECTION('',(-1.,0.,0.));
#10948=DIRECTION('center_axis',(1.,0.,0.));
#10949=DIRECTION('ref_axis',(0.,1.,0.));
#10950=DIRECTION('center_axis',(-1.,0.,0.));
#10951=DIRECTION('ref_axis',(0.,1.,0.));
#10952=DIRECTION('center_axis',(-1.,0.,0.));
#10953=DIRECTION('ref_axis',(0.,1.,0.));
#10954=DIRECTION('',(-1.,0.,0.));
#10955=DIRECTION('center_axis',(-1.,0.,0.));
#10956=DIRECTION('ref_axis',(0.,1.,0.));
#10957=DIRECTION('center_axis',(-1.,0.,0.));
#10958=DIRECTION('ref_axis',(0.,1.,0.));
#10959=DIRECTION('',(-1.,0.,0.));
#10960=DIRECTION('center_axis',(-1.,0.,0.));
#10961=DIRECTION('ref_axis',(0.,1.,0.));
#10962=DIRECTION('center_axis',(-1.,0.,0.));
#10963=DIRECTION('ref_axis',(0.,1.,0.));
#10964=DIRECTION('',(-1.,0.,0.));
#10965=DIRECTION('center_axis',(1.,0.,0.));
#10966=DIRECTION('ref_axis',(0.,1.,0.));
#10967=DIRECTION('center_axis',(-1.,0.,0.));
#10968=DIRECTION('ref_axis',(0.,1.,0.));
#10969=DIRECTION('center_axis',(-1.,0.,0.));
#10970=DIRECTION('ref_axis',(0.,1.,0.));
#10971=DIRECTION('',(-1.,0.,0.));
#10972=DIRECTION('center_axis',(1.,0.,0.));
#10973=DIRECTION('ref_axis',(0.,1.,0.));
#10974=DIRECTION('center_axis',(-1.,0.,0.));
#10975=DIRECTION('ref_axis',(0.,1.,0.));
#10976=DIRECTION('center_axis',(-1.,0.,0.));
#10977=DIRECTION('ref_axis',(0.,1.,0.));
#10978=DIRECTION('',(-1.,0.,0.));
#10979=DIRECTION('center_axis',(-1.,0.,0.));
#10980=DIRECTION('ref_axis',(0.,1.,0.));
#10981=DIRECTION('center_axis',(-1.,0.,0.));
#10982=DIRECTION('ref_axis',(0.,1.,0.));
#10983=DIRECTION('',(-1.,0.,0.));
#10984=DIRECTION('center_axis',(-1.,0.,0.));
#10985=DIRECTION('ref_axis',(0.,1.,0.));
#10986=DIRECTION('center_axis',(-1.,0.,0.));
#10987=DIRECTION('ref_axis',(0.,1.,0.));
#10988=DIRECTION('',(-1.,0.,0.));
#10989=DIRECTION('center_axis',(1.,0.,0.));
#10990=DIRECTION('ref_axis',(0.,1.,0.));
#10991=DIRECTION('center_axis',(-1.,0.,0.));
#10992=DIRECTION('ref_axis',(0.,1.,0.));
#10993=DIRECTION('center_axis',(-1.,0.,0.));
#10994=DIRECTION('ref_axis',(0.,1.,0.));
#10995=DIRECTION('',(-1.,0.,0.));
#10996=DIRECTION('center_axis',(1.,0.,0.));
#10997=DIRECTION('ref_axis',(0.,1.,0.));
#10998=DIRECTION('center_axis',(-1.,0.,0.));
#10999=DIRECTION('ref_axis',(0.,1.,0.));
#11000=DIRECTION('center_axis',(-1.,0.,0.));
#11001=DIRECTION('ref_axis',(0.,1.,0.));
#11002=DIRECTION('',(-1.,0.,0.));
#11003=DIRECTION('center_axis',(1.,0.,0.));
#11004=DIRECTION('ref_axis',(0.,1.,0.));
#11005=DIRECTION('center_axis',(-1.,0.,0.));
#11006=DIRECTION('ref_axis',(0.,1.,0.));
#11007=DIRECTION('center_axis',(-1.,0.,0.));
#11008=DIRECTION('ref_axis',(0.,1.,0.));
#11009=DIRECTION('',(-1.,0.,0.));
#11010=DIRECTION('center_axis',(1.,0.,0.));
#11011=DIRECTION('ref_axis',(0.,1.,0.));
#11012=DIRECTION('center_axis',(-1.,0.,0.));
#11013=DIRECTION('ref_axis',(0.,1.,0.));
#11014=DIRECTION('center_axis',(-1.,0.,0.));
#11015=DIRECTION('ref_axis',(0.,1.,0.));
#11016=DIRECTION('',(-1.,0.,0.));
#11017=DIRECTION('center_axis',(1.,0.,0.));
#11018=DIRECTION('ref_axis',(0.,1.,0.));
#11019=DIRECTION('center_axis',(-1.,0.,0.));
#11020=DIRECTION('ref_axis',(0.,1.,0.));
#11021=DIRECTION('center_axis',(-1.,0.,0.));
#11022=DIRECTION('ref_axis',(0.,1.,0.));
#11023=DIRECTION('',(-1.,0.,0.));
#11024=DIRECTION('center_axis',(1.,0.,0.));
#11025=DIRECTION('ref_axis',(0.,1.,0.));
#11026=DIRECTION('center_axis',(-1.,0.,0.));
#11027=DIRECTION('ref_axis',(0.,1.,0.));
#11028=DIRECTION('center_axis',(-1.,0.,0.));
#11029=DIRECTION('ref_axis',(0.,1.,0.));
#11030=DIRECTION('',(-1.,0.,0.));
#11031=DIRECTION('center_axis',(1.,0.,0.));
#11032=DIRECTION('ref_axis',(0.,1.,0.));
#11033=DIRECTION('center_axis',(-1.,0.,0.));
#11034=DIRECTION('ref_axis',(0.,1.,0.));
#11035=DIRECTION('center_axis',(-1.,0.,0.));
#11036=DIRECTION('ref_axis',(0.,1.,0.));
#11037=DIRECTION('',(-1.,0.,0.));
#11038=DIRECTION('center_axis',(1.,0.,0.));
#11039=DIRECTION('ref_axis',(0.,1.,0.));
#11040=DIRECTION('center_axis',(-1.,0.,0.));
#11041=DIRECTION('ref_axis',(0.,1.,0.));
#11042=DIRECTION('center_axis',(-1.,0.,0.));
#11043=DIRECTION('ref_axis',(0.,1.,0.));
#11044=DIRECTION('',(-1.,0.,0.));
#11045=DIRECTION('center_axis',(1.,0.,0.));
#11046=DIRECTION('ref_axis',(0.,1.,0.));
#11047=DIRECTION('center_axis',(-1.,0.,0.));
#11048=DIRECTION('ref_axis',(0.,1.,0.));
#11049=DIRECTION('center_axis',(-1.,0.,0.));
#11050=DIRECTION('ref_axis',(0.,1.,0.));
#11051=DIRECTION('',(-1.,0.,0.));
#11052=DIRECTION('center_axis',(1.,0.,0.));
#11053=DIRECTION('ref_axis',(0.,1.,0.));
#11054=DIRECTION('center_axis',(-1.,0.,0.));
#11055=DIRECTION('ref_axis',(0.,1.,0.));
#11056=DIRECTION('center_axis',(-1.,0.,0.));
#11057=DIRECTION('ref_axis',(0.,1.,0.));
#11058=DIRECTION('',(-1.,0.,0.));
#11059=DIRECTION('center_axis',(1.,0.,0.));
#11060=DIRECTION('ref_axis',(0.,1.,0.));
#11061=DIRECTION('center_axis',(-1.,0.,0.));
#11062=DIRECTION('ref_axis',(0.,1.,0.));
#11063=DIRECTION('center_axis',(-1.,0.,0.));
#11064=DIRECTION('ref_axis',(0.,1.,0.));
#11065=DIRECTION('',(-1.,0.,0.));
#11066=DIRECTION('center_axis',(1.,0.,0.));
#11067=DIRECTION('ref_axis',(0.,1.,0.));
#11068=DIRECTION('center_axis',(-1.,0.,0.));
#11069=DIRECTION('ref_axis',(0.,1.,0.));
#11070=DIRECTION('center_axis',(-1.,0.,0.));
#11071=DIRECTION('ref_axis',(0.,1.,0.));
#11072=DIRECTION('',(-1.,0.,0.));
#11073=DIRECTION('center_axis',(1.,0.,0.));
#11074=DIRECTION('ref_axis',(0.,1.,0.));
#11075=DIRECTION('center_axis',(-1.,0.,0.));
#11076=DIRECTION('ref_axis',(0.,1.,0.));
#11077=DIRECTION('center_axis',(-1.,0.,0.));
#11078=DIRECTION('ref_axis',(0.,1.,0.));
#11079=DIRECTION('',(-1.,0.,0.));
#11080=DIRECTION('center_axis',(1.,0.,0.));
#11081=DIRECTION('ref_axis',(0.,1.,0.));
#11082=DIRECTION('center_axis',(-1.,0.,0.));
#11083=DIRECTION('ref_axis',(0.,1.,0.));
#11084=DIRECTION('center_axis',(-1.,0.,0.));
#11085=DIRECTION('ref_axis',(0.,1.,0.));
#11086=DIRECTION('',(-1.,0.,0.));
#11087=DIRECTION('center_axis',(1.,0.,0.));
#11088=DIRECTION('ref_axis',(0.,1.,0.));
#11089=DIRECTION('center_axis',(-1.,0.,0.));
#11090=DIRECTION('ref_axis',(0.,1.,0.));
#11091=DIRECTION('center_axis',(-1.,0.,0.));
#11092=DIRECTION('ref_axis',(0.,1.,0.));
#11093=DIRECTION('',(-1.,0.,0.));
#11094=DIRECTION('center_axis',(1.,0.,0.));
#11095=DIRECTION('ref_axis',(0.,1.,0.));
#11096=DIRECTION('center_axis',(-1.,0.,0.));
#11097=DIRECTION('ref_axis',(0.,1.,0.));
#11098=DIRECTION('center_axis',(-1.,0.,0.));
#11099=DIRECTION('ref_axis',(0.,1.,0.));
#11100=DIRECTION('',(-1.,0.,0.));
#11101=DIRECTION('center_axis',(1.,0.,0.));
#11102=DIRECTION('ref_axis',(0.,1.,0.));
#11103=DIRECTION('center_axis',(-1.,0.,0.));
#11104=DIRECTION('ref_axis',(0.,1.,0.));
#11105=DIRECTION('center_axis',(-1.,0.,0.));
#11106=DIRECTION('ref_axis',(0.,1.,0.));
#11107=DIRECTION('',(-1.,0.,0.));
#11108=DIRECTION('center_axis',(1.,0.,0.));
#11109=DIRECTION('ref_axis',(0.,1.,0.));
#11110=DIRECTION('center_axis',(-1.,0.,0.));
#11111=DIRECTION('ref_axis',(0.,1.,0.));
#11112=DIRECTION('center_axis',(-1.,0.,0.));
#11113=DIRECTION('ref_axis',(0.,1.,0.));
#11114=DIRECTION('',(-1.,0.,0.));
#11115=DIRECTION('center_axis',(1.,0.,0.));
#11116=DIRECTION('ref_axis',(0.,1.,0.));
#11117=DIRECTION('center_axis',(-1.,0.,0.));
#11118=DIRECTION('ref_axis',(0.,1.,0.));
#11119=DIRECTION('center_axis',(-1.,0.,0.));
#11120=DIRECTION('ref_axis',(0.,1.,0.));
#11121=DIRECTION('',(-1.,0.,0.));
#11122=DIRECTION('center_axis',(1.,0.,0.));
#11123=DIRECTION('ref_axis',(0.,1.,0.));
#11124=DIRECTION('center_axis',(-1.,0.,0.));
#11125=DIRECTION('ref_axis',(0.,1.,0.));
#11126=DIRECTION('center_axis',(-1.,0.,0.));
#11127=DIRECTION('ref_axis',(0.,1.,0.));
#11128=DIRECTION('',(-1.,0.,0.));
#11129=DIRECTION('center_axis',(1.,0.,0.));
#11130=DIRECTION('ref_axis',(0.,1.,0.));
#11131=DIRECTION('center_axis',(-1.,0.,0.));
#11132=DIRECTION('ref_axis',(0.,1.,0.));
#11133=DIRECTION('center_axis',(-1.,0.,0.));
#11134=DIRECTION('ref_axis',(0.,1.,0.));
#11135=DIRECTION('',(-1.,0.,0.));
#11136=DIRECTION('center_axis',(1.,0.,0.));
#11137=DIRECTION('ref_axis',(0.,1.,0.));
#11138=DIRECTION('center_axis',(-1.,0.,0.));
#11139=DIRECTION('ref_axis',(0.,1.,0.));
#11140=DIRECTION('center_axis',(-1.,0.,0.));
#11141=DIRECTION('ref_axis',(0.,1.,0.));
#11142=DIRECTION('',(-1.,0.,0.));
#11143=DIRECTION('center_axis',(1.,0.,0.));
#11144=DIRECTION('ref_axis',(0.,1.,0.));
#11145=DIRECTION('center_axis',(-1.,0.,0.));
#11146=DIRECTION('ref_axis',(0.,1.,0.));
#11147=DIRECTION('center_axis',(-1.,0.,0.));
#11148=DIRECTION('ref_axis',(0.,1.,0.));
#11149=DIRECTION('',(-1.,0.,0.));
#11150=DIRECTION('center_axis',(1.,0.,0.));
#11151=DIRECTION('ref_axis',(0.,1.,0.));
#11152=DIRECTION('center_axis',(-1.,0.,0.));
#11153=DIRECTION('ref_axis',(0.,1.,0.));
#11154=DIRECTION('center_axis',(-1.,0.,0.));
#11155=DIRECTION('ref_axis',(0.,1.,0.));
#11156=DIRECTION('',(-1.,0.,0.));
#11157=DIRECTION('center_axis',(1.,0.,0.));
#11158=DIRECTION('ref_axis',(0.,1.,0.));
#11159=DIRECTION('center_axis',(-1.,0.,0.));
#11160=DIRECTION('ref_axis',(0.,1.,0.));
#11161=DIRECTION('center_axis',(-1.,0.,0.));
#11162=DIRECTION('ref_axis',(0.,1.,0.));
#11163=DIRECTION('',(-1.,0.,0.));
#11164=DIRECTION('center_axis',(1.,0.,0.));
#11165=DIRECTION('ref_axis',(0.,1.,0.));
#11166=DIRECTION('center_axis',(-1.,0.,0.));
#11167=DIRECTION('ref_axis',(0.,1.,0.));
#11168=DIRECTION('center_axis',(-1.,0.,0.));
#11169=DIRECTION('ref_axis',(0.,1.,0.));
#11170=DIRECTION('',(-1.,0.,0.));
#11171=DIRECTION('center_axis',(1.,0.,0.));
#11172=DIRECTION('ref_axis',(0.,1.,0.));
#11173=DIRECTION('center_axis',(-1.,0.,0.));
#11174=DIRECTION('ref_axis',(0.,1.,0.));
#11175=DIRECTION('center_axis',(-1.,0.,0.));
#11176=DIRECTION('ref_axis',(0.,1.,0.));
#11177=DIRECTION('',(-1.,0.,0.));
#11178=DIRECTION('center_axis',(1.,0.,0.));
#11179=DIRECTION('ref_axis',(0.,1.,0.));
#11180=DIRECTION('center_axis',(-1.,0.,0.));
#11181=DIRECTION('ref_axis',(0.,1.,0.));
#11182=DIRECTION('center_axis',(-1.,0.,0.));
#11183=DIRECTION('ref_axis',(0.,1.,0.));
#11184=DIRECTION('',(-1.,0.,0.));
#11185=DIRECTION('center_axis',(1.,0.,0.));
#11186=DIRECTION('ref_axis',(0.,1.,0.));
#11187=DIRECTION('center_axis',(-1.,0.,0.));
#11188=DIRECTION('ref_axis',(0.,1.,0.));
#11189=DIRECTION('center_axis',(-1.,0.,0.));
#11190=DIRECTION('ref_axis',(0.,1.,0.));
#11191=DIRECTION('',(-1.,0.,0.));
#11192=DIRECTION('center_axis',(1.,0.,0.));
#11193=DIRECTION('ref_axis',(0.,1.,0.));
#11194=DIRECTION('center_axis',(-1.,0.,0.));
#11195=DIRECTION('ref_axis',(0.,1.,0.));
#11196=DIRECTION('center_axis',(-1.,0.,0.));
#11197=DIRECTION('ref_axis',(0.,1.,0.));
#11198=DIRECTION('',(-1.,0.,0.));
#11199=DIRECTION('center_axis',(1.,0.,0.));
#11200=DIRECTION('ref_axis',(0.,1.,0.));
#11201=DIRECTION('center_axis',(-1.,0.,0.));
#11202=DIRECTION('ref_axis',(0.,1.,0.));
#11203=DIRECTION('center_axis',(-1.,0.,0.));
#11204=DIRECTION('ref_axis',(0.,1.,0.));
#11205=DIRECTION('',(-1.,0.,0.));
#11206=DIRECTION('center_axis',(1.,0.,0.));
#11207=DIRECTION('ref_axis',(0.,1.,0.));
#11208=DIRECTION('center_axis',(-1.,0.,0.));
#11209=DIRECTION('ref_axis',(0.,1.,0.));
#11210=DIRECTION('center_axis',(-1.,0.,0.));
#11211=DIRECTION('ref_axis',(0.,1.,0.));
#11212=DIRECTION('',(-1.,0.,0.));
#11213=DIRECTION('center_axis',(1.,0.,0.));
#11214=DIRECTION('ref_axis',(0.,1.,0.));
#11215=DIRECTION('center_axis',(-1.,0.,0.));
#11216=DIRECTION('ref_axis',(0.,1.,0.));
#11217=DIRECTION('center_axis',(-1.,0.,0.));
#11218=DIRECTION('ref_axis',(0.,1.,0.));
#11219=DIRECTION('',(-1.,0.,0.));
#11220=DIRECTION('center_axis',(1.,0.,0.));
#11221=DIRECTION('ref_axis',(0.,1.,0.));
#11222=DIRECTION('center_axis',(0.,0.,1.));
#11223=DIRECTION('ref_axis',(-0.707106781186547,0.707106781186547,0.));
#11224=DIRECTION('center_axis',(0.,0.,-1.));
#11225=DIRECTION('ref_axis',(-0.707106781186547,0.707106781186547,0.));
#11226=DIRECTION('',(0.,0.,-1.));
#11227=DIRECTION('center_axis',(0.,0.,1.));
#11228=DIRECTION('ref_axis',(-0.707106781186547,0.707106781186547,0.));
#11229=DIRECTION('',(0.,0.,1.));
#11230=DIRECTION('center_axis',(-1.,0.,0.));
#11231=DIRECTION('ref_axis',(0.,-1.,0.));
#11232=DIRECTION('',(0.,1.,0.));
#11233=DIRECTION('',(0.,0.,-1.));
#11234=DIRECTION('',(0.,-1.,0.));
#11235=DIRECTION('center_axis',(0.,0.,1.));
#11236=DIRECTION('ref_axis',(-1.,0.,0.));
#11237=DIRECTION('',(1.,0.,0.));
#11238=DIRECTION('center_axis',(0.,0.,1.));
#11239=DIRECTION('ref_axis',(0.707106781186547,0.707106781186547,0.));
#11240=DIRECTION('',(0.,-1.,0.));
#11241=DIRECTION('center_axis',(0.,0.,1.));
#11242=DIRECTION('ref_axis',(0.707106781186547,-0.707106781186547,0.));
#11243=DIRECTION('',(-1.,0.,0.));
#11244=DIRECTION('center_axis',(0.,0.,1.));
#11245=DIRECTION('ref_axis',(-0.707106781186547,-0.707106781186547,0.));
#11246=DIRECTION('center_axis',(0.,0.,1.));
#11247=DIRECTION('ref_axis',(0.707106781186547,0.707106781186547,0.));
#11248=DIRECTION('center_axis',(0.,0.,-1.));
#11249=DIRECTION('ref_axis',(0.707106781186547,0.707106781186547,0.));
#11250=DIRECTION('',(0.,0.,-1.));
#11251=DIRECTION('',(0.,0.,1.));
#11252=DIRECTION('center_axis',(1.,0.,0.));
#11253=DIRECTION('ref_axis',(0.,1.,0.));
#11254=DIRECTION('',(0.,1.,0.));
#11255=DIRECTION('',(0.,0.,1.));
#11256=DIRECTION('center_axis',(0.,0.,1.));
#11257=DIRECTION('ref_axis',(1.,0.,0.));
#11258=DIRECTION('center_axis',(0.,0.,-1.));
#11259=DIRECTION('ref_axis',(-0.707106781186547,-0.707106781186547,0.));
#11260=DIRECTION('',(1.,0.,0.));
#11261=DIRECTION('center_axis',(0.,0.,-1.));
#11262=DIRECTION('ref_axis',(0.707106781186547,-0.707106781186547,0.));
#11263=DIRECTION('',(-1.,0.,0.));
#11264=DIRECTION('',(0.,-1.,0.));
#11265=DIRECTION('',(1.,0.,0.));
#11266=DIRECTION('',(0.,1.,0.));
#11267=DIRECTION('',(-1.,0.,0.));
#11268=DIRECTION('center_axis',(0.,0.,1.));
#11269=DIRECTION('ref_axis',(-0.707106781186547,-0.707106781186547,0.));
#11270=DIRECTION('',(0.,0.,1.));
#11271=DIRECTION('center_axis',(0.,-1.,0.));
#11272=DIRECTION('ref_axis',(1.,0.,0.));
#11273=DIRECTION('',(0.,0.,-1.));
#11274=DIRECTION('',(-1.,0.,0.));
#11275=DIRECTION('',(0.,0.,1.));
#11276=DIRECTION('',(1.,0.,0.));
#11277=DIRECTION('',(0.,0.,-1.));
#11278=DIRECTION('',(-1.,0.,0.));
#11279=DIRECTION('',(0.,0.,1.));
#11280=DIRECTION('',(1.,0.,0.));
#11281=DIRECTION('',(0.,0.,-1.));
#11282=DIRECTION('',(-1.,0.,0.));
#11283=DIRECTION('',(0.,0.,1.));
#11284=DIRECTION('',(1.,0.,0.));
#11285=DIRECTION('',(0.,0.,-1.));
#11286=DIRECTION('',(0.,0.,-1.));
#11287=DIRECTION('',(-1.,0.,0.));
#11288=DIRECTION('',(0.,0.,1.));
#11289=DIRECTION('',(1.,0.,0.));
#11290=DIRECTION('center_axis',(0.,0.,1.));
#11291=DIRECTION('ref_axis',(0.707106781186547,-0.707106781186547,0.));
#11292=DIRECTION('center_axis',(-1.,0.,0.));
#11293=DIRECTION('ref_axis',(0.,0.,1.));
#11294=DIRECTION('',(0.,0.,-1.));
#11295=DIRECTION('',(0.,1.,0.));
#11296=DIRECTION('',(0.,1.,0.));
#11297=DIRECTION('center_axis',(0.,0.,-1.));
#11298=DIRECTION('ref_axis',(-1.,0.,0.));
#11299=DIRECTION('',(1.,0.,0.));
#11300=DIRECTION('',(0.,1.,0.));
#11301=DIRECTION('center_axis',(1.,0.,0.));
#11302=DIRECTION('ref_axis',(0.,0.,-1.));
#11303=DIRECTION('',(0.,0.,1.));
#11304=DIRECTION('',(0.,1.,0.));
#11305=DIRECTION('center_axis',(0.,0.,1.));
#11306=DIRECTION('ref_axis',(1.,0.,0.));
#11307=DIRECTION('',(-1.,0.,0.));
#11308=DIRECTION('center_axis',(0.,0.,1.));
#11309=DIRECTION('ref_axis',(1.,0.,0.));
#11310=DIRECTION('',(-1.,0.,0.));
#11311=DIRECTION('',(0.,1.,0.));
#11312=DIRECTION('',(0.,1.,0.));
#11313=DIRECTION('center_axis',(-1.,0.,0.));
#11314=DIRECTION('ref_axis',(0.,0.,1.));
#11315=DIRECTION('',(0.,0.,-1.));
#11316=DIRECTION('',(0.,1.,0.));
#11317=DIRECTION('center_axis',(0.,0.,-1.));
#11318=DIRECTION('ref_axis',(-1.,0.,0.));
#11319=DIRECTION('',(1.,0.,0.));
#11320=DIRECTION('',(0.,1.,0.));
#11321=DIRECTION('center_axis',(1.,0.,0.));
#11322=DIRECTION('ref_axis',(0.,0.,-1.));
#11323=DIRECTION('',(0.,0.,1.));
#11324=DIRECTION('center_axis',(0.,0.,1.));
#11325=DIRECTION('ref_axis',(1.,0.,0.));
#11326=DIRECTION('',(-1.,0.,0.));
#11327=DIRECTION('',(0.,1.,0.));
#11328=DIRECTION('',(0.,1.,0.));
#11329=DIRECTION('center_axis',(-1.,0.,0.));
#11330=DIRECTION('ref_axis',(0.,0.,1.));
#11331=DIRECTION('',(0.,0.,-1.));
#11332=DIRECTION('',(0.,1.,0.));
#11333=DIRECTION('center_axis',(0.,0.,-1.));
#11334=DIRECTION('ref_axis',(-1.,0.,0.));
#11335=DIRECTION('',(1.,0.,0.));
#11336=DIRECTION('',(0.,1.,0.));
#11337=DIRECTION('center_axis',(1.,0.,0.));
#11338=DIRECTION('ref_axis',(0.,0.,-1.));
#11339=DIRECTION('',(0.,0.,1.));
#11340=DIRECTION('center_axis',(0.,0.,1.));
#11341=DIRECTION('ref_axis',(1.,0.,0.));
#11342=DIRECTION('',(-1.,0.,0.));
#11343=DIRECTION('',(0.,1.,0.));
#11344=DIRECTION('',(0.,1.,0.));
#11345=DIRECTION('center_axis',(-1.,0.,0.));
#11346=DIRECTION('ref_axis',(0.,0.,1.));
#11347=DIRECTION('',(0.,0.,-1.));
#11348=DIRECTION('',(0.,1.,0.));
#11349=DIRECTION('center_axis',(0.,0.,-1.));
#11350=DIRECTION('ref_axis',(-1.,0.,0.));
#11351=DIRECTION('',(1.,0.,0.));
#11352=DIRECTION('',(0.,1.,0.));
#11353=DIRECTION('center_axis',(1.,0.,0.));
#11354=DIRECTION('ref_axis',(0.,0.,-1.));
#11355=DIRECTION('',(0.,0.,1.));
#11356=DIRECTION('center_axis',(0.,1.,0.));
#11357=DIRECTION('ref_axis',(0.,0.,1.));
#11358=DIRECTION('',(0.,0.,1.));
#11359=DIRECTION('',(1.,0.,0.));
#11360=DIRECTION('',(0.,0.,-1.));
#11361=DIRECTION('center_axis',(-1.,0.,0.));
#11362=DIRECTION('ref_axis',(0.,-1.,0.));
#11363=DIRECTION('',(0.,0.,1.));
#11364=DIRECTION('',(0.,1.,0.));
#11365=DIRECTION('center_axis',(0.,0.,1.));
#11366=DIRECTION('ref_axis',(1.,0.,0.));
#11367=DIRECTION('',(-1.,0.,0.));
#11368=DIRECTION('',(0.,-1.,0.));
#11369=DIRECTION('center_axis',(1.,0.,0.));
#11370=DIRECTION('ref_axis',(0.,1.,0.));
#11371=DIRECTION('',(0.,0.,1.));
#11372=DIRECTION('center_axis',(0.,1.,0.));
#11373=DIRECTION('ref_axis',(-1.,0.,0.));
#11374=CARTESIAN_POINT('',(0.,0.,0.));
#11375=CARTESIAN_POINT('Origin',(78.9999988377094,76.0014074404986,210.));
#11376=CARTESIAN_POINT('',(66.9999988377094,76.0014074404986,230.));
#11377=CARTESIAN_POINT('',(78.9999988377094,76.0014074404986,230.));
#11378=CARTESIAN_POINT('',(75.7499994188547,76.0014074404986,230.));
#11379=CARTESIAN_POINT('',(66.9999988377094,76.0014074404986,210.));
#11380=CARTESIAN_POINT('',(66.9999988377094,76.0014074404986,210.));
#11381=CARTESIAN_POINT('',(78.9999988377094,76.0014074404986,210.));
#11382=CARTESIAN_POINT('',(75.9999988377094,76.0014074404986,210.));
#11383=CARTESIAN_POINT('',(78.9999988377094,76.0014074404986,210.));
#11384=CARTESIAN_POINT('Origin',(72.9999988377094,0.500703161455762,210.));
#11385=CARTESIAN_POINT('',(78.9999988377094,59.2251712888244,210.));
#11386=CARTESIAN_POINT('',(66.9999988377094,59.2251712888244,210.));
#11387=CARTESIAN_POINT('',(80.,59.2251712888244,210.));
#11388=CARTESIAN_POINT('',(78.9999988377094,-37.2496489780657,210.));
#11389=CARTESIAN_POINT('',(66.9999988377094,38.2510553009772,210.));
#11390=CARTESIAN_POINT('Origin',(72.9999988377094,0.500703161455762,210.));
#11391=CARTESIAN_POINT('',(78.9999988377094,-54.7748287111756,210.));
#11392=CARTESIAN_POINT('',(66.9999988377094,-54.7748287111756,210.));
#11393=CARTESIAN_POINT('',(80.,-54.7748287111756,210.));
#11394=CARTESIAN_POINT('',(78.9999988377094,-51.6251729875568,210.));
#11395=CARTESIAN_POINT('',(78.9999988377094,-37.2496489780657,210.));
#11396=CARTESIAN_POINT('',(66.9999988377094,-51.6251729875568,210.));
#11397=CARTESIAN_POINT('',(80.,-51.6251729875568,210.));
#11398=CARTESIAN_POINT('',(66.9999988377094,38.2510553009772,210.));
#11399=CARTESIAN_POINT('Origin',(72.9999988377094,0.500703161455762,210.));
#11400=CARTESIAN_POINT('',(78.9999988377094,-16.7748287111756,210.));
#11401=CARTESIAN_POINT('',(66.9999988377094,-16.7748287111756,210.));
#11402=CARTESIAN_POINT('',(80.,-16.7748287111756,210.));
#11403=CARTESIAN_POINT('',(78.9999988377094,-13.6251729875568,210.));
#11404=CARTESIAN_POINT('',(78.9999988377094,-37.2496489780657,210.));
#11405=CARTESIAN_POINT('',(66.9999988377094,-13.6251729875568,210.));
#11406=CARTESIAN_POINT('',(80.,-13.6251729875568,210.));
#11407=CARTESIAN_POINT('',(66.9999988377094,38.2510553009772,210.));
#11408=CARTESIAN_POINT('Origin',(72.9999988377094,0.500703161455762,210.));
#11409=CARTESIAN_POINT('',(78.9999988377094,-31.9748287111756,210.));
#11410=CARTESIAN_POINT('',(66.9999988377094,-31.9748287111756,210.));
#11411=CARTESIAN_POINT('',(80.,-31.9748287111756,210.));
#11412=CARTESIAN_POINT('',(78.9999988377094,-28.8251729875568,210.));
#11413=CARTESIAN_POINT('',(78.9999988377094,-37.2496489780657,210.));
#11414=CARTESIAN_POINT('',(66.9999988377094,-28.8251729875568,210.));
#11415=CARTESIAN_POINT('',(80.,-28.8251729875568,210.));
#11416=CARTESIAN_POINT('',(66.9999988377094,38.2510553009772,210.));
#11417=CARTESIAN_POINT('Origin',(72.9999988377094,0.500703161455762,210.));
#11418=CARTESIAN_POINT('',(78.9999988377094,36.4251712888244,210.));
#11419=CARTESIAN_POINT('',(66.9999988377094,36.4251712888244,210.));
#11420=CARTESIAN_POINT('',(80.,36.4251712888244,210.));
#11421=CARTESIAN_POINT('',(78.9999988377094,39.5748270124432,210.));
#11422=CARTESIAN_POINT('',(78.9999988377094,-37.2496489780657,210.));
#11423=CARTESIAN_POINT('',(66.9999988377094,39.5748270124432,210.));
#11424=CARTESIAN_POINT('',(80.,39.5748270124432,210.));
#11425=CARTESIAN_POINT('',(66.9999988377094,38.2510553009772,210.));
#11426=CARTESIAN_POINT('Origin',(72.9999988377094,0.500703161455762,210.));
#11427=CARTESIAN_POINT('',(78.9999988377094,51.6251712888244,210.));
#11428=CARTESIAN_POINT('',(66.9999988377094,51.6251712888244,210.));
#11429=CARTESIAN_POINT('',(80.,51.6251712888244,210.));
#11430=CARTESIAN_POINT('',(78.9999988377094,54.7748270124432,210.));
#11431=CARTESIAN_POINT('',(78.9999988377094,-37.2496489780657,210.));
#11432=CARTESIAN_POINT('',(66.9999988377094,54.7748270124432,210.));
#11433=CARTESIAN_POINT('',(80.,54.7748270124432,210.));
#11434=CARTESIAN_POINT('',(66.9999988377094,38.2510553009772,210.));
#11435=CARTESIAN_POINT('Origin',(72.9999988377094,0.500703161455762,210.));
#11436=CARTESIAN_POINT('',(66.9999988377094,-21.2251729875568,210.));
#11437=CARTESIAN_POINT('',(78.9999988377094,-21.2251729875568,210.));
#11438=CARTESIAN_POINT('',(80.,-21.2251729875568,210.));
#11439=CARTESIAN_POINT('',(66.9999988377094,-24.3748287111756,210.));
#11440=CARTESIAN_POINT('',(66.9999988377094,38.2510553009772,210.));
#11441=CARTESIAN_POINT('',(78.9999988377094,-24.3748287111756,210.));
#11442=CARTESIAN_POINT('',(80.,-24.3748287111756,210.));
#11443=CARTESIAN_POINT('',(78.9999988377094,-37.2496489780657,210.));
#11444=CARTESIAN_POINT('Origin',(72.9999988377094,0.500703161455762,210.));
#11445=CARTESIAN_POINT('',(66.9999988377094,-6.02517298755679,210.));
#11446=CARTESIAN_POINT('',(78.9999988377094,-6.02517298755679,210.));
#11447=CARTESIAN_POINT('',(80.,-6.02517298755679,210.));
#11448=CARTESIAN_POINT('',(66.9999988377094,-9.17482871117558,210.));
#11449=CARTESIAN_POINT('',(66.9999988377094,38.2510553009772,210.));
#11450=CARTESIAN_POINT('',(78.9999988377094,-9.17482871117558,210.));
#11451=CARTESIAN_POINT('',(80.,-9.17482871117558,210.));
#11452=CARTESIAN_POINT('',(78.9999988377094,-37.2496489780657,210.));
#11453=CARTESIAN_POINT('Origin',(72.9999988377094,0.500703161455762,210.));
#11454=CARTESIAN_POINT('',(78.9999988377094,6.02517128882441,210.));
#11455=CARTESIAN_POINT('',(66.9999988377094,6.02517128882441,210.));
#11456=CARTESIAN_POINT('',(80.,6.02517128882441,210.));
#11457=CARTESIAN_POINT('',(78.9999988377094,9.17482701244321,210.));
#11458=CARTESIAN_POINT('',(78.9999988377094,-37.2496489780657,210.));
#11459=CARTESIAN_POINT('',(66.9999988377094,9.17482701244321,210.));
#11460=CARTESIAN_POINT('',(80.,9.17482701244321,210.));
#11461=CARTESIAN_POINT('',(66.9999988377094,38.2510553009772,210.));
#11462=CARTESIAN_POINT('Origin',(72.9999988377094,0.500703161455762,210.));
#11463=CARTESIAN_POINT('',(78.9999988377094,-39.5748287111756,210.));
#11464=CARTESIAN_POINT('',(66.9999988377094,-39.5748287111756,210.));
#11465=CARTESIAN_POINT('',(80.,-39.5748287111756,210.));
#11466=CARTESIAN_POINT('',(78.9999988377094,-36.4251729875568,210.));
#11467=CARTESIAN_POINT('',(78.9999988377094,-37.2496489780657,210.));
#11468=CARTESIAN_POINT('',(66.9999988377094,-36.4251729875568,210.));
#11469=CARTESIAN_POINT('',(80.,-36.4251729875568,210.));
#11470=CARTESIAN_POINT('',(66.9999988377094,38.2510553009772,210.));
#11471=CARTESIAN_POINT('Origin',(72.9999988377094,0.500703161455762,210.));
#11472=CARTESIAN_POINT('',(78.9999988377094,21.2251712888244,210.));
#11473=CARTESIAN_POINT('',(66.9999988377094,21.2251712888244,210.));
#11474=CARTESIAN_POINT('',(80.,21.2251712888244,210.));
#11475=CARTESIAN_POINT('',(78.9999988377094,24.3748270124432,210.));
#11476=CARTESIAN_POINT('',(78.9999988377094,-37.2496489780657,210.));
#11477=CARTESIAN_POINT('',(66.9999988377094,24.3748270124432,210.));
#11478=CARTESIAN_POINT('',(80.,24.3748270124432,210.));
#11479=CARTESIAN_POINT('',(66.9999988377094,38.2510553009772,210.));
#11480=CARTESIAN_POINT('Origin',(72.9999988377094,0.500703161455762,210.));
#11481=CARTESIAN_POINT('',(66.9999988377094,16.7748270124432,210.));
#11482=CARTESIAN_POINT('',(78.9999988377094,16.7748270124432,210.));
#11483=CARTESIAN_POINT('',(80.,16.7748270124432,210.));
#11484=CARTESIAN_POINT('',(66.9999988377094,13.6251712888244,210.));
#11485=CARTESIAN_POINT('',(66.9999988377094,38.2510553009772,210.));
#11486=CARTESIAN_POINT('',(78.9999988377094,13.6251712888244,210.));
#11487=CARTESIAN_POINT('',(80.,13.6251712888244,210.));
#11488=CARTESIAN_POINT('',(78.9999988377094,-37.2496489780657,210.));
#11489=CARTESIAN_POINT('Origin',(72.9999988377094,0.500703161455762,210.));
#11490=CARTESIAN_POINT('',(66.9999988377094,-44.0251729875568,210.));
#11491=CARTESIAN_POINT('',(78.9999988377094,-44.0251729875568,210.));
#11492=CARTESIAN_POINT('',(80.,-44.0251729875568,210.));
#11493=CARTESIAN_POINT('',(66.9999988377094,-47.1748287111756,210.));
#11494=CARTESIAN_POINT('',(66.9999988377094,38.2510553009772,210.));
#11495=CARTESIAN_POINT('',(78.9999988377094,-47.1748287111756,210.));
#11496=CARTESIAN_POINT('',(80.,-47.1748287111756,210.));
#11497=CARTESIAN_POINT('',(78.9999988377094,-37.2496489780657,210.));
#11498=CARTESIAN_POINT('Origin',(72.9999988377094,0.500703161455762,210.));
#11499=CARTESIAN_POINT('',(66.9999988377094,1.57482701244321,210.));
#11500=CARTESIAN_POINT('',(78.9999988377094,1.57482701244321,210.));
#11501=CARTESIAN_POINT('',(80.,1.57482701244321,210.));
#11502=CARTESIAN_POINT('',(66.9999988377094,-1.57482871117558,210.));
#11503=CARTESIAN_POINT('',(66.9999988377094,38.2510553009772,210.));
#11504=CARTESIAN_POINT('',(78.9999988377094,-1.57482871117558,210.));
#11505=CARTESIAN_POINT('',(80.,-1.57482871117558,210.));
#11506=CARTESIAN_POINT('',(78.9999988377094,-37.2496489780657,210.));
#11507=CARTESIAN_POINT('Origin',(72.9999988377094,0.500703161455762,210.));
#11508=CARTESIAN_POINT('',(66.9999988377094,31.9748270124432,210.));
#11509=CARTESIAN_POINT('',(78.9999988377094,31.9748270124432,210.));
#11510=CARTESIAN_POINT('',(80.,31.9748270124432,210.));
#11511=CARTESIAN_POINT('',(66.9999988377094,28.8251712888244,210.));
#11512=CARTESIAN_POINT('',(66.9999988377094,38.2510553009772,210.));
#11513=CARTESIAN_POINT('',(78.9999988377094,28.8251712888244,210.));
#11514=CARTESIAN_POINT('',(80.,28.8251712888244,210.));
#11515=CARTESIAN_POINT('',(78.9999988377094,-37.2496489780657,210.));
#11516=CARTESIAN_POINT('Origin',(72.9999988377094,0.500703161455762,210.));
#11517=CARTESIAN_POINT('',(66.9999988377094,47.1748270124432,210.));
#11518=CARTESIAN_POINT('',(78.9999988377094,47.1748270124432,210.));
#11519=CARTESIAN_POINT('',(80.,47.1748270124432,210.));
#11520=CARTESIAN_POINT('',(66.9999988377094,44.0251712888244,210.));
#11521=CARTESIAN_POINT('',(66.9999988377094,38.2510553009772,210.));
#11522=CARTESIAN_POINT('',(78.9999988377094,44.0251712888244,210.));
#11523=CARTESIAN_POINT('',(80.,44.0251712888244,210.));
#11524=CARTESIAN_POINT('',(78.9999988377094,-37.2496489780657,210.));
#11525=CARTESIAN_POINT('Origin',(66.9999988377094,76.0014074404986,210.));
#11526=CARTESIAN_POINT('',(66.9999988377094,-75.0000011175871,230.));
#11527=CARTESIAN_POINT('',(66.9999988377094,38.0007037202493,230.));
#11528=CARTESIAN_POINT('',(66.9999988377094,-75.0000011175871,210.));
#11529=CARTESIAN_POINT('',(66.9999988377094,-75.0000011175871,210.));
#11530=CARTESIAN_POINT('',(66.9999988377094,-59.2251729875568,210.));
#11531=CARTESIAN_POINT('',(66.9999988377094,38.2510553009772,210.));
#11532=CARTESIAN_POINT('Origin',(66.9999988377094,-57.0000008493662,209.666669900219));
#11533=CARTESIAN_POINT('Origin',(66.9999988377094,-49.4000008493662,209.666669900219));
#11534=CARTESIAN_POINT('Origin',(66.9999988377094,-41.8000008493662,209.666669900219));
#11535=CARTESIAN_POINT('Origin',(66.9999988377094,-34.2000008493662,209.666669900219));
#11536=CARTESIAN_POINT('Origin',(66.9999988377094,-26.6000008493662,209.666669900219));
#11537=CARTESIAN_POINT('Origin',(66.9999988377094,-19.0000008493662,209.666669900219));
#11538=CARTESIAN_POINT('Origin',(66.9999988377094,-11.4000008493662,209.666669900219));
#11539=CARTESIAN_POINT('Origin',(66.9999988377094,-3.80000084936619,209.666669900219));
#11540=CARTESIAN_POINT('Origin',(66.9999988377094,3.79999915063381,209.666669900219));
#11541=CARTESIAN_POINT('Origin',(66.9999988377094,11.3999991506338,209.666669900219));
#11542=CARTESIAN_POINT('Origin',(66.9999988377094,18.9999991506338,209.666669900219));
#11543=CARTESIAN_POINT('Origin',(66.9999988377094,26.5999991506338,209.666669900219));
#11544=CARTESIAN_POINT('Origin',(66.9999988377094,34.1999991506338,209.666669900219));
#11545=CARTESIAN_POINT('Origin',(66.9999988377094,41.7999991506338,209.666669900219));
#11546=CARTESIAN_POINT('Origin',(66.9999988377094,49.3999991506338,209.666669900219));
#11547=CARTESIAN_POINT('Origin',(66.9999988377094,56.9999991506338,209.666669900219));
#11548=CARTESIAN_POINT('',(66.9999988377094,16.7499991506338,217.000003233552));
#11549=CARTESIAN_POINT('Origin',(66.9999988377094,18.9999991506338,217.000003233552));
#11550=CARTESIAN_POINT('',(66.9999988377094,-59.2500008493662,217.000003233552));
#11551=CARTESIAN_POINT('Origin',(66.9999988377094,-57.0000008493662,217.000003233552));
#11552=CARTESIAN_POINT('',(66.9999988377094,-21.2500008493662,217.000003233552));
#11553=CARTESIAN_POINT('Origin',(66.9999988377094,-19.0000008493662,217.000003233552));
#11554=CARTESIAN_POINT('',(66.9999988377094,47.1499991506338,217.000003233552));
#11555=CARTESIAN_POINT('Origin',(66.9999988377094,49.3999991506338,217.000003233552));
#11556=CARTESIAN_POINT('',(66.9999988377094,54.7499991506338,217.000003233552));
#11557=CARTESIAN_POINT('Origin',(66.9999988377094,56.9999991506338,217.000003233552));
#11558=CARTESIAN_POINT('',(66.9999988377094,-13.6500008493662,217.000003233552));
#11559=CARTESIAN_POINT('Origin',(66.9999988377094,-11.4000008493662,217.000003233552));
#11560=CARTESIAN_POINT('',(66.9999988377094,1.54999915063381,217.000003233552));
#11561=CARTESIAN_POINT('Origin',(66.9999988377094,3.79999915063381,217.000003233552));
#11562=CARTESIAN_POINT('',(66.9999988377094,24.3499991506338,217.000003233552));
#11563=CARTESIAN_POINT('Origin',(66.9999988377094,26.5999991506338,217.000003233552));
#11564=CARTESIAN_POINT('',(66.9999988377094,-51.6500008493662,217.000003233552));
#11565=CARTESIAN_POINT('Origin',(66.9999988377094,-49.4000008493662,217.000003233552));
#11566=CARTESIAN_POINT('',(66.9999988377094,-36.4500008493662,217.000003233552));
#11567=CARTESIAN_POINT('Origin',(66.9999988377094,-34.2000008493662,217.000003233552));
#11568=CARTESIAN_POINT('',(66.9999988377094,-28.8500008493662,217.000003233552));
#11569=CARTESIAN_POINT('Origin',(66.9999988377094,-26.6000008493662,217.000003233552));
#11570=CARTESIAN_POINT('',(66.9999988377094,-6.05000084936619,217.000003233552));
#11571=CARTESIAN_POINT('Origin',(66.9999988377094,-3.80000084936619,217.000003233552));
#11572=CARTESIAN_POINT('',(66.9999988377094,31.9499991506338,217.000003233552));
#11573=CARTESIAN_POINT('Origin',(66.9999988377094,34.1999991506338,217.000003233552));
#11574=CARTESIAN_POINT('',(66.9999988377094,39.5499991506338,217.000003233552));
#11575=CARTESIAN_POINT('Origin',(66.9999988377094,41.7999991506338,217.000003233552));
#11576=CARTESIAN_POINT('',(66.9999988377094,-44.0500008493662,217.000003233552));
#11577=CARTESIAN_POINT('Origin',(66.9999988377094,-41.8000008493662,217.000003233552));
#11578=CARTESIAN_POINT('',(66.9999988377094,9.14999915063381,217.000003233552));
#11579=CARTESIAN_POINT('Origin',(66.9999988377094,11.3999991506338,217.000003233552));
#11580=CARTESIAN_POINT('Origin',(78.9999988377094,-75.0000011175871,210.));
#11581=CARTESIAN_POINT('',(78.9999988377094,-75.0000011175871,230.));
#11582=CARTESIAN_POINT('',(78.9999988377094,-37.5000005587935,230.));
#11583=CARTESIAN_POINT('Origin',(78.9999988377094,56.9999991506338,209.666669900219));
#11584=CARTESIAN_POINT('Origin',(78.9999988377094,49.3999991506338,209.666669900219));
#11585=CARTESIAN_POINT('Origin',(78.9999988377094,41.7999991506338,209.666669900219));
#11586=CARTESIAN_POINT('Origin',(78.9999988377094,34.1999991506338,209.666669900219));
#11587=CARTESIAN_POINT('Origin',(78.9999988377094,26.5999991506338,209.666669900219));
#11588=CARTESIAN_POINT('Origin',(78.9999988377094,18.9999991506338,209.666669900219));
#11589=CARTESIAN_POINT('Origin',(78.9999988377094,11.3999991506338,209.666669900219));
#11590=CARTESIAN_POINT('Origin',(78.9999988377094,3.79999915063381,209.666669900219));
#11591=CARTESIAN_POINT('Origin',(78.9999988377094,-3.80000084936619,209.666669900219));
#11592=CARTESIAN_POINT('Origin',(78.9999988377094,-11.4000008493662,209.666669900219));
#11593=CARTESIAN_POINT('Origin',(78.9999988377094,-19.0000008493662,209.666669900219));
#11594=CARTESIAN_POINT('Origin',(78.9999988377094,-26.6000008493662,209.666669900219));
#11595=CARTESIAN_POINT('Origin',(78.9999988377094,-34.2000008493662,209.666669900219));
#11596=CARTESIAN_POINT('Origin',(78.9999988377094,-41.8000008493662,209.666669900219));
#11597=CARTESIAN_POINT('Origin',(78.9999988377094,-49.4000008493662,209.666669900219));
#11598=CARTESIAN_POINT('',(78.9999988377094,-59.2251729875568,210.));
#11599=CARTESIAN_POINT('Origin',(78.9999988377094,-57.0000008493662,209.666669900219));
#11600=CARTESIAN_POINT('',(78.9999988377094,-75.0000011175871,210.));
#11601=CARTESIAN_POINT('',(78.9999988377094,-37.2496489780657,210.));
#11602=CARTESIAN_POINT('',(78.9999988377094,-75.0000011175871,210.));
#11603=CARTESIAN_POINT('',(78.9999988377094,9.14999915063381,217.000003233552));
#11604=CARTESIAN_POINT('Origin',(78.9999988377094,11.3999991506338,217.000003233552));
#11605=CARTESIAN_POINT('',(78.9999988377094,-44.0500008493662,217.000003233552));
#11606=CARTESIAN_POINT('Origin',(78.9999988377094,-41.8000008493662,217.000003233552));
#11607=CARTESIAN_POINT('',(78.9999988377094,39.5499991506338,217.000003233552));
#11608=CARTESIAN_POINT('Origin',(78.9999988377094,41.7999991506338,217.000003233552));
#11609=CARTESIAN_POINT('',(78.9999988377094,31.9499991506338,217.000003233552));
#11610=CARTESIAN_POINT('Origin',(78.9999988377094,34.1999991506338,217.000003233552));
#11611=CARTESIAN_POINT('',(78.9999988377094,-6.05000084936619,217.000003233552));
#11612=CARTESIAN_POINT('Origin',(78.9999988377094,-3.80000084936619,217.000003233552));
#11613=CARTESIAN_POINT('',(78.9999988377094,-28.8500008493662,217.000003233552));
#11614=CARTESIAN_POINT('Origin',(78.9999988377094,-26.6000008493662,217.000003233552));
#11615=CARTESIAN_POINT('',(78.9999988377094,-36.4500008493662,217.000003233552));
#11616=CARTESIAN_POINT('Origin',(78.9999988377094,-34.2000008493662,217.000003233552));
#11617=CARTESIAN_POINT('',(78.9999988377094,-51.6500008493662,217.000003233552));
#11618=CARTESIAN_POINT('Origin',(78.9999988377094,-49.4000008493662,217.000003233552));
#11619=CARTESIAN_POINT('',(78.9999988377094,24.3499991506338,217.000003233552));
#11620=CARTESIAN_POINT('Origin',(78.9999988377094,26.5999991506338,217.000003233552));
#11621=CARTESIAN_POINT('',(78.9999988377094,1.54999915063381,217.000003233552));
#11622=CARTESIAN_POINT('Origin',(78.9999988377094,3.79999915063381,217.000003233552));
#11623=CARTESIAN_POINT('',(78.9999988377094,-13.6500008493662,217.000003233552));
#11624=CARTESIAN_POINT('Origin',(78.9999988377094,-11.4000008493662,217.000003233552));
#11625=CARTESIAN_POINT('',(78.9999988377094,54.7499991506338,217.000003233552));
#11626=CARTESIAN_POINT('Origin',(78.9999988377094,56.9999991506338,217.000003233552));
#11627=CARTESIAN_POINT('',(78.9999988377094,47.1499991506338,217.000003233552));
#11628=CARTESIAN_POINT('Origin',(78.9999988377094,49.3999991506338,217.000003233552));
#11629=CARTESIAN_POINT('',(78.9999988377094,-21.2500008493662,217.000003233552));
#11630=CARTESIAN_POINT('Origin',(78.9999988377094,-19.0000008493662,217.000003233552));
#11631=CARTESIAN_POINT('',(78.9999988377094,-59.2500008493662,217.000003233552));
#11632=CARTESIAN_POINT('Origin',(78.9999988377094,-57.0000008493662,217.000003233552));
#11633=CARTESIAN_POINT('',(78.9999988377094,16.7499991506338,217.000003233552));
#11634=CARTESIAN_POINT('Origin',(78.9999988377094,18.9999991506338,217.000003233552));
#11635=CARTESIAN_POINT('Origin',(66.9999988377094,-75.0000011175871,210.));
#11636=CARTESIAN_POINT('',(69.7499994188547,-75.0000011175871,230.));
#11637=CARTESIAN_POINT('',(69.9999988377094,-75.0000011175871,210.));
#11638=CARTESIAN_POINT('Origin',(72.9999988377094,0.500703161455762,210.));
#11639=CARTESIAN_POINT('',(80.,-59.2251729875568,210.));
#11640=CARTESIAN_POINT('Origin',(-78.0000011622906,-75.0000011175871,210.));
#11641=CARTESIAN_POINT('',(-66.0000011622906,-75.0000011175871,230.));
#11642=CARTESIAN_POINT('',(-78.0000011622906,-75.0000011175871,230.));
#11643=CARTESIAN_POINT('',(-2.75000058114529,-75.0000011175871,230.));
#11644=CARTESIAN_POINT('',(-66.0000011622906,-75.0000011175871,210.));
#11645=CARTESIAN_POINT('',(-66.0000011622906,-75.0000011175871,210.));
#11646=CARTESIAN_POINT('',(-78.0000011622906,-75.0000011175871,210.));
#11647=CARTESIAN_POINT('',(-75.0000011622906,-75.0000011175871,210.));
#11648=CARTESIAN_POINT('',(-78.0000011622906,-75.0000011175871,210.));
#11649=CARTESIAN_POINT('Origin',(-72.0000011622906,0.500703161455762,210.));
#11650=CARTESIAN_POINT('',(-66.0000011622906,59.2251712888244,210.));
#11651=CARTESIAN_POINT('',(-78.0000011622906,59.2251712888244,210.));
#11652=CARTESIAN_POINT('',(80.,59.2251712888244,210.));
#11653=CARTESIAN_POINT('',(-66.0000011622906,76.0014074404986,210.));
#11654=CARTESIAN_POINT('',(-66.0000011622906,-37.2496489780657,210.));
#11655=CARTESIAN_POINT('',(-78.0000011622906,76.0014074404986,210.));
#11656=CARTESIAN_POINT('',(-69.0000011622906,76.0014074404986,210.));
#11657=CARTESIAN_POINT('',(-78.0000011622906,38.2510553009772,210.));
#11658=CARTESIAN_POINT('Origin',(-72.0000011622906,0.500703161455762,210.));
#11659=CARTESIAN_POINT('',(-66.0000011622906,-54.7748287111756,210.));
#11660=CARTESIAN_POINT('',(-78.0000011622906,-54.7748287111756,210.));
#11661=CARTESIAN_POINT('',(80.,-54.7748287111756,210.));
#11662=CARTESIAN_POINT('',(-66.0000011622906,-51.6251729875568,210.));
#11663=CARTESIAN_POINT('',(-66.0000011622906,-37.2496489780657,210.));
#11664=CARTESIAN_POINT('',(-78.0000011622906,-51.6251729875568,210.));
#11665=CARTESIAN_POINT('',(80.,-51.6251729875568,210.));
#11666=CARTESIAN_POINT('',(-78.0000011622906,38.2510553009772,210.));
#11667=CARTESIAN_POINT('Origin',(-72.0000011622906,0.500703161455762,210.));
#11668=CARTESIAN_POINT('',(-66.0000011622906,-16.7748287111756,210.));
#11669=CARTESIAN_POINT('',(-78.0000011622906,-16.7748287111756,210.));
#11670=CARTESIAN_POINT('',(80.,-16.7748287111756,210.));
#11671=CARTESIAN_POINT('',(-66.0000011622906,-13.6251729875568,210.));
#11672=CARTESIAN_POINT('',(-66.0000011622906,-37.2496489780657,210.));
#11673=CARTESIAN_POINT('',(-78.0000011622906,-13.6251729875568,210.));
#11674=CARTESIAN_POINT('',(80.,-13.6251729875568,210.));
#11675=CARTESIAN_POINT('',(-78.0000011622906,38.2510553009772,210.));
#11676=CARTESIAN_POINT('Origin',(-72.0000011622906,0.500703161455762,210.));
#11677=CARTESIAN_POINT('',(-66.0000011622906,-31.9748287111756,210.));
#11678=CARTESIAN_POINT('',(-78.0000011622906,-31.9748287111756,210.));
#11679=CARTESIAN_POINT('',(80.,-31.9748287111756,210.));
#11680=CARTESIAN_POINT('',(-66.0000011622906,-28.8251729875568,210.));
#11681=CARTESIAN_POINT('',(-66.0000011622906,-37.2496489780657,210.));
#11682=CARTESIAN_POINT('',(-78.0000011622906,-28.8251729875568,210.));
#11683=CARTESIAN_POINT('',(80.,-28.8251729875568,210.));
#11684=CARTESIAN_POINT('',(-78.0000011622906,38.2510553009772,210.));
#11685=CARTESIAN_POINT('Origin',(-72.0000011622906,0.500703161455762,210.));
#11686=CARTESIAN_POINT('',(-66.0000011622906,36.4251712888244,210.));
#11687=CARTESIAN_POINT('',(-78.0000011622906,36.4251712888244,210.));
#11688=CARTESIAN_POINT('',(80.,36.4251712888244,210.));
#11689=CARTESIAN_POINT('',(-66.0000011622906,39.5748270124432,210.));
#11690=CARTESIAN_POINT('',(-66.0000011622906,-37.2496489780657,210.));
#11691=CARTESIAN_POINT('',(-78.0000011622906,39.5748270124432,210.));
#11692=CARTESIAN_POINT('',(80.,39.5748270124432,210.));
#11693=CARTESIAN_POINT('',(-78.0000011622906,38.2510553009772,210.));
#11694=CARTESIAN_POINT('Origin',(-72.0000011622906,0.500703161455762,210.));
#11695=CARTESIAN_POINT('',(-66.0000011622906,51.6251712888244,210.));
#11696=CARTESIAN_POINT('',(-78.0000011622906,51.6251712888244,210.));
#11697=CARTESIAN_POINT('',(80.,51.6251712888244,210.));
#11698=CARTESIAN_POINT('',(-66.0000011622906,54.7748270124432,210.));
#11699=CARTESIAN_POINT('',(-66.0000011622906,-37.2496489780657,210.));
#11700=CARTESIAN_POINT('',(-78.0000011622906,54.7748270124432,210.));
#11701=CARTESIAN_POINT('',(80.,54.7748270124432,210.));
#11702=CARTESIAN_POINT('',(-78.0000011622906,38.2510553009772,210.));
#11703=CARTESIAN_POINT('Origin',(-72.0000011622906,0.500703161455762,210.));
#11704=CARTESIAN_POINT('',(-78.0000011622906,-21.2251729875568,210.));
#11705=CARTESIAN_POINT('',(-66.0000011622906,-21.2251729875568,210.));
#11706=CARTESIAN_POINT('',(80.,-21.2251729875568,210.));
#11707=CARTESIAN_POINT('',(-78.0000011622906,-24.3748287111756,210.));
#11708=CARTESIAN_POINT('',(-78.0000011622906,38.2510553009772,210.));
#11709=CARTESIAN_POINT('',(-66.0000011622906,-24.3748287111756,210.));
#11710=CARTESIAN_POINT('',(80.,-24.3748287111756,210.));
#11711=CARTESIAN_POINT('',(-66.0000011622906,-37.2496489780657,210.));
#11712=CARTESIAN_POINT('Origin',(-72.0000011622906,0.500703161455762,210.));
#11713=CARTESIAN_POINT('',(-78.0000011622906,-6.02517298755679,210.));
#11714=CARTESIAN_POINT('',(-66.0000011622906,-6.02517298755679,210.));
#11715=CARTESIAN_POINT('',(80.,-6.02517298755679,210.));
#11716=CARTESIAN_POINT('',(-78.0000011622906,-9.17482871117558,210.));
#11717=CARTESIAN_POINT('',(-78.0000011622906,38.2510553009772,210.));
#11718=CARTESIAN_POINT('',(-66.0000011622906,-9.17482871117558,210.));
#11719=CARTESIAN_POINT('',(80.,-9.17482871117558,210.));
#11720=CARTESIAN_POINT('',(-66.0000011622906,-37.2496489780657,210.));
#11721=CARTESIAN_POINT('Origin',(-72.0000011622906,0.500703161455762,210.));
#11722=CARTESIAN_POINT('',(-66.0000011622906,6.02517128882441,210.));
#11723=CARTESIAN_POINT('',(-78.0000011622906,6.02517128882441,210.));
#11724=CARTESIAN_POINT('',(80.,6.02517128882441,210.));
#11725=CARTESIAN_POINT('',(-66.0000011622906,9.17482701244321,210.));
#11726=CARTESIAN_POINT('',(-66.0000011622906,-37.2496489780657,210.));
#11727=CARTESIAN_POINT('',(-78.0000011622906,9.17482701244321,210.));
#11728=CARTESIAN_POINT('',(80.,9.17482701244321,210.));
#11729=CARTESIAN_POINT('',(-78.0000011622906,38.2510553009772,210.));
#11730=CARTESIAN_POINT('Origin',(-72.0000011622906,0.500703161455762,210.));
#11731=CARTESIAN_POINT('',(-66.0000011622906,-39.5748287111756,210.));
#11732=CARTESIAN_POINT('',(-78.0000011622906,-39.5748287111756,210.));
#11733=CARTESIAN_POINT('',(80.,-39.5748287111756,210.));
#11734=CARTESIAN_POINT('',(-66.0000011622906,-36.4251729875568,210.));
#11735=CARTESIAN_POINT('',(-66.0000011622906,-37.2496489780657,210.));
#11736=CARTESIAN_POINT('',(-78.0000011622906,-36.4251729875568,210.));
#11737=CARTESIAN_POINT('',(80.,-36.4251729875568,210.));
#11738=CARTESIAN_POINT('',(-78.0000011622906,38.2510553009772,210.));
#11739=CARTESIAN_POINT('Origin',(-72.0000011622906,0.500703161455762,210.));
#11740=CARTESIAN_POINT('',(-66.0000011622906,21.2251712888244,210.));
#11741=CARTESIAN_POINT('',(-78.0000011622906,21.2251712888244,210.));
#11742=CARTESIAN_POINT('',(80.,21.2251712888244,210.));
#11743=CARTESIAN_POINT('',(-66.0000011622906,24.3748270124432,210.));
#11744=CARTESIAN_POINT('',(-66.0000011622906,-37.2496489780657,210.));
#11745=CARTESIAN_POINT('',(-78.0000011622906,24.3748270124432,210.));
#11746=CARTESIAN_POINT('',(80.,24.3748270124432,210.));
#11747=CARTESIAN_POINT('',(-78.0000011622906,38.2510553009772,210.));
#11748=CARTESIAN_POINT('Origin',(-72.0000011622906,0.500703161455762,210.));
#11749=CARTESIAN_POINT('',(-78.0000011622906,16.7748270124432,210.));
#11750=CARTESIAN_POINT('',(-66.0000011622906,16.7748270124432,210.));
#11751=CARTESIAN_POINT('',(80.,16.7748270124432,210.));
#11752=CARTESIAN_POINT('',(-78.0000011622906,13.6251712888244,210.));
#11753=CARTESIAN_POINT('',(-78.0000011622906,38.2510553009772,210.));
#11754=CARTESIAN_POINT('',(-66.0000011622906,13.6251712888244,210.));
#11755=CARTESIAN_POINT('',(80.,13.6251712888244,210.));
#11756=CARTESIAN_POINT('',(-66.0000011622906,-37.2496489780657,210.));
#11757=CARTESIAN_POINT('Origin',(-72.0000011622906,0.500703161455762,210.));
#11758=CARTESIAN_POINT('',(-78.0000011622906,-44.0251729875568,210.));
#11759=CARTESIAN_POINT('',(-66.0000011622906,-44.0251729875568,210.));
#11760=CARTESIAN_POINT('',(80.,-44.0251729875568,210.));
#11761=CARTESIAN_POINT('',(-78.0000011622906,-47.1748287111756,210.));
#11762=CARTESIAN_POINT('',(-78.0000011622906,38.2510553009772,210.));
#11763=CARTESIAN_POINT('',(-66.0000011622906,-47.1748287111756,210.));
#11764=CARTESIAN_POINT('',(80.,-47.1748287111756,210.));
#11765=CARTESIAN_POINT('',(-66.0000011622906,-37.2496489780657,210.));
#11766=CARTESIAN_POINT('Origin',(-72.0000011622906,0.500703161455762,210.));
#11767=CARTESIAN_POINT('',(-78.0000011622906,1.57482701244321,210.));
#11768=CARTESIAN_POINT('',(-66.0000011622906,1.57482701244321,210.));
#11769=CARTESIAN_POINT('',(80.,1.57482701244321,210.));
#11770=CARTESIAN_POINT('',(-78.0000011622906,-1.57482871117558,210.));
#11771=CARTESIAN_POINT('',(-78.0000011622906,38.2510553009772,210.));
#11772=CARTESIAN_POINT('',(-66.0000011622906,-1.57482871117558,210.));
#11773=CARTESIAN_POINT('',(80.,-1.57482871117558,210.));
#11774=CARTESIAN_POINT('',(-66.0000011622906,-37.2496489780657,210.));
#11775=CARTESIAN_POINT('Origin',(-72.0000011622906,0.500703161455762,210.));
#11776=CARTESIAN_POINT('',(-78.0000011622906,31.9748270124432,210.));
#11777=CARTESIAN_POINT('',(-66.0000011622906,31.9748270124432,210.));
#11778=CARTESIAN_POINT('',(80.,31.9748270124432,210.));
#11779=CARTESIAN_POINT('',(-78.0000011622906,28.8251712888244,210.));
#11780=CARTESIAN_POINT('',(-78.0000011622906,38.2510553009772,210.));
#11781=CARTESIAN_POINT('',(-66.0000011622906,28.8251712888244,210.));
#11782=CARTESIAN_POINT('',(80.,28.8251712888244,210.));
#11783=CARTESIAN_POINT('',(-66.0000011622906,-37.2496489780657,210.));
#11784=CARTESIAN_POINT('Origin',(-72.0000011622906,0.500703161455762,210.));
#11785=CARTESIAN_POINT('',(-78.0000011622906,47.1748270124432,210.));
#11786=CARTESIAN_POINT('',(-66.0000011622906,47.1748270124432,210.));
#11787=CARTESIAN_POINT('',(80.,47.1748270124432,210.));
#11788=CARTESIAN_POINT('',(-78.0000011622906,44.0251712888244,210.));
#11789=CARTESIAN_POINT('',(-78.0000011622906,38.2510553009772,210.));
#11790=CARTESIAN_POINT('',(-66.0000011622906,44.0251712888244,210.));
#11791=CARTESIAN_POINT('',(80.,44.0251712888244,210.));
#11792=CARTESIAN_POINT('',(-66.0000011622906,-37.2496489780657,210.));
#11793=CARTESIAN_POINT('Origin',(-78.0000011622906,76.0014074404986,210.));
#11794=CARTESIAN_POINT('',(-78.0000011622906,76.0014074404986,230.));
#11795=CARTESIAN_POINT('',(-78.0000011622906,38.0007037202493,230.));
#11796=CARTESIAN_POINT('',(-78.0000011622906,-59.2251729875568,210.));
#11797=CARTESIAN_POINT('',(-78.0000011622906,38.2510553009772,210.));
#11798=CARTESIAN_POINT('Origin',(-78.0000011622906,-57.0000008493662,209.666669900219));
#11799=CARTESIAN_POINT('Origin',(-78.0000011622906,-49.4000008493662,209.666669900219));
#11800=CARTESIAN_POINT('Origin',(-78.0000011622906,-41.8000008493662,209.666669900219));
#11801=CARTESIAN_POINT('Origin',(-78.0000011622906,-34.2000008493662,209.666669900219));
#11802=CARTESIAN_POINT('Origin',(-78.0000011622906,-26.6000008493662,209.666669900219));
#11803=CARTESIAN_POINT('Origin',(-78.0000011622906,-19.0000008493662,209.666669900219));
#11804=CARTESIAN_POINT('Origin',(-78.0000011622906,-11.4000008493662,209.666669900219));
#11805=CARTESIAN_POINT('Origin',(-78.0000011622906,-3.80000084936619,209.666669900219));
#11806=CARTESIAN_POINT('Origin',(-78.0000011622906,3.79999915063381,209.666669900219));
#11807=CARTESIAN_POINT('Origin',(-78.0000011622906,11.3999991506338,209.666669900219));
#11808=CARTESIAN_POINT('Origin',(-78.0000011622906,18.9999991506338,209.666669900219));
#11809=CARTESIAN_POINT('Origin',(-78.0000011622906,26.5999991506338,209.666669900219));
#11810=CARTESIAN_POINT('Origin',(-78.0000011622906,34.1999991506338,209.666669900219));
#11811=CARTESIAN_POINT('Origin',(-78.0000011622906,41.7999991506338,209.666669900219));
#11812=CARTESIAN_POINT('Origin',(-78.0000011622906,49.3999991506338,209.666669900219));
#11813=CARTESIAN_POINT('Origin',(-78.0000011622906,56.9999991506338,209.666669900219));
#11814=CARTESIAN_POINT('',(-78.0000011622906,76.0014074404986,210.));
#11815=CARTESIAN_POINT('',(-78.0000011622906,16.7499991506338,217.000003233552));
#11816=CARTESIAN_POINT('Origin',(-78.0000011622906,18.9999991506338,217.000003233552));
#11817=CARTESIAN_POINT('',(-78.0000011622906,-59.2500008493662,217.000003233552));
#11818=CARTESIAN_POINT('Origin',(-78.0000011622906,-57.0000008493662,217.000003233552));
#11819=CARTESIAN_POINT('',(-78.0000011622906,-21.2500008493662,217.000003233552));
#11820=CARTESIAN_POINT('Origin',(-78.0000011622906,-19.0000008493662,217.000003233552));
#11821=CARTESIAN_POINT('',(-78.0000011622906,47.1499991506338,217.000003233552));
#11822=CARTESIAN_POINT('Origin',(-78.0000011622906,49.3999991506338,217.000003233552));
#11823=CARTESIAN_POINT('',(-78.0000011622906,54.7499991506338,217.000003233552));
#11824=CARTESIAN_POINT('Origin',(-78.0000011622906,56.9999991506338,217.000003233552));
#11825=CARTESIAN_POINT('',(-78.0000011622906,-13.6500008493662,217.000003233552));
#11826=CARTESIAN_POINT('Origin',(-78.0000011622906,-11.4000008493662,217.000003233552));
#11827=CARTESIAN_POINT('',(-78.0000011622906,1.54999915063381,217.000003233552));
#11828=CARTESIAN_POINT('Origin',(-78.0000011622906,3.79999915063381,217.000003233552));
#11829=CARTESIAN_POINT('',(-78.0000011622906,24.3499991506338,217.000003233552));
#11830=CARTESIAN_POINT('Origin',(-78.0000011622906,26.5999991506338,217.000003233552));
#11831=CARTESIAN_POINT('',(-78.0000011622906,-51.6500008493662,217.000003233552));
#11832=CARTESIAN_POINT('Origin',(-78.0000011622906,-49.4000008493662,217.000003233552));
#11833=CARTESIAN_POINT('',(-78.0000011622906,-36.4500008493662,217.000003233552));
#11834=CARTESIAN_POINT('Origin',(-78.0000011622906,-34.2000008493662,217.000003233552));
#11835=CARTESIAN_POINT('',(-78.0000011622906,-28.8500008493662,217.000003233552));
#11836=CARTESIAN_POINT('Origin',(-78.0000011622906,-26.6000008493662,217.000003233552));
#11837=CARTESIAN_POINT('',(-78.0000011622906,-6.05000084936619,217.000003233552));
#11838=CARTESIAN_POINT('Origin',(-78.0000011622906,-3.80000084936619,217.000003233552));
#11839=CARTESIAN_POINT('',(-78.0000011622906,31.9499991506338,217.000003233552));
#11840=CARTESIAN_POINT('Origin',(-78.0000011622906,34.1999991506338,217.000003233552));
#11841=CARTESIAN_POINT('',(-78.0000011622906,39.5499991506338,217.000003233552));
#11842=CARTESIAN_POINT('Origin',(-78.0000011622906,41.7999991506338,217.000003233552));
#11843=CARTESIAN_POINT('',(-78.0000011622906,-44.0500008493662,217.000003233552));
#11844=CARTESIAN_POINT('Origin',(-78.0000011622906,-41.8000008493662,217.000003233552));
#11845=CARTESIAN_POINT('',(-78.0000011622906,9.14999915063381,217.000003233552));
#11846=CARTESIAN_POINT('Origin',(-78.0000011622906,11.3999991506338,217.000003233552));
#11847=CARTESIAN_POINT('Origin',(-66.0000011622906,76.0014074404986,210.));
#11848=CARTESIAN_POINT('',(-66.0000011622906,76.0014074404986,230.));
#11849=CARTESIAN_POINT('',(3.24999941885471,76.0014074404986,230.));
#11850=CARTESIAN_POINT('',(-66.0000011622906,76.0014074404986,210.));
#11851=CARTESIAN_POINT('Origin',(-66.0000011622906,-75.0000011175871,210.));
#11852=CARTESIAN_POINT('',(-66.0000011622906,-37.5000005587935,230.));
#11853=CARTESIAN_POINT('Origin',(-66.0000011622906,56.9999991506338,209.666669900219));
#11854=CARTESIAN_POINT('Origin',(-66.0000011622906,49.3999991506338,209.666669900219));
#11855=CARTESIAN_POINT('Origin',(-66.0000011622906,41.7999991506338,209.666669900219));
#11856=CARTESIAN_POINT('Origin',(-66.0000011622906,34.1999991506338,209.666669900219));
#11857=CARTESIAN_POINT('Origin',(-66.0000011622906,26.5999991506338,209.666669900219));
#11858=CARTESIAN_POINT('Origin',(-66.0000011622906,18.9999991506338,209.666669900219));
#11859=CARTESIAN_POINT('Origin',(-66.0000011622906,11.3999991506338,209.666669900219));
#11860=CARTESIAN_POINT('Origin',(-66.0000011622906,3.79999915063381,209.666669900219));
#11861=CARTESIAN_POINT('Origin',(-66.0000011622906,-3.80000084936619,209.666669900219));
#11862=CARTESIAN_POINT('Origin',(-66.0000011622906,-11.4000008493662,209.666669900219));
#11863=CARTESIAN_POINT('Origin',(-66.0000011622906,-19.0000008493662,209.666669900219));
#11864=CARTESIAN_POINT('Origin',(-66.0000011622906,-26.6000008493662,209.666669900219));
#11865=CARTESIAN_POINT('Origin',(-66.0000011622906,-34.2000008493662,209.666669900219));
#11866=CARTESIAN_POINT('Origin',(-66.0000011622906,-41.8000008493662,209.666669900219));
#11867=CARTESIAN_POINT('Origin',(-66.0000011622906,-49.4000008493662,209.666669900219));
#11868=CARTESIAN_POINT('',(-66.0000011622906,-59.2251729875568,210.));
#11869=CARTESIAN_POINT('Origin',(-66.0000011622906,-57.0000008493662,209.666669900219));
#11870=CARTESIAN_POINT('',(-66.0000011622906,-37.2496489780657,210.));
#11871=CARTESIAN_POINT('',(-66.0000011622906,9.14999915063381,217.000003233552));
#11872=CARTESIAN_POINT('Origin',(-66.0000011622906,11.3999991506338,217.000003233552));
#11873=CARTESIAN_POINT('',(-66.0000011622906,-44.0500008493662,217.000003233552));
#11874=CARTESIAN_POINT('Origin',(-66.0000011622906,-41.8000008493662,217.000003233552));
#11875=CARTESIAN_POINT('',(-66.0000011622906,39.5499991506338,217.000003233552));
#11876=CARTESIAN_POINT('Origin',(-66.0000011622906,41.7999991506338,217.000003233552));
#11877=CARTESIAN_POINT('',(-66.0000011622906,31.9499991506338,217.000003233552));
#11878=CARTESIAN_POINT('Origin',(-66.0000011622906,34.1999991506338,217.000003233552));
#11879=CARTESIAN_POINT('',(-66.0000011622906,-6.05000084936619,217.000003233552));
#11880=CARTESIAN_POINT('Origin',(-66.0000011622906,-3.80000084936619,217.000003233552));
#11881=CARTESIAN_POINT('',(-66.0000011622906,-28.8500008493662,217.000003233552));
#11882=CARTESIAN_POINT('Origin',(-66.0000011622906,-26.6000008493662,217.000003233552));
#11883=CARTESIAN_POINT('',(-66.0000011622906,-36.4500008493662,217.000003233552));
#11884=CARTESIAN_POINT('Origin',(-66.0000011622906,-34.2000008493662,217.000003233552));
#11885=CARTESIAN_POINT('',(-66.0000011622906,-51.6500008493662,217.000003233552));
#11886=CARTESIAN_POINT('Origin',(-66.0000011622906,-49.4000008493662,217.000003233552));
#11887=CARTESIAN_POINT('',(-66.0000011622906,24.3499991506338,217.000003233552));
#11888=CARTESIAN_POINT('Origin',(-66.0000011622906,26.5999991506338,217.000003233552));
#11889=CARTESIAN_POINT('',(-66.0000011622906,1.54999915063381,217.000003233552));
#11890=CARTESIAN_POINT('Origin',(-66.0000011622906,3.79999915063381,217.000003233552));
#11891=CARTESIAN_POINT('',(-66.0000011622906,-13.6500008493662,217.000003233552));
#11892=CARTESIAN_POINT('Origin',(-66.0000011622906,-11.4000008493662,217.000003233552));
#11893=CARTESIAN_POINT('',(-66.0000011622906,54.7499991506338,217.000003233552));
#11894=CARTESIAN_POINT('Origin',(-66.0000011622906,56.9999991506338,217.000003233552));
#11895=CARTESIAN_POINT('',(-66.0000011622906,47.1499991506338,217.000003233552));
#11896=CARTESIAN_POINT('Origin',(-66.0000011622906,49.3999991506338,217.000003233552));
#11897=CARTESIAN_POINT('',(-66.0000011622906,-21.2500008493662,217.000003233552));
#11898=CARTESIAN_POINT('Origin',(-66.0000011622906,-19.0000008493662,217.000003233552));
#11899=CARTESIAN_POINT('',(-66.0000011622906,-59.2500008493662,217.000003233552));
#11900=CARTESIAN_POINT('Origin',(-66.0000011622906,-57.0000008493662,217.000003233552));
#11901=CARTESIAN_POINT('',(-66.0000011622906,16.7499991506338,217.000003233552));
#11902=CARTESIAN_POINT('Origin',(-66.0000011622906,18.9999991506338,217.000003233552));
#11903=CARTESIAN_POINT('Origin',(-72.0000011622906,0.500703161455762,210.));
#11904=CARTESIAN_POINT('',(80.,-59.2251729875568,210.));
#11905=CARTESIAN_POINT('Origin',(80.,11.3999991506338,217.000003233552));
#11906=CARTESIAN_POINT('',(65.,9.14999915063381,217.000003233552));
#11907=CARTESIAN_POINT('',(80.,9.14999915063381,217.000003233552));
#11908=CARTESIAN_POINT('Origin',(65.,11.3999991506338,217.000003233552));
#11909=CARTESIAN_POINT('Origin',(80.,-41.8000008493662,217.000003233552));
#11910=CARTESIAN_POINT('',(65.,-44.0500008493662,217.000003233552));
#11911=CARTESIAN_POINT('',(80.,-44.0500008493662,217.000003233552));
#11912=CARTESIAN_POINT('Origin',(65.,-41.8000008493662,217.000003233552));
#11913=CARTESIAN_POINT('Origin',(80.,41.7999991506338,217.000003233552));
#11914=CARTESIAN_POINT('',(65.,39.5499991506338,217.000003233552));
#11915=CARTESIAN_POINT('',(80.,39.5499991506338,217.000003233552));
#11916=CARTESIAN_POINT('Origin',(65.,41.7999991506338,217.000003233552));
#11917=CARTESIAN_POINT('Origin',(80.,34.1999991506338,217.000003233552));
#11918=CARTESIAN_POINT('',(65.,31.9499991506338,217.000003233552));
#11919=CARTESIAN_POINT('',(80.,31.9499991506338,217.000003233552));
#11920=CARTESIAN_POINT('Origin',(65.,34.1999991506338,217.000003233552));
#11921=CARTESIAN_POINT('Origin',(80.,-3.80000084936619,217.000003233552));
#11922=CARTESIAN_POINT('',(65.,-6.05000084936619,217.000003233552));
#11923=CARTESIAN_POINT('',(80.,-6.05000084936619,217.000003233552));
#11924=CARTESIAN_POINT('Origin',(65.,-3.80000084936619,217.000003233552));
#11925=CARTESIAN_POINT('Origin',(80.,-26.6000008493662,217.000003233552));
#11926=CARTESIAN_POINT('',(65.,-28.8500008493662,217.000003233552));
#11927=CARTESIAN_POINT('',(80.,-28.8500008493662,217.000003233552));
#11928=CARTESIAN_POINT('Origin',(65.,-26.6000008493662,217.000003233552));
#11929=CARTESIAN_POINT('Origin',(80.,-34.2000008493662,217.000003233552));
#11930=CARTESIAN_POINT('',(65.,-36.4500008493662,217.000003233552));
#11931=CARTESIAN_POINT('',(80.,-36.4500008493662,217.000003233552));
#11932=CARTESIAN_POINT('Origin',(65.,-34.2000008493662,217.000003233552));
#11933=CARTESIAN_POINT('Origin',(80.,-49.4000008493662,217.000003233552));
#11934=CARTESIAN_POINT('',(65.,-51.6500008493662,217.000003233552));
#11935=CARTESIAN_POINT('',(80.,-51.6500008493662,217.000003233552));
#11936=CARTESIAN_POINT('Origin',(65.,-49.4000008493662,217.000003233552));
#11937=CARTESIAN_POINT('Origin',(80.,26.5999991506338,217.000003233552));
#11938=CARTESIAN_POINT('',(65.,24.3499991506338,217.000003233552));
#11939=CARTESIAN_POINT('',(80.,24.3499991506338,217.000003233552));
#11940=CARTESIAN_POINT('Origin',(65.,26.5999991506338,217.000003233552));
#11941=CARTESIAN_POINT('Origin',(80.,3.79999915063381,217.000003233552));
#11942=CARTESIAN_POINT('',(65.,1.54999915063381,217.000003233552));
#11943=CARTESIAN_POINT('',(80.,1.54999915063381,217.000003233552));
#11944=CARTESIAN_POINT('Origin',(65.,3.79999915063381,217.000003233552));
#11945=CARTESIAN_POINT('Origin',(80.,-11.4000008493662,217.000003233552));
#11946=CARTESIAN_POINT('',(65.,-13.6500008493662,217.000003233552));
#11947=CARTESIAN_POINT('',(80.,-13.6500008493662,217.000003233552));
#11948=CARTESIAN_POINT('Origin',(65.,-11.4000008493662,217.000003233552));
#11949=CARTESIAN_POINT('Origin',(80.,56.9999991506338,217.000003233552));
#11950=CARTESIAN_POINT('',(65.,54.7499991506338,217.000003233552));
#11951=CARTESIAN_POINT('',(80.,54.7499991506338,217.000003233552));
#11952=CARTESIAN_POINT('Origin',(65.,56.9999991506338,217.000003233552));
#11953=CARTESIAN_POINT('Origin',(80.,49.3999991506338,217.000003233552));
#11954=CARTESIAN_POINT('',(65.,47.1499991506338,217.000003233552));
#11955=CARTESIAN_POINT('',(80.,47.1499991506338,217.000003233552));
#11956=CARTESIAN_POINT('Origin',(65.,49.3999991506338,217.000003233552));
#11957=CARTESIAN_POINT('Origin',(80.,-19.0000008493662,217.000003233552));
#11958=CARTESIAN_POINT('',(65.,-21.2500008493662,217.000003233552));
#11959=CARTESIAN_POINT('',(80.,-21.2500008493662,217.000003233552));
#11960=CARTESIAN_POINT('Origin',(65.,-19.0000008493662,217.000003233552));
#11961=CARTESIAN_POINT('Origin',(80.,-57.0000008493662,217.000003233552));
#11962=CARTESIAN_POINT('',(65.,-59.2500008493662,217.000003233552));
#11963=CARTESIAN_POINT('',(80.,-59.2500008493662,217.000003233552));
#11964=CARTESIAN_POINT('Origin',(65.,-57.0000008493662,217.000003233552));
#11965=CARTESIAN_POINT('Origin',(80.,18.9999991506338,217.000003233552));
#11966=CARTESIAN_POINT('',(65.,16.7499991506338,217.000003233552));
#11967=CARTESIAN_POINT('',(80.,16.7499991506338,217.000003233552));
#11968=CARTESIAN_POINT('Origin',(65.,18.9999991506338,217.000003233552));
#11969=CARTESIAN_POINT('Origin',(80.,11.3999991506338,217.000003233552));
#11970=CARTESIAN_POINT('',(-80.,9.14999915063381,217.000003233552));
#11971=CARTESIAN_POINT('',(80.,9.14999915063381,217.000003233552));
#11972=CARTESIAN_POINT('Origin',(-80.,11.3999991506338,217.000003233552));
#11973=CARTESIAN_POINT('Origin',(80.,-41.8000008493662,217.000003233552));
#11974=CARTESIAN_POINT('',(-80.,-44.0500008493662,217.000003233552));
#11975=CARTESIAN_POINT('',(80.,-44.0500008493662,217.000003233552));
#11976=CARTESIAN_POINT('Origin',(-80.,-41.8000008493662,217.000003233552));
#11977=CARTESIAN_POINT('Origin',(80.,41.7999991506338,217.000003233552));
#11978=CARTESIAN_POINT('',(-80.,39.5499991506338,217.000003233552));
#11979=CARTESIAN_POINT('',(80.,39.5499991506338,217.000003233552));
#11980=CARTESIAN_POINT('Origin',(-80.,41.7999991506338,217.000003233552));
#11981=CARTESIAN_POINT('Origin',(80.,34.1999991506338,217.000003233552));
#11982=CARTESIAN_POINT('',(-80.,31.9499991506338,217.000003233552));
#11983=CARTESIAN_POINT('',(80.,31.9499991506338,217.000003233552));
#11984=CARTESIAN_POINT('Origin',(-80.,34.1999991506338,217.000003233552));
#11985=CARTESIAN_POINT('Origin',(80.,-3.80000084936619,217.000003233552));
#11986=CARTESIAN_POINT('',(-80.,-6.05000084936619,217.000003233552));
#11987=CARTESIAN_POINT('',(80.,-6.05000084936619,217.000003233552));
#11988=CARTESIAN_POINT('Origin',(-80.,-3.80000084936619,217.000003233552));
#11989=CARTESIAN_POINT('Origin',(80.,-26.6000008493662,217.000003233552));
#11990=CARTESIAN_POINT('',(-80.,-28.8500008493662,217.000003233552));
#11991=CARTESIAN_POINT('',(80.,-28.8500008493662,217.000003233552));
#11992=CARTESIAN_POINT('Origin',(-80.,-26.6000008493662,217.000003233552));
#11993=CARTESIAN_POINT('Origin',(80.,-34.2000008493662,217.000003233552));
#11994=CARTESIAN_POINT('',(-80.,-36.4500008493662,217.000003233552));
#11995=CARTESIAN_POINT('',(80.,-36.4500008493662,217.000003233552));
#11996=CARTESIAN_POINT('Origin',(-80.,-34.2000008493662,217.000003233552));
#11997=CARTESIAN_POINT('Origin',(80.,-49.4000008493662,217.000003233552));
#11998=CARTESIAN_POINT('',(-80.,-51.6500008493662,217.000003233552));
#11999=CARTESIAN_POINT('',(80.,-51.6500008493662,217.000003233552));
#12000=CARTESIAN_POINT('Origin',(-80.,-49.4000008493662,217.000003233552));
#12001=CARTESIAN_POINT('Origin',(80.,26.5999991506338,217.000003233552));
#12002=CARTESIAN_POINT('',(-80.,24.3499991506338,217.000003233552));
#12003=CARTESIAN_POINT('',(80.,24.3499991506338,217.000003233552));
#12004=CARTESIAN_POINT('Origin',(-80.,26.5999991506338,217.000003233552));
#12005=CARTESIAN_POINT('Origin',(80.,3.79999915063381,217.000003233552));
#12006=CARTESIAN_POINT('',(-80.,1.54999915063381,217.000003233552));
#12007=CARTESIAN_POINT('',(80.,1.54999915063381,217.000003233552));
#12008=CARTESIAN_POINT('Origin',(-80.,3.79999915063381,217.000003233552));
#12009=CARTESIAN_POINT('Origin',(80.,-11.4000008493662,217.000003233552));
#12010=CARTESIAN_POINT('',(-80.,-13.6500008493662,217.000003233552));
#12011=CARTESIAN_POINT('',(80.,-13.6500008493662,217.000003233552));
#12012=CARTESIAN_POINT('Origin',(-80.,-11.4000008493662,217.000003233552));
#12013=CARTESIAN_POINT('Origin',(80.,56.9999991506338,217.000003233552));
#12014=CARTESIAN_POINT('',(-80.,54.7499991506338,217.000003233552));
#12015=CARTESIAN_POINT('',(80.,54.7499991506338,217.000003233552));
#12016=CARTESIAN_POINT('Origin',(-80.,56.9999991506338,217.000003233552));
#12017=CARTESIAN_POINT('Origin',(80.,49.3999991506338,217.000003233552));
#12018=CARTESIAN_POINT('',(-80.,47.1499991506338,217.000003233552));
#12019=CARTESIAN_POINT('',(80.,47.1499991506338,217.000003233552));
#12020=CARTESIAN_POINT('Origin',(-80.,49.3999991506338,217.000003233552));
#12021=CARTESIAN_POINT('Origin',(80.,-19.0000008493662,217.000003233552));
#12022=CARTESIAN_POINT('',(-80.,-21.2500008493662,217.000003233552));
#12023=CARTESIAN_POINT('',(80.,-21.2500008493662,217.000003233552));
#12024=CARTESIAN_POINT('Origin',(-80.,-19.0000008493662,217.000003233552));
#12025=CARTESIAN_POINT('Origin',(80.,-57.0000008493662,217.000003233552));
#12026=CARTESIAN_POINT('',(-80.,-59.2500008493662,217.000003233552));
#12027=CARTESIAN_POINT('',(80.,-59.2500008493662,217.000003233552));
#12028=CARTESIAN_POINT('Origin',(-80.,-57.0000008493662,217.000003233552));
#12029=CARTESIAN_POINT('Origin',(80.,18.9999991506338,217.000003233552));
#12030=CARTESIAN_POINT('',(-80.,16.7499991506338,217.000003233552));
#12031=CARTESIAN_POINT('',(80.,16.7499991506338,217.000003233552));
#12032=CARTESIAN_POINT('Origin',(-80.,18.9999991506338,217.000003233552));
#12033=CARTESIAN_POINT('Origin',(72.4999990016222,-5.58793544769287E-7,
145.));
#12034=CARTESIAN_POINT('',(67.9999990016222,75.,145.));
#12035=CARTESIAN_POINT('',(67.9999990016222,-75.0000011175871,145.));
#12036=CARTESIAN_POINT('',(67.9999990016222,37.4999997206032,145.));
#12037=CARTESIAN_POINT('',(76.9999990016222,75.,145.));
#12038=CARTESIAN_POINT('',(74.7499990016222,75.,145.));
#12039=CARTESIAN_POINT('',(76.9999990016222,-75.0000011175871,145.));
#12040=CARTESIAN_POINT('',(76.9999990016222,-37.5000008381903,145.));
#12041=CARTESIAN_POINT('',(70.2499990016222,-75.0000011175871,145.));
#12042=CARTESIAN_POINT('Origin',(-71.5000009983778,-5.58793544769287E-7,
145.));
#12043=CARTESIAN_POINT('',(-67.0000009983778,75.,145.));
#12044=CARTESIAN_POINT('',(-76.0000009983778,75.,145.));
#12045=CARTESIAN_POINT('',(-69.2500009983778,75.,145.));
#12046=CARTESIAN_POINT('',(-67.0000009983778,-75.0000011175871,145.));
#12047=CARTESIAN_POINT('',(-67.0000009983778,-37.5000008381903,145.));
#12048=CARTESIAN_POINT('',(-76.0000009983778,-75.0000011175871,145.));
#12049=CARTESIAN_POINT('',(-73.7500009983778,-75.0000011175871,145.));
#12050=CARTESIAN_POINT('',(-76.0000009983778,37.4999997206032,145.));
#12051=CARTESIAN_POINT('Origin',(76.9999990016222,75.,140.));
#12052=CARTESIAN_POINT('',(67.9999990016222,75.,160.));
#12053=CARTESIAN_POINT('',(67.9999990016222,75.,140.));
#12054=CARTESIAN_POINT('',(76.9999990016222,75.,160.));
#12055=CARTESIAN_POINT('',(38.4999995008111,75.,160.));
#12056=CARTESIAN_POINT('',(76.9999990016222,75.,140.));
#12057=CARTESIAN_POINT('Origin',(67.9999990016222,75.,140.));
#12058=CARTESIAN_POINT('',(67.9999990016222,-75.0000011175871,160.));
#12059=CARTESIAN_POINT('',(67.9999990016222,-75.0000011175871,140.));
#12060=CARTESIAN_POINT('',(67.9999990016222,37.5,160.));
#12061=CARTESIAN_POINT('Origin',(-67.0000009983778,-75.0000011175871,140.));
#12062=CARTESIAN_POINT('',(-67.0000009983778,75.,160.));
#12063=CARTESIAN_POINT('',(-67.0000009983778,75.,140.));
#12064=CARTESIAN_POINT('',(-67.0000009983778,-75.0000011175871,160.));
#12065=CARTESIAN_POINT('',(-67.0000009983778,-37.5000005587935,160.));
#12066=CARTESIAN_POINT('',(-67.0000009983778,-75.0000011175871,140.));
#12067=CARTESIAN_POINT('Origin',(-67.0000009983778,75.,140.));
#12068=CARTESIAN_POINT('',(-76.0000009983778,75.,160.));
#12069=CARTESIAN_POINT('',(-76.0000009983778,75.,140.));
#12070=CARTESIAN_POINT('',(-33.5000004991889,75.,160.));
#12071=CARTESIAN_POINT('Origin',(-76.0000009983778,-75.0000011175871,140.));
#12072=CARTESIAN_POINT('',(-76.0000009983778,-75.0000011175871,160.));
#12073=CARTESIAN_POINT('',(-38.0000004991889,-75.0000011175871,160.));
#12074=CARTESIAN_POINT('',(-76.0000009983778,-75.0000011175871,140.));
#12075=CARTESIAN_POINT('Origin',(-76.0000009983778,75.,140.));
#12076=CARTESIAN_POINT('',(-76.0000009983778,37.5,160.));
#12077=CARTESIAN_POINT('Origin',(76.9999990016222,-75.0000011175871,140.));
#12078=CARTESIAN_POINT('',(76.9999990016222,-75.0000011175871,160.));
#12079=CARTESIAN_POINT('',(76.9999990016222,-37.5000005587935,160.));
#12080=CARTESIAN_POINT('',(76.9999990016222,-75.0000011175871,140.));
#12081=CARTESIAN_POINT('Origin',(67.9999990016222,-75.0000011175871,140.));
#12082=CARTESIAN_POINT('',(33.9999995008111,-75.0000011175871,160.));
#12083=CARTESIAN_POINT('Origin',(80.,26.5999991506338,173.000003233552));
#12084=CARTESIAN_POINT('',(-65.,24.3499991506338,173.000003233552));
#12085=CARTESIAN_POINT('Origin',(-65.,26.5999991506338,173.000003233552));
#12086=CARTESIAN_POINT('',(-80.,24.3499991506338,173.000003233552));
#12087=CARTESIAN_POINT('',(80.,24.3499991506338,173.000003233552));
#12088=CARTESIAN_POINT('Origin',(-80.,26.5999991506338,173.000003233552));
#12089=CARTESIAN_POINT('Origin',(80.,26.5999991506338,173.000003233552));
#12090=CARTESIAN_POINT('',(80.,24.3499991506338,173.000003233552));
#12091=CARTESIAN_POINT('Origin',(80.,26.5999991506338,173.000003233552));
#12092=CARTESIAN_POINT('',(65.,24.3499991506338,173.000003233552));
#12093=CARTESIAN_POINT('',(80.,24.3499991506338,173.000003233552));
#12094=CARTESIAN_POINT('Origin',(65.,26.5999991506338,173.000003233552));
#12095=CARTESIAN_POINT('Origin',(80.,11.3999991506338,180.333336566885));
#12096=CARTESIAN_POINT('',(-65.,9.14999915063381,180.333336566885));
#12097=CARTESIAN_POINT('Origin',(-65.,11.3999991506338,180.333336566885));
#12098=CARTESIAN_POINT('',(-80.,9.14999915063381,180.333336566885));
#12099=CARTESIAN_POINT('',(80.,9.14999915063381,180.333336566885));
#12100=CARTESIAN_POINT('Origin',(-80.,11.3999991506338,180.333336566885));
#12101=CARTESIAN_POINT('Origin',(80.,11.3999991506338,180.333336566885));
#12102=CARTESIAN_POINT('',(80.,9.14999915063381,180.333336566885));
#12103=CARTESIAN_POINT('Origin',(80.,11.3999991506338,180.333336566885));
#12104=CARTESIAN_POINT('',(65.,9.14999915063381,180.333336566885));
#12105=CARTESIAN_POINT('',(80.,9.14999915063381,180.333336566885));
#12106=CARTESIAN_POINT('Origin',(65.,11.3999991506338,180.333336566885));
#12107=CARTESIAN_POINT('Origin',(80.,-49.4000008493662,187.666669900219));
#12108=CARTESIAN_POINT('',(-65.,-51.6500008493662,187.666669900219));
#12109=CARTESIAN_POINT('Origin',(-65.,-49.4000008493662,187.666669900219));
#12110=CARTESIAN_POINT('',(-80.,-51.6500008493662,187.666669900219));
#12111=CARTESIAN_POINT('',(80.,-51.6500008493662,187.666669900219));
#12112=CARTESIAN_POINT('Origin',(-80.,-49.4000008493662,187.666669900219));
#12113=CARTESIAN_POINT('Origin',(80.,-49.4000008493662,187.666669900219));
#12114=CARTESIAN_POINT('',(80.,-51.6500008493662,187.666669900219));
#12115=CARTESIAN_POINT('Origin',(80.,-49.4000008493662,187.666669900219));
#12116=CARTESIAN_POINT('',(65.,-51.6500008493662,187.666669900219));
#12117=CARTESIAN_POINT('',(80.,-51.6500008493662,187.666669900219));
#12118=CARTESIAN_POINT('Origin',(65.,-49.4000008493662,187.666669900219));
#12119=CARTESIAN_POINT('Origin',(80.,-19.0000008493662,173.000003233552));
#12120=CARTESIAN_POINT('',(-65.,-21.2500008493662,173.000003233552));
#12121=CARTESIAN_POINT('Origin',(-65.,-19.0000008493662,173.000003233552));
#12122=CARTESIAN_POINT('',(-80.,-21.2500008493662,173.000003233552));
#12123=CARTESIAN_POINT('',(80.,-21.2500008493662,173.000003233552));
#12124=CARTESIAN_POINT('Origin',(-80.,-19.0000008493662,173.000003233552));
#12125=CARTESIAN_POINT('Origin',(80.,-19.0000008493662,173.000003233552));
#12126=CARTESIAN_POINT('',(80.,-21.2500008493662,173.000003233552));
#12127=CARTESIAN_POINT('Origin',(80.,-19.0000008493662,173.000003233552));
#12128=CARTESIAN_POINT('',(65.,-21.2500008493662,173.000003233552));
#12129=CARTESIAN_POINT('',(80.,-21.2500008493662,173.000003233552));
#12130=CARTESIAN_POINT('Origin',(65.,-19.0000008493662,173.000003233552));
#12131=CARTESIAN_POINT('Origin',(80.,26.5999991506338,195.000003233552));
#12132=CARTESIAN_POINT('',(-65.,24.3499991506338,195.000003233552));
#12133=CARTESIAN_POINT('Origin',(-65.,26.5999991506338,195.000003233552));
#12134=CARTESIAN_POINT('',(-80.,24.3499991506338,195.000003233552));
#12135=CARTESIAN_POINT('',(80.,24.3499991506338,195.000003233552));
#12136=CARTESIAN_POINT('Origin',(-80.,26.5999991506338,195.000003233552));
#12137=CARTESIAN_POINT('Origin',(80.,26.5999991506338,195.000003233552));
#12138=CARTESIAN_POINT('',(80.,24.3499991506338,195.000003233552));
#12139=CARTESIAN_POINT('Origin',(80.,26.5999991506338,195.000003233552));
#12140=CARTESIAN_POINT('',(65.,24.3499991506338,195.000003233552));
#12141=CARTESIAN_POINT('',(80.,24.3499991506338,195.000003233552));
#12142=CARTESIAN_POINT('Origin',(65.,26.5999991506338,195.000003233552));
#12143=CARTESIAN_POINT('Origin',(80.,11.3999991506338,173.000003233552));
#12144=CARTESIAN_POINT('',(-65.,9.14999915063381,173.000003233552));
#12145=CARTESIAN_POINT('Origin',(-65.,11.3999991506338,173.000003233552));
#12146=CARTESIAN_POINT('',(-80.,9.14999915063381,173.000003233552));
#12147=CARTESIAN_POINT('',(80.,9.14999915063381,173.000003233552));
#12148=CARTESIAN_POINT('Origin',(-80.,11.3999991506338,173.000003233552));
#12149=CARTESIAN_POINT('Origin',(80.,11.3999991506338,173.000003233552));
#12150=CARTESIAN_POINT('',(80.,9.14999915063381,173.000003233552));
#12151=CARTESIAN_POINT('Origin',(80.,11.3999991506338,173.000003233552));
#12152=CARTESIAN_POINT('',(65.,9.14999915063381,173.000003233552));
#12153=CARTESIAN_POINT('',(80.,9.14999915063381,173.000003233552));
#12154=CARTESIAN_POINT('Origin',(65.,11.3999991506338,173.000003233552));
#12155=CARTESIAN_POINT('Origin',(80.,-11.4000008493662,173.000003233552));
#12156=CARTESIAN_POINT('',(-65.,-13.6500008493662,173.000003233552));
#12157=CARTESIAN_POINT('Origin',(-65.,-11.4000008493662,173.000003233552));
#12158=CARTESIAN_POINT('',(-80.,-13.6500008493662,173.000003233552));
#12159=CARTESIAN_POINT('',(80.,-13.6500008493662,173.000003233552));
#12160=CARTESIAN_POINT('Origin',(-80.,-11.4000008493662,173.000003233552));
#12161=CARTESIAN_POINT('Origin',(80.,-11.4000008493662,173.000003233552));
#12162=CARTESIAN_POINT('',(80.,-13.6500008493662,173.000003233552));
#12163=CARTESIAN_POINT('Origin',(80.,-11.4000008493662,173.000003233552));
#12164=CARTESIAN_POINT('',(65.,-13.6500008493662,173.000003233552));
#12165=CARTESIAN_POINT('',(80.,-13.6500008493662,173.000003233552));
#12166=CARTESIAN_POINT('Origin',(65.,-11.4000008493662,173.000003233552));
#12167=CARTESIAN_POINT('Origin',(80.,-11.4000008493662,180.333336566885));
#12168=CARTESIAN_POINT('',(-65.,-13.6500008493662,180.333336566885));
#12169=CARTESIAN_POINT('Origin',(-65.,-11.4000008493662,180.333336566885));
#12170=CARTESIAN_POINT('',(-80.,-13.6500008493662,180.333336566885));
#12171=CARTESIAN_POINT('',(80.,-13.6500008493662,180.333336566885));
#12172=CARTESIAN_POINT('Origin',(-80.,-11.4000008493662,180.333336566885));
#12173=CARTESIAN_POINT('Origin',(80.,-11.4000008493662,180.333336566885));
#12174=CARTESIAN_POINT('',(80.,-13.6500008493662,180.333336566885));
#12175=CARTESIAN_POINT('Origin',(80.,-11.4000008493662,180.333336566885));
#12176=CARTESIAN_POINT('',(65.,-13.6500008493662,180.333336566885));
#12177=CARTESIAN_POINT('',(80.,-13.6500008493662,180.333336566885));
#12178=CARTESIAN_POINT('Origin',(65.,-11.4000008493662,180.333336566885));
#12179=CARTESIAN_POINT('Origin',(80.,-3.80000084936619,187.666669900219));
#12180=CARTESIAN_POINT('',(-65.,-6.05000084936619,187.666669900219));
#12181=CARTESIAN_POINT('Origin',(-65.,-3.80000084936619,187.666669900219));
#12182=CARTESIAN_POINT('',(-80.,-6.05000084936619,187.666669900219));
#12183=CARTESIAN_POINT('',(80.,-6.05000084936619,187.666669900219));
#12184=CARTESIAN_POINT('Origin',(-80.,-3.80000084936619,187.666669900219));
#12185=CARTESIAN_POINT('Origin',(80.,-3.80000084936619,187.666669900219));
#12186=CARTESIAN_POINT('',(80.,-6.05000084936619,187.666669900219));
#12187=CARTESIAN_POINT('Origin',(80.,-3.80000084936619,187.666669900219));
#12188=CARTESIAN_POINT('',(65.,-6.05000084936619,187.666669900219));
#12189=CARTESIAN_POINT('',(80.,-6.05000084936619,187.666669900219));
#12190=CARTESIAN_POINT('Origin',(65.,-3.80000084936619,187.666669900219));
#12191=CARTESIAN_POINT('Origin',(80.,-11.4000008493662,195.000003233552));
#12192=CARTESIAN_POINT('',(-65.,-13.6500008493662,195.000003233552));
#12193=CARTESIAN_POINT('Origin',(-65.,-11.4000008493662,195.000003233552));
#12194=CARTESIAN_POINT('',(-80.,-13.6500008493662,195.000003233552));
#12195=CARTESIAN_POINT('',(80.,-13.6500008493662,195.000003233552));
#12196=CARTESIAN_POINT('Origin',(-80.,-11.4000008493662,195.000003233552));
#12197=CARTESIAN_POINT('Origin',(80.,-11.4000008493662,195.000003233552));
#12198=CARTESIAN_POINT('',(80.,-13.6500008493662,195.000003233552));
#12199=CARTESIAN_POINT('Origin',(80.,-11.4000008493662,195.000003233552));
#12200=CARTESIAN_POINT('',(65.,-13.6500008493662,195.000003233552));
#12201=CARTESIAN_POINT('',(80.,-13.6500008493662,195.000003233552));
#12202=CARTESIAN_POINT('Origin',(65.,-11.4000008493662,195.000003233552));
#12203=CARTESIAN_POINT('Origin',(80.,-49.4000008493662,202.333336566885));
#12204=CARTESIAN_POINT('',(-65.,-51.6500008493662,202.333336566885));
#12205=CARTESIAN_POINT('Origin',(-65.,-49.4000008493662,202.333336566885));
#12206=CARTESIAN_POINT('',(-80.,-51.6500008493662,202.333336566885));
#12207=CARTESIAN_POINT('',(80.,-51.6500008493662,202.333336566885));
#12208=CARTESIAN_POINT('Origin',(-80.,-49.4000008493662,202.333336566885));
#12209=CARTESIAN_POINT('Origin',(80.,-49.4000008493662,202.333336566885));
#12210=CARTESIAN_POINT('',(80.,-51.6500008493662,202.333336566885));
#12211=CARTESIAN_POINT('Origin',(80.,-49.4000008493662,202.333336566885));
#12212=CARTESIAN_POINT('',(65.,-51.6500008493662,202.333336566885));
#12213=CARTESIAN_POINT('',(80.,-51.6500008493662,202.333336566885));
#12214=CARTESIAN_POINT('Origin',(65.,-49.4000008493662,202.333336566885));
#12215=CARTESIAN_POINT('Origin',(80.,-57.0000008493662,195.000003233552));
#12216=CARTESIAN_POINT('',(-65.,-59.2500008493662,195.000003233552));
#12217=CARTESIAN_POINT('Origin',(-65.,-57.0000008493662,195.000003233552));
#12218=CARTESIAN_POINT('',(-80.,-59.2500008493662,195.000003233552));
#12219=CARTESIAN_POINT('',(80.,-59.2500008493662,195.000003233552));
#12220=CARTESIAN_POINT('Origin',(-80.,-57.0000008493662,195.000003233552));
#12221=CARTESIAN_POINT('Origin',(80.,-57.0000008493662,195.000003233552));
#12222=CARTESIAN_POINT('',(80.,-59.2500008493662,195.000003233552));
#12223=CARTESIAN_POINT('Origin',(80.,-57.0000008493662,195.000003233552));
#12224=CARTESIAN_POINT('',(65.,-59.2500008493662,195.000003233552));
#12225=CARTESIAN_POINT('',(80.,-59.2500008493662,195.000003233552));
#12226=CARTESIAN_POINT('Origin',(65.,-57.0000008493662,195.000003233552));
#12227=CARTESIAN_POINT('Origin',(80.,-19.0000008493662,195.000003233552));
#12228=CARTESIAN_POINT('',(-65.,-21.2500008493662,195.000003233552));
#12229=CARTESIAN_POINT('Origin',(-65.,-19.0000008493662,195.000003233552));
#12230=CARTESIAN_POINT('',(-80.,-21.2500008493662,195.000003233552));
#12231=CARTESIAN_POINT('',(80.,-21.2500008493662,195.000003233552));
#12232=CARTESIAN_POINT('Origin',(-80.,-19.0000008493662,195.000003233552));
#12233=CARTESIAN_POINT('Origin',(80.,-19.0000008493662,195.000003233552));
#12234=CARTESIAN_POINT('',(80.,-21.2500008493662,195.000003233552));
#12235=CARTESIAN_POINT('Origin',(80.,-19.0000008493662,195.000003233552));
#12236=CARTESIAN_POINT('',(65.,-21.2500008493662,195.000003233552));
#12237=CARTESIAN_POINT('',(80.,-21.2500008493662,195.000003233552));
#12238=CARTESIAN_POINT('Origin',(65.,-19.0000008493662,195.000003233552));
#12239=CARTESIAN_POINT('Origin',(80.,-57.0000008493662,209.666669900219));
#12240=CARTESIAN_POINT('',(-65.,-59.2500008493662,209.666669900219));
#12241=CARTESIAN_POINT('Origin',(-65.,-57.0000008493662,209.666669900219));
#12242=CARTESIAN_POINT('',(-80.,-59.2500008493662,209.666669900219));
#12243=CARTESIAN_POINT('',(80.,-59.2500008493662,209.666669900219));
#12244=CARTESIAN_POINT('Origin',(-80.,-57.0000008493662,209.666669900219));
#12245=CARTESIAN_POINT('Origin',(80.,-57.0000008493662,209.666669900219));
#12246=CARTESIAN_POINT('',(80.,-59.2500008493662,209.666669900219));
#12247=CARTESIAN_POINT('Origin',(80.,-57.0000008493662,209.666669900219));
#12248=CARTESIAN_POINT('',(65.,-59.2500008493662,209.666669900219));
#12249=CARTESIAN_POINT('',(80.,-59.2500008493662,209.666669900219));
#12250=CARTESIAN_POINT('Origin',(65.,-57.0000008493662,209.666669900219));
#12251=CARTESIAN_POINT('Origin',(80.,-49.4000008493662,195.000003233552));
#12252=CARTESIAN_POINT('',(-65.,-51.6500008493662,195.000003233552));
#12253=CARTESIAN_POINT('Origin',(-65.,-49.4000008493662,195.000003233552));
#12254=CARTESIAN_POINT('',(-80.,-51.6500008493662,195.000003233552));
#12255=CARTESIAN_POINT('',(80.,-51.6500008493662,195.000003233552));
#12256=CARTESIAN_POINT('Origin',(-80.,-49.4000008493662,195.000003233552));
#12257=CARTESIAN_POINT('Origin',(80.,-49.4000008493662,195.000003233552));
#12258=CARTESIAN_POINT('',(80.,-51.6500008493662,195.000003233552));
#12259=CARTESIAN_POINT('Origin',(80.,-49.4000008493662,195.000003233552));
#12260=CARTESIAN_POINT('',(65.,-51.6500008493662,195.000003233552));
#12261=CARTESIAN_POINT('',(80.,-51.6500008493662,195.000003233552));
#12262=CARTESIAN_POINT('Origin',(65.,-49.4000008493662,195.000003233552));
#12263=CARTESIAN_POINT('Origin',(80.,-11.4000008493662,202.333336566885));
#12264=CARTESIAN_POINT('',(-65.,-13.6500008493662,202.333336566885));
#12265=CARTESIAN_POINT('Origin',(-65.,-11.4000008493662,202.333336566885));
#12266=CARTESIAN_POINT('',(-80.,-13.6500008493662,202.333336566885));
#12267=CARTESIAN_POINT('',(80.,-13.6500008493662,202.333336566885));
#12268=CARTESIAN_POINT('Origin',(-80.,-11.4000008493662,202.333336566885));
#12269=CARTESIAN_POINT('Origin',(80.,-11.4000008493662,202.333336566885));
#12270=CARTESIAN_POINT('',(80.,-13.6500008493662,202.333336566885));
#12271=CARTESIAN_POINT('Origin',(80.,-11.4000008493662,202.333336566885));
#12272=CARTESIAN_POINT('',(65.,-13.6500008493662,202.333336566885));
#12273=CARTESIAN_POINT('',(80.,-13.6500008493662,202.333336566885));
#12274=CARTESIAN_POINT('Origin',(65.,-11.4000008493662,202.333336566885));
#12275=CARTESIAN_POINT('Origin',(80.,11.3999991506338,217.000003233552));
#12276=CARTESIAN_POINT('',(-65.,9.14999915063381,217.000003233552));
#12277=CARTESIAN_POINT('Origin',(-65.,11.3999991506338,217.000003233552));
#12278=CARTESIAN_POINT('',(80.,9.14999915063381,217.000003233552));
#12279=CARTESIAN_POINT('Origin',(80.,11.3999991506338,217.000003233552));
#12280=CARTESIAN_POINT('',(80.,9.14999915063381,217.000003233552));
#12281=CARTESIAN_POINT('Origin',(80.,11.3999991506338,217.000003233552));
#12282=CARTESIAN_POINT('',(80.,9.14999915063381,217.000003233552));
#12283=CARTESIAN_POINT('Origin',(80.,56.9999991506338,173.000003233552));
#12284=CARTESIAN_POINT('',(-65.,54.7499991506338,173.000003233552));
#12285=CARTESIAN_POINT('Origin',(-65.,56.9999991506338,173.000003233552));
#12286=CARTESIAN_POINT('',(-80.,54.7499991506338,173.000003233552));
#12287=CARTESIAN_POINT('',(80.,54.7499991506338,173.000003233552));
#12288=CARTESIAN_POINT('Origin',(-80.,56.9999991506338,173.000003233552));
#12289=CARTESIAN_POINT('Origin',(80.,56.9999991506338,173.000003233552));
#12290=CARTESIAN_POINT('',(80.,54.7499991506338,173.000003233552));
#12291=CARTESIAN_POINT('Origin',(80.,56.9999991506338,173.000003233552));
#12292=CARTESIAN_POINT('',(65.,54.7499991506338,173.000003233552));
#12293=CARTESIAN_POINT('',(80.,54.7499991506338,173.000003233552));
#12294=CARTESIAN_POINT('Origin',(65.,56.9999991506338,173.000003233552));
#12295=CARTESIAN_POINT('Origin',(80.,-41.8000008493662,217.000003233552));
#12296=CARTESIAN_POINT('',(-65.,-44.0500008493662,217.000003233552));
#12297=CARTESIAN_POINT('Origin',(-65.,-41.8000008493662,217.000003233552));
#12298=CARTESIAN_POINT('',(80.,-44.0500008493662,217.000003233552));
#12299=CARTESIAN_POINT('Origin',(80.,-41.8000008493662,217.000003233552));
#12300=CARTESIAN_POINT('',(80.,-44.0500008493662,217.000003233552));
#12301=CARTESIAN_POINT('Origin',(80.,-41.8000008493662,217.000003233552));
#12302=CARTESIAN_POINT('',(80.,-44.0500008493662,217.000003233552));
#12303=CARTESIAN_POINT('Origin',(80.,56.9999991506338,180.333336566885));
#12304=CARTESIAN_POINT('',(-65.,54.7499991506338,180.333336566885));
#12305=CARTESIAN_POINT('Origin',(-65.,56.9999991506338,180.333336566885));
#12306=CARTESIAN_POINT('',(-80.,54.7499991506338,180.333336566885));
#12307=CARTESIAN_POINT('',(80.,54.7499991506338,180.333336566885));
#12308=CARTESIAN_POINT('Origin',(-80.,56.9999991506338,180.333336566885));
#12309=CARTESIAN_POINT('Origin',(80.,56.9999991506338,180.333336566885));
#12310=CARTESIAN_POINT('',(80.,54.7499991506338,180.333336566885));
#12311=CARTESIAN_POINT('Origin',(80.,56.9999991506338,180.333336566885));
#12312=CARTESIAN_POINT('',(65.,54.7499991506338,180.333336566885));
#12313=CARTESIAN_POINT('',(80.,54.7499991506338,180.333336566885));
#12314=CARTESIAN_POINT('Origin',(65.,56.9999991506338,180.333336566885));
#12315=CARTESIAN_POINT('Origin',(80.,49.3999991506338,180.333336566885));
#12316=CARTESIAN_POINT('',(-65.,47.1499991506338,180.333336566885));
#12317=CARTESIAN_POINT('Origin',(-65.,49.3999991506338,180.333336566885));
#12318=CARTESIAN_POINT('',(-80.,47.1499991506338,180.333336566885));
#12319=CARTESIAN_POINT('',(80.,47.1499991506338,180.333336566885));
#12320=CARTESIAN_POINT('Origin',(-80.,49.3999991506338,180.333336566885));
#12321=CARTESIAN_POINT('Origin',(80.,49.3999991506338,180.333336566885));
#12322=CARTESIAN_POINT('',(80.,47.1499991506338,180.333336566885));
#12323=CARTESIAN_POINT('Origin',(80.,49.3999991506338,180.333336566885));
#12324=CARTESIAN_POINT('',(65.,47.1499991506338,180.333336566885));
#12325=CARTESIAN_POINT('',(80.,47.1499991506338,180.333336566885));
#12326=CARTESIAN_POINT('Origin',(65.,49.3999991506338,180.333336566885));
#12327=CARTESIAN_POINT('Origin',(80.,34.1999991506338,173.000003233552));
#12328=CARTESIAN_POINT('',(-65.,31.9499991506338,173.000003233552));
#12329=CARTESIAN_POINT('Origin',(-65.,34.1999991506338,173.000003233552));
#12330=CARTESIAN_POINT('',(-80.,31.9499991506338,173.000003233552));
#12331=CARTESIAN_POINT('',(80.,31.9499991506338,173.000003233552));
#12332=CARTESIAN_POINT('Origin',(-80.,34.1999991506338,173.000003233552));
#12333=CARTESIAN_POINT('Origin',(80.,34.1999991506338,173.000003233552));
#12334=CARTESIAN_POINT('',(80.,31.9499991506338,173.000003233552));
#12335=CARTESIAN_POINT('Origin',(80.,34.1999991506338,173.000003233552));
#12336=CARTESIAN_POINT('',(65.,31.9499991506338,173.000003233552));
#12337=CARTESIAN_POINT('',(80.,31.9499991506338,173.000003233552));
#12338=CARTESIAN_POINT('Origin',(65.,34.1999991506338,173.000003233552));
#12339=CARTESIAN_POINT('Origin',(80.,41.7999991506338,195.000003233552));
#12340=CARTESIAN_POINT('',(-65.,39.5499991506338,195.000003233552));
#12341=CARTESIAN_POINT('Origin',(-65.,41.7999991506338,195.000003233552));
#12342=CARTESIAN_POINT('',(-80.,39.5499991506338,195.000003233552));
#12343=CARTESIAN_POINT('',(80.,39.5499991506338,195.000003233552));
#12344=CARTESIAN_POINT('Origin',(-80.,41.7999991506338,195.000003233552));
#12345=CARTESIAN_POINT('Origin',(80.,41.7999991506338,195.000003233552));
#12346=CARTESIAN_POINT('',(80.,39.5499991506338,195.000003233552));
#12347=CARTESIAN_POINT('Origin',(80.,41.7999991506338,195.000003233552));
#12348=CARTESIAN_POINT('',(65.,39.5499991506338,195.000003233552));
#12349=CARTESIAN_POINT('',(80.,39.5499991506338,195.000003233552));
#12350=CARTESIAN_POINT('Origin',(65.,41.7999991506338,195.000003233552));
#12351=CARTESIAN_POINT('Origin',(80.,34.1999991506338,187.666669900219));
#12352=CARTESIAN_POINT('',(-65.,31.9499991506338,187.666669900219));
#12353=CARTESIAN_POINT('Origin',(-65.,34.1999991506338,187.666669900219));
#12354=CARTESIAN_POINT('',(-80.,31.9499991506338,187.666669900219));
#12355=CARTESIAN_POINT('',(80.,31.9499991506338,187.666669900219));
#12356=CARTESIAN_POINT('Origin',(-80.,34.1999991506338,187.666669900219));
#12357=CARTESIAN_POINT('Origin',(80.,34.1999991506338,187.666669900219));
#12358=CARTESIAN_POINT('',(80.,31.9499991506338,187.666669900219));
#12359=CARTESIAN_POINT('Origin',(80.,34.1999991506338,187.666669900219));
#12360=CARTESIAN_POINT('',(65.,31.9499991506338,187.666669900219));
#12361=CARTESIAN_POINT('',(80.,31.9499991506338,187.666669900219));
#12362=CARTESIAN_POINT('Origin',(65.,34.1999991506338,187.666669900219));
#12363=CARTESIAN_POINT('Origin',(80.,41.7999991506338,202.333336566885));
#12364=CARTESIAN_POINT('',(-65.,39.5499991506338,202.333336566885));
#12365=CARTESIAN_POINT('Origin',(-65.,41.7999991506338,202.333336566885));
#12366=CARTESIAN_POINT('',(-80.,39.5499991506338,202.333336566885));
#12367=CARTESIAN_POINT('',(80.,39.5499991506338,202.333336566885));
#12368=CARTESIAN_POINT('Origin',(-80.,41.7999991506338,202.333336566885));
#12369=CARTESIAN_POINT('Origin',(80.,41.7999991506338,202.333336566885));
#12370=CARTESIAN_POINT('',(80.,39.5499991506338,202.333336566885));
#12371=CARTESIAN_POINT('Origin',(80.,41.7999991506338,202.333336566885));
#12372=CARTESIAN_POINT('',(65.,39.5499991506338,202.333336566885));
#12373=CARTESIAN_POINT('',(80.,39.5499991506338,202.333336566885));
#12374=CARTESIAN_POINT('Origin',(65.,41.7999991506338,202.333336566885));
#12375=CARTESIAN_POINT('Origin',(80.,41.7999991506338,217.000003233552));
#12376=CARTESIAN_POINT('',(-65.,39.5499991506338,217.000003233552));
#12377=CARTESIAN_POINT('Origin',(-65.,41.7999991506338,217.000003233552));
#12378=CARTESIAN_POINT('',(80.,39.5499991506338,217.000003233552));
#12379=CARTESIAN_POINT('Origin',(80.,41.7999991506338,217.000003233552));
#12380=CARTESIAN_POINT('',(80.,39.5499991506338,217.000003233552));
#12381=CARTESIAN_POINT('Origin',(80.,41.7999991506338,217.000003233552));
#12382=CARTESIAN_POINT('',(80.,39.5499991506338,217.000003233552));
#12383=CARTESIAN_POINT('Origin',(80.,34.1999991506338,217.000003233552));
#12384=CARTESIAN_POINT('',(-65.,31.9499991506338,217.000003233552));
#12385=CARTESIAN_POINT('Origin',(-65.,34.1999991506338,217.000003233552));
#12386=CARTESIAN_POINT('',(80.,31.9499991506338,217.000003233552));
#12387=CARTESIAN_POINT('Origin',(80.,34.1999991506338,217.000003233552));
#12388=CARTESIAN_POINT('',(80.,31.9499991506338,217.000003233552));
#12389=CARTESIAN_POINT('Origin',(80.,34.1999991506338,217.000003233552));
#12390=CARTESIAN_POINT('',(80.,31.9499991506338,217.000003233552));
#12391=CARTESIAN_POINT('Origin',(80.,-57.0000008493662,187.666669900219));
#12392=CARTESIAN_POINT('',(-65.,-59.2500008493662,187.666669900219));
#12393=CARTESIAN_POINT('Origin',(-65.,-57.0000008493662,187.666669900219));
#12394=CARTESIAN_POINT('',(-80.,-59.2500008493662,187.666669900219));
#12395=CARTESIAN_POINT('',(80.,-59.2500008493662,187.666669900219));
#12396=CARTESIAN_POINT('Origin',(-80.,-57.0000008493662,187.666669900219));
#12397=CARTESIAN_POINT('Origin',(80.,-57.0000008493662,187.666669900219));
#12398=CARTESIAN_POINT('',(80.,-59.2500008493662,187.666669900219));
#12399=CARTESIAN_POINT('Origin',(80.,-57.0000008493662,187.666669900219));
#12400=CARTESIAN_POINT('',(65.,-59.2500008493662,187.666669900219));
#12401=CARTESIAN_POINT('',(80.,-59.2500008493662,187.666669900219));
#12402=CARTESIAN_POINT('Origin',(65.,-57.0000008493662,187.666669900219));
#12403=CARTESIAN_POINT('Origin',(80.,-26.6000008493662,173.000003233552));
#12404=CARTESIAN_POINT('',(-65.,-28.8500008493662,173.000003233552));
#12405=CARTESIAN_POINT('Origin',(-65.,-26.6000008493662,173.000003233552));
#12406=CARTESIAN_POINT('',(-80.,-28.8500008493662,173.000003233552));
#12407=CARTESIAN_POINT('',(80.,-28.8500008493662,173.000003233552));
#12408=CARTESIAN_POINT('Origin',(-80.,-26.6000008493662,173.000003233552));
#12409=CARTESIAN_POINT('Origin',(80.,-26.6000008493662,173.000003233552));
#12410=CARTESIAN_POINT('',(80.,-28.8500008493662,173.000003233552));
#12411=CARTESIAN_POINT('Origin',(80.,-26.6000008493662,173.000003233552));
#12412=CARTESIAN_POINT('',(65.,-28.8500008493662,173.000003233552));
#12413=CARTESIAN_POINT('',(80.,-28.8500008493662,173.000003233552));
#12414=CARTESIAN_POINT('Origin',(65.,-26.6000008493662,173.000003233552));
#12415=CARTESIAN_POINT('Origin',(80.,49.3999991506338,209.666669900219));
#12416=CARTESIAN_POINT('',(-65.,47.1499991506338,209.666669900219));
#12417=CARTESIAN_POINT('Origin',(-65.,49.3999991506338,209.666669900219));
#12418=CARTESIAN_POINT('',(-80.,47.1499991506338,209.666669900219));
#12419=CARTESIAN_POINT('',(80.,47.1499991506338,209.666669900219));
#12420=CARTESIAN_POINT('Origin',(-80.,49.3999991506338,209.666669900219));
#12421=CARTESIAN_POINT('Origin',(80.,49.3999991506338,209.666669900219));
#12422=CARTESIAN_POINT('',(80.,47.1499991506338,209.666669900219));
#12423=CARTESIAN_POINT('Origin',(80.,49.3999991506338,209.666669900219));
#12424=CARTESIAN_POINT('',(65.,47.1499991506338,209.666669900219));
#12425=CARTESIAN_POINT('',(80.,47.1499991506338,209.666669900219));
#12426=CARTESIAN_POINT('Origin',(65.,49.3999991506338,209.666669900219));
#12427=CARTESIAN_POINT('Origin',(80.,34.1999991506338,209.666669900219));
#12428=CARTESIAN_POINT('',(-65.,31.9499991506338,209.666669900219));
#12429=CARTESIAN_POINT('Origin',(-65.,34.1999991506338,209.666669900219));
#12430=CARTESIAN_POINT('',(-80.,31.9499991506338,209.666669900219));
#12431=CARTESIAN_POINT('',(80.,31.9499991506338,209.666669900219));
#12432=CARTESIAN_POINT('Origin',(-80.,34.1999991506338,209.666669900219));
#12433=CARTESIAN_POINT('Origin',(80.,34.1999991506338,209.666669900219));
#12434=CARTESIAN_POINT('',(80.,31.9499991506338,209.666669900219));
#12435=CARTESIAN_POINT('Origin',(80.,34.1999991506338,209.666669900219));
#12436=CARTESIAN_POINT('',(65.,31.9499991506338,209.666669900219));
#12437=CARTESIAN_POINT('',(80.,31.9499991506338,209.666669900219));
#12438=CARTESIAN_POINT('Origin',(65.,34.1999991506338,209.666669900219));
#12439=CARTESIAN_POINT('Origin',(80.,34.1999991506338,202.333336566885));
#12440=CARTESIAN_POINT('',(-65.,31.9499991506338,202.333336566885));
#12441=CARTESIAN_POINT('Origin',(-65.,34.1999991506338,202.333336566885));
#12442=CARTESIAN_POINT('',(-80.,31.9499991506338,202.333336566885));
#12443=CARTESIAN_POINT('',(80.,31.9499991506338,202.333336566885));
#12444=CARTESIAN_POINT('Origin',(-80.,34.1999991506338,202.333336566885));
#12445=CARTESIAN_POINT('Origin',(80.,34.1999991506338,202.333336566885));
#12446=CARTESIAN_POINT('',(80.,31.9499991506338,202.333336566885));
#12447=CARTESIAN_POINT('Origin',(80.,34.1999991506338,202.333336566885));
#12448=CARTESIAN_POINT('',(65.,31.9499991506338,202.333336566885));
#12449=CARTESIAN_POINT('',(80.,31.9499991506338,202.333336566885));
#12450=CARTESIAN_POINT('Origin',(65.,34.1999991506338,202.333336566885));
#12451=CARTESIAN_POINT('Origin',(80.,41.7999991506338,187.666669900219));
#12452=CARTESIAN_POINT('',(-65.,39.5499991506338,187.666669900219));
#12453=CARTESIAN_POINT('Origin',(-65.,41.7999991506338,187.666669900219));
#12454=CARTESIAN_POINT('',(-80.,39.5499991506338,187.666669900219));
#12455=CARTESIAN_POINT('',(80.,39.5499991506338,187.666669900219));
#12456=CARTESIAN_POINT('Origin',(-80.,41.7999991506338,187.666669900219));
#12457=CARTESIAN_POINT('Origin',(80.,41.7999991506338,187.666669900219));
#12458=CARTESIAN_POINT('',(80.,39.5499991506338,187.666669900219));
#12459=CARTESIAN_POINT('Origin',(80.,41.7999991506338,187.666669900219));
#12460=CARTESIAN_POINT('',(65.,39.5499991506338,187.666669900219));
#12461=CARTESIAN_POINT('',(80.,39.5499991506338,187.666669900219));
#12462=CARTESIAN_POINT('Origin',(65.,41.7999991506338,187.666669900219));
#12463=CARTESIAN_POINT('Origin',(80.,49.3999991506338,202.333336566885));
#12464=CARTESIAN_POINT('',(-65.,47.1499991506338,202.333336566885));
#12465=CARTESIAN_POINT('Origin',(-65.,49.3999991506338,202.333336566885));
#12466=CARTESIAN_POINT('',(-80.,47.1499991506338,202.333336566885));
#12467=CARTESIAN_POINT('',(80.,47.1499991506338,202.333336566885));
#12468=CARTESIAN_POINT('Origin',(-80.,49.3999991506338,202.333336566885));
#12469=CARTESIAN_POINT('Origin',(80.,49.3999991506338,202.333336566885));
#12470=CARTESIAN_POINT('',(80.,47.1499991506338,202.333336566885));
#12471=CARTESIAN_POINT('Origin',(80.,49.3999991506338,202.333336566885));
#12472=CARTESIAN_POINT('',(65.,47.1499991506338,202.333336566885));
#12473=CARTESIAN_POINT('',(80.,47.1499991506338,202.333336566885));
#12474=CARTESIAN_POINT('Origin',(65.,49.3999991506338,202.333336566885));
#12475=CARTESIAN_POINT('Origin',(80.,41.7999991506338,173.000003233552));
#12476=CARTESIAN_POINT('',(-65.,39.5499991506338,173.000003233552));
#12477=CARTESIAN_POINT('Origin',(-65.,41.7999991506338,173.000003233552));
#12478=CARTESIAN_POINT('',(-80.,39.5499991506338,173.000003233552));
#12479=CARTESIAN_POINT('',(80.,39.5499991506338,173.000003233552));
#12480=CARTESIAN_POINT('Origin',(-80.,41.7999991506338,173.000003233552));
#12481=CARTESIAN_POINT('Origin',(80.,41.7999991506338,173.000003233552));
#12482=CARTESIAN_POINT('',(80.,39.5499991506338,173.000003233552));
#12483=CARTESIAN_POINT('Origin',(80.,41.7999991506338,173.000003233552));
#12484=CARTESIAN_POINT('',(65.,39.5499991506338,173.000003233552));
#12485=CARTESIAN_POINT('',(80.,39.5499991506338,173.000003233552));
#12486=CARTESIAN_POINT('Origin',(65.,41.7999991506338,173.000003233552));
#12487=CARTESIAN_POINT('Origin',(80.,-3.80000084936619,217.000003233552));
#12488=CARTESIAN_POINT('',(-65.,-6.05000084936619,217.000003233552));
#12489=CARTESIAN_POINT('Origin',(-65.,-3.80000084936619,217.000003233552));
#12490=CARTESIAN_POINT('',(80.,-6.05000084936619,217.000003233552));
#12491=CARTESIAN_POINT('Origin',(80.,-3.80000084936619,217.000003233552));
#12492=CARTESIAN_POINT('',(80.,-6.05000084936619,217.000003233552));
#12493=CARTESIAN_POINT('Origin',(80.,-3.80000084936619,217.000003233552));
#12494=CARTESIAN_POINT('',(80.,-6.05000084936619,217.000003233552));
#12495=CARTESIAN_POINT('Origin',(80.,-26.6000008493662,217.000003233552));
#12496=CARTESIAN_POINT('',(-65.,-28.8500008493662,217.000003233552));
#12497=CARTESIAN_POINT('Origin',(-65.,-26.6000008493662,217.000003233552));
#12498=CARTESIAN_POINT('',(80.,-28.8500008493662,217.000003233552));
#12499=CARTESIAN_POINT('Origin',(80.,-26.6000008493662,217.000003233552));
#12500=CARTESIAN_POINT('',(80.,-28.8500008493662,217.000003233552));
#12501=CARTESIAN_POINT('Origin',(80.,-26.6000008493662,217.000003233552));
#12502=CARTESIAN_POINT('',(80.,-28.8500008493662,217.000003233552));
#12503=CARTESIAN_POINT('Origin',(80.,-34.2000008493662,217.000003233552));
#12504=CARTESIAN_POINT('',(-65.,-36.4500008493662,217.000003233552));
#12505=CARTESIAN_POINT('Origin',(-65.,-34.2000008493662,217.000003233552));
#12506=CARTESIAN_POINT('',(80.,-36.4500008493662,217.000003233552));
#12507=CARTESIAN_POINT('Origin',(80.,-34.2000008493662,217.000003233552));
#12508=CARTESIAN_POINT('',(80.,-36.4500008493662,217.000003233552));
#12509=CARTESIAN_POINT('Origin',(80.,-34.2000008493662,217.000003233552));
#12510=CARTESIAN_POINT('',(80.,-36.4500008493662,217.000003233552));
#12511=CARTESIAN_POINT('Origin',(80.,-49.4000008493662,217.000003233552));
#12512=CARTESIAN_POINT('',(-65.,-51.6500008493662,217.000003233552));
#12513=CARTESIAN_POINT('Origin',(-65.,-49.4000008493662,217.000003233552));
#12514=CARTESIAN_POINT('',(80.,-51.6500008493662,217.000003233552));
#12515=CARTESIAN_POINT('Origin',(80.,-49.4000008493662,217.000003233552));
#12516=CARTESIAN_POINT('',(80.,-51.6500008493662,217.000003233552));
#12517=CARTESIAN_POINT('Origin',(80.,-49.4000008493662,217.000003233552));
#12518=CARTESIAN_POINT('',(80.,-51.6500008493662,217.000003233552));
#12519=CARTESIAN_POINT('Origin',(80.,-26.6000008493662,202.333336566885));
#12520=CARTESIAN_POINT('',(-65.,-28.8500008493662,202.333336566885));
#12521=CARTESIAN_POINT('Origin',(-65.,-26.6000008493662,202.333336566885));
#12522=CARTESIAN_POINT('',(-80.,-28.8500008493662,202.333336566885));
#12523=CARTESIAN_POINT('',(80.,-28.8500008493662,202.333336566885));
#12524=CARTESIAN_POINT('Origin',(-80.,-26.6000008493662,202.333336566885));
#12525=CARTESIAN_POINT('Origin',(80.,-26.6000008493662,202.333336566885));
#12526=CARTESIAN_POINT('',(80.,-28.8500008493662,202.333336566885));
#12527=CARTESIAN_POINT('Origin',(80.,-26.6000008493662,202.333336566885));
#12528=CARTESIAN_POINT('',(65.,-28.8500008493662,202.333336566885));
#12529=CARTESIAN_POINT('',(80.,-28.8500008493662,202.333336566885));
#12530=CARTESIAN_POINT('Origin',(65.,-26.6000008493662,202.333336566885));
#12531=CARTESIAN_POINT('Origin',(80.,3.79999915063381,209.666669900219));
#12532=CARTESIAN_POINT('',(-65.,1.54999915063381,209.666669900219));
#12533=CARTESIAN_POINT('Origin',(-65.,3.79999915063381,209.666669900219));
#12534=CARTESIAN_POINT('',(-80.,1.54999915063381,209.666669900219));
#12535=CARTESIAN_POINT('',(80.,1.54999915063381,209.666669900219));
#12536=CARTESIAN_POINT('Origin',(-80.,3.79999915063381,209.666669900219));
#12537=CARTESIAN_POINT('Origin',(80.,3.79999915063381,209.666669900219));
#12538=CARTESIAN_POINT('',(80.,1.54999915063381,209.666669900219));
#12539=CARTESIAN_POINT('Origin',(80.,3.79999915063381,209.666669900219));
#12540=CARTESIAN_POINT('',(65.,1.54999915063381,209.666669900219));
#12541=CARTESIAN_POINT('',(80.,1.54999915063381,209.666669900219));
#12542=CARTESIAN_POINT('Origin',(65.,3.79999915063381,209.666669900219));
#12543=CARTESIAN_POINT('Origin',(80.,-41.8000008493662,209.666669900219));
#12544=CARTESIAN_POINT('',(-65.,-44.0500008493662,209.666669900219));
#12545=CARTESIAN_POINT('Origin',(-65.,-41.8000008493662,209.666669900219));
#12546=CARTESIAN_POINT('',(-80.,-44.0500008493662,209.666669900219));
#12547=CARTESIAN_POINT('',(80.,-44.0500008493662,209.666669900219));
#12548=CARTESIAN_POINT('Origin',(-80.,-41.8000008493662,209.666669900219));
#12549=CARTESIAN_POINT('Origin',(80.,-41.8000008493662,209.666669900219));
#12550=CARTESIAN_POINT('',(80.,-44.0500008493662,209.666669900219));
#12551=CARTESIAN_POINT('Origin',(80.,-41.8000008493662,209.666669900219));
#12552=CARTESIAN_POINT('',(65.,-44.0500008493662,209.666669900219));
#12553=CARTESIAN_POINT('',(80.,-44.0500008493662,209.666669900219));
#12554=CARTESIAN_POINT('Origin',(65.,-41.8000008493662,209.666669900219));
#12555=CARTESIAN_POINT('Origin',(80.,-26.6000008493662,195.000003233552));
#12556=CARTESIAN_POINT('',(-65.,-28.8500008493662,195.000003233552));
#12557=CARTESIAN_POINT('Origin',(-65.,-26.6000008493662,195.000003233552));
#12558=CARTESIAN_POINT('',(-80.,-28.8500008493662,195.000003233552));
#12559=CARTESIAN_POINT('',(80.,-28.8500008493662,195.000003233552));
#12560=CARTESIAN_POINT('Origin',(-80.,-26.6000008493662,195.000003233552));
#12561=CARTESIAN_POINT('Origin',(80.,-26.6000008493662,195.000003233552));
#12562=CARTESIAN_POINT('',(80.,-28.8500008493662,195.000003233552));
#12563=CARTESIAN_POINT('Origin',(80.,-26.6000008493662,195.000003233552));
#12564=CARTESIAN_POINT('',(65.,-28.8500008493662,195.000003233552));
#12565=CARTESIAN_POINT('',(80.,-28.8500008493662,195.000003233552));
#12566=CARTESIAN_POINT('Origin',(65.,-26.6000008493662,195.000003233552));
#12567=CARTESIAN_POINT('Origin',(80.,18.9999991506338,209.666669900219));
#12568=CARTESIAN_POINT('',(-65.,16.7499991506338,209.666669900219));
#12569=CARTESIAN_POINT('Origin',(-65.,18.9999991506338,209.666669900219));
#12570=CARTESIAN_POINT('',(-80.,16.7499991506338,209.666669900219));
#12571=CARTESIAN_POINT('',(80.,16.7499991506338,209.666669900219));
#12572=CARTESIAN_POINT('Origin',(-80.,18.9999991506338,209.666669900219));
#12573=CARTESIAN_POINT('Origin',(80.,18.9999991506338,209.666669900219));
#12574=CARTESIAN_POINT('',(80.,16.7499991506338,209.666669900219));
#12575=CARTESIAN_POINT('Origin',(80.,18.9999991506338,209.666669900219));
#12576=CARTESIAN_POINT('',(65.,16.7499991506338,209.666669900219));
#12577=CARTESIAN_POINT('',(80.,16.7499991506338,209.666669900219));
#12578=CARTESIAN_POINT('Origin',(65.,18.9999991506338,209.666669900219));
#12579=CARTESIAN_POINT('Origin',(80.,-26.6000008493662,180.333336566885));
#12580=CARTESIAN_POINT('',(-65.,-28.8500008493662,180.333336566885));
#12581=CARTESIAN_POINT('Origin',(-65.,-26.6000008493662,180.333336566885));
#12582=CARTESIAN_POINT('',(-80.,-28.8500008493662,180.333336566885));
#12583=CARTESIAN_POINT('',(80.,-28.8500008493662,180.333336566885));
#12584=CARTESIAN_POINT('Origin',(-80.,-26.6000008493662,180.333336566885));
#12585=CARTESIAN_POINT('Origin',(80.,-26.6000008493662,180.333336566885));
#12586=CARTESIAN_POINT('',(80.,-28.8500008493662,180.333336566885));
#12587=CARTESIAN_POINT('Origin',(80.,-26.6000008493662,180.333336566885));
#12588=CARTESIAN_POINT('',(65.,-28.8500008493662,180.333336566885));
#12589=CARTESIAN_POINT('',(80.,-28.8500008493662,180.333336566885));
#12590=CARTESIAN_POINT('Origin',(65.,-26.6000008493662,180.333336566885));
#12591=CARTESIAN_POINT('Origin',(80.,26.5999991506338,209.666669900219));
#12592=CARTESIAN_POINT('',(-65.,24.3499991506338,209.666669900219));
#12593=CARTESIAN_POINT('Origin',(-65.,26.5999991506338,209.666669900219));
#12594=CARTESIAN_POINT('',(-80.,24.3499991506338,209.666669900219));
#12595=CARTESIAN_POINT('',(80.,24.3499991506338,209.666669900219));
#12596=CARTESIAN_POINT('Origin',(-80.,26.5999991506338,209.666669900219));
#12597=CARTESIAN_POINT('Origin',(80.,26.5999991506338,209.666669900219));
#12598=CARTESIAN_POINT('',(80.,24.3499991506338,209.666669900219));
#12599=CARTESIAN_POINT('Origin',(80.,26.5999991506338,209.666669900219));
#12600=CARTESIAN_POINT('',(65.,24.3499991506338,209.666669900219));
#12601=CARTESIAN_POINT('',(80.,24.3499991506338,209.666669900219));
#12602=CARTESIAN_POINT('Origin',(65.,26.5999991506338,209.666669900219));
#12603=CARTESIAN_POINT('Origin',(80.,-34.2000008493662,209.666669900219));
#12604=CARTESIAN_POINT('',(-65.,-36.4500008493662,209.666669900219));
#12605=CARTESIAN_POINT('Origin',(-65.,-34.2000008493662,209.666669900219));
#12606=CARTESIAN_POINT('',(-80.,-36.4500008493662,209.666669900219));
#12607=CARTESIAN_POINT('',(80.,-36.4500008493662,209.666669900219));
#12608=CARTESIAN_POINT('Origin',(-80.,-34.2000008493662,209.666669900219));
#12609=CARTESIAN_POINT('Origin',(80.,-34.2000008493662,209.666669900219));
#12610=CARTESIAN_POINT('',(80.,-36.4500008493662,209.666669900219));
#12611=CARTESIAN_POINT('Origin',(80.,-34.2000008493662,209.666669900219));
#12612=CARTESIAN_POINT('',(65.,-36.4500008493662,209.666669900219));
#12613=CARTESIAN_POINT('',(80.,-36.4500008493662,209.666669900219));
#12614=CARTESIAN_POINT('Origin',(65.,-34.2000008493662,209.666669900219));
#12615=CARTESIAN_POINT('Origin',(80.,-19.0000008493662,180.333336566885));
#12616=CARTESIAN_POINT('',(-65.,-21.2500008493662,180.333336566885));
#12617=CARTESIAN_POINT('Origin',(-65.,-19.0000008493662,180.333336566885));
#12618=CARTESIAN_POINT('',(-80.,-21.2500008493662,180.333336566885));
#12619=CARTESIAN_POINT('',(80.,-21.2500008493662,180.333336566885));
#12620=CARTESIAN_POINT('Origin',(-80.,-19.0000008493662,180.333336566885));
#12621=CARTESIAN_POINT('Origin',(80.,-19.0000008493662,180.333336566885));
#12622=CARTESIAN_POINT('',(80.,-21.2500008493662,180.333336566885));
#12623=CARTESIAN_POINT('Origin',(80.,-19.0000008493662,180.333336566885));
#12624=CARTESIAN_POINT('',(65.,-21.2500008493662,180.333336566885));
#12625=CARTESIAN_POINT('',(80.,-21.2500008493662,180.333336566885));
#12626=CARTESIAN_POINT('Origin',(65.,-19.0000008493662,180.333336566885));
#12627=CARTESIAN_POINT('Origin',(80.,-34.2000008493662,195.000003233552));
#12628=CARTESIAN_POINT('',(-65.,-36.4500008493662,195.000003233552));
#12629=CARTESIAN_POINT('Origin',(-65.,-34.2000008493662,195.000003233552));
#12630=CARTESIAN_POINT('',(-80.,-36.4500008493662,195.000003233552));
#12631=CARTESIAN_POINT('',(80.,-36.4500008493662,195.000003233552));
#12632=CARTESIAN_POINT('Origin',(-80.,-34.2000008493662,195.000003233552));
#12633=CARTESIAN_POINT('Origin',(80.,-34.2000008493662,195.000003233552));
#12634=CARTESIAN_POINT('',(80.,-36.4500008493662,195.000003233552));
#12635=CARTESIAN_POINT('Origin',(80.,-34.2000008493662,195.000003233552));
#12636=CARTESIAN_POINT('',(65.,-36.4500008493662,195.000003233552));
#12637=CARTESIAN_POINT('',(80.,-36.4500008493662,195.000003233552));
#12638=CARTESIAN_POINT('Origin',(65.,-34.2000008493662,195.000003233552));
#12639=CARTESIAN_POINT('Origin',(80.,-49.4000008493662,173.000003233552));
#12640=CARTESIAN_POINT('',(-65.,-51.6500008493662,173.000003233552));
#12641=CARTESIAN_POINT('Origin',(-65.,-49.4000008493662,173.000003233552));
#12642=CARTESIAN_POINT('',(-80.,-51.6500008493662,173.000003233552));
#12643=CARTESIAN_POINT('',(80.,-51.6500008493662,173.000003233552));
#12644=CARTESIAN_POINT('Origin',(-80.,-49.4000008493662,173.000003233552));
#12645=CARTESIAN_POINT('Origin',(80.,-49.4000008493662,173.000003233552));
#12646=CARTESIAN_POINT('',(80.,-51.6500008493662,173.000003233552));
#12647=CARTESIAN_POINT('Origin',(80.,-49.4000008493662,173.000003233552));
#12648=CARTESIAN_POINT('',(65.,-51.6500008493662,173.000003233552));
#12649=CARTESIAN_POINT('',(80.,-51.6500008493662,173.000003233552));
#12650=CARTESIAN_POINT('Origin',(65.,-49.4000008493662,173.000003233552));
#12651=CARTESIAN_POINT('Origin',(80.,18.9999991506338,180.333336566885));
#12652=CARTESIAN_POINT('',(-65.,16.7499991506338,180.333336566885));
#12653=CARTESIAN_POINT('Origin',(-65.,18.9999991506338,180.333336566885));
#12654=CARTESIAN_POINT('',(-80.,16.7499991506338,180.333336566885));
#12655=CARTESIAN_POINT('',(80.,16.7499991506338,180.333336566885));
#12656=CARTESIAN_POINT('Origin',(-80.,18.9999991506338,180.333336566885));
#12657=CARTESIAN_POINT('Origin',(80.,18.9999991506338,180.333336566885));
#12658=CARTESIAN_POINT('',(80.,16.7499991506338,180.333336566885));
#12659=CARTESIAN_POINT('Origin',(80.,18.9999991506338,180.333336566885));
#12660=CARTESIAN_POINT('',(65.,16.7499991506338,180.333336566885));
#12661=CARTESIAN_POINT('',(80.,16.7499991506338,180.333336566885));
#12662=CARTESIAN_POINT('Origin',(65.,18.9999991506338,180.333336566885));
#12663=CARTESIAN_POINT('Origin',(80.,-57.0000008493662,180.333336566885));
#12664=CARTESIAN_POINT('',(-65.,-59.2500008493662,180.333336566885));
#12665=CARTESIAN_POINT('Origin',(-65.,-57.0000008493662,180.333336566885));
#12666=CARTESIAN_POINT('',(-80.,-59.2500008493662,180.333336566885));
#12667=CARTESIAN_POINT('',(80.,-59.2500008493662,180.333336566885));
#12668=CARTESIAN_POINT('Origin',(-80.,-57.0000008493662,180.333336566885));
#12669=CARTESIAN_POINT('Origin',(80.,-57.0000008493662,180.333336566885));
#12670=CARTESIAN_POINT('',(80.,-59.2500008493662,180.333336566885));
#12671=CARTESIAN_POINT('Origin',(80.,-57.0000008493662,180.333336566885));
#12672=CARTESIAN_POINT('',(65.,-59.2500008493662,180.333336566885));
#12673=CARTESIAN_POINT('',(80.,-59.2500008493662,180.333336566885));
#12674=CARTESIAN_POINT('Origin',(65.,-57.0000008493662,180.333336566885));
#12675=CARTESIAN_POINT('Origin',(80.,-49.4000008493662,180.333336566885));
#12676=CARTESIAN_POINT('',(-65.,-51.6500008493662,180.333336566885));
#12677=CARTESIAN_POINT('Origin',(-65.,-49.4000008493662,180.333336566885));
#12678=CARTESIAN_POINT('',(-80.,-51.6500008493662,180.333336566885));
#12679=CARTESIAN_POINT('',(80.,-51.6500008493662,180.333336566885));
#12680=CARTESIAN_POINT('Origin',(-80.,-49.4000008493662,180.333336566885));
#12681=CARTESIAN_POINT('Origin',(80.,-49.4000008493662,180.333336566885));
#12682=CARTESIAN_POINT('',(80.,-51.6500008493662,180.333336566885));
#12683=CARTESIAN_POINT('Origin',(80.,-49.4000008493662,180.333336566885));
#12684=CARTESIAN_POINT('',(65.,-51.6500008493662,180.333336566885));
#12685=CARTESIAN_POINT('',(80.,-51.6500008493662,180.333336566885));
#12686=CARTESIAN_POINT('Origin',(65.,-49.4000008493662,180.333336566885));
#12687=CARTESIAN_POINT('Origin',(80.,-3.80000084936619,173.000003233552));
#12688=CARTESIAN_POINT('',(-65.,-6.05000084936619,173.000003233552));
#12689=CARTESIAN_POINT('Origin',(-65.,-3.80000084936619,173.000003233552));
#12690=CARTESIAN_POINT('',(-80.,-6.05000084936619,173.000003233552));
#12691=CARTESIAN_POINT('',(80.,-6.05000084936619,173.000003233552));
#12692=CARTESIAN_POINT('Origin',(-80.,-3.80000084936619,173.000003233552));
#12693=CARTESIAN_POINT('Origin',(80.,-3.80000084936619,173.000003233552));
#12694=CARTESIAN_POINT('',(80.,-6.05000084936619,173.000003233552));
#12695=CARTESIAN_POINT('Origin',(80.,-3.80000084936619,173.000003233552));
#12696=CARTESIAN_POINT('',(65.,-6.05000084936619,173.000003233552));
#12697=CARTESIAN_POINT('',(80.,-6.05000084936619,173.000003233552));
#12698=CARTESIAN_POINT('Origin',(65.,-3.80000084936619,173.000003233552));
#12699=CARTESIAN_POINT('Origin',(80.,-34.2000008493662,180.333336566885));
#12700=CARTESIAN_POINT('',(-65.,-36.4500008493662,180.333336566885));
#12701=CARTESIAN_POINT('Origin',(-65.,-34.2000008493662,180.333336566885));
#12702=CARTESIAN_POINT('',(-80.,-36.4500008493662,180.333336566885));
#12703=CARTESIAN_POINT('',(80.,-36.4500008493662,180.333336566885));
#12704=CARTESIAN_POINT('Origin',(-80.,-34.2000008493662,180.333336566885));
#12705=CARTESIAN_POINT('Origin',(80.,-34.2000008493662,180.333336566885));
#12706=CARTESIAN_POINT('',(80.,-36.4500008493662,180.333336566885));
#12707=CARTESIAN_POINT('Origin',(80.,-34.2000008493662,180.333336566885));
#12708=CARTESIAN_POINT('',(65.,-36.4500008493662,180.333336566885));
#12709=CARTESIAN_POINT('',(80.,-36.4500008493662,180.333336566885));
#12710=CARTESIAN_POINT('Origin',(65.,-34.2000008493662,180.333336566885));
#12711=CARTESIAN_POINT('Origin',(80.,3.79999915063381,173.000003233552));
#12712=CARTESIAN_POINT('',(-65.,1.54999915063381,173.000003233552));
#12713=CARTESIAN_POINT('Origin',(-65.,3.79999915063381,173.000003233552));
#12714=CARTESIAN_POINT('',(-80.,1.54999915063381,173.000003233552));
#12715=CARTESIAN_POINT('',(80.,1.54999915063381,173.000003233552));
#12716=CARTESIAN_POINT('Origin',(-80.,3.79999915063381,173.000003233552));
#12717=CARTESIAN_POINT('Origin',(80.,3.79999915063381,173.000003233552));
#12718=CARTESIAN_POINT('',(80.,1.54999915063381,173.000003233552));
#12719=CARTESIAN_POINT('Origin',(80.,3.79999915063381,173.000003233552));
#12720=CARTESIAN_POINT('',(65.,1.54999915063381,173.000003233552));
#12721=CARTESIAN_POINT('',(80.,1.54999915063381,173.000003233552));
#12722=CARTESIAN_POINT('Origin',(65.,3.79999915063381,173.000003233552));
#12723=CARTESIAN_POINT('Origin',(80.,-34.2000008493662,173.000003233552));
#12724=CARTESIAN_POINT('',(-65.,-36.4500008493662,173.000003233552));
#12725=CARTESIAN_POINT('Origin',(-65.,-34.2000008493662,173.000003233552));
#12726=CARTESIAN_POINT('',(-80.,-36.4500008493662,173.000003233552));
#12727=CARTESIAN_POINT('',(80.,-36.4500008493662,173.000003233552));
#12728=CARTESIAN_POINT('Origin',(-80.,-34.2000008493662,173.000003233552));
#12729=CARTESIAN_POINT('Origin',(80.,-34.2000008493662,173.000003233552));
#12730=CARTESIAN_POINT('',(80.,-36.4500008493662,173.000003233552));
#12731=CARTESIAN_POINT('Origin',(80.,-34.2000008493662,173.000003233552));
#12732=CARTESIAN_POINT('',(65.,-36.4500008493662,173.000003233552));
#12733=CARTESIAN_POINT('',(80.,-36.4500008493662,173.000003233552));
#12734=CARTESIAN_POINT('Origin',(65.,-34.2000008493662,173.000003233552));
#12735=CARTESIAN_POINT('Origin',(80.,11.3999991506338,187.666669900219));
#12736=CARTESIAN_POINT('',(-65.,9.14999915063381,187.666669900219));
#12737=CARTESIAN_POINT('Origin',(-65.,11.3999991506338,187.666669900219));
#12738=CARTESIAN_POINT('',(-80.,9.14999915063381,187.666669900219));
#12739=CARTESIAN_POINT('',(80.,9.14999915063381,187.666669900219));
#12740=CARTESIAN_POINT('Origin',(-80.,11.3999991506338,187.666669900219));
#12741=CARTESIAN_POINT('Origin',(80.,11.3999991506338,187.666669900219));
#12742=CARTESIAN_POINT('',(80.,9.14999915063381,187.666669900219));
#12743=CARTESIAN_POINT('Origin',(80.,11.3999991506338,187.666669900219));
#12744=CARTESIAN_POINT('',(65.,9.14999915063381,187.666669900219));
#12745=CARTESIAN_POINT('',(80.,9.14999915063381,187.666669900219));
#12746=CARTESIAN_POINT('Origin',(65.,11.3999991506338,187.666669900219));
#12747=CARTESIAN_POINT('Origin',(80.,18.9999991506338,195.000003233552));
#12748=CARTESIAN_POINT('',(-65.,16.7499991506338,195.000003233552));
#12749=CARTESIAN_POINT('Origin',(-65.,18.9999991506338,195.000003233552));
#12750=CARTESIAN_POINT('',(-80.,16.7499991506338,195.000003233552));
#12751=CARTESIAN_POINT('',(80.,16.7499991506338,195.000003233552));
#12752=CARTESIAN_POINT('Origin',(-80.,18.9999991506338,195.000003233552));
#12753=CARTESIAN_POINT('Origin',(80.,18.9999991506338,195.000003233552));
#12754=CARTESIAN_POINT('',(80.,16.7499991506338,195.000003233552));
#12755=CARTESIAN_POINT('Origin',(80.,18.9999991506338,195.000003233552));
#12756=CARTESIAN_POINT('',(65.,16.7499991506338,195.000003233552));
#12757=CARTESIAN_POINT('',(80.,16.7499991506338,195.000003233552));
#12758=CARTESIAN_POINT('Origin',(65.,18.9999991506338,195.000003233552));
#12759=CARTESIAN_POINT('Origin',(80.,-34.2000008493662,187.666669900219));
#12760=CARTESIAN_POINT('',(-65.,-36.4500008493662,187.666669900219));
#12761=CARTESIAN_POINT('Origin',(-65.,-34.2000008493662,187.666669900219));
#12762=CARTESIAN_POINT('',(-80.,-36.4500008493662,187.666669900219));
#12763=CARTESIAN_POINT('',(80.,-36.4500008493662,187.666669900219));
#12764=CARTESIAN_POINT('Origin',(-80.,-34.2000008493662,187.666669900219));
#12765=CARTESIAN_POINT('Origin',(80.,-34.2000008493662,187.666669900219));
#12766=CARTESIAN_POINT('',(80.,-36.4500008493662,187.666669900219));
#12767=CARTESIAN_POINT('Origin',(80.,-34.2000008493662,187.666669900219));
#12768=CARTESIAN_POINT('',(65.,-36.4500008493662,187.666669900219));
#12769=CARTESIAN_POINT('',(80.,-36.4500008493662,187.666669900219));
#12770=CARTESIAN_POINT('Origin',(65.,-34.2000008493662,187.666669900219));
#12771=CARTESIAN_POINT('Origin',(80.,3.79999915063381,187.666669900219));
#12772=CARTESIAN_POINT('',(-65.,1.54999915063381,187.666669900219));
#12773=CARTESIAN_POINT('Origin',(-65.,3.79999915063381,187.666669900219));
#12774=CARTESIAN_POINT('',(-80.,1.54999915063381,187.666669900219));
#12775=CARTESIAN_POINT('',(80.,1.54999915063381,187.666669900219));
#12776=CARTESIAN_POINT('Origin',(-80.,3.79999915063381,187.666669900219));
#12777=CARTESIAN_POINT('Origin',(80.,3.79999915063381,187.666669900219));
#12778=CARTESIAN_POINT('',(80.,1.54999915063381,187.666669900219));
#12779=CARTESIAN_POINT('Origin',(80.,3.79999915063381,187.666669900219));
#12780=CARTESIAN_POINT('',(65.,1.54999915063381,187.666669900219));
#12781=CARTESIAN_POINT('',(80.,1.54999915063381,187.666669900219));
#12782=CARTESIAN_POINT('Origin',(65.,3.79999915063381,187.666669900219));
#12783=CARTESIAN_POINT('Origin',(80.,26.5999991506338,180.333336566885));
#12784=CARTESIAN_POINT('',(-65.,24.3499991506338,180.333336566885));
#12785=CARTESIAN_POINT('Origin',(-65.,26.5999991506338,180.333336566885));
#12786=CARTESIAN_POINT('',(-80.,24.3499991506338,180.333336566885));
#12787=CARTESIAN_POINT('',(80.,24.3499991506338,180.333336566885));
#12788=CARTESIAN_POINT('Origin',(-80.,26.5999991506338,180.333336566885));
#12789=CARTESIAN_POINT('Origin',(80.,26.5999991506338,180.333336566885));
#12790=CARTESIAN_POINT('',(80.,24.3499991506338,180.333336566885));
#12791=CARTESIAN_POINT('Origin',(80.,26.5999991506338,180.333336566885));
#12792=CARTESIAN_POINT('',(65.,24.3499991506338,180.333336566885));
#12793=CARTESIAN_POINT('',(80.,24.3499991506338,180.333336566885));
#12794=CARTESIAN_POINT('Origin',(65.,26.5999991506338,180.333336566885));
#12795=CARTESIAN_POINT('Origin',(80.,-41.8000008493662,180.333336566885));
#12796=CARTESIAN_POINT('',(-65.,-44.0500008493662,180.333336566885));
#12797=CARTESIAN_POINT('Origin',(-65.,-41.8000008493662,180.333336566885));
#12798=CARTESIAN_POINT('',(-80.,-44.0500008493662,180.333336566885));
#12799=CARTESIAN_POINT('',(80.,-44.0500008493662,180.333336566885));
#12800=CARTESIAN_POINT('Origin',(-80.,-41.8000008493662,180.333336566885));
#12801=CARTESIAN_POINT('Origin',(80.,-41.8000008493662,180.333336566885));
#12802=CARTESIAN_POINT('',(80.,-44.0500008493662,180.333336566885));
#12803=CARTESIAN_POINT('Origin',(80.,-41.8000008493662,180.333336566885));
#12804=CARTESIAN_POINT('',(65.,-44.0500008493662,180.333336566885));
#12805=CARTESIAN_POINT('',(80.,-44.0500008493662,180.333336566885));
#12806=CARTESIAN_POINT('Origin',(65.,-41.8000008493662,180.333336566885));
#12807=CARTESIAN_POINT('Origin',(80.,3.79999915063381,195.000003233552));
#12808=CARTESIAN_POINT('',(-65.,1.54999915063381,195.000003233552));
#12809=CARTESIAN_POINT('Origin',(-65.,3.79999915063381,195.000003233552));
#12810=CARTESIAN_POINT('',(-80.,1.54999915063381,195.000003233552));
#12811=CARTESIAN_POINT('',(80.,1.54999915063381,195.000003233552));
#12812=CARTESIAN_POINT('Origin',(-80.,3.79999915063381,195.000003233552));
#12813=CARTESIAN_POINT('Origin',(80.,3.79999915063381,195.000003233552));
#12814=CARTESIAN_POINT('',(80.,1.54999915063381,195.000003233552));
#12815=CARTESIAN_POINT('Origin',(80.,3.79999915063381,195.000003233552));
#12816=CARTESIAN_POINT('',(65.,1.54999915063381,195.000003233552));
#12817=CARTESIAN_POINT('',(80.,1.54999915063381,195.000003233552));
#12818=CARTESIAN_POINT('Origin',(65.,3.79999915063381,195.000003233552));
#12819=CARTESIAN_POINT('Origin',(80.,-11.4000008493662,187.666669900219));
#12820=CARTESIAN_POINT('',(-65.,-13.6500008493662,187.666669900219));
#12821=CARTESIAN_POINT('Origin',(-65.,-11.4000008493662,187.666669900219));
#12822=CARTESIAN_POINT('',(-80.,-13.6500008493662,187.666669900219));
#12823=CARTESIAN_POINT('',(80.,-13.6500008493662,187.666669900219));
#12824=CARTESIAN_POINT('Origin',(-80.,-11.4000008493662,187.666669900219));
#12825=CARTESIAN_POINT('Origin',(80.,-11.4000008493662,187.666669900219));
#12826=CARTESIAN_POINT('',(80.,-13.6500008493662,187.666669900219));
#12827=CARTESIAN_POINT('Origin',(80.,-11.4000008493662,187.666669900219));
#12828=CARTESIAN_POINT('',(65.,-13.6500008493662,187.666669900219));
#12829=CARTESIAN_POINT('',(80.,-13.6500008493662,187.666669900219));
#12830=CARTESIAN_POINT('Origin',(65.,-11.4000008493662,187.666669900219));
#12831=CARTESIAN_POINT('Origin',(80.,11.3999991506338,209.666669900219));
#12832=CARTESIAN_POINT('',(-65.,9.14999915063381,209.666669900219));
#12833=CARTESIAN_POINT('Origin',(-65.,11.3999991506338,209.666669900219));
#12834=CARTESIAN_POINT('',(-80.,9.14999915063381,209.666669900219));
#12835=CARTESIAN_POINT('',(80.,9.14999915063381,209.666669900219));
#12836=CARTESIAN_POINT('Origin',(-80.,11.3999991506338,209.666669900219));
#12837=CARTESIAN_POINT('Origin',(80.,11.3999991506338,209.666669900219));
#12838=CARTESIAN_POINT('',(80.,9.14999915063381,209.666669900219));
#12839=CARTESIAN_POINT('Origin',(80.,11.3999991506338,209.666669900219));
#12840=CARTESIAN_POINT('',(65.,9.14999915063381,209.666669900219));
#12841=CARTESIAN_POINT('',(80.,9.14999915063381,209.666669900219));
#12842=CARTESIAN_POINT('Origin',(65.,11.3999991506338,209.666669900219));
#12843=CARTESIAN_POINT('Origin',(80.,-3.80000084936619,195.000003233552));
#12844=CARTESIAN_POINT('',(-65.,-6.05000084936619,195.000003233552));
#12845=CARTESIAN_POINT('Origin',(-65.,-3.80000084936619,195.000003233552));
#12846=CARTESIAN_POINT('',(-80.,-6.05000084936619,195.000003233552));
#12847=CARTESIAN_POINT('',(80.,-6.05000084936619,195.000003233552));
#12848=CARTESIAN_POINT('Origin',(-80.,-3.80000084936619,195.000003233552));
#12849=CARTESIAN_POINT('Origin',(80.,-3.80000084936619,195.000003233552));
#12850=CARTESIAN_POINT('',(80.,-6.05000084936619,195.000003233552));
#12851=CARTESIAN_POINT('Origin',(80.,-3.80000084936619,195.000003233552));
#12852=CARTESIAN_POINT('',(65.,-6.05000084936619,195.000003233552));
#12853=CARTESIAN_POINT('',(80.,-6.05000084936619,195.000003233552));
#12854=CARTESIAN_POINT('Origin',(65.,-3.80000084936619,195.000003233552));
#12855=CARTESIAN_POINT('Origin',(80.,3.79999915063381,202.333336566885));
#12856=CARTESIAN_POINT('',(-65.,1.54999915063381,202.333336566885));
#12857=CARTESIAN_POINT('Origin',(-65.,3.79999915063381,202.333336566885));
#12858=CARTESIAN_POINT('',(-80.,1.54999915063381,202.333336566885));
#12859=CARTESIAN_POINT('',(80.,1.54999915063381,202.333336566885));
#12860=CARTESIAN_POINT('Origin',(-80.,3.79999915063381,202.333336566885));
#12861=CARTESIAN_POINT('Origin',(80.,3.79999915063381,202.333336566885));
#12862=CARTESIAN_POINT('',(80.,1.54999915063381,202.333336566885));
#12863=CARTESIAN_POINT('Origin',(80.,3.79999915063381,202.333336566885));
#12864=CARTESIAN_POINT('',(65.,1.54999915063381,202.333336566885));
#12865=CARTESIAN_POINT('',(80.,1.54999915063381,202.333336566885));
#12866=CARTESIAN_POINT('Origin',(65.,3.79999915063381,202.333336566885));
#12867=CARTESIAN_POINT('Origin',(80.,-3.80000084936619,202.333336566885));
#12868=CARTESIAN_POINT('',(-65.,-6.05000084936619,202.333336566885));
#12869=CARTESIAN_POINT('Origin',(-65.,-3.80000084936619,202.333336566885));
#12870=CARTESIAN_POINT('',(-80.,-6.05000084936619,202.333336566885));
#12871=CARTESIAN_POINT('',(80.,-6.05000084936619,202.333336566885));
#12872=CARTESIAN_POINT('Origin',(-80.,-3.80000084936619,202.333336566885));
#12873=CARTESIAN_POINT('Origin',(80.,-3.80000084936619,202.333336566885));
#12874=CARTESIAN_POINT('',(80.,-6.05000084936619,202.333336566885));
#12875=CARTESIAN_POINT('Origin',(80.,-3.80000084936619,202.333336566885));
#12876=CARTESIAN_POINT('',(65.,-6.05000084936619,202.333336566885));
#12877=CARTESIAN_POINT('',(80.,-6.05000084936619,202.333336566885));
#12878=CARTESIAN_POINT('Origin',(65.,-3.80000084936619,202.333336566885));
#12879=CARTESIAN_POINT('Origin',(80.,18.9999991506338,202.333336566885));
#12880=CARTESIAN_POINT('',(-65.,16.7499991506338,202.333336566885));
#12881=CARTESIAN_POINT('Origin',(-65.,18.9999991506338,202.333336566885));
#12882=CARTESIAN_POINT('',(-80.,16.7499991506338,202.333336566885));
#12883=CARTESIAN_POINT('',(80.,16.7499991506338,202.333336566885));
#12884=CARTESIAN_POINT('Origin',(-80.,18.9999991506338,202.333336566885));
#12885=CARTESIAN_POINT('Origin',(80.,18.9999991506338,202.333336566885));
#12886=CARTESIAN_POINT('',(80.,16.7499991506338,202.333336566885));
#12887=CARTESIAN_POINT('Origin',(80.,18.9999991506338,202.333336566885));
#12888=CARTESIAN_POINT('',(65.,16.7499991506338,202.333336566885));
#12889=CARTESIAN_POINT('',(80.,16.7499991506338,202.333336566885));
#12890=CARTESIAN_POINT('Origin',(65.,18.9999991506338,202.333336566885));
#12891=CARTESIAN_POINT('Origin',(80.,-34.2000008493662,202.333336566885));
#12892=CARTESIAN_POINT('',(-65.,-36.4500008493662,202.333336566885));
#12893=CARTESIAN_POINT('Origin',(-65.,-34.2000008493662,202.333336566885));
#12894=CARTESIAN_POINT('',(-80.,-36.4500008493662,202.333336566885));
#12895=CARTESIAN_POINT('',(80.,-36.4500008493662,202.333336566885));
#12896=CARTESIAN_POINT('Origin',(-80.,-34.2000008493662,202.333336566885));
#12897=CARTESIAN_POINT('Origin',(80.,-34.2000008493662,202.333336566885));
#12898=CARTESIAN_POINT('',(80.,-36.4500008493662,202.333336566885));
#12899=CARTESIAN_POINT('Origin',(80.,-34.2000008493662,202.333336566885));
#12900=CARTESIAN_POINT('',(65.,-36.4500008493662,202.333336566885));
#12901=CARTESIAN_POINT('',(80.,-36.4500008493662,202.333336566885));
#12902=CARTESIAN_POINT('Origin',(65.,-34.2000008493662,202.333336566885));
#12903=CARTESIAN_POINT('Origin',(80.,26.5999991506338,217.000003233552));
#12904=CARTESIAN_POINT('',(-65.,24.3499991506338,217.000003233552));
#12905=CARTESIAN_POINT('Origin',(-65.,26.5999991506338,217.000003233552));
#12906=CARTESIAN_POINT('',(80.,24.3499991506338,217.000003233552));
#12907=CARTESIAN_POINT('Origin',(80.,26.5999991506338,217.000003233552));
#12908=CARTESIAN_POINT('',(80.,24.3499991506338,217.000003233552));
#12909=CARTESIAN_POINT('Origin',(80.,26.5999991506338,217.000003233552));
#12910=CARTESIAN_POINT('',(80.,24.3499991506338,217.000003233552));
#12911=CARTESIAN_POINT('Origin',(80.,3.79999915063381,217.000003233552));
#12912=CARTESIAN_POINT('',(-65.,1.54999915063381,217.000003233552));
#12913=CARTESIAN_POINT('Origin',(-65.,3.79999915063381,217.000003233552));
#12914=CARTESIAN_POINT('',(80.,1.54999915063381,217.000003233552));
#12915=CARTESIAN_POINT('Origin',(80.,3.79999915063381,217.000003233552));
#12916=CARTESIAN_POINT('',(80.,1.54999915063381,217.000003233552));
#12917=CARTESIAN_POINT('Origin',(80.,3.79999915063381,217.000003233552));
#12918=CARTESIAN_POINT('',(80.,1.54999915063381,217.000003233552));
#12919=CARTESIAN_POINT('Origin',(80.,49.3999991506338,173.000003233552));
#12920=CARTESIAN_POINT('',(-65.,47.1499991506338,173.000003233552));
#12921=CARTESIAN_POINT('Origin',(-65.,49.3999991506338,173.000003233552));
#12922=CARTESIAN_POINT('',(-80.,47.1499991506338,173.000003233552));
#12923=CARTESIAN_POINT('',(80.,47.1499991506338,173.000003233552));
#12924=CARTESIAN_POINT('Origin',(-80.,49.3999991506338,173.000003233552));
#12925=CARTESIAN_POINT('Origin',(80.,49.3999991506338,173.000003233552));
#12926=CARTESIAN_POINT('',(80.,47.1499991506338,173.000003233552));
#12927=CARTESIAN_POINT('Origin',(80.,49.3999991506338,173.000003233552));
#12928=CARTESIAN_POINT('',(65.,47.1499991506338,173.000003233552));
#12929=CARTESIAN_POINT('',(80.,47.1499991506338,173.000003233552));
#12930=CARTESIAN_POINT('Origin',(65.,49.3999991506338,173.000003233552));
#12931=CARTESIAN_POINT('Origin',(80.,-3.80000084936619,209.666669900219));
#12932=CARTESIAN_POINT('',(-65.,-6.05000084936619,209.666669900219));
#12933=CARTESIAN_POINT('Origin',(-65.,-3.80000084936619,209.666669900219));
#12934=CARTESIAN_POINT('',(-80.,-6.05000084936619,209.666669900219));
#12935=CARTESIAN_POINT('',(80.,-6.05000084936619,209.666669900219));
#12936=CARTESIAN_POINT('Origin',(-80.,-3.80000084936619,209.666669900219));
#12937=CARTESIAN_POINT('Origin',(80.,-3.80000084936619,209.666669900219));
#12938=CARTESIAN_POINT('',(80.,-6.05000084936619,209.666669900219));
#12939=CARTESIAN_POINT('Origin',(80.,-3.80000084936619,209.666669900219));
#12940=CARTESIAN_POINT('',(65.,-6.05000084936619,209.666669900219));
#12941=CARTESIAN_POINT('',(80.,-6.05000084936619,209.666669900219));
#12942=CARTESIAN_POINT('Origin',(65.,-3.80000084936619,209.666669900219));
#12943=CARTESIAN_POINT('Origin',(80.,41.7999991506338,180.333336566885));
#12944=CARTESIAN_POINT('',(-65.,39.5499991506338,180.333336566885));
#12945=CARTESIAN_POINT('Origin',(-65.,41.7999991506338,180.333336566885));
#12946=CARTESIAN_POINT('',(-80.,39.5499991506338,180.333336566885));
#12947=CARTESIAN_POINT('',(80.,39.5499991506338,180.333336566885));
#12948=CARTESIAN_POINT('Origin',(-80.,41.7999991506338,180.333336566885));
#12949=CARTESIAN_POINT('Origin',(80.,41.7999991506338,180.333336566885));
#12950=CARTESIAN_POINT('',(80.,39.5499991506338,180.333336566885));
#12951=CARTESIAN_POINT('Origin',(80.,41.7999991506338,180.333336566885));
#12952=CARTESIAN_POINT('',(65.,39.5499991506338,180.333336566885));
#12953=CARTESIAN_POINT('',(80.,39.5499991506338,180.333336566885));
#12954=CARTESIAN_POINT('Origin',(65.,41.7999991506338,180.333336566885));
#12955=CARTESIAN_POINT('Origin',(80.,-19.0000008493662,209.666669900219));
#12956=CARTESIAN_POINT('',(-65.,-21.2500008493662,209.666669900219));
#12957=CARTESIAN_POINT('Origin',(-65.,-19.0000008493662,209.666669900219));
#12958=CARTESIAN_POINT('',(-80.,-21.2500008493662,209.666669900219));
#12959=CARTESIAN_POINT('',(80.,-21.2500008493662,209.666669900219));
#12960=CARTESIAN_POINT('Origin',(-80.,-19.0000008493662,209.666669900219));
#12961=CARTESIAN_POINT('Origin',(80.,-19.0000008493662,209.666669900219));
#12962=CARTESIAN_POINT('',(80.,-21.2500008493662,209.666669900219));
#12963=CARTESIAN_POINT('Origin',(80.,-19.0000008493662,209.666669900219));
#12964=CARTESIAN_POINT('',(65.,-21.2500008493662,209.666669900219));
#12965=CARTESIAN_POINT('',(80.,-21.2500008493662,209.666669900219));
#12966=CARTESIAN_POINT('Origin',(65.,-19.0000008493662,209.666669900219));
#12967=CARTESIAN_POINT('Origin',(80.,-11.4000008493662,217.000003233552));
#12968=CARTESIAN_POINT('',(-65.,-13.6500008493662,217.000003233552));
#12969=CARTESIAN_POINT('Origin',(-65.,-11.4000008493662,217.000003233552));
#12970=CARTESIAN_POINT('',(80.,-13.6500008493662,217.000003233552));
#12971=CARTESIAN_POINT('Origin',(80.,-11.4000008493662,217.000003233552));
#12972=CARTESIAN_POINT('',(80.,-13.6500008493662,217.000003233552));
#12973=CARTESIAN_POINT('Origin',(80.,-11.4000008493662,217.000003233552));
#12974=CARTESIAN_POINT('',(80.,-13.6500008493662,217.000003233552));
#12975=CARTESIAN_POINT('Origin',(80.,34.1999991506338,195.000003233552));
#12976=CARTESIAN_POINT('',(-65.,31.9499991506338,195.000003233552));
#12977=CARTESIAN_POINT('Origin',(-65.,34.1999991506338,195.000003233552));
#12978=CARTESIAN_POINT('',(-80.,31.9499991506338,195.000003233552));
#12979=CARTESIAN_POINT('',(80.,31.9499991506338,195.000003233552));
#12980=CARTESIAN_POINT('Origin',(-80.,34.1999991506338,195.000003233552));
#12981=CARTESIAN_POINT('Origin',(80.,34.1999991506338,195.000003233552));
#12982=CARTESIAN_POINT('',(80.,31.9499991506338,195.000003233552));
#12983=CARTESIAN_POINT('Origin',(80.,34.1999991506338,195.000003233552));
#12984=CARTESIAN_POINT('',(65.,31.9499991506338,195.000003233552));
#12985=CARTESIAN_POINT('',(80.,31.9499991506338,195.000003233552));
#12986=CARTESIAN_POINT('Origin',(65.,34.1999991506338,195.000003233552));
#12987=CARTESIAN_POINT('Origin',(80.,56.9999991506338,195.000003233552));
#12988=CARTESIAN_POINT('',(-65.,54.7499991506338,195.000003233552));
#12989=CARTESIAN_POINT('Origin',(-65.,56.9999991506338,195.000003233552));
#12990=CARTESIAN_POINT('',(-80.,54.7499991506338,195.000003233552));
#12991=CARTESIAN_POINT('',(80.,54.7499991506338,195.000003233552));
#12992=CARTESIAN_POINT('Origin',(-80.,56.9999991506338,195.000003233552));
#12993=CARTESIAN_POINT('Origin',(80.,56.9999991506338,195.000003233552));
#12994=CARTESIAN_POINT('',(80.,54.7499991506338,195.000003233552));
#12995=CARTESIAN_POINT('Origin',(80.,56.9999991506338,195.000003233552));
#12996=CARTESIAN_POINT('',(65.,54.7499991506338,195.000003233552));
#12997=CARTESIAN_POINT('',(80.,54.7499991506338,195.000003233552));
#12998=CARTESIAN_POINT('Origin',(65.,56.9999991506338,195.000003233552));
#12999=CARTESIAN_POINT('Origin',(80.,56.9999991506338,202.333336566885));
#13000=CARTESIAN_POINT('',(-65.,54.7499991506338,202.333336566885));
#13001=CARTESIAN_POINT('Origin',(-65.,56.9999991506338,202.333336566885));
#13002=CARTESIAN_POINT('',(-80.,54.7499991506338,202.333336566885));
#13003=CARTESIAN_POINT('',(80.,54.7499991506338,202.333336566885));
#13004=CARTESIAN_POINT('Origin',(-80.,56.9999991506338,202.333336566885));
#13005=CARTESIAN_POINT('Origin',(80.,56.9999991506338,202.333336566885));
#13006=CARTESIAN_POINT('',(80.,54.7499991506338,202.333336566885));
#13007=CARTESIAN_POINT('Origin',(80.,56.9999991506338,202.333336566885));
#13008=CARTESIAN_POINT('',(65.,54.7499991506338,202.333336566885));
#13009=CARTESIAN_POINT('',(80.,54.7499991506338,202.333336566885));
#13010=CARTESIAN_POINT('Origin',(65.,56.9999991506338,202.333336566885));
#13011=CARTESIAN_POINT('Origin',(80.,49.3999991506338,187.666669900219));
#13012=CARTESIAN_POINT('',(-65.,47.1499991506338,187.666669900219));
#13013=CARTESIAN_POINT('Origin',(-65.,49.3999991506338,187.666669900219));
#13014=CARTESIAN_POINT('',(-80.,47.1499991506338,187.666669900219));
#13015=CARTESIAN_POINT('',(80.,47.1499991506338,187.666669900219));
#13016=CARTESIAN_POINT('Origin',(-80.,49.3999991506338,187.666669900219));
#13017=CARTESIAN_POINT('Origin',(80.,49.3999991506338,187.666669900219));
#13018=CARTESIAN_POINT('',(80.,47.1499991506338,187.666669900219));
#13019=CARTESIAN_POINT('Origin',(80.,49.3999991506338,187.666669900219));
#13020=CARTESIAN_POINT('',(65.,47.1499991506338,187.666669900219));
#13021=CARTESIAN_POINT('',(80.,47.1499991506338,187.666669900219));
#13022=CARTESIAN_POINT('Origin',(65.,49.3999991506338,187.666669900219));
#13023=CARTESIAN_POINT('Origin',(80.,56.9999991506338,209.666669900219));
#13024=CARTESIAN_POINT('',(-65.,54.7499991506338,209.666669900219));
#13025=CARTESIAN_POINT('Origin',(-65.,56.9999991506338,209.666669900219));
#13026=CARTESIAN_POINT('',(-80.,54.7499991506338,209.666669900219));
#13027=CARTESIAN_POINT('',(80.,54.7499991506338,209.666669900219));
#13028=CARTESIAN_POINT('Origin',(-80.,56.9999991506338,209.666669900219));
#13029=CARTESIAN_POINT('Origin',(80.,56.9999991506338,209.666669900219));
#13030=CARTESIAN_POINT('',(80.,54.7499991506338,209.666669900219));
#13031=CARTESIAN_POINT('Origin',(80.,56.9999991506338,209.666669900219));
#13032=CARTESIAN_POINT('',(65.,54.7499991506338,209.666669900219));
#13033=CARTESIAN_POINT('',(80.,54.7499991506338,209.666669900219));
#13034=CARTESIAN_POINT('Origin',(65.,56.9999991506338,209.666669900219));
#13035=CARTESIAN_POINT('Origin',(80.,-3.80000084936619,180.333336566885));
#13036=CARTESIAN_POINT('',(-65.,-6.05000084936619,180.333336566885));
#13037=CARTESIAN_POINT('Origin',(-65.,-3.80000084936619,180.333336566885));
#13038=CARTESIAN_POINT('',(-80.,-6.05000084936619,180.333336566885));
#13039=CARTESIAN_POINT('',(80.,-6.05000084936619,180.333336566885));
#13040=CARTESIAN_POINT('Origin',(-80.,-3.80000084936619,180.333336566885));
#13041=CARTESIAN_POINT('Origin',(80.,-3.80000084936619,180.333336566885));
#13042=CARTESIAN_POINT('',(80.,-6.05000084936619,180.333336566885));
#13043=CARTESIAN_POINT('Origin',(80.,-3.80000084936619,180.333336566885));
#13044=CARTESIAN_POINT('',(65.,-6.05000084936619,180.333336566885));
#13045=CARTESIAN_POINT('',(80.,-6.05000084936619,180.333336566885));
#13046=CARTESIAN_POINT('Origin',(65.,-3.80000084936619,180.333336566885));
#13047=CARTESIAN_POINT('Origin',(80.,56.9999991506338,217.000003233552));
#13048=CARTESIAN_POINT('',(-65.,54.7499991506338,217.000003233552));
#13049=CARTESIAN_POINT('Origin',(-65.,56.9999991506338,217.000003233552));
#13050=CARTESIAN_POINT('',(80.,54.7499991506338,217.000003233552));
#13051=CARTESIAN_POINT('Origin',(80.,56.9999991506338,217.000003233552));
#13052=CARTESIAN_POINT('',(80.,54.7499991506338,217.000003233552));
#13053=CARTESIAN_POINT('Origin',(80.,56.9999991506338,217.000003233552));
#13054=CARTESIAN_POINT('',(80.,54.7499991506338,217.000003233552));
#13055=CARTESIAN_POINT('Origin',(80.,41.7999991506338,209.666669900219));
#13056=CARTESIAN_POINT('',(-65.,39.5499991506338,209.666669900219));
#13057=CARTESIAN_POINT('Origin',(-65.,41.7999991506338,209.666669900219));
#13058=CARTESIAN_POINT('',(-80.,39.5499991506338,209.666669900219));
#13059=CARTESIAN_POINT('',(80.,39.5499991506338,209.666669900219));
#13060=CARTESIAN_POINT('Origin',(-80.,41.7999991506338,209.666669900219));
#13061=CARTESIAN_POINT('Origin',(80.,41.7999991506338,209.666669900219));
#13062=CARTESIAN_POINT('',(80.,39.5499991506338,209.666669900219));
#13063=CARTESIAN_POINT('Origin',(80.,41.7999991506338,209.666669900219));
#13064=CARTESIAN_POINT('',(65.,39.5499991506338,209.666669900219));
#13065=CARTESIAN_POINT('',(80.,39.5499991506338,209.666669900219));
#13066=CARTESIAN_POINT('Origin',(65.,41.7999991506338,209.666669900219));
#13067=CARTESIAN_POINT('Origin',(80.,49.3999991506338,217.000003233552));
#13068=CARTESIAN_POINT('',(-65.,47.1499991506338,217.000003233552));
#13069=CARTESIAN_POINT('Origin',(-65.,49.3999991506338,217.000003233552));
#13070=CARTESIAN_POINT('',(80.,47.1499991506338,217.000003233552));
#13071=CARTESIAN_POINT('Origin',(80.,49.3999991506338,217.000003233552));
#13072=CARTESIAN_POINT('',(80.,47.1499991506338,217.000003233552));
#13073=CARTESIAN_POINT('Origin',(80.,49.3999991506338,217.000003233552));
#13074=CARTESIAN_POINT('',(80.,47.1499991506338,217.000003233552));
#13075=CARTESIAN_POINT('Origin',(80.,49.3999991506338,195.000003233552));
#13076=CARTESIAN_POINT('',(-65.,47.1499991506338,195.000003233552));
#13077=CARTESIAN_POINT('Origin',(-65.,49.3999991506338,195.000003233552));
#13078=CARTESIAN_POINT('',(-80.,47.1499991506338,195.000003233552));
#13079=CARTESIAN_POINT('',(80.,47.1499991506338,195.000003233552));
#13080=CARTESIAN_POINT('Origin',(-80.,49.3999991506338,195.000003233552));
#13081=CARTESIAN_POINT('Origin',(80.,49.3999991506338,195.000003233552));
#13082=CARTESIAN_POINT('',(80.,47.1499991506338,195.000003233552));
#13083=CARTESIAN_POINT('Origin',(80.,49.3999991506338,195.000003233552));
#13084=CARTESIAN_POINT('',(65.,47.1499991506338,195.000003233552));
#13085=CARTESIAN_POINT('',(80.,47.1499991506338,195.000003233552));
#13086=CARTESIAN_POINT('Origin',(65.,49.3999991506338,195.000003233552));
#13087=CARTESIAN_POINT('Origin',(80.,56.9999991506338,187.666669900219));
#13088=CARTESIAN_POINT('',(-65.,54.7499991506338,187.666669900219));
#13089=CARTESIAN_POINT('Origin',(-65.,56.9999991506338,187.666669900219));
#13090=CARTESIAN_POINT('',(-80.,54.7499991506338,187.666669900219));
#13091=CARTESIAN_POINT('',(80.,54.7499991506338,187.666669900219));
#13092=CARTESIAN_POINT('Origin',(-80.,56.9999991506338,187.666669900219));
#13093=CARTESIAN_POINT('Origin',(80.,56.9999991506338,187.666669900219));
#13094=CARTESIAN_POINT('',(80.,54.7499991506338,187.666669900219));
#13095=CARTESIAN_POINT('Origin',(80.,56.9999991506338,187.666669900219));
#13096=CARTESIAN_POINT('',(65.,54.7499991506338,187.666669900219));
#13097=CARTESIAN_POINT('',(80.,54.7499991506338,187.666669900219));
#13098=CARTESIAN_POINT('Origin',(65.,56.9999991506338,187.666669900219));
#13099=CARTESIAN_POINT('Origin',(80.,-19.0000008493662,217.000003233552));
#13100=CARTESIAN_POINT('',(-65.,-21.2500008493662,217.000003233552));
#13101=CARTESIAN_POINT('Origin',(-65.,-19.0000008493662,217.000003233552));
#13102=CARTESIAN_POINT('',(80.,-21.2500008493662,217.000003233552));
#13103=CARTESIAN_POINT('Origin',(80.,-19.0000008493662,217.000003233552));
#13104=CARTESIAN_POINT('',(80.,-21.2500008493662,217.000003233552));
#13105=CARTESIAN_POINT('Origin',(80.,-19.0000008493662,217.000003233552));
#13106=CARTESIAN_POINT('',(80.,-21.2500008493662,217.000003233552));
#13107=CARTESIAN_POINT('Origin',(80.,34.1999991506338,180.333336566885));
#13108=CARTESIAN_POINT('',(-65.,31.9499991506338,180.333336566885));
#13109=CARTESIAN_POINT('Origin',(-65.,34.1999991506338,180.333336566885));
#13110=CARTESIAN_POINT('',(-80.,31.9499991506338,180.333336566885));
#13111=CARTESIAN_POINT('',(80.,31.9499991506338,180.333336566885));
#13112=CARTESIAN_POINT('Origin',(-80.,34.1999991506338,180.333336566885));
#13113=CARTESIAN_POINT('Origin',(80.,34.1999991506338,180.333336566885));
#13114=CARTESIAN_POINT('',(80.,31.9499991506338,180.333336566885));
#13115=CARTESIAN_POINT('Origin',(80.,34.1999991506338,180.333336566885));
#13116=CARTESIAN_POINT('',(65.,31.9499991506338,180.333336566885));
#13117=CARTESIAN_POINT('',(80.,31.9499991506338,180.333336566885));
#13118=CARTESIAN_POINT('Origin',(65.,34.1999991506338,180.333336566885));
#13119=CARTESIAN_POINT('Origin',(80.,-26.6000008493662,209.666669900219));
#13120=CARTESIAN_POINT('',(-65.,-28.8500008493662,209.666669900219));
#13121=CARTESIAN_POINT('Origin',(-65.,-26.6000008493662,209.666669900219));
#13122=CARTESIAN_POINT('',(-80.,-28.8500008493662,209.666669900219));
#13123=CARTESIAN_POINT('',(80.,-28.8500008493662,209.666669900219));
#13124=CARTESIAN_POINT('Origin',(-80.,-26.6000008493662,209.666669900219));
#13125=CARTESIAN_POINT('Origin',(80.,-26.6000008493662,209.666669900219));
#13126=CARTESIAN_POINT('',(80.,-28.8500008493662,209.666669900219));
#13127=CARTESIAN_POINT('Origin',(80.,-26.6000008493662,209.666669900219));
#13128=CARTESIAN_POINT('',(65.,-28.8500008493662,209.666669900219));
#13129=CARTESIAN_POINT('',(80.,-28.8500008493662,209.666669900219));
#13130=CARTESIAN_POINT('Origin',(65.,-26.6000008493662,209.666669900219));
#13131=CARTESIAN_POINT('Origin',(80.,-57.0000008493662,217.000003233552));
#13132=CARTESIAN_POINT('',(-65.,-59.2500008493662,217.000003233552));
#13133=CARTESIAN_POINT('Origin',(-65.,-57.0000008493662,217.000003233552));
#13134=CARTESIAN_POINT('',(80.,-59.2500008493662,217.000003233552));
#13135=CARTESIAN_POINT('Origin',(80.,-57.0000008493662,217.000003233552));
#13136=CARTESIAN_POINT('',(80.,-59.2500008493662,217.000003233552));
#13137=CARTESIAN_POINT('Origin',(80.,-57.0000008493662,217.000003233552));
#13138=CARTESIAN_POINT('',(80.,-59.2500008493662,217.000003233552));
#13139=CARTESIAN_POINT('Origin',(80.,-11.4000008493662,209.666669900219));
#13140=CARTESIAN_POINT('',(-65.,-13.6500008493662,209.666669900219));
#13141=CARTESIAN_POINT('Origin',(-65.,-11.4000008493662,209.666669900219));
#13142=CARTESIAN_POINT('',(-80.,-13.6500008493662,209.666669900219));
#13143=CARTESIAN_POINT('',(80.,-13.6500008493662,209.666669900219));
#13144=CARTESIAN_POINT('Origin',(-80.,-11.4000008493662,209.666669900219));
#13145=CARTESIAN_POINT('Origin',(80.,-11.4000008493662,209.666669900219));
#13146=CARTESIAN_POINT('',(80.,-13.6500008493662,209.666669900219));
#13147=CARTESIAN_POINT('Origin',(80.,-11.4000008493662,209.666669900219));
#13148=CARTESIAN_POINT('',(65.,-13.6500008493662,209.666669900219));
#13149=CARTESIAN_POINT('',(80.,-13.6500008493662,209.666669900219));
#13150=CARTESIAN_POINT('Origin',(65.,-11.4000008493662,209.666669900219));
#13151=CARTESIAN_POINT('Origin',(80.,18.9999991506338,217.000003233552));
#13152=CARTESIAN_POINT('',(-65.,16.7499991506338,217.000003233552));
#13153=CARTESIAN_POINT('Origin',(-65.,18.9999991506338,217.000003233552));
#13154=CARTESIAN_POINT('',(80.,16.7499991506338,217.000003233552));
#13155=CARTESIAN_POINT('Origin',(80.,18.9999991506338,217.000003233552));
#13156=CARTESIAN_POINT('',(80.,16.7499991506338,217.000003233552));
#13157=CARTESIAN_POINT('Origin',(80.,18.9999991506338,217.000003233552));
#13158=CARTESIAN_POINT('',(80.,16.7499991506338,217.000003233552));
#13159=CARTESIAN_POINT('Origin',(80.,-19.0000008493662,202.333336566885));
#13160=CARTESIAN_POINT('',(-65.,-21.2500008493662,202.333336566885));
#13161=CARTESIAN_POINT('Origin',(-65.,-19.0000008493662,202.333336566885));
#13162=CARTESIAN_POINT('',(-80.,-21.2500008493662,202.333336566885));
#13163=CARTESIAN_POINT('',(80.,-21.2500008493662,202.333336566885));
#13164=CARTESIAN_POINT('Origin',(-80.,-19.0000008493662,202.333336566885));
#13165=CARTESIAN_POINT('Origin',(80.,-19.0000008493662,202.333336566885));
#13166=CARTESIAN_POINT('',(80.,-21.2500008493662,202.333336566885));
#13167=CARTESIAN_POINT('Origin',(80.,-19.0000008493662,202.333336566885));
#13168=CARTESIAN_POINT('',(65.,-21.2500008493662,202.333336566885));
#13169=CARTESIAN_POINT('',(80.,-21.2500008493662,202.333336566885));
#13170=CARTESIAN_POINT('Origin',(65.,-19.0000008493662,202.333336566885));
#13171=CARTESIAN_POINT('Origin',(80.,-26.6000008493662,187.666669900219));
#13172=CARTESIAN_POINT('',(-65.,-28.8500008493662,187.666669900219));
#13173=CARTESIAN_POINT('Origin',(-65.,-26.6000008493662,187.666669900219));
#13174=CARTESIAN_POINT('',(-80.,-28.8500008493662,187.666669900219));
#13175=CARTESIAN_POINT('',(80.,-28.8500008493662,187.666669900219));
#13176=CARTESIAN_POINT('Origin',(-80.,-26.6000008493662,187.666669900219));
#13177=CARTESIAN_POINT('Origin',(80.,-26.6000008493662,187.666669900219));
#13178=CARTESIAN_POINT('',(80.,-28.8500008493662,187.666669900219));
#13179=CARTESIAN_POINT('Origin',(80.,-26.6000008493662,187.666669900219));
#13180=CARTESIAN_POINT('',(65.,-28.8500008493662,187.666669900219));
#13181=CARTESIAN_POINT('',(80.,-28.8500008493662,187.666669900219));
#13182=CARTESIAN_POINT('Origin',(65.,-26.6000008493662,187.666669900219));
#13183=CARTESIAN_POINT('Origin',(80.,11.3999991506338,202.333336566885));
#13184=CARTESIAN_POINT('',(-65.,9.14999915063381,202.333336566885));
#13185=CARTESIAN_POINT('Origin',(-65.,11.3999991506338,202.333336566885));
#13186=CARTESIAN_POINT('',(-80.,9.14999915063381,202.333336566885));
#13187=CARTESIAN_POINT('',(80.,9.14999915063381,202.333336566885));
#13188=CARTESIAN_POINT('Origin',(-80.,11.3999991506338,202.333336566885));
#13189=CARTESIAN_POINT('Origin',(80.,11.3999991506338,202.333336566885));
#13190=CARTESIAN_POINT('',(80.,9.14999915063381,202.333336566885));
#13191=CARTESIAN_POINT('Origin',(80.,11.3999991506338,202.333336566885));
#13192=CARTESIAN_POINT('',(65.,9.14999915063381,202.333336566885));
#13193=CARTESIAN_POINT('',(80.,9.14999915063381,202.333336566885));
#13194=CARTESIAN_POINT('Origin',(65.,11.3999991506338,202.333336566885));
#13195=CARTESIAN_POINT('Origin',(80.,-41.8000008493662,202.333336566885));
#13196=CARTESIAN_POINT('',(-65.,-44.0500008493662,202.333336566885));
#13197=CARTESIAN_POINT('Origin',(-65.,-41.8000008493662,202.333336566885));
#13198=CARTESIAN_POINT('',(-80.,-44.0500008493662,202.333336566885));
#13199=CARTESIAN_POINT('',(80.,-44.0500008493662,202.333336566885));
#13200=CARTESIAN_POINT('Origin',(-80.,-41.8000008493662,202.333336566885));
#13201=CARTESIAN_POINT('Origin',(80.,-41.8000008493662,202.333336566885));
#13202=CARTESIAN_POINT('',(80.,-44.0500008493662,202.333336566885));
#13203=CARTESIAN_POINT('Origin',(80.,-41.8000008493662,202.333336566885));
#13204=CARTESIAN_POINT('',(65.,-44.0500008493662,202.333336566885));
#13205=CARTESIAN_POINT('',(80.,-44.0500008493662,202.333336566885));
#13206=CARTESIAN_POINT('Origin',(65.,-41.8000008493662,202.333336566885));
#13207=CARTESIAN_POINT('Origin',(80.,-57.0000008493662,202.333336566885));
#13208=CARTESIAN_POINT('',(-65.,-59.2500008493662,202.333336566885));
#13209=CARTESIAN_POINT('Origin',(-65.,-57.0000008493662,202.333336566885));
#13210=CARTESIAN_POINT('',(-80.,-59.2500008493662,202.333336566885));
#13211=CARTESIAN_POINT('',(80.,-59.2500008493662,202.333336566885));
#13212=CARTESIAN_POINT('Origin',(-80.,-57.0000008493662,202.333336566885));
#13213=CARTESIAN_POINT('Origin',(80.,-57.0000008493662,202.333336566885));
#13214=CARTESIAN_POINT('',(80.,-59.2500008493662,202.333336566885));
#13215=CARTESIAN_POINT('Origin',(80.,-57.0000008493662,202.333336566885));
#13216=CARTESIAN_POINT('',(65.,-59.2500008493662,202.333336566885));
#13217=CARTESIAN_POINT('',(80.,-59.2500008493662,202.333336566885));
#13218=CARTESIAN_POINT('Origin',(65.,-57.0000008493662,202.333336566885));
#13219=CARTESIAN_POINT('Origin',(80.,26.5999991506338,202.333336566885));
#13220=CARTESIAN_POINT('',(-65.,24.3499991506338,202.333336566885));
#13221=CARTESIAN_POINT('Origin',(-65.,26.5999991506338,202.333336566885));
#13222=CARTESIAN_POINT('',(-80.,24.3499991506338,202.333336566885));
#13223=CARTESIAN_POINT('',(80.,24.3499991506338,202.333336566885));
#13224=CARTESIAN_POINT('Origin',(-80.,26.5999991506338,202.333336566885));
#13225=CARTESIAN_POINT('Origin',(80.,26.5999991506338,202.333336566885));
#13226=CARTESIAN_POINT('',(80.,24.3499991506338,202.333336566885));
#13227=CARTESIAN_POINT('Origin',(80.,26.5999991506338,202.333336566885));
#13228=CARTESIAN_POINT('',(65.,24.3499991506338,202.333336566885));
#13229=CARTESIAN_POINT('',(80.,24.3499991506338,202.333336566885));
#13230=CARTESIAN_POINT('Origin',(65.,26.5999991506338,202.333336566885));
#13231=CARTESIAN_POINT('Origin',(80.,-19.0000008493662,187.666669900219));
#13232=CARTESIAN_POINT('',(-65.,-21.2500008493662,187.666669900219));
#13233=CARTESIAN_POINT('Origin',(-65.,-19.0000008493662,187.666669900219));
#13234=CARTESIAN_POINT('',(-80.,-21.2500008493662,187.666669900219));
#13235=CARTESIAN_POINT('',(80.,-21.2500008493662,187.666669900219));
#13236=CARTESIAN_POINT('Origin',(-80.,-19.0000008493662,187.666669900219));
#13237=CARTESIAN_POINT('Origin',(80.,-19.0000008493662,187.666669900219));
#13238=CARTESIAN_POINT('',(80.,-21.2500008493662,187.666669900219));
#13239=CARTESIAN_POINT('Origin',(80.,-19.0000008493662,187.666669900219));
#13240=CARTESIAN_POINT('',(65.,-21.2500008493662,187.666669900219));
#13241=CARTESIAN_POINT('',(80.,-21.2500008493662,187.666669900219));
#13242=CARTESIAN_POINT('Origin',(65.,-19.0000008493662,187.666669900219));
#13243=CARTESIAN_POINT('Origin',(80.,-49.4000008493662,209.666669900219));
#13244=CARTESIAN_POINT('',(-65.,-51.6500008493662,209.666669900219));
#13245=CARTESIAN_POINT('Origin',(-65.,-49.4000008493662,209.666669900219));
#13246=CARTESIAN_POINT('',(-80.,-51.6500008493662,209.666669900219));
#13247=CARTESIAN_POINT('',(80.,-51.6500008493662,209.666669900219));
#13248=CARTESIAN_POINT('Origin',(-80.,-49.4000008493662,209.666669900219));
#13249=CARTESIAN_POINT('Origin',(80.,-49.4000008493662,209.666669900219));
#13250=CARTESIAN_POINT('',(80.,-51.6500008493662,209.666669900219));
#13251=CARTESIAN_POINT('Origin',(80.,-49.4000008493662,209.666669900219));
#13252=CARTESIAN_POINT('',(65.,-51.6500008493662,209.666669900219));
#13253=CARTESIAN_POINT('',(80.,-51.6500008493662,209.666669900219));
#13254=CARTESIAN_POINT('Origin',(65.,-49.4000008493662,209.666669900219));
#13255=CARTESIAN_POINT('Origin',(80.,-41.8000008493662,195.000003233552));
#13256=CARTESIAN_POINT('',(-65.,-44.0500008493662,195.000003233552));
#13257=CARTESIAN_POINT('Origin',(-65.,-41.8000008493662,195.000003233552));
#13258=CARTESIAN_POINT('',(-80.,-44.0500008493662,195.000003233552));
#13259=CARTESIAN_POINT('',(80.,-44.0500008493662,195.000003233552));
#13260=CARTESIAN_POINT('Origin',(-80.,-41.8000008493662,195.000003233552));
#13261=CARTESIAN_POINT('Origin',(80.,-41.8000008493662,195.000003233552));
#13262=CARTESIAN_POINT('',(80.,-44.0500008493662,195.000003233552));
#13263=CARTESIAN_POINT('Origin',(80.,-41.8000008493662,195.000003233552));
#13264=CARTESIAN_POINT('',(65.,-44.0500008493662,195.000003233552));
#13265=CARTESIAN_POINT('',(80.,-44.0500008493662,195.000003233552));
#13266=CARTESIAN_POINT('Origin',(65.,-41.8000008493662,195.000003233552));
#13267=CARTESIAN_POINT('Origin',(80.,11.3999991506338,195.000003233552));
#13268=CARTESIAN_POINT('',(-65.,9.14999915063381,195.000003233552));
#13269=CARTESIAN_POINT('Origin',(-65.,11.3999991506338,195.000003233552));
#13270=CARTESIAN_POINT('',(-80.,9.14999915063381,195.000003233552));
#13271=CARTESIAN_POINT('',(80.,9.14999915063381,195.000003233552));
#13272=CARTESIAN_POINT('Origin',(-80.,11.3999991506338,195.000003233552));
#13273=CARTESIAN_POINT('Origin',(80.,11.3999991506338,195.000003233552));
#13274=CARTESIAN_POINT('',(80.,9.14999915063381,195.000003233552));
#13275=CARTESIAN_POINT('Origin',(80.,11.3999991506338,195.000003233552));
#13276=CARTESIAN_POINT('',(65.,9.14999915063381,195.000003233552));
#13277=CARTESIAN_POINT('',(80.,9.14999915063381,195.000003233552));
#13278=CARTESIAN_POINT('Origin',(65.,11.3999991506338,195.000003233552));
#13279=CARTESIAN_POINT('Origin',(80.,-41.8000008493662,187.666669900219));
#13280=CARTESIAN_POINT('',(-65.,-44.0500008493662,187.666669900219));
#13281=CARTESIAN_POINT('Origin',(-65.,-41.8000008493662,187.666669900219));
#13282=CARTESIAN_POINT('',(-80.,-44.0500008493662,187.666669900219));
#13283=CARTESIAN_POINT('',(80.,-44.0500008493662,187.666669900219));
#13284=CARTESIAN_POINT('Origin',(-80.,-41.8000008493662,187.666669900219));
#13285=CARTESIAN_POINT('Origin',(80.,-41.8000008493662,187.666669900219));
#13286=CARTESIAN_POINT('',(80.,-44.0500008493662,187.666669900219));
#13287=CARTESIAN_POINT('Origin',(80.,-41.8000008493662,187.666669900219));
#13288=CARTESIAN_POINT('',(65.,-44.0500008493662,187.666669900219));
#13289=CARTESIAN_POINT('',(80.,-44.0500008493662,187.666669900219));
#13290=CARTESIAN_POINT('Origin',(65.,-41.8000008493662,187.666669900219));
#13291=CARTESIAN_POINT('Origin',(80.,-57.0000008493662,173.000003233552));
#13292=CARTESIAN_POINT('',(-65.,-59.2500008493662,173.000003233552));
#13293=CARTESIAN_POINT('Origin',(-65.,-57.0000008493662,173.000003233552));
#13294=CARTESIAN_POINT('',(-80.,-59.2500008493662,173.000003233552));
#13295=CARTESIAN_POINT('',(80.,-59.2500008493662,173.000003233552));
#13296=CARTESIAN_POINT('Origin',(-80.,-57.0000008493662,173.000003233552));
#13297=CARTESIAN_POINT('Origin',(80.,-57.0000008493662,173.000003233552));
#13298=CARTESIAN_POINT('',(80.,-59.2500008493662,173.000003233552));
#13299=CARTESIAN_POINT('Origin',(80.,-57.0000008493662,173.000003233552));
#13300=CARTESIAN_POINT('',(65.,-59.2500008493662,173.000003233552));
#13301=CARTESIAN_POINT('',(80.,-59.2500008493662,173.000003233552));
#13302=CARTESIAN_POINT('Origin',(65.,-57.0000008493662,173.000003233552));
#13303=CARTESIAN_POINT('Origin',(80.,18.9999991506338,187.666669900219));
#13304=CARTESIAN_POINT('',(-65.,16.7499991506338,187.666669900219));
#13305=CARTESIAN_POINT('Origin',(-65.,18.9999991506338,187.666669900219));
#13306=CARTESIAN_POINT('',(-80.,16.7499991506338,187.666669900219));
#13307=CARTESIAN_POINT('',(80.,16.7499991506338,187.666669900219));
#13308=CARTESIAN_POINT('Origin',(-80.,18.9999991506338,187.666669900219));
#13309=CARTESIAN_POINT('Origin',(80.,18.9999991506338,187.666669900219));
#13310=CARTESIAN_POINT('',(80.,16.7499991506338,187.666669900219));
#13311=CARTESIAN_POINT('Origin',(80.,18.9999991506338,187.666669900219));
#13312=CARTESIAN_POINT('',(65.,16.7499991506338,187.666669900219));
#13313=CARTESIAN_POINT('',(80.,16.7499991506338,187.666669900219));
#13314=CARTESIAN_POINT('Origin',(65.,18.9999991506338,187.666669900219));
#13315=CARTESIAN_POINT('Origin',(80.,26.5999991506338,187.666669900219));
#13316=CARTESIAN_POINT('',(-65.,24.3499991506338,187.666669900219));
#13317=CARTESIAN_POINT('Origin',(-65.,26.5999991506338,187.666669900219));
#13318=CARTESIAN_POINT('',(-80.,24.3499991506338,187.666669900219));
#13319=CARTESIAN_POINT('',(80.,24.3499991506338,187.666669900219));
#13320=CARTESIAN_POINT('Origin',(-80.,26.5999991506338,187.666669900219));
#13321=CARTESIAN_POINT('Origin',(80.,26.5999991506338,187.666669900219));
#13322=CARTESIAN_POINT('',(80.,24.3499991506338,187.666669900219));
#13323=CARTESIAN_POINT('Origin',(80.,26.5999991506338,187.666669900219));
#13324=CARTESIAN_POINT('',(65.,24.3499991506338,187.666669900219));
#13325=CARTESIAN_POINT('',(80.,24.3499991506338,187.666669900219));
#13326=CARTESIAN_POINT('Origin',(65.,26.5999991506338,187.666669900219));
#13327=CARTESIAN_POINT('Origin',(80.,3.79999915063381,180.333336566885));
#13328=CARTESIAN_POINT('',(-65.,1.54999915063381,180.333336566885));
#13329=CARTESIAN_POINT('Origin',(-65.,3.79999915063381,180.333336566885));
#13330=CARTESIAN_POINT('',(-80.,1.54999915063381,180.333336566885));
#13331=CARTESIAN_POINT('',(80.,1.54999915063381,180.333336566885));
#13332=CARTESIAN_POINT('Origin',(-80.,3.79999915063381,180.333336566885));
#13333=CARTESIAN_POINT('Origin',(80.,3.79999915063381,180.333336566885));
#13334=CARTESIAN_POINT('',(80.,1.54999915063381,180.333336566885));
#13335=CARTESIAN_POINT('Origin',(80.,3.79999915063381,180.333336566885));
#13336=CARTESIAN_POINT('',(65.,1.54999915063381,180.333336566885));
#13337=CARTESIAN_POINT('',(80.,1.54999915063381,180.333336566885));
#13338=CARTESIAN_POINT('Origin',(65.,3.79999915063381,180.333336566885));
#13339=CARTESIAN_POINT('Origin',(80.,-41.8000008493662,173.000003233552));
#13340=CARTESIAN_POINT('',(-65.,-44.0500008493662,173.000003233552));
#13341=CARTESIAN_POINT('Origin',(-65.,-41.8000008493662,173.000003233552));
#13342=CARTESIAN_POINT('',(-80.,-44.0500008493662,173.000003233552));
#13343=CARTESIAN_POINT('',(80.,-44.0500008493662,173.000003233552));
#13344=CARTESIAN_POINT('Origin',(-80.,-41.8000008493662,173.000003233552));
#13345=CARTESIAN_POINT('Origin',(80.,-41.8000008493662,173.000003233552));
#13346=CARTESIAN_POINT('',(80.,-44.0500008493662,173.000003233552));
#13347=CARTESIAN_POINT('Origin',(80.,-41.8000008493662,173.000003233552));
#13348=CARTESIAN_POINT('',(65.,-44.0500008493662,173.000003233552));
#13349=CARTESIAN_POINT('',(80.,-44.0500008493662,173.000003233552));
#13350=CARTESIAN_POINT('Origin',(65.,-41.8000008493662,173.000003233552));
#13351=CARTESIAN_POINT('Origin',(80.,18.9999991506338,173.000003233552));
#13352=CARTESIAN_POINT('',(-65.,16.7499991506338,173.000003233552));
#13353=CARTESIAN_POINT('Origin',(-65.,18.9999991506338,173.000003233552));
#13354=CARTESIAN_POINT('',(-80.,16.7499991506338,173.000003233552));
#13355=CARTESIAN_POINT('',(80.,16.7499991506338,173.000003233552));
#13356=CARTESIAN_POINT('Origin',(-80.,18.9999991506338,173.000003233552));
#13357=CARTESIAN_POINT('Origin',(80.,18.9999991506338,173.000003233552));
#13358=CARTESIAN_POINT('',(80.,16.7499991506338,173.000003233552));
#13359=CARTESIAN_POINT('Origin',(80.,18.9999991506338,173.000003233552));
#13360=CARTESIAN_POINT('',(65.,16.7499991506338,173.000003233552));
#13361=CARTESIAN_POINT('',(80.,16.7499991506338,173.000003233552));
#13362=CARTESIAN_POINT('Origin',(65.,18.9999991506338,173.000003233552));
#13363=CARTESIAN_POINT('Origin',(-75.,75.,160.));
#13364=CARTESIAN_POINT('',(-80.,75.,230.));
#13365=CARTESIAN_POINT('',(-75.,80.,230.));
#13366=CARTESIAN_POINT('Origin',(-75.,75.,230.));
#13367=CARTESIAN_POINT('',(-75.,80.,160.));
#13368=CARTESIAN_POINT('',(-75.,80.,160.));
#13369=CARTESIAN_POINT('',(-80.,75.,160.));
#13370=CARTESIAN_POINT('Origin',(-75.,75.,160.));
#13371=CARTESIAN_POINT('',(-80.,75.,160.));
#13372=CARTESIAN_POINT('Origin',(-80.,80.,160.));
#13373=CARTESIAN_POINT('',(-80.,-75.,160.));
#13374=CARTESIAN_POINT('',(-80.,-80.,160.));
#13375=CARTESIAN_POINT('',(-80.,-75.,230.));
#13376=CARTESIAN_POINT('',(-80.,-75.,160.));
#13377=CARTESIAN_POINT('',(-80.,80.,230.));
#13378=CARTESIAN_POINT('Origin',(8.88178419700125E-15,0.,160.));
#13379=CARTESIAN_POINT('',(75.,80.,160.));
#13380=CARTESIAN_POINT('',(-80.,80.,160.));
#13381=CARTESIAN_POINT('',(80.,75.,160.));
#13382=CARTESIAN_POINT('Origin',(75.,75.,160.));
#13383=CARTESIAN_POINT('',(80.,-75.,160.));
#13384=CARTESIAN_POINT('',(80.,80.,160.));
#13385=CARTESIAN_POINT('',(75.,-80.,160.));
#13386=CARTESIAN_POINT('Origin',(75.,-75.,160.));
#13387=CARTESIAN_POINT('',(-75.,-80.,160.));
#13388=CARTESIAN_POINT('',(80.,-80.,160.));
#13389=CARTESIAN_POINT('Origin',(-75.,-75.,160.));
#13390=CARTESIAN_POINT('Origin',(75.,75.,160.));
#13391=CARTESIAN_POINT('',(75.,80.,230.));
#13392=CARTESIAN_POINT('',(80.,75.,230.));
#13393=CARTESIAN_POINT('Origin',(75.,75.,230.));
#13394=CARTESIAN_POINT('',(80.,75.,160.));
#13395=CARTESIAN_POINT('',(75.,80.,160.));
#13396=CARTESIAN_POINT('Origin',(80.,-80.,160.));
#13397=CARTESIAN_POINT('',(80.,-75.,230.));
#13398=CARTESIAN_POINT('',(80.,80.,230.));
#13399=CARTESIAN_POINT('',(80.,-75.,160.));
#13400=CARTESIAN_POINT('Origin',(72.5,0.,230.));
#13401=CARTESIAN_POINT('',(-75.,-80.,230.));
#13402=CARTESIAN_POINT('Origin',(-75.,-75.,230.));
#13403=CARTESIAN_POINT('',(75.,-80.,230.));
#13404=CARTESIAN_POINT('',(-80.,-80.,230.));
#13405=CARTESIAN_POINT('Origin',(75.,-75.,230.));
#13406=CARTESIAN_POINT('',(65.,80.,230.));
#13407=CARTESIAN_POINT('',(65.,80.,230.));
#13408=CARTESIAN_POINT('',(65.,-77.,230.));
#13409=CARTESIAN_POINT('',(65.,-80.,230.));
#13410=CARTESIAN_POINT('',(-65.,-77.,230.));
#13411=CARTESIAN_POINT('',(80.,-77.,230.));
#13412=CARTESIAN_POINT('',(-65.,80.,230.));
#13413=CARTESIAN_POINT('',(-65.,-80.,230.));
#13414=CARTESIAN_POINT('',(-65.,80.,230.));
#13415=CARTESIAN_POINT('Origin',(-75.,-75.,160.));
#13416=CARTESIAN_POINT('',(-75.,-80.,160.));
#13417=CARTESIAN_POINT('Origin',(-80.,-80.,160.));
#13418=CARTESIAN_POINT('',(75.,-80.,160.));
#13419=CARTESIAN_POINT('',(58.,-80.,165.));
#13420=CARTESIAN_POINT('',(40.,-80.,165.));
#13421=CARTESIAN_POINT('',(-11.,-80.,165.));
#13422=CARTESIAN_POINT('',(40.,-80.,220.));
#13423=CARTESIAN_POINT('',(40.,-80.,162.5));
#13424=CARTESIAN_POINT('',(58.,-80.,220.));
#13425=CARTESIAN_POINT('',(-20.,-80.,220.));
#13426=CARTESIAN_POINT('',(58.,-80.,190.));
#13427=CARTESIAN_POINT('',(-7.,-80.,165.));
#13428=CARTESIAN_POINT('',(-25.,-80.,165.));
#13429=CARTESIAN_POINT('',(-43.5,-80.,165.));
#13430=CARTESIAN_POINT('',(-25.,-80.,220.));
#13431=CARTESIAN_POINT('',(-25.,-80.,162.5));
#13432=CARTESIAN_POINT('',(-7.,-80.,220.));
#13433=CARTESIAN_POINT('',(-52.5,-80.,220.));
#13434=CARTESIAN_POINT('',(-7.,-80.,190.));
#13435=CARTESIAN_POINT('',(28.,-80.,165.));
#13436=CARTESIAN_POINT('',(10.,-80.,165.));
#13437=CARTESIAN_POINT('',(-26.,-80.,165.));
#13438=CARTESIAN_POINT('',(10.,-80.,220.));
#13439=CARTESIAN_POINT('',(10.,-80.,162.5));
#13440=CARTESIAN_POINT('',(28.,-80.,220.));
#13441=CARTESIAN_POINT('',(-35.,-80.,220.));
#13442=CARTESIAN_POINT('',(28.,-80.,190.));
#13443=CARTESIAN_POINT('',(-36.4956016300134,-80.,221.378874196743));
#13444=CARTESIAN_POINT('',(-36.4956016300134,-80.,165.));
#13445=CARTESIAN_POINT('',(-36.4956016300134,-80.,190.689437098372));
#13446=CARTESIAN_POINT('',(-55.4956016300134,-80.,165.));
#13447=CARTESIAN_POINT('',(-58.2478008150067,-80.,165.));
#13448=CARTESIAN_POINT('',(-55.4956016300134,-80.,221.378874196743));
#13449=CARTESIAN_POINT('',(-55.4956016300134,-80.,162.5));
#13450=CARTESIAN_POINT('',(-67.7478008150067,-80.,221.378874196743));
#13451=CARTESIAN_POINT('Origin',(75.,-75.,160.));
#13452=CARTESIAN_POINT('Origin',(-55.4956016300134,-80.,165.));
#13453=CARTESIAN_POINT('',(-55.4956016300134,-77.,221.378874196743));
#13454=CARTESIAN_POINT('',(-55.4956016300134,-77.,165.));
#13455=CARTESIAN_POINT('',(-55.4956016300134,-77.,180.));
#13456=CARTESIAN_POINT('',(-55.4956016300134,-80.,221.378874196743));
#13457=CARTESIAN_POINT('',(-55.4956016300134,-80.,165.));
#13458=CARTESIAN_POINT('Origin',(-36.4956016300134,-80.,165.));
#13459=CARTESIAN_POINT('',(-36.4956016300134,-77.,165.));
#13460=CARTESIAN_POINT('',(-18.2478008150067,-77.,165.));
#13461=CARTESIAN_POINT('',(-36.4956016300134,-80.,165.));
#13462=CARTESIAN_POINT('Origin',(-36.4956016300134,-80.,221.378874196743));
#13463=CARTESIAN_POINT('',(-36.4956016300134,-77.,221.378874196743));
#13464=CARTESIAN_POINT('',(-36.4956016300134,-77.,208.189437098372));
#13465=CARTESIAN_POINT('',(-36.4956016300134,-80.,221.378874196743));
#13466=CARTESIAN_POINT('Origin',(-55.4956016300134,-80.,221.378874196743));
#13467=CARTESIAN_POINT('',(-27.7478008150067,-77.,221.378874196743));
#13468=CARTESIAN_POINT('Origin',(10.,-80.,220.));
#13469=CARTESIAN_POINT('',(28.,-77.,220.));
#13470=CARTESIAN_POINT('',(10.,-77.,220.));
#13471=CARTESIAN_POINT('',(5.,-77.,220.));
#13472=CARTESIAN_POINT('',(28.,-80.,220.));
#13473=CARTESIAN_POINT('',(10.,-80.,220.));
#13474=CARTESIAN_POINT('Origin',(10.,-80.,165.));
#13475=CARTESIAN_POINT('',(10.,-77.,165.));
#13476=CARTESIAN_POINT('',(10.,-77.,180.));
#13477=CARTESIAN_POINT('',(10.,-80.,165.));
#13478=CARTESIAN_POINT('Origin',(28.,-80.,165.));
#13479=CARTESIAN_POINT('',(28.,-77.,165.));
#13480=CARTESIAN_POINT('',(14.,-77.,165.));
#13481=CARTESIAN_POINT('',(28.,-80.,165.));
#13482=CARTESIAN_POINT('Origin',(28.,-80.,220.));
#13483=CARTESIAN_POINT('',(28.,-77.,207.5));
#13484=CARTESIAN_POINT('Origin',(-25.,-80.,220.));
#13485=CARTESIAN_POINT('',(-7.,-77.,220.));
#13486=CARTESIAN_POINT('',(-25.,-77.,220.));
#13487=CARTESIAN_POINT('',(-12.5,-77.,220.));
#13488=CARTESIAN_POINT('',(-7.,-80.,220.));
#13489=CARTESIAN_POINT('',(-25.,-80.,220.));
#13490=CARTESIAN_POINT('Origin',(-25.,-80.,165.));
#13491=CARTESIAN_POINT('',(-25.,-77.,165.));
#13492=CARTESIAN_POINT('',(-25.,-77.,180.));
#13493=CARTESIAN_POINT('',(-25.,-80.,165.));
#13494=CARTESIAN_POINT('Origin',(-7.,-80.,165.));
#13495=CARTESIAN_POINT('',(-7.,-77.,165.));
#13496=CARTESIAN_POINT('',(-3.5,-77.,165.));
#13497=CARTESIAN_POINT('',(-7.,-80.,165.));
#13498=CARTESIAN_POINT('Origin',(-7.,-80.,220.));
#13499=CARTESIAN_POINT('',(-7.,-77.,207.5));
#13500=CARTESIAN_POINT('Origin',(40.,-80.,220.));
#13501=CARTESIAN_POINT('',(58.,-77.,220.));
#13502=CARTESIAN_POINT('',(40.,-77.,220.));
#13503=CARTESIAN_POINT('',(20.,-77.,220.));
#13504=CARTESIAN_POINT('',(58.,-80.,220.));
#13505=CARTESIAN_POINT('',(40.,-80.,220.));
#13506=CARTESIAN_POINT('Origin',(40.,-80.,165.));
#13507=CARTESIAN_POINT('',(40.,-77.,165.));
#13508=CARTESIAN_POINT('',(40.,-77.,180.));
#13509=CARTESIAN_POINT('',(40.,-80.,165.));
#13510=CARTESIAN_POINT('Origin',(58.,-80.,165.));
#13511=CARTESIAN_POINT('',(58.,-77.,165.));
#13512=CARTESIAN_POINT('',(29.,-77.,165.));
#13513=CARTESIAN_POINT('',(58.,-80.,165.));
#13514=CARTESIAN_POINT('Origin',(58.,-80.,220.));
#13515=CARTESIAN_POINT('',(58.,-77.,207.5));
#13516=CARTESIAN_POINT('Origin',(8.88178419700125E-15,-77.,195.));
#13517=CARTESIAN_POINT('',(65.,-77.,163.));
#13518=CARTESIAN_POINT('',(65.,-77.,177.5));
#13519=CARTESIAN_POINT('',(-65.,-77.,163.));
#13520=CARTESIAN_POINT('',(8.88178419700125E-15,-77.,163.));
#13521=CARTESIAN_POINT('',(-65.,-77.,177.5));
#13522=CARTESIAN_POINT('Origin',(65.,80.,160.));
#13523=CARTESIAN_POINT('',(65.,80.,163.));
#13524=CARTESIAN_POINT('',(65.,80.,160.));
#13525=CARTESIAN_POINT('',(65.,40.,163.));
#13526=CARTESIAN_POINT('Origin',(8.88178419700125E-15,0.,163.));
#13527=CARTESIAN_POINT('',(-65.,80.,163.));
#13528=CARTESIAN_POINT('',(-80.,80.,163.));
#13529=CARTESIAN_POINT('',(-65.,-40.,163.));
#13530=CARTESIAN_POINT('Origin',(-65.,-80.,160.));
#13531=CARTESIAN_POINT('',(-65.,80.,160.));
#13532=CARTESIAN_POINT('Origin',(80.,80.,160.));
#13533=UNCERTAINTY_MEASURE_WITH_UNIT(LENGTH_MEASURE(0.01),#13537,
'DISTANCE_ACCURACY_VALUE',
'Maximum model space distance between geometric entities at asserted c
onnectivities');
#13534=UNCERTAINTY_MEASURE_WITH_UNIT(LENGTH_MEASURE(0.01),#13537,
'DISTANCE_ACCURACY_VALUE',
'Maximum model space distance between geometric entities at asserted c
onnectivities');
#13535=(
GEOMETRIC_REPRESENTATION_CONTEXT(3)
GLOBAL_UNCERTAINTY_ASSIGNED_CONTEXT((#13533))
GLOBAL_UNIT_ASSIGNED_CONTEXT((#13537,#13539,#13540))
REPRESENTATION_CONTEXT('','3D')
);
#13536=(
GEOMETRIC_REPRESENTATION_CONTEXT(3)
GLOBAL_UNCERTAINTY_ASSIGNED_CONTEXT((#13534))
GLOBAL_UNIT_ASSIGNED_CONTEXT((#13537,#13539,#13540))
REPRESENTATION_CONTEXT('','3D')
);
#13537=(
LENGTH_UNIT()
NAMED_UNIT(*)
SI_UNIT(.MILLI.,.METRE.)
);
#13538=(
LENGTH_UNIT()
NAMED_UNIT(*)
SI_UNIT($,.METRE.)
);
#13539=(
NAMED_UNIT(*)
PLANE_ANGLE_UNIT()
SI_UNIT($,.RADIAN.)
);
#13540=(
NAMED_UNIT(*)
SI_UNIT($,.STERADIAN.)
SOLID_ANGLE_UNIT()
);
#13541=SHAPE_DEFINITION_REPRESENTATION(#13542,#13543);
#13542=PRODUCT_DEFINITION_SHAPE('',$,#13545);
#13543=SHAPE_REPRESENTATION('',(#8097),#13535);
#13544=PRODUCT_DEFINITION_CONTEXT('part definition',#13549,'design');
#13545=PRODUCT_DEFINITION('2026-02-16-19-43-52-010','pi-rack',#13546,#13544);
#13546=PRODUCT_DEFINITION_FORMATION('',$,#13551);
#13547=PRODUCT_RELATED_PRODUCT_CATEGORY('pi-rack','pi-rack',(#13551));
#13548=APPLICATION_PROTOCOL_DEFINITION('international standard',
'automotive_design',2009,#13549);
#13549=APPLICATION_CONTEXT(
'Core Data for Automotive Mechanical Design Process');
#13550=PRODUCT_CONTEXT('part definition',#13549,'mechanical');
#13551=PRODUCT('2026-02-16-19-43-52-010','pi-rack',$,(#13550));
#13552=PRESENTATION_STYLE_ASSIGNMENT((#13555));
#13553=PRESENTATION_STYLE_ASSIGNMENT((#13556));
#13554=PRESENTATION_STYLE_ASSIGNMENT((#13557));
#13555=SURFACE_STYLE_USAGE(.BOTH.,#13558);
#13556=SURFACE_STYLE_USAGE(.BOTH.,#13559);
#13557=SURFACE_STYLE_USAGE(.BOTH.,#13560);
#13558=SURFACE_SIDE_STYLE('',(#13561));
#13559=SURFACE_SIDE_STYLE('',(#13562));
#13560=SURFACE_SIDE_STYLE('',(#13563));
#13561=SURFACE_STYLE_FILL_AREA(#13564);
#13562=SURFACE_STYLE_FILL_AREA(#13565);
#13563=SURFACE_STYLE_FILL_AREA(#13566);
#13564=FILL_AREA_STYLE('Steel - Satin',(#13567));
#13565=FILL_AREA_STYLE('EPX 86FR (with Carbon M2 M3 L1 3D Printers)',(#13568));
#13566=FILL_AREA_STYLE('Tough 2000 (with Formlabs SLA 3D Printers)',(#13569));
#13567=FILL_AREA_STYLE_COLOUR('Steel - Satin',#13570);
#13568=FILL_AREA_STYLE_COLOUR(
'EPX 86FR (with Carbon M2 M3 L1 3D Printers)',#13571);
#13569=FILL_AREA_STYLE_COLOUR(
'Tough 2000 (with Formlabs SLA 3D Printers)',#13572);
#13570=COLOUR_RGB('Steel - Satin',0.627450980392157,0.627450980392157,0.627450980392157);
#13571=COLOUR_RGB('EPX 86FR (with Carbon M2 M3 L1 3D Printers)',0.247058823529412,
0.247058823529412,0.247058823529412);
#13572=COLOUR_RGB('Tough 2000 (with Formlabs SLA 3D Printers)',0.247058823529412,
0.247058823529412,0.247058823529412);
ENDSEC;
END-ISO-10303-21;
