ISO-10303-21;
HEADER;
/* Generated by software containing ST-Developer
 * from STEP Tools, Inc. (www.steptools.com) 
 */

FILE_DESCRIPTION(
/* description */ (''),
/* implementation_level */ '2;1');

FILE_NAME(
/* name */ 'top-with-handles.step',
/* time_stamp */ '2026-04-21T22:20:18+05:30',
/* author */ (''),
/* organization */ (''),
/* preprocessor_version */ 'ST-DEVELOPER v20.1',
/* originating_system */ 'Autodesk Translation Framework v14.24.0.0',
/* authorisation */ '');

FILE_SCHEMA (('AUTOMOTIVE_DESIGN { 1 0 10303 214 3 1 1 }'));
ENDSEC;

DATA;
#10=MECHANICAL_DESIGN_GEOMETRIC_PRESENTATION_REPRESENTATION('',(#13,#14,
#15),#4420);
#11=SHAPE_REPRESENTATION_RELATIONSHIP('SRR','None',#4427,#12);
#12=ADVANCED_BREP_SHAPE_REPRESENTATION('',(#16,#17,#18),#4419);
#13=STYLED_ITEM('',(#4437),#16);
#14=STYLED_ITEM('',(#4436),#17);
#15=STYLED_ITEM('',(#4436),#18);
#16=MANIFOLD_SOLID_BREP('top-with-handles',#2571);
#17=MANIFOLD_SOLID_BREP('Body2',#2572);
#18=MANIFOLD_SOLID_BREP('Body3',#2573);
#19=SPHERICAL_SURFACE('',#2695,5.);
#20=SPHERICAL_SURFACE('',#2704,5.);
#21=SPHERICAL_SURFACE('',#2747,5.);
#22=SPHERICAL_SURFACE('',#2753,5.);
#23=SPHERICAL_SURFACE('',#2759,5.);
#24=SPHERICAL_SURFACE('',#2766,5.);
#25=B_SPLINE_CURVE_WITH_KNOTS('',3,(#3938,#3939,#3940,#3941,#3942,#3943,
#3944,#3945,#3946,#3947),.UNSPECIFIED.,.F.,.F.,(4,2,2,2,4),(0.,0.457679889522107,
1.35317700114316,2.74350277259941,2.75259517491212),.UNSPECIFIED.);
#26=B_SPLINE_SURFACE_WITH_KNOTS('',3,3,((#3894,#3895,#3896,#3897,#3898,
#3899,#3900),(#3901,#3902,#3903,#3904,#3905,#3906,#3907),(#3908,#3909,#3910,
#3911,#3912,#3913,#3914),(#3915,#3916,#3917,#3918,#3919,#3920,#3921),(#3922,
#3923,#3924,#3925,#3926,#3927,#3928),(#3929,#3930,#3931,#3932,#3933,#3934,
#3935)),.UNSPECIFIED.,.F.,.F.,.F.,(4,1,1,4),(4,1,1,1,4),(0.,0.285714285714286,
0.571428571428571,1.),(1.11022302462516E-16,0.448798950512828,0.897597901025656,
1.23419711391028,1.5707963267949),.UNSPECIFIED.);
#27=ELLIPSE('',#2669,6.16338756954306,5.);
#28=ELLIPSE('',#2674,30.4138126514911,5.);
#29=ELLIPSE('',#2675,31.6227766016838,10.);
#30=ELLIPSE('',#2679,6.16338756954305,5.);
#31=ELLIPSE('',#2682,5.06540728616595,5.);
#32=ELLIPSE('',#2684,6.16338756954306,5.);
#33=ELLIPSE('',#2686,6.16338756954305,5.);
#34=ELLIPSE('',#2688,5.06540728616596,5.);
#35=ELLIPSE('',#2694,7.07106781186548,5.);
#36=ELLIPSE('',#2703,7.07106781186548,5.);
#37=ELLIPSE('',#2717,5.06540728616595,5.);
#38=ELLIPSE('',#2719,6.16338756954306,5.);
#39=ELLIPSE('',#2724,5.06540728616594,5.);
#40=ELLIPSE('',#2726,6.16338756954307,5.);
#41=ELLIPSE('',#2733,5.06540728616594,5.);
#42=ELLIPSE('',#2735,6.16338756954307,5.);
#43=ELLIPSE('',#2737,6.16338756954306,5.);
#44=ELLIPSE('',#2739,5.06540728616595,5.);
#45=TOROIDAL_SURFACE('',#2663,10.,5.);
#46=FACE_BOUND('',#389,.T.);
#47=FACE_BOUND('',#394,.T.);
#48=FACE_BOUND('',#400,.T.);
#49=FACE_BOUND('',#405,.T.);
#50=FACE_BOUND('',#445,.T.);
#51=FACE_BOUND('',#446,.T.);
#52=FACE_BOUND('',#451,.T.);
#53=FACE_BOUND('',#481,.T.);
#54=FACE_BOUND('',#483,.T.);
#55=FACE_BOUND('',#484,.T.);
#56=FACE_BOUND('',#500,.T.);
#57=FACE_BOUND('',#505,.T.);
#58=FACE_BOUND('',#518,.T.);
#59=FACE_BOUND('',#523,.T.);
#60=CIRCLE('',#2589,1.99999999999999);
#61=CIRCLE('',#2590,1.99999999999999);
#62=CIRCLE('',#2593,1.99999999999998);
#63=CIRCLE('',#2594,1.99999999999998);
#64=CIRCLE('',#2597,1.99999999999998);
#65=CIRCLE('',#2598,1.99999999999998);
#66=CIRCLE('',#2601,1.99999999999999);
#67=CIRCLE('',#2602,1.99999999999999);
#68=CIRCLE('',#2605,1.99999999999998);
#69=CIRCLE('',#2606,1.99999999999998);
#70=CIRCLE('',#2609,1.99999999999999);
#71=CIRCLE('',#2610,1.99999999999999);
#72=CIRCLE('',#2613,2.5);
#73=CIRCLE('',#2614,2.5);
#74=CIRCLE('',#2617,1.99999999999998);
#75=CIRCLE('',#2618,1.99999999999998);
#76=CIRCLE('',#2621,1.00000000000001);
#77=CIRCLE('',#2622,1.00000000000001);
#78=CIRCLE('',#2625,1.00000000000001);
#79=CIRCLE('',#2626,1.00000000000001);
#80=CIRCLE('',#2629,1.00000000000001);
#81=CIRCLE('',#2630,1.00000000000001);
#82=CIRCLE('',#2633,1.00000000000001);
#83=CIRCLE('',#2634,1.00000000000001);
#84=CIRCLE('',#2638,1.00000000000001);
#85=CIRCLE('',#2639,1.00000000000001);
#86=CIRCLE('',#2642,1.00000000000001);
#87=CIRCLE('',#2643,1.00000000000001);
#88=CIRCLE('',#2646,1.00000000000001);
#89=CIRCLE('',#2647,1.00000000000001);
#90=CIRCLE('',#2650,1.00000000000001);
#91=CIRCLE('',#2651,1.00000000000001);
#92=CIRCLE('',#2664,4.99999999999999);
#93=CIRCLE('',#2665,5.);
#94=CIRCLE('',#2666,9.99999999999999);
#95=CIRCLE('',#2667,5.);
#96=CIRCLE('',#2671,5.);
#97=CIRCLE('',#2673,5.);
#98=CIRCLE('',#2681,5.);
#99=CIRCLE('',#2690,5.);
#100=CIRCLE('',#2693,5.);
#101=CIRCLE('',#2696,5.);
#102=CIRCLE('',#2697,5.);
#103=CIRCLE('',#2698,5.);
#104=CIRCLE('',#2700,5.);
#105=CIRCLE('',#2702,5.);
#106=CIRCLE('',#2705,5.);
#107=CIRCLE('',#2706,5.);
#108=CIRCLE('',#2707,5.);
#109=CIRCLE('',#2709,5.);
#110=CIRCLE('',#2716,5.);
#111=CIRCLE('',#2723,5.);
#112=CIRCLE('',#2732,5.);
#113=CIRCLE('',#2741,5.);
#114=CIRCLE('',#2748,5.);
#115=CIRCLE('',#2749,5.);
#116=CIRCLE('',#2750,5.);
#117=CIRCLE('',#2752,5.);
#118=CIRCLE('',#2754,5.);
#119=CIRCLE('',#2755,5.);
#120=CIRCLE('',#2756,5.);
#121=CIRCLE('',#2758,5.);
#122=CIRCLE('',#2760,5.);
#123=CIRCLE('',#2761,5.);
#124=CIRCLE('',#2762,5.);
#125=CIRCLE('',#2764,5.);
#126=CIRCLE('',#2767,5.);
#127=CIRCLE('',#2768,5.);
#128=CIRCLE('',#2769,5.);
#129=CIRCLE('',#2771,5.);
#130=CIRCLE('',#2783,1.99999999999999);
#131=CIRCLE('',#2784,1.99999999999999);
#132=CIRCLE('',#2787,1.99999999999998);
#133=CIRCLE('',#2788,1.99999999999998);
#134=CIRCLE('',#2791,1.99999999999999);
#135=CIRCLE('',#2792,1.99999999999999);
#136=CIRCLE('',#2795,1.99999999999998);
#137=CIRCLE('',#2796,1.99999999999998);
#138=CIRCLE('',#2799,1.00000000000001);
#139=CIRCLE('',#2800,1.00000000000001);
#140=CIRCLE('',#2803,1.00000000000001);
#141=CIRCLE('',#2804,1.00000000000001);
#142=CIRCLE('',#2807,1.00000000000001);
#143=CIRCLE('',#2808,1.00000000000001);
#144=CIRCLE('',#2811,1.00000000000001);
#145=CIRCLE('',#2812,1.00000000000001);
#146=CIRCLE('',#2817,1.99999999999998);
#147=CIRCLE('',#2818,1.99999999999998);
#148=CIRCLE('',#2821,2.5);
#149=CIRCLE('',#2822,2.5);
#150=CIRCLE('',#2825,1.99999999999998);
#151=CIRCLE('',#2826,1.99999999999998);
#152=CIRCLE('',#2829,1.99999999999999);
#153=CIRCLE('',#2830,1.99999999999999);
#154=CIRCLE('',#2833,1.00000000000001);
#155=CIRCLE('',#2834,1.00000000000001);
#156=CIRCLE('',#2837,1.00000000000001);
#157=CIRCLE('',#2838,1.00000000000001);
#158=CIRCLE('',#2841,1.00000000000001);
#159=CIRCLE('',#2842,1.00000000000001);
#160=CIRCLE('',#2845,1.00000000000001);
#161=CIRCLE('',#2846,1.00000000000001);
#162=CYLINDRICAL_SURFACE('',#2588,1.99999999999999);
#163=CYLINDRICAL_SURFACE('',#2592,1.99999999999998);
#164=CYLINDRICAL_SURFACE('',#2596,1.99999999999998);
#165=CYLINDRICAL_SURFACE('',#2600,1.99999999999999);
#166=CYLINDRICAL_SURFACE('',#2604,1.99999999999998);
#167=CYLINDRICAL_SURFACE('',#2608,1.99999999999999);
#168=CYLINDRICAL_SURFACE('',#2612,2.5);
#169=CYLINDRICAL_SURFACE('',#2616,1.99999999999998);
#170=CYLINDRICAL_SURFACE('',#2620,1.00000000000001);
#171=CYLINDRICAL_SURFACE('',#2624,1.00000000000001);
#172=CYLINDRICAL_SURFACE('',#2628,1.00000000000001);
#173=CYLINDRICAL_SURFACE('',#2632,1.00000000000001);
#174=CYLINDRICAL_SURFACE('',#2637,1.00000000000001);
#175=CYLINDRICAL_SURFACE('',#2641,1.00000000000001);
#176=CYLINDRICAL_SURFACE('',#2645,1.00000000000001);
#177=CYLINDRICAL_SURFACE('',#2649,1.00000000000001);
#178=CYLINDRICAL_SURFACE('',#2668,5.);
#179=CYLINDRICAL_SURFACE('',#2670,5.);
#180=CYLINDRICAL_SURFACE('',#2672,5.);
#181=CYLINDRICAL_SURFACE('',#2678,5.);
#182=CYLINDRICAL_SURFACE('',#2680,5.);
#183=CYLINDRICAL_SURFACE('',#2683,5.);
#184=CYLINDRICAL_SURFACE('',#2685,5.);
#185=CYLINDRICAL_SURFACE('',#2687,5.);
#186=CYLINDRICAL_SURFACE('',#2689,5.);
#187=CYLINDRICAL_SURFACE('',#2692,5.);
#188=CYLINDRICAL_SURFACE('',#2699,5.);
#189=CYLINDRICAL_SURFACE('',#2701,5.);
#190=CYLINDRICAL_SURFACE('',#2708,5.);
#191=CYLINDRICAL_SURFACE('',#2710,5.);
#192=CYLINDRICAL_SURFACE('',#2711,5.);
#193=CYLINDRICAL_SURFACE('',#2712,5.);
#194=CYLINDRICAL_SURFACE('',#2715,5.);
#195=CYLINDRICAL_SURFACE('',#2718,5.);
#196=CYLINDRICAL_SURFACE('',#2720,5.);
#197=CYLINDRICAL_SURFACE('',#2722,5.);
#198=CYLINDRICAL_SURFACE('',#2725,5.);
#199=CYLINDRICAL_SURFACE('',#2727,5.);
#200=CYLINDRICAL_SURFACE('',#2731,5.);
#201=CYLINDRICAL_SURFACE('',#2734,5.);
#202=CYLINDRICAL_SURFACE('',#2736,5.);
#203=CYLINDRICAL_SURFACE('',#2738,5.);
#204=CYLINDRICAL_SURFACE('',#2740,5.);
#205=CYLINDRICAL_SURFACE('',#2751,5.);
#206=CYLINDRICAL_SURFACE('',#2757,5.);
#207=CYLINDRICAL_SURFACE('',#2763,5.);
#208=CYLINDRICAL_SURFACE('',#2765,5.);
#209=CYLINDRICAL_SURFACE('',#2770,5.);
#210=CYLINDRICAL_SURFACE('',#2772,5.);
#211=CYLINDRICAL_SURFACE('',#2773,5.);
#212=CYLINDRICAL_SURFACE('',#2774,5.);
#213=CYLINDRICAL_SURFACE('',#2782,1.99999999999999);
#214=CYLINDRICAL_SURFACE('',#2786,1.99999999999998);
#215=CYLINDRICAL_SURFACE('',#2790,1.99999999999999);
#216=CYLINDRICAL_SURFACE('',#2794,1.99999999999998);
#217=CYLINDRICAL_SURFACE('',#2798,1.00000000000001);
#218=CYLINDRICAL_SURFACE('',#2802,1.00000000000001);
#219=CYLINDRICAL_SURFACE('',#2806,1.00000000000001);
#220=CYLINDRICAL_SURFACE('',#2810,1.00000000000001);
#221=CYLINDRICAL_SURFACE('',#2816,1.99999999999998);
#222=CYLINDRICAL_SURFACE('',#2820,2.5);
#223=CYLINDRICAL_SURFACE('',#2824,1.99999999999998);
#224=CYLINDRICAL_SURFACE('',#2828,1.99999999999999);
#225=CYLINDRICAL_SURFACE('',#2832,1.00000000000001);
#226=CYLINDRICAL_SURFACE('',#2836,1.00000000000001);
#227=CYLINDRICAL_SURFACE('',#2840,1.00000000000001);
#228=CYLINDRICAL_SURFACE('',#2844,1.00000000000001);
#229=FACE_OUTER_BOUND('',#372,.T.);
#230=FACE_OUTER_BOUND('',#373,.T.);
#231=FACE_OUTER_BOUND('',#374,.T.);
#232=FACE_OUTER_BOUND('',#375,.T.);
#233=FACE_OUTER_BOUND('',#376,.T.);
#234=FACE_OUTER_BOUND('',#377,.T.);
#235=FACE_OUTER_BOUND('',#378,.T.);
#236=FACE_OUTER_BOUND('',#379,.T.);
#237=FACE_OUTER_BOUND('',#380,.T.);
#238=FACE_OUTER_BOUND('',#381,.T.);
#239=FACE_OUTER_BOUND('',#382,.T.);
#240=FACE_OUTER_BOUND('',#383,.T.);
#241=FACE_OUTER_BOUND('',#384,.T.);
#242=FACE_OUTER_BOUND('',#385,.T.);
#243=FACE_OUTER_BOUND('',#386,.T.);
#244=FACE_OUTER_BOUND('',#387,.T.);
#245=FACE_OUTER_BOUND('',#388,.T.);
#246=FACE_OUTER_BOUND('',#390,.T.);
#247=FACE_OUTER_BOUND('',#391,.T.);
#248=FACE_OUTER_BOUND('',#392,.T.);
#249=FACE_OUTER_BOUND('',#393,.T.);
#250=FACE_OUTER_BOUND('',#395,.T.);
#251=FACE_OUTER_BOUND('',#396,.T.);
#252=FACE_OUTER_BOUND('',#397,.T.);
#253=FACE_OUTER_BOUND('',#398,.T.);
#254=FACE_OUTER_BOUND('',#399,.T.);
#255=FACE_OUTER_BOUND('',#401,.T.);
#256=FACE_OUTER_BOUND('',#402,.T.);
#257=FACE_OUTER_BOUND('',#403,.T.);
#258=FACE_OUTER_BOUND('',#404,.T.);
#259=FACE_OUTER_BOUND('',#406,.T.);
#260=FACE_OUTER_BOUND('',#407,.T.);
#261=FACE_OUTER_BOUND('',#408,.T.);
#262=FACE_OUTER_BOUND('',#409,.T.);
#263=FACE_OUTER_BOUND('',#410,.T.);
#264=FACE_OUTER_BOUND('',#411,.T.);
#265=FACE_OUTER_BOUND('',#412,.T.);
#266=FACE_OUTER_BOUND('',#413,.T.);
#267=FACE_OUTER_BOUND('',#414,.T.);
#268=FACE_OUTER_BOUND('',#415,.T.);
#269=FACE_OUTER_BOUND('',#416,.T.);
#270=FACE_OUTER_BOUND('',#417,.T.);
#271=FACE_OUTER_BOUND('',#418,.T.);
#272=FACE_OUTER_BOUND('',#419,.T.);
#273=FACE_OUTER_BOUND('',#420,.T.);
#274=FACE_OUTER_BOUND('',#421,.T.);
#275=FACE_OUTER_BOUND('',#422,.T.);
#276=FACE_OUTER_BOUND('',#423,.T.);
#277=FACE_OUTER_BOUND('',#424,.T.);
#278=FACE_OUTER_BOUND('',#425,.T.);
#279=FACE_OUTER_BOUND('',#426,.T.);
#280=FACE_OUTER_BOUND('',#427,.T.);
#281=FACE_OUTER_BOUND('',#428,.T.);
#282=FACE_OUTER_BOUND('',#429,.T.);
#283=FACE_OUTER_BOUND('',#430,.T.);
#284=FACE_OUTER_BOUND('',#431,.T.);
#285=FACE_OUTER_BOUND('',#432,.T.);
#286=FACE_OUTER_BOUND('',#433,.T.);
#287=FACE_OUTER_BOUND('',#434,.T.);
#288=FACE_OUTER_BOUND('',#435,.T.);
#289=FACE_OUTER_BOUND('',#436,.T.);
#290=FACE_OUTER_BOUND('',#437,.T.);
#291=FACE_OUTER_BOUND('',#438,.T.);
#292=FACE_OUTER_BOUND('',#439,.T.);
#293=FACE_OUTER_BOUND('',#440,.T.);
#294=FACE_OUTER_BOUND('',#441,.T.);
#295=FACE_OUTER_BOUND('',#442,.T.);
#296=FACE_OUTER_BOUND('',#443,.T.);
#297=FACE_OUTER_BOUND('',#444,.T.);
#298=FACE_OUTER_BOUND('',#447,.T.);
#299=FACE_OUTER_BOUND('',#448,.T.);
#300=FACE_OUTER_BOUND('',#449,.T.);
#301=FACE_OUTER_BOUND('',#450,.T.);
#302=FACE_OUTER_BOUND('',#452,.T.);
#303=FACE_OUTER_BOUND('',#453,.T.);
#304=FACE_OUTER_BOUND('',#454,.T.);
#305=FACE_OUTER_BOUND('',#455,.T.);
#306=FACE_OUTER_BOUND('',#456,.T.);
#307=FACE_OUTER_BOUND('',#457,.T.);
#308=FACE_OUTER_BOUND('',#458,.T.);
#309=FACE_OUTER_BOUND('',#459,.T.);
#310=FACE_OUTER_BOUND('',#460,.T.);
#311=FACE_OUTER_BOUND('',#461,.T.);
#312=FACE_OUTER_BOUND('',#462,.T.);
#313=FACE_OUTER_BOUND('',#463,.T.);
#314=FACE_OUTER_BOUND('',#464,.T.);
#315=FACE_OUTER_BOUND('',#465,.T.);
#316=FACE_OUTER_BOUND('',#466,.T.);
#317=FACE_OUTER_BOUND('',#467,.T.);
#318=FACE_OUTER_BOUND('',#468,.T.);
#319=FACE_OUTER_BOUND('',#469,.T.);
#320=FACE_OUTER_BOUND('',#470,.T.);
#321=FACE_OUTER_BOUND('',#471,.T.);
#322=FACE_OUTER_BOUND('',#472,.T.);
#323=FACE_OUTER_BOUND('',#473,.T.);
#324=FACE_OUTER_BOUND('',#474,.T.);
#325=FACE_OUTER_BOUND('',#475,.T.);
#326=FACE_OUTER_BOUND('',#476,.T.);
#327=FACE_OUTER_BOUND('',#477,.T.);
#328=FACE_OUTER_BOUND('',#478,.T.);
#329=FACE_OUTER_BOUND('',#479,.T.);
#330=FACE_OUTER_BOUND('',#480,.T.);
#331=FACE_OUTER_BOUND('',#482,.T.);
#332=FACE_OUTER_BOUND('',#485,.T.);
#333=FACE_OUTER_BOUND('',#486,.T.);
#334=FACE_OUTER_BOUND('',#487,.T.);
#335=FACE_OUTER_BOUND('',#488,.T.);
#336=FACE_OUTER_BOUND('',#489,.T.);
#337=FACE_OUTER_BOUND('',#490,.T.);
#338=FACE_OUTER_BOUND('',#491,.T.);
#339=FACE_OUTER_BOUND('',#492,.T.);
#340=FACE_OUTER_BOUND('',#493,.T.);
#341=FACE_OUTER_BOUND('',#494,.T.);
#342=FACE_OUTER_BOUND('',#495,.T.);
#343=FACE_OUTER_BOUND('',#496,.T.);
#344=FACE_OUTER_BOUND('',#497,.T.);
#345=FACE_OUTER_BOUND('',#498,.T.);
#346=FACE_OUTER_BOUND('',#499,.T.);
#347=FACE_OUTER_BOUND('',#501,.T.);
#348=FACE_OUTER_BOUND('',#502,.T.);
#349=FACE_OUTER_BOUND('',#503,.T.);
#350=FACE_OUTER_BOUND('',#504,.T.);
#351=FACE_OUTER_BOUND('',#506,.T.);
#352=FACE_OUTER_BOUND('',#507,.T.);
#353=FACE_OUTER_BOUND('',#508,.T.);
#354=FACE_OUTER_BOUND('',#509,.T.);
#355=FACE_OUTER_BOUND('',#510,.T.);
#356=FACE_OUTER_BOUND('',#511,.T.);
#357=FACE_OUTER_BOUND('',#512,.T.);
#358=FACE_OUTER_BOUND('',#513,.T.);
#359=FACE_OUTER_BOUND('',#514,.T.);
#360=FACE_OUTER_BOUND('',#515,.T.);
#361=FACE_OUTER_BOUND('',#516,.T.);
#362=FACE_OUTER_BOUND('',#517,.T.);
#363=FACE_OUTER_BOUND('',#519,.T.);
#364=FACE_OUTER_BOUND('',#520,.T.);
#365=FACE_OUTER_BOUND('',#521,.T.);
#366=FACE_OUTER_BOUND('',#522,.T.);
#367=FACE_OUTER_BOUND('',#524,.T.);
#368=FACE_OUTER_BOUND('',#525,.T.);
#369=FACE_OUTER_BOUND('',#526,.T.);
#370=FACE_OUTER_BOUND('',#527,.T.);
#371=FACE_OUTER_BOUND('',#528,.T.);
#372=EDGE_LOOP('',(#1624,#1625,#1626,#1627));
#373=EDGE_LOOP('',(#1628,#1629,#1630,#1631));
#374=EDGE_LOOP('',(#1632,#1633,#1634,#1635));
#375=EDGE_LOOP('',(#1636,#1637,#1638,#1639));
#376=EDGE_LOOP('',(#1640,#1641,#1642,#1643));
#377=EDGE_LOOP('',(#1644,#1645,#1646,#1647));
#378=EDGE_LOOP('',(#1648,#1649,#1650,#1651));
#379=EDGE_LOOP('',(#1652,#1653,#1654,#1655));
#380=EDGE_LOOP('',(#1656,#1657,#1658,#1659));
#381=EDGE_LOOP('',(#1660,#1661,#1662,#1663));
#382=EDGE_LOOP('',(#1664,#1665,#1666,#1667));
#383=EDGE_LOOP('',(#1668,#1669,#1670,#1671));
#384=EDGE_LOOP('',(#1672,#1673,#1674,#1675));
#385=EDGE_LOOP('',(#1676,#1677,#1678,#1679));
#386=EDGE_LOOP('',(#1680,#1681,#1682,#1683));
#387=EDGE_LOOP('',(#1684,#1685,#1686,#1687));
#388=EDGE_LOOP('',(#1688,#1689,#1690,#1691));
#389=EDGE_LOOP('',(#1692,#1693,#1694,#1695,#1696,#1697,#1698,#1699));
#390=EDGE_LOOP('',(#1700,#1701,#1702,#1703));
#391=EDGE_LOOP('',(#1704,#1705,#1706,#1707));
#392=EDGE_LOOP('',(#1708,#1709,#1710,#1711));
#393=EDGE_LOOP('',(#1712,#1713,#1714,#1715));
#394=EDGE_LOOP('',(#1716,#1717,#1718,#1719,#1720,#1721,#1722,#1723));
#395=EDGE_LOOP('',(#1724,#1725,#1726,#1727));
#396=EDGE_LOOP('',(#1728,#1729,#1730,#1731));
#397=EDGE_LOOP('',(#1732,#1733,#1734,#1735));
#398=EDGE_LOOP('',(#1736,#1737,#1738,#1739,#1740,#1741,#1742,#1743));
#399=EDGE_LOOP('',(#1744,#1745,#1746,#1747));
#400=EDGE_LOOP('',(#1748,#1749,#1750,#1751,#1752,#1753,#1754,#1755));
#401=EDGE_LOOP('',(#1756,#1757,#1758,#1759));
#402=EDGE_LOOP('',(#1760,#1761,#1762,#1763));
#403=EDGE_LOOP('',(#1764,#1765,#1766,#1767));
#404=EDGE_LOOP('',(#1768,#1769,#1770,#1771));
#405=EDGE_LOOP('',(#1772,#1773,#1774,#1775,#1776,#1777,#1778,#1779));
#406=EDGE_LOOP('',(#1780,#1781,#1782,#1783));
#407=EDGE_LOOP('',(#1784,#1785,#1786,#1787));
#408=EDGE_LOOP('',(#1788,#1789,#1790,#1791));
#409=EDGE_LOOP('',(#1792,#1793,#1794,#1795,#1796,#1797,#1798,#1799));
#410=EDGE_LOOP('',(#1800,#1801,#1802,#1803));
#411=EDGE_LOOP('',(#1804,#1805,#1806,#1807));
#412=EDGE_LOOP('',(#1808,#1809,#1810,#1811));
#413=EDGE_LOOP('',(#1812,#1813,#1814,#1815));
#414=EDGE_LOOP('',(#1816,#1817,#1818,#1819));
#415=EDGE_LOOP('',(#1820,#1821,#1822,#1823));
#416=EDGE_LOOP('',(#1824,#1825,#1826,#1827));
#417=EDGE_LOOP('',(#1828,#1829,#1830,#1831));
#418=EDGE_LOOP('',(#1832,#1833,#1834,#1835));
#419=EDGE_LOOP('',(#1836,#1837,#1838,#1839));
#420=EDGE_LOOP('',(#1840,#1841,#1842,#1843));
#421=EDGE_LOOP('',(#1844,#1845,#1846,#1847));
#422=EDGE_LOOP('',(#1848,#1849,#1850,#1851));
#423=EDGE_LOOP('',(#1852,#1853,#1854,#1855));
#424=EDGE_LOOP('',(#1856,#1857,#1858,#1859));
#425=EDGE_LOOP('',(#1860,#1861,#1862,#1863,#1864,#1865,#1866,#1867,#1868,
#1869,#1870));
#426=EDGE_LOOP('',(#1871,#1872,#1873,#1874));
#427=EDGE_LOOP('',(#1875,#1876,#1877,#1878));
#428=EDGE_LOOP('',(#1879,#1880,#1881,#1882));
#429=EDGE_LOOP('',(#1883,#1884,#1885,#1886));
#430=EDGE_LOOP('',(#1887,#1888,#1889,#1890));
#431=EDGE_LOOP('',(#1891,#1892,#1893,#1894));
#432=EDGE_LOOP('',(#1895,#1896,#1897,#1898));
#433=EDGE_LOOP('',(#1899,#1900,#1901,#1902,#1903,#1904,#1905,#1906,#1907,
#1908));
#434=EDGE_LOOP('',(#1909,#1910,#1911,#1912));
#435=EDGE_LOOP('',(#1913,#1914,#1915));
#436=EDGE_LOOP('',(#1916,#1917,#1918,#1919));
#437=EDGE_LOOP('',(#1920,#1921,#1922,#1923));
#438=EDGE_LOOP('',(#1924,#1925,#1926));
#439=EDGE_LOOP('',(#1927,#1928,#1929,#1930));
#440=EDGE_LOOP('',(#1931,#1932,#1933,#1934));
#441=EDGE_LOOP('',(#1935,#1936,#1937,#1938));
#442=EDGE_LOOP('',(#1939,#1940,#1941,#1942));
#443=EDGE_LOOP('',(#1943,#1944,#1945,#1946));
#444=EDGE_LOOP('',(#1947,#1948,#1949,#1950,#1951,#1952,#1953,#1954));
#445=EDGE_LOOP('',(#1955,#1956,#1957,#1958,#1959,#1960,#1961,#1962));
#446=EDGE_LOOP('',(#1963,#1964,#1965,#1966,#1967,#1968,#1969,#1970));
#447=EDGE_LOOP('',(#1971,#1972,#1973,#1974));
#448=EDGE_LOOP('',(#1975,#1976,#1977,#1978));
#449=EDGE_LOOP('',(#1979,#1980,#1981,#1982));
#450=EDGE_LOOP('',(#1983,#1984,#1985,#1986));
#451=EDGE_LOOP('',(#1987,#1988,#1989,#1990,#1991,#1992,#1993));
#452=EDGE_LOOP('',(#1994,#1995,#1996,#1997));
#453=EDGE_LOOP('',(#1998,#1999,#2000,#2001));
#454=EDGE_LOOP('',(#2002,#2003,#2004,#2005));
#455=EDGE_LOOP('',(#2006,#2007,#2008,#2009));
#456=EDGE_LOOP('',(#2010,#2011,#2012,#2013));
#457=EDGE_LOOP('',(#2014,#2015,#2016,#2017));
#458=EDGE_LOOP('',(#2018,#2019,#2020,#2021));
#459=EDGE_LOOP('',(#2022,#2023,#2024,#2025));
#460=EDGE_LOOP('',(#2026,#2027,#2028,#2029));
#461=EDGE_LOOP('',(#2030,#2031,#2032,#2033));
#462=EDGE_LOOP('',(#2034,#2035,#2036,#2037));
#463=EDGE_LOOP('',(#2038,#2039,#2040,#2041));
#464=EDGE_LOOP('',(#2042,#2043,#2044,#2045));
#465=EDGE_LOOP('',(#2046,#2047,#2048,#2049));
#466=EDGE_LOOP('',(#2050,#2051,#2052,#2053));
#467=EDGE_LOOP('',(#2054,#2055,#2056,#2057));
#468=EDGE_LOOP('',(#2058,#2059,#2060));
#469=EDGE_LOOP('',(#2061,#2062,#2063,#2064));
#470=EDGE_LOOP('',(#2065,#2066,#2067));
#471=EDGE_LOOP('',(#2068,#2069,#2070,#2071));
#472=EDGE_LOOP('',(#2072,#2073,#2074));
#473=EDGE_LOOP('',(#2075,#2076,#2077,#2078));
#474=EDGE_LOOP('',(#2079,#2080,#2081,#2082));
#475=EDGE_LOOP('',(#2083,#2084,#2085));
#476=EDGE_LOOP('',(#2086,#2087,#2088,#2089));
#477=EDGE_LOOP('',(#2090,#2091,#2092,#2093));
#478=EDGE_LOOP('',(#2094,#2095,#2096,#2097));
#479=EDGE_LOOP('',(#2098,#2099,#2100,#2101));
#480=EDGE_LOOP('',(#2102,#2103,#2104,#2105));
#481=EDGE_LOOP('',(#2106,#2107,#2108,#2109,#2110,#2111));
#482=EDGE_LOOP('',(#2112,#2113,#2114,#2115,#2116,#2117,#2118,#2119));
#483=EDGE_LOOP('',(#2120,#2121,#2122,#2123));
#484=EDGE_LOOP('',(#2124,#2125,#2126,#2127));
#485=EDGE_LOOP('',(#2128,#2129,#2130,#2131));
#486=EDGE_LOOP('',(#2132,#2133,#2134,#2135,#2136));
#487=EDGE_LOOP('',(#2137,#2138,#2139,#2140,#2141,#2142,#2143,#2144));
#488=EDGE_LOOP('',(#2145,#2146,#2147,#2148,#2149,#2150,#2151,#2152,#2153,
#2154,#2155,#2156,#2157,#2158,#2159,#2160,#2161,#2162,#2163,#2164,#2165,
#2166,#2167));
#489=EDGE_LOOP('',(#2168,#2169,#2170,#2171));
#490=EDGE_LOOP('',(#2172,#2173,#2174,#2175));
#491=EDGE_LOOP('',(#2176,#2177,#2178,#2179));
#492=EDGE_LOOP('',(#2180,#2181,#2182,#2183));
#493=EDGE_LOOP('',(#2184,#2185,#2186,#2187));
#494=EDGE_LOOP('',(#2188,#2189,#2190,#2191));
#495=EDGE_LOOP('',(#2192,#2193,#2194,#2195));
#496=EDGE_LOOP('',(#2196,#2197,#2198,#2199));
#497=EDGE_LOOP('',(#2200,#2201,#2202,#2203));
#498=EDGE_LOOP('',(#2204,#2205,#2206,#2207));
#499=EDGE_LOOP('',(#2208,#2209,#2210,#2211));
#500=EDGE_LOOP('',(#2212,#2213,#2214,#2215,#2216,#2217,#2218,#2219));
#501=EDGE_LOOP('',(#2220,#2221,#2222,#2223));
#502=EDGE_LOOP('',(#2224,#2225,#2226,#2227));
#503=EDGE_LOOP('',(#2228,#2229,#2230,#2231));
#504=EDGE_LOOP('',(#2232,#2233,#2234,#2235));
#505=EDGE_LOOP('',(#2236,#2237,#2238,#2239,#2240,#2241,#2242,#2243));
#506=EDGE_LOOP('',(#2244,#2245,#2246,#2247));
#507=EDGE_LOOP('',(#2248,#2249,#2250,#2251,#2252,#2253,#2254,#2255));
#508=EDGE_LOOP('',(#2256,#2257,#2258,#2259,#2260,#2261,#2262,#2263));
#509=EDGE_LOOP('',(#2264,#2265,#2266,#2267));
#510=EDGE_LOOP('',(#2268,#2269,#2270,#2271));
#511=EDGE_LOOP('',(#2272,#2273,#2274,#2275));
#512=EDGE_LOOP('',(#2276,#2277,#2278,#2279));
#513=EDGE_LOOP('',(#2280,#2281,#2282,#2283));
#514=EDGE_LOOP('',(#2284,#2285,#2286,#2287));
#515=EDGE_LOOP('',(#2288,#2289,#2290,#2291));
#516=EDGE_LOOP('',(#2292,#2293,#2294,#2295));
#517=EDGE_LOOP('',(#2296,#2297,#2298,#2299));
#518=EDGE_LOOP('',(#2300,#2301,#2302,#2303,#2304,#2305,#2306,#2307));
#519=EDGE_LOOP('',(#2308,#2309,#2310,#2311));
#520=EDGE_LOOP('',(#2312,#2313,#2314,#2315));
#521=EDGE_LOOP('',(#2316,#2317,#2318,#2319));
#522=EDGE_LOOP('',(#2320,#2321,#2322,#2323));
#523=EDGE_LOOP('',(#2324,#2325,#2326,#2327,#2328,#2329,#2330,#2331));
#524=EDGE_LOOP('',(#2332,#2333,#2334,#2335));
#525=EDGE_LOOP('',(#2336,#2337,#2338,#2339));
#526=EDGE_LOOP('',(#2340,#2341,#2342,#2343));
#527=EDGE_LOOP('',(#2344,#2345,#2346,#2347,#2348,#2349,#2350,#2351));
#528=EDGE_LOOP('',(#2352,#2353,#2354,#2355,#2356,#2357,#2358,#2359));
#529=LINE('',#3626,#776);
#530=LINE('',#3628,#777);
#531=LINE('',#3630,#778);
#532=LINE('',#3631,#779);
#533=LINE('',#3637,#780);
#534=LINE('',#3640,#781);
#535=LINE('',#3642,#782);
#536=LINE('',#3643,#783);
#537=LINE('',#3649,#784);
#538=LINE('',#3652,#785);
#539=LINE('',#3654,#786);
#540=LINE('',#3655,#787);
#541=LINE('',#3661,#788);
#542=LINE('',#3664,#789);
#543=LINE('',#3666,#790);
#544=LINE('',#3667,#791);
#545=LINE('',#3674,#792);
#546=LINE('',#3676,#793);
#547=LINE('',#3678,#794);
#548=LINE('',#3679,#795);
#549=LINE('',#3685,#796);
#550=LINE('',#3688,#797);
#551=LINE('',#3690,#798);
#552=LINE('',#3691,#799);
#553=LINE('',#3697,#800);
#554=LINE('',#3700,#801);
#555=LINE('',#3702,#802);
#556=LINE('',#3703,#803);
#557=LINE('',#3709,#804);
#558=LINE('',#3712,#805);
#559=LINE('',#3714,#806);
#560=LINE('',#3715,#807);
#561=LINE('',#3722,#808);
#562=LINE('',#3724,#809);
#563=LINE('',#3726,#810);
#564=LINE('',#3727,#811);
#565=LINE('',#3733,#812);
#566=LINE('',#3736,#813);
#567=LINE('',#3738,#814);
#568=LINE('',#3739,#815);
#569=LINE('',#3745,#816);
#570=LINE('',#3748,#817);
#571=LINE('',#3750,#818);
#572=LINE('',#3751,#819);
#573=LINE('',#3757,#820);
#574=LINE('',#3760,#821);
#575=LINE('',#3762,#822);
#576=LINE('',#3763,#823);
#577=LINE('',#3771,#824);
#578=LINE('',#3773,#825);
#579=LINE('',#3775,#826);
#580=LINE('',#3776,#827);
#581=LINE('',#3782,#828);
#582=LINE('',#3785,#829);
#583=LINE('',#3787,#830);
#584=LINE('',#3788,#831);
#585=LINE('',#3794,#832);
#586=LINE('',#3797,#833);
#587=LINE('',#3799,#834);
#588=LINE('',#3800,#835);
#589=LINE('',#3806,#836);
#590=LINE('',#3809,#837);
#591=LINE('',#3811,#838);
#592=LINE('',#3812,#839);
#593=LINE('',#3820,#840);
#594=LINE('',#3822,#841);
#595=LINE('',#3824,#842);
#596=LINE('',#3825,#843);
#597=LINE('',#3829,#844);
#598=LINE('',#3831,#845);
#599=LINE('',#3833,#846);
#600=LINE('',#3834,#847);
#601=LINE('',#3837,#848);
#602=LINE('',#3839,#849);
#603=LINE('',#3840,#850);
#604=LINE('',#3843,#851);
#605=LINE('',#3844,#852);
#606=LINE('',#3847,#853);
#607=LINE('',#3849,#854);
#608=LINE('',#3850,#855);
#609=LINE('',#3853,#856);
#610=LINE('',#3854,#857);
#611=LINE('',#3857,#858);
#612=LINE('',#3858,#859);
#613=LINE('',#3860,#860);
#614=LINE('',#3863,#861);
#615=LINE('',#3864,#862);
#616=LINE('',#3866,#863);
#617=LINE('',#3880,#864);
#618=LINE('',#3881,#865);
#619=LINE('',#3886,#866);
#620=LINE('',#3887,#867);
#621=LINE('',#3892,#868);
#622=LINE('',#3893,#869);
#623=LINE('',#3952,#870);
#624=LINE('',#3954,#871);
#625=LINE('',#3956,#872);
#626=LINE('',#3958,#873);
#627=LINE('',#3960,#874);
#628=LINE('',#3962,#875);
#629=LINE('',#3964,#876);
#630=LINE('',#3965,#877);
#631=LINE('',#3968,#878);
#632=LINE('',#3969,#879);
#633=LINE('',#3972,#880);
#634=LINE('',#3977,#881);
#635=LINE('',#3981,#882);
#636=LINE('',#3985,#883);
#637=LINE('',#3988,#884);
#638=LINE('',#3991,#885);
#639=LINE('',#3994,#886);
#640=LINE('',#3997,#887);
#641=LINE('',#3999,#888);
#642=LINE('',#4003,#889);
#643=LINE('',#4006,#890);
#644=LINE('',#4009,#891);
#645=LINE('',#4011,#892);
#646=LINE('',#4013,#893);
#647=LINE('',#4015,#894);
#648=LINE('',#4016,#895);
#649=LINE('',#4020,#896);
#650=LINE('',#4024,#897);
#651=LINE('',#4037,#898);
#652=LINE('',#4038,#899);
#653=LINE('',#4043,#900);
#654=LINE('',#4054,#901);
#655=LINE('',#4056,#902);
#656=LINE('',#4058,#903);
#657=LINE('',#4059,#904);
#658=LINE('',#4061,#905);
#659=LINE('',#4062,#906);
#660=LINE('',#4064,#907);
#661=LINE('',#4067,#908);
#662=LINE('',#4069,#909);
#663=LINE('',#4071,#910);
#664=LINE('',#4073,#911);
#665=LINE('',#4074,#912);
#666=LINE('',#4078,#913);
#667=LINE('',#4082,#914);
#668=LINE('',#4086,#915);
#669=LINE('',#4089,#916);
#670=LINE('',#4091,#917);
#671=LINE('',#4092,#918);
#672=LINE('',#4094,#919);
#673=LINE('',#4096,#920);
#674=LINE('',#4097,#921);
#675=LINE('',#4101,#922);
#676=LINE('',#4107,#923);
#677=LINE('',#4109,#924);
#678=LINE('',#4111,#925);
#679=LINE('',#4112,#926);
#680=LINE('',#4114,#927);
#681=LINE('',#4119,#928);
#682=LINE('',#4123,#929);
#683=LINE('',#4127,#930);
#684=LINE('',#4130,#931);
#685=LINE('',#4133,#932);
#686=LINE('',#4136,#933);
#687=LINE('',#4139,#934);
#688=LINE('',#4141,#935);
#689=LINE('',#4145,#936);
#690=LINE('',#4148,#937);
#691=LINE('',#4150,#938);
#692=LINE('',#4151,#939);
#693=LINE('',#4153,#940);
#694=LINE('',#4155,#941);
#695=LINE('',#4157,#942);
#696=LINE('',#4159,#943);
#697=LINE('',#4176,#944);
#698=LINE('',#4186,#945);
#699=LINE('',#4188,#946);
#700=LINE('',#4200,#947);
#701=LINE('',#4201,#948);
#702=LINE('',#4203,#949);
#703=LINE('',#4204,#950);
#704=LINE('',#4206,#951);
#705=LINE('',#4207,#952);
#706=LINE('',#4209,#953);
#707=LINE('',#4211,#954);
#708=LINE('',#4212,#955);
#709=LINE('',#4214,#956);
#710=LINE('',#4217,#957);
#711=LINE('',#4219,#958);
#712=LINE('',#4224,#959);
#713=LINE('',#4226,#960);
#714=LINE('',#4228,#961);
#715=LINE('',#4229,#962);
#716=LINE('',#4235,#963);
#717=LINE('',#4238,#964);
#718=LINE('',#4240,#965);
#719=LINE('',#4241,#966);
#720=LINE('',#4247,#967);
#721=LINE('',#4250,#968);
#722=LINE('',#4252,#969);
#723=LINE('',#4253,#970);
#724=LINE('',#4258,#971);
#725=LINE('',#4262,#972);
#726=LINE('',#4264,#973);
#727=LINE('',#4265,#974);
#728=LINE('',#4272,#975);
#729=LINE('',#4274,#976);
#730=LINE('',#4276,#977);
#731=LINE('',#4277,#978);
#732=LINE('',#4283,#979);
#733=LINE('',#4286,#980);
#734=LINE('',#4288,#981);
#735=LINE('',#4289,#982);
#736=LINE('',#4295,#983);
#737=LINE('',#4298,#984);
#738=LINE('',#4300,#985);
#739=LINE('',#4301,#986);
#740=LINE('',#4307,#987);
#741=LINE('',#4310,#988);
#742=LINE('',#4312,#989);
#743=LINE('',#4313,#990);
#744=LINE('',#4322,#991);
#745=LINE('',#4324,#992);
#746=LINE('',#4326,#993);
#747=LINE('',#4327,#994);
#748=LINE('',#4333,#995);
#749=LINE('',#4336,#996);
#750=LINE('',#4338,#997);
#751=LINE('',#4339,#998);
#752=LINE('',#4345,#999);
#753=LINE('',#4348,#1000);
#754=LINE('',#4350,#1001);
#755=LINE('',#4351,#1002);
#756=LINE('',#4356,#1003);
#757=LINE('',#4360,#1004);
#758=LINE('',#4362,#1005);
#759=LINE('',#4363,#1006);
#760=LINE('',#4370,#1007);
#761=LINE('',#4372,#1008);
#762=LINE('',#4374,#1009);
#763=LINE('',#4375,#1010);
#764=LINE('',#4381,#1011);
#765=LINE('',#4384,#1012);
#766=LINE('',#4386,#1013);
#767=LINE('',#4387,#1014);
#768=LINE('',#4393,#1015);
#769=LINE('',#4396,#1016);
#770=LINE('',#4398,#1017);
#771=LINE('',#4399,#1018);
#772=LINE('',#4405,#1019);
#773=LINE('',#4408,#1020);
#774=LINE('',#4410,#1021);
#775=LINE('',#4411,#1022);
#776=VECTOR('',#2853,10.);
#777=VECTOR('',#2854,10.);
#778=VECTOR('',#2855,10.);
#779=VECTOR('',#2856,10.);
#780=VECTOR('',#2863,10.);
#781=VECTOR('',#2866,10.);
#782=VECTOR('',#2867,10.);
#783=VECTOR('',#2868,10.);
#784=VECTOR('',#2875,10.);
#785=VECTOR('',#2878,10.);
#786=VECTOR('',#2879,10.);
#787=VECTOR('',#2880,10.);
#788=VECTOR('',#2887,10.);
#789=VECTOR('',#2890,10.);
#790=VECTOR('',#2891,10.);
#791=VECTOR('',#2892,10.);
#792=VECTOR('',#2901,10.);
#793=VECTOR('',#2902,10.);
#794=VECTOR('',#2903,10.);
#795=VECTOR('',#2904,10.);
#796=VECTOR('',#2911,10.);
#797=VECTOR('',#2914,10.);
#798=VECTOR('',#2915,10.);
#799=VECTOR('',#2916,10.);
#800=VECTOR('',#2923,10.);
#801=VECTOR('',#2926,10.);
#802=VECTOR('',#2927,10.);
#803=VECTOR('',#2928,10.);
#804=VECTOR('',#2935,10.);
#805=VECTOR('',#2938,10.);
#806=VECTOR('',#2939,10.);
#807=VECTOR('',#2940,10.);
#808=VECTOR('',#2949,10.);
#809=VECTOR('',#2950,10.);
#810=VECTOR('',#2951,10.);
#811=VECTOR('',#2952,10.);
#812=VECTOR('',#2959,10.);
#813=VECTOR('',#2962,10.);
#814=VECTOR('',#2963,10.);
#815=VECTOR('',#2964,10.);
#816=VECTOR('',#2971,10.);
#817=VECTOR('',#2974,10.);
#818=VECTOR('',#2975,10.);
#819=VECTOR('',#2976,10.);
#820=VECTOR('',#2983,10.);
#821=VECTOR('',#2986,10.);
#822=VECTOR('',#2987,10.);
#823=VECTOR('',#2988,10.);
#824=VECTOR('',#2999,10.);
#825=VECTOR('',#3000,10.);
#826=VECTOR('',#3001,10.);
#827=VECTOR('',#3002,10.);
#828=VECTOR('',#3009,10.);
#829=VECTOR('',#3012,10.);
#830=VECTOR('',#3013,10.);
#831=VECTOR('',#3014,10.);
#832=VECTOR('',#3021,10.);
#833=VECTOR('',#3024,10.);
#834=VECTOR('',#3025,10.);
#835=VECTOR('',#3026,10.);
#836=VECTOR('',#3033,10.);
#837=VECTOR('',#3036,10.);
#838=VECTOR('',#3037,10.);
#839=VECTOR('',#3038,10.);
#840=VECTOR('',#3049,10.);
#841=VECTOR('',#3050,10.);
#842=VECTOR('',#3051,10.);
#843=VECTOR('',#3052,10.);
#844=VECTOR('',#3055,10.);
#845=VECTOR('',#3056,10.);
#846=VECTOR('',#3057,10.);
#847=VECTOR('',#3058,10.);
#848=VECTOR('',#3061,10.);
#849=VECTOR('',#3062,10.);
#850=VECTOR('',#3063,10.);
#851=VECTOR('',#3066,10.);
#852=VECTOR('',#3067,10.);
#853=VECTOR('',#3070,10.);
#854=VECTOR('',#3071,10.);
#855=VECTOR('',#3072,10.);
#856=VECTOR('',#3075,10.);
#857=VECTOR('',#3076,10.);
#858=VECTOR('',#3079,10.);
#859=VECTOR('',#3080,10.);
#860=VECTOR('',#3083,10.);
#861=VECTOR('',#3086,10.);
#862=VECTOR('',#3087,10.);
#863=VECTOR('',#3090,10.);
#864=VECTOR('',#3105,10.);
#865=VECTOR('',#3106,10.);
#866=VECTOR('',#3111,10.);
#867=VECTOR('',#3112,10.);
#868=VECTOR('',#3117,10.);
#869=VECTOR('',#3118,10.);
#870=VECTOR('',#3125,10.);
#871=VECTOR('',#3126,10.);
#872=VECTOR('',#3127,10.);
#873=VECTOR('',#3128,10.);
#874=VECTOR('',#3129,10.);
#875=VECTOR('',#3130,10.);
#876=VECTOR('',#3131,10.);
#877=VECTOR('',#3132,10.);
#878=VECTOR('',#3135,10.);
#879=VECTOR('',#3136,10.);
#880=VECTOR('',#3139,10.);
#881=VECTOR('',#3144,10.);
#882=VECTOR('',#3147,10.);
#883=VECTOR('',#3152,10.);
#884=VECTOR('',#3155,10.);
#885=VECTOR('',#3158,10.);
#886=VECTOR('',#3161,10.);
#887=VECTOR('',#3164,10.);
#888=VECTOR('',#3165,10.);
#889=VECTOR('',#3170,10.);
#890=VECTOR('',#3173,10.);
#891=VECTOR('',#3176,10.);
#892=VECTOR('',#3177,10.);
#893=VECTOR('',#3178,10.);
#894=VECTOR('',#3179,10.);
#895=VECTOR('',#3180,10.);
#896=VECTOR('',#3183,10.);
#897=VECTOR('',#3186,10.);
#898=VECTOR('',#3201,10.);
#899=VECTOR('',#3202,10.);
#900=VECTOR('',#3207,10.);
#901=VECTOR('',#3222,10.);
#902=VECTOR('',#3225,10.);
#903=VECTOR('',#3228,10.);
#904=VECTOR('',#3229,10.);
#905=VECTOR('',#3232,10.);
#906=VECTOR('',#3233,10.);
#907=VECTOR('',#3236,10.);
#908=VECTOR('',#3239,10.);
#909=VECTOR('',#3240,10.);
#910=VECTOR('',#3241,10.);
#911=VECTOR('',#3242,10.);
#912=VECTOR('',#3243,10.);
#913=VECTOR('',#3246,10.);
#914=VECTOR('',#3249,10.);
#915=VECTOR('',#3254,10.);
#916=VECTOR('',#3257,10.);
#917=VECTOR('',#3260,10.);
#918=VECTOR('',#3261,10.);
#919=VECTOR('',#3264,10.);
#920=VECTOR('',#3265,10.);
#921=VECTOR('',#3266,10.);
#922=VECTOR('',#3269,10.);
#923=VECTOR('',#3278,10.);
#924=VECTOR('',#3281,10.);
#925=VECTOR('',#3284,10.);
#926=VECTOR('',#3285,10.);
#927=VECTOR('',#3288,10.);
#928=VECTOR('',#3293,10.);
#929=VECTOR('',#3296,10.);
#930=VECTOR('',#3301,10.);
#931=VECTOR('',#3304,10.);
#932=VECTOR('',#3307,10.);
#933=VECTOR('',#3310,10.);
#934=VECTOR('',#3313,10.);
#935=VECTOR('',#3314,10.);
#936=VECTOR('',#3319,10.);
#937=VECTOR('',#3322,10.);
#938=VECTOR('',#3325,10.);
#939=VECTOR('',#3326,10.);
#940=VECTOR('',#3329,10.);
#941=VECTOR('',#3332,10.);
#942=VECTOR('',#3335,10.);
#943=VECTOR('',#3338,10.);
#944=VECTOR('',#3363,10.);
#945=VECTOR('',#3376,10.);
#946=VECTOR('',#3379,10.);
#947=VECTOR('',#3392,10.);
#948=VECTOR('',#3393,10.);
#949=VECTOR('',#3396,10.);
#950=VECTOR('',#3397,10.);
#951=VECTOR('',#3400,10.);
#952=VECTOR('',#3401,10.);
#953=VECTOR('',#3404,10.);
#954=VECTOR('',#3407,10.);
#955=VECTOR('',#3408,10.);
#956=VECTOR('',#3411,10.);
#957=VECTOR('',#3416,10.);
#958=VECTOR('',#3419,10.);
#959=VECTOR('',#3424,10.);
#960=VECTOR('',#3425,10.);
#961=VECTOR('',#3426,10.);
#962=VECTOR('',#3427,10.);
#963=VECTOR('',#3434,10.);
#964=VECTOR('',#3437,10.);
#965=VECTOR('',#3438,10.);
#966=VECTOR('',#3439,10.);
#967=VECTOR('',#3446,10.);
#968=VECTOR('',#3449,10.);
#969=VECTOR('',#3450,10.);
#970=VECTOR('',#3451,10.);
#971=VECTOR('',#3456,10.);
#972=VECTOR('',#3461,10.);
#973=VECTOR('',#3462,10.);
#974=VECTOR('',#3463,10.);
#975=VECTOR('',#3472,10.);
#976=VECTOR('',#3473,10.);
#977=VECTOR('',#3474,10.);
#978=VECTOR('',#3475,10.);
#979=VECTOR('',#3482,10.);
#980=VECTOR('',#3485,10.);
#981=VECTOR('',#3486,10.);
#982=VECTOR('',#3487,10.);
#983=VECTOR('',#3494,10.);
#984=VECTOR('',#3497,10.);
#985=VECTOR('',#3498,10.);
#986=VECTOR('',#3499,10.);
#987=VECTOR('',#3506,10.);
#988=VECTOR('',#3509,10.);
#989=VECTOR('',#3510,10.);
#990=VECTOR('',#3511,10.);
#991=VECTOR('',#3524,10.);
#992=VECTOR('',#3525,10.);
#993=VECTOR('',#3526,10.);
#994=VECTOR('',#3527,10.);
#995=VECTOR('',#3534,10.);
#996=VECTOR('',#3537,10.);
#997=VECTOR('',#3538,10.);
#998=VECTOR('',#3539,10.);
#999=VECTOR('',#3546,10.);
#1000=VECTOR('',#3549,10.);
#1001=VECTOR('',#3550,10.);
#1002=VECTOR('',#3551,10.);
#1003=VECTOR('',#3556,10.);
#1004=VECTOR('',#3561,10.);
#1005=VECTOR('',#3562,10.);
#1006=VECTOR('',#3563,10.);
#1007=VECTOR('',#3572,10.);
#1008=VECTOR('',#3573,10.);
#1009=VECTOR('',#3574,10.);
#1010=VECTOR('',#3575,10.);
#1011=VECTOR('',#3582,10.);
#1012=VECTOR('',#3585,10.);
#1013=VECTOR('',#3586,10.);
#1014=VECTOR('',#3587,10.);
#1015=VECTOR('',#3594,10.);
#1016=VECTOR('',#3597,10.);
#1017=VECTOR('',#3598,10.);
#1018=VECTOR('',#3599,10.);
#1019=VECTOR('',#3606,10.);
#1020=VECTOR('',#3609,10.);
#1021=VECTOR('',#3610,10.);
#1022=VECTOR('',#3611,10.);
#1023=VERTEX_POINT('',#3624);
#1024=VERTEX_POINT('',#3625);
#1025=VERTEX_POINT('',#3627);
#1026=VERTEX_POINT('',#3629);
#1027=VERTEX_POINT('',#3633);
#1028=VERTEX_POINT('',#3635);
#1029=VERTEX_POINT('',#3639);
#1030=VERTEX_POINT('',#3641);
#1031=VERTEX_POINT('',#3645);
#1032=VERTEX_POINT('',#3647);
#1033=VERTEX_POINT('',#3651);
#1034=VERTEX_POINT('',#3653);
#1035=VERTEX_POINT('',#3657);
#1036=VERTEX_POINT('',#3659);
#1037=VERTEX_POINT('',#3663);
#1038=VERTEX_POINT('',#3665);
#1039=VERTEX_POINT('',#3672);
#1040=VERTEX_POINT('',#3673);
#1041=VERTEX_POINT('',#3675);
#1042=VERTEX_POINT('',#3677);
#1043=VERTEX_POINT('',#3681);
#1044=VERTEX_POINT('',#3683);
#1045=VERTEX_POINT('',#3687);
#1046=VERTEX_POINT('',#3689);
#1047=VERTEX_POINT('',#3693);
#1048=VERTEX_POINT('',#3695);
#1049=VERTEX_POINT('',#3699);
#1050=VERTEX_POINT('',#3701);
#1051=VERTEX_POINT('',#3705);
#1052=VERTEX_POINT('',#3707);
#1053=VERTEX_POINT('',#3711);
#1054=VERTEX_POINT('',#3713);
#1055=VERTEX_POINT('',#3720);
#1056=VERTEX_POINT('',#3721);
#1057=VERTEX_POINT('',#3723);
#1058=VERTEX_POINT('',#3725);
#1059=VERTEX_POINT('',#3729);
#1060=VERTEX_POINT('',#3731);
#1061=VERTEX_POINT('',#3735);
#1062=VERTEX_POINT('',#3737);
#1063=VERTEX_POINT('',#3741);
#1064=VERTEX_POINT('',#3743);
#1065=VERTEX_POINT('',#3747);
#1066=VERTEX_POINT('',#3749);
#1067=VERTEX_POINT('',#3753);
#1068=VERTEX_POINT('',#3755);
#1069=VERTEX_POINT('',#3759);
#1070=VERTEX_POINT('',#3761);
#1071=VERTEX_POINT('',#3769);
#1072=VERTEX_POINT('',#3770);
#1073=VERTEX_POINT('',#3772);
#1074=VERTEX_POINT('',#3774);
#1075=VERTEX_POINT('',#3778);
#1076=VERTEX_POINT('',#3780);
#1077=VERTEX_POINT('',#3784);
#1078=VERTEX_POINT('',#3786);
#1079=VERTEX_POINT('',#3790);
#1080=VERTEX_POINT('',#3792);
#1081=VERTEX_POINT('',#3796);
#1082=VERTEX_POINT('',#3798);
#1083=VERTEX_POINT('',#3802);
#1084=VERTEX_POINT('',#3804);
#1085=VERTEX_POINT('',#3808);
#1086=VERTEX_POINT('',#3810);
#1087=VERTEX_POINT('',#3818);
#1088=VERTEX_POINT('',#3819);
#1089=VERTEX_POINT('',#3821);
#1090=VERTEX_POINT('',#3823);
#1091=VERTEX_POINT('',#3827);
#1092=VERTEX_POINT('',#3828);
#1093=VERTEX_POINT('',#3830);
#1094=VERTEX_POINT('',#3832);
#1095=VERTEX_POINT('',#3836);
#1096=VERTEX_POINT('',#3838);
#1097=VERTEX_POINT('',#3842);
#1098=VERTEX_POINT('',#3846);
#1099=VERTEX_POINT('',#3848);
#1100=VERTEX_POINT('',#3852);
#1101=VERTEX_POINT('',#3856);
#1102=VERTEX_POINT('',#3862);
#1103=VERTEX_POINT('',#3868);
#1104=VERTEX_POINT('',#3869);
#1105=VERTEX_POINT('',#3871);
#1106=VERTEX_POINT('',#3873);
#1107=VERTEX_POINT('',#3877);
#1108=VERTEX_POINT('',#3878);
#1109=VERTEX_POINT('',#3883);
#1110=VERTEX_POINT('',#3884);
#1111=VERTEX_POINT('',#3889);
#1112=VERTEX_POINT('',#3890);
#1113=VERTEX_POINT('',#3936);
#1114=VERTEX_POINT('',#3937);
#1115=VERTEX_POINT('',#3951);
#1116=VERTEX_POINT('',#3953);
#1117=VERTEX_POINT('',#3955);
#1118=VERTEX_POINT('',#3957);
#1119=VERTEX_POINT('',#3959);
#1120=VERTEX_POINT('',#3961);
#1121=VERTEX_POINT('',#3963);
#1122=VERTEX_POINT('',#3967);
#1123=VERTEX_POINT('',#3971);
#1124=VERTEX_POINT('',#3975);
#1125=VERTEX_POINT('',#3976);
#1126=VERTEX_POINT('',#3978);
#1127=VERTEX_POINT('',#3980);
#1128=VERTEX_POINT('',#3984);
#1129=VERTEX_POINT('',#3986);
#1130=VERTEX_POINT('',#3990);
#1131=VERTEX_POINT('',#3992);
#1132=VERTEX_POINT('',#3996);
#1133=VERTEX_POINT('',#3998);
#1134=VERTEX_POINT('',#4002);
#1135=VERTEX_POINT('',#4004);
#1136=VERTEX_POINT('',#4008);
#1137=VERTEX_POINT('',#4010);
#1138=VERTEX_POINT('',#4012);
#1139=VERTEX_POINT('',#4014);
#1140=VERTEX_POINT('',#4018);
#1141=VERTEX_POINT('',#4019);
#1142=VERTEX_POINT('',#4021);
#1143=VERTEX_POINT('',#4023);
#1144=VERTEX_POINT('',#4027);
#1145=VERTEX_POINT('',#4028);
#1146=VERTEX_POINT('',#4030);
#1147=VERTEX_POINT('',#4034);
#1148=VERTEX_POINT('',#4035);
#1149=VERTEX_POINT('',#4040);
#1150=VERTEX_POINT('',#4042);
#1151=VERTEX_POINT('',#4046);
#1152=VERTEX_POINT('',#4047);
#1153=VERTEX_POINT('',#4052);
#1154=VERTEX_POINT('',#4066);
#1155=VERTEX_POINT('',#4068);
#1156=VERTEX_POINT('',#4070);
#1157=VERTEX_POINT('',#4072);
#1158=VERTEX_POINT('',#4076);
#1159=VERTEX_POINT('',#4077);
#1160=VERTEX_POINT('',#4079);
#1161=VERTEX_POINT('',#4081);
#1162=VERTEX_POINT('',#4085);
#1163=VERTEX_POINT('',#4087);
#1164=VERTEX_POINT('',#4095);
#1165=VERTEX_POINT('',#4099);
#1166=VERTEX_POINT('',#4100);
#1167=VERTEX_POINT('',#4105);
#1168=VERTEX_POINT('',#4117);
#1169=VERTEX_POINT('',#4118);
#1170=VERTEX_POINT('',#4120);
#1171=VERTEX_POINT('',#4122);
#1172=VERTEX_POINT('',#4126);
#1173=VERTEX_POINT('',#4128);
#1174=VERTEX_POINT('',#4132);
#1175=VERTEX_POINT('',#4134);
#1176=VERTEX_POINT('',#4138);
#1177=VERTEX_POINT('',#4140);
#1178=VERTEX_POINT('',#4144);
#1179=VERTEX_POINT('',#4146);
#1180=VERTEX_POINT('',#4161);
#1181=VERTEX_POINT('',#4168);
#1182=VERTEX_POINT('',#4170);
#1183=VERTEX_POINT('',#4174);
#1184=VERTEX_POINT('',#4178);
#1185=VERTEX_POINT('',#4179);
#1186=VERTEX_POINT('',#4184);
#1187=VERTEX_POINT('',#4190);
#1188=VERTEX_POINT('',#4191);
#1189=VERTEX_POINT('',#4193);
#1190=VERTEX_POINT('',#4197);
#1191=VERTEX_POINT('',#4198);
#1192=VERTEX_POINT('',#4222);
#1193=VERTEX_POINT('',#4223);
#1194=VERTEX_POINT('',#4225);
#1195=VERTEX_POINT('',#4227);
#1196=VERTEX_POINT('',#4231);
#1197=VERTEX_POINT('',#4233);
#1198=VERTEX_POINT('',#4237);
#1199=VERTEX_POINT('',#4239);
#1200=VERTEX_POINT('',#4243);
#1201=VERTEX_POINT('',#4245);
#1202=VERTEX_POINT('',#4249);
#1203=VERTEX_POINT('',#4251);
#1204=VERTEX_POINT('',#4255);
#1205=VERTEX_POINT('',#4257);
#1206=VERTEX_POINT('',#4261);
#1207=VERTEX_POINT('',#4263);
#1208=VERTEX_POINT('',#4270);
#1209=VERTEX_POINT('',#4271);
#1210=VERTEX_POINT('',#4273);
#1211=VERTEX_POINT('',#4275);
#1212=VERTEX_POINT('',#4279);
#1213=VERTEX_POINT('',#4281);
#1214=VERTEX_POINT('',#4285);
#1215=VERTEX_POINT('',#4287);
#1216=VERTEX_POINT('',#4291);
#1217=VERTEX_POINT('',#4293);
#1218=VERTEX_POINT('',#4297);
#1219=VERTEX_POINT('',#4299);
#1220=VERTEX_POINT('',#4303);
#1221=VERTEX_POINT('',#4305);
#1222=VERTEX_POINT('',#4309);
#1223=VERTEX_POINT('',#4311);
#1224=VERTEX_POINT('',#4320);
#1225=VERTEX_POINT('',#4321);
#1226=VERTEX_POINT('',#4323);
#1227=VERTEX_POINT('',#4325);
#1228=VERTEX_POINT('',#4329);
#1229=VERTEX_POINT('',#4331);
#1230=VERTEX_POINT('',#4335);
#1231=VERTEX_POINT('',#4337);
#1232=VERTEX_POINT('',#4341);
#1233=VERTEX_POINT('',#4343);
#1234=VERTEX_POINT('',#4347);
#1235=VERTEX_POINT('',#4349);
#1236=VERTEX_POINT('',#4353);
#1237=VERTEX_POINT('',#4355);
#1238=VERTEX_POINT('',#4359);
#1239=VERTEX_POINT('',#4361);
#1240=VERTEX_POINT('',#4368);
#1241=VERTEX_POINT('',#4369);
#1242=VERTEX_POINT('',#4371);
#1243=VERTEX_POINT('',#4373);
#1244=VERTEX_POINT('',#4377);
#1245=VERTEX_POINT('',#4379);
#1246=VERTEX_POINT('',#4383);
#1247=VERTEX_POINT('',#4385);
#1248=VERTEX_POINT('',#4389);
#1249=VERTEX_POINT('',#4391);
#1250=VERTEX_POINT('',#4395);
#1251=VERTEX_POINT('',#4397);
#1252=VERTEX_POINT('',#4401);
#1253=VERTEX_POINT('',#4403);
#1254=VERTEX_POINT('',#4407);
#1255=VERTEX_POINT('',#4409);
#1256=EDGE_CURVE('',#1023,#1024,#529,.T.);
#1257=EDGE_CURVE('',#1025,#1023,#530,.T.);
#1258=EDGE_CURVE('',#1026,#1025,#531,.T.);
#1259=EDGE_CURVE('',#1026,#1024,#532,.T.);
#1260=EDGE_CURVE('',#1024,#1027,#60,.T.);
#1261=EDGE_CURVE('',#1028,#1026,#61,.T.);
#1262=EDGE_CURVE('',#1028,#1027,#533,.T.);
#1263=EDGE_CURVE('',#1027,#1029,#534,.T.);
#1264=EDGE_CURVE('',#1030,#1028,#535,.T.);
#1265=EDGE_CURVE('',#1030,#1029,#536,.T.);
#1266=EDGE_CURVE('',#1029,#1031,#62,.T.);
#1267=EDGE_CURVE('',#1032,#1030,#63,.T.);
#1268=EDGE_CURVE('',#1032,#1031,#537,.T.);
#1269=EDGE_CURVE('',#1031,#1033,#538,.T.);
#1270=EDGE_CURVE('',#1034,#1032,#539,.T.);
#1271=EDGE_CURVE('',#1034,#1033,#540,.T.);
#1272=EDGE_CURVE('',#1033,#1035,#64,.T.);
#1273=EDGE_CURVE('',#1036,#1034,#65,.T.);
#1274=EDGE_CURVE('',#1036,#1035,#541,.T.);
#1275=EDGE_CURVE('',#1035,#1037,#542,.T.);
#1276=EDGE_CURVE('',#1038,#1036,#543,.T.);
#1277=EDGE_CURVE('',#1038,#1037,#544,.T.);
#1278=EDGE_CURVE('',#1037,#1023,#66,.T.);
#1279=EDGE_CURVE('',#1025,#1038,#67,.T.);
#1280=EDGE_CURVE('',#1039,#1040,#545,.T.);
#1281=EDGE_CURVE('',#1041,#1039,#546,.T.);
#1282=EDGE_CURVE('',#1042,#1041,#547,.T.);
#1283=EDGE_CURVE('',#1042,#1040,#548,.T.);
#1284=EDGE_CURVE('',#1040,#1043,#68,.T.);
#1285=EDGE_CURVE('',#1044,#1042,#69,.T.);
#1286=EDGE_CURVE('',#1044,#1043,#549,.T.);
#1287=EDGE_CURVE('',#1043,#1045,#550,.T.);
#1288=EDGE_CURVE('',#1046,#1044,#551,.T.);
#1289=EDGE_CURVE('',#1046,#1045,#552,.T.);
#1290=EDGE_CURVE('',#1045,#1047,#70,.T.);
#1291=EDGE_CURVE('',#1048,#1046,#71,.T.);
#1292=EDGE_CURVE('',#1048,#1047,#553,.T.);
#1293=EDGE_CURVE('',#1047,#1049,#554,.T.);
#1294=EDGE_CURVE('',#1050,#1048,#555,.T.);
#1295=EDGE_CURVE('',#1050,#1049,#556,.T.);
#1296=EDGE_CURVE('',#1049,#1051,#72,.T.);
#1297=EDGE_CURVE('',#1052,#1050,#73,.T.);
#1298=EDGE_CURVE('',#1052,#1051,#557,.T.);
#1299=EDGE_CURVE('',#1051,#1053,#558,.T.);
#1300=EDGE_CURVE('',#1054,#1052,#559,.T.);
#1301=EDGE_CURVE('',#1054,#1053,#560,.T.);
#1302=EDGE_CURVE('',#1053,#1039,#74,.T.);
#1303=EDGE_CURVE('',#1041,#1054,#75,.T.);
#1304=EDGE_CURVE('',#1055,#1056,#561,.T.);
#1305=EDGE_CURVE('',#1055,#1057,#562,.T.);
#1306=EDGE_CURVE('',#1058,#1057,#563,.T.);
#1307=EDGE_CURVE('',#1056,#1058,#564,.T.);
#1308=EDGE_CURVE('',#1056,#1059,#76,.T.);
#1309=EDGE_CURVE('',#1060,#1058,#77,.T.);
#1310=EDGE_CURVE('',#1059,#1060,#565,.T.);
#1311=EDGE_CURVE('',#1059,#1061,#566,.T.);
#1312=EDGE_CURVE('',#1062,#1060,#567,.T.);
#1313=EDGE_CURVE('',#1061,#1062,#568,.T.);
#1314=EDGE_CURVE('',#1061,#1063,#78,.T.);
#1315=EDGE_CURVE('',#1064,#1062,#79,.T.);
#1316=EDGE_CURVE('',#1063,#1064,#569,.T.);
#1317=EDGE_CURVE('',#1063,#1065,#570,.T.);
#1318=EDGE_CURVE('',#1066,#1064,#571,.T.);
#1319=EDGE_CURVE('',#1065,#1066,#572,.T.);
#1320=EDGE_CURVE('',#1065,#1067,#80,.T.);
#1321=EDGE_CURVE('',#1068,#1066,#81,.T.);
#1322=EDGE_CURVE('',#1067,#1068,#573,.T.);
#1323=EDGE_CURVE('',#1067,#1069,#574,.T.);
#1324=EDGE_CURVE('',#1070,#1068,#575,.T.);
#1325=EDGE_CURVE('',#1069,#1070,#576,.T.);
#1326=EDGE_CURVE('',#1069,#1055,#82,.T.);
#1327=EDGE_CURVE('',#1057,#1070,#83,.T.);
#1328=EDGE_CURVE('',#1071,#1072,#577,.T.);
#1329=EDGE_CURVE('',#1071,#1073,#578,.T.);
#1330=EDGE_CURVE('',#1074,#1073,#579,.T.);
#1331=EDGE_CURVE('',#1072,#1074,#580,.T.);
#1332=EDGE_CURVE('',#1072,#1075,#84,.T.);
#1333=EDGE_CURVE('',#1076,#1074,#85,.T.);
#1334=EDGE_CURVE('',#1075,#1076,#581,.T.);
#1335=EDGE_CURVE('',#1075,#1077,#582,.T.);
#1336=EDGE_CURVE('',#1078,#1076,#583,.T.);
#1337=EDGE_CURVE('',#1077,#1078,#584,.T.);
#1338=EDGE_CURVE('',#1077,#1079,#86,.T.);
#1339=EDGE_CURVE('',#1080,#1078,#87,.T.);
#1340=EDGE_CURVE('',#1079,#1080,#585,.T.);
#1341=EDGE_CURVE('',#1079,#1081,#586,.T.);
#1342=EDGE_CURVE('',#1082,#1080,#587,.T.);
#1343=EDGE_CURVE('',#1081,#1082,#588,.T.);
#1344=EDGE_CURVE('',#1081,#1083,#88,.T.);
#1345=EDGE_CURVE('',#1084,#1082,#89,.T.);
#1346=EDGE_CURVE('',#1083,#1084,#589,.T.);
#1347=EDGE_CURVE('',#1083,#1085,#590,.T.);
#1348=EDGE_CURVE('',#1086,#1084,#591,.T.);
#1349=EDGE_CURVE('',#1085,#1086,#592,.T.);
#1350=EDGE_CURVE('',#1085,#1071,#90,.T.);
#1351=EDGE_CURVE('',#1073,#1086,#91,.T.);
#1352=EDGE_CURVE('',#1087,#1088,#593,.T.);
#1353=EDGE_CURVE('',#1089,#1087,#594,.T.);
#1354=EDGE_CURVE('',#1090,#1089,#595,.T.);
#1355=EDGE_CURVE('',#1088,#1090,#596,.T.);
#1356=EDGE_CURVE('',#1091,#1092,#597,.T.);
#1357=EDGE_CURVE('',#1093,#1091,#598,.T.);
#1358=EDGE_CURVE('',#1094,#1093,#599,.T.);
#1359=EDGE_CURVE('',#1092,#1094,#600,.T.);
#1360=EDGE_CURVE('',#1087,#1095,#601,.T.);
#1361=EDGE_CURVE('',#1096,#1095,#602,.T.);
#1362=EDGE_CURVE('',#1089,#1096,#603,.T.);
#1363=EDGE_CURVE('',#1088,#1097,#604,.T.);
#1364=EDGE_CURVE('',#1095,#1097,#605,.T.);
#1365=EDGE_CURVE('',#1091,#1098,#606,.T.);
#1366=EDGE_CURVE('',#1099,#1098,#607,.T.);
#1367=EDGE_CURVE('',#1093,#1099,#608,.T.);
#1368=EDGE_CURVE('',#1092,#1100,#609,.T.);
#1369=EDGE_CURVE('',#1098,#1100,#610,.T.);
#1370=EDGE_CURVE('',#1101,#1099,#611,.T.);
#1371=EDGE_CURVE('',#1094,#1101,#612,.T.);
#1372=EDGE_CURVE('',#1100,#1101,#613,.T.);
#1373=EDGE_CURVE('',#1102,#1096,#614,.T.);
#1374=EDGE_CURVE('',#1090,#1102,#615,.T.);
#1375=EDGE_CURVE('',#1097,#1102,#616,.T.);
#1376=EDGE_CURVE('',#1103,#1104,#92,.F.);
#1377=EDGE_CURVE('',#1105,#1103,#93,.T.);
#1378=EDGE_CURVE('',#1105,#1106,#94,.T.);
#1379=EDGE_CURVE('',#1104,#1106,#95,.T.);
#1380=EDGE_CURVE('',#1107,#1108,#27,.F.);
#1381=EDGE_CURVE('',#1108,#1105,#617,.T.);
#1382=EDGE_CURVE('',#1103,#1107,#618,.T.);
#1383=EDGE_CURVE('',#1109,#1110,#96,.F.);
#1384=EDGE_CURVE('',#1110,#1104,#619,.T.);
#1385=EDGE_CURVE('',#1106,#1109,#620,.T.);
#1386=EDGE_CURVE('',#1111,#1112,#97,.T.);
#1387=EDGE_CURVE('',#1112,#1103,#621,.T.);
#1388=EDGE_CURVE('',#1104,#1111,#622,.T.);
#1389=EDGE_CURVE('',#1113,#1114,#25,.T.);
#1390=EDGE_CURVE('',#1114,#1112,#28,.T.);
#1391=EDGE_CURVE('',#1111,#1113,#29,.T.);
#1392=EDGE_CURVE('',#1115,#1108,#623,.T.);
#1393=EDGE_CURVE('',#1116,#1115,#624,.T.);
#1394=EDGE_CURVE('',#1117,#1116,#625,.T.);
#1395=EDGE_CURVE('',#1118,#1117,#626,.T.);
#1396=EDGE_CURVE('',#1119,#1118,#627,.T.);
#1397=EDGE_CURVE('',#1120,#1119,#628,.T.);
#1398=EDGE_CURVE('',#1121,#1120,#629,.T.);
#1399=EDGE_CURVE('',#1109,#1121,#630,.T.);
#1400=EDGE_CURVE('',#1122,#1112,#631,.T.);
#1401=EDGE_CURVE('',#1107,#1122,#632,.T.);
#1402=EDGE_CURVE('',#1114,#1123,#633,.T.);
#1403=EDGE_CURVE('',#1122,#1123,#30,.T.);
#1404=EDGE_CURVE('',#1124,#1125,#634,.T.);
#1405=EDGE_CURVE('',#1125,#1126,#98,.F.);
#1406=EDGE_CURVE('',#1126,#1127,#635,.T.);
#1407=EDGE_CURVE('',#1127,#1124,#31,.T.);
#1408=EDGE_CURVE('',#1127,#1128,#636,.T.);
#1409=EDGE_CURVE('',#1128,#1129,#32,.T.);
#1410=EDGE_CURVE('',#1129,#1124,#637,.T.);
#1411=EDGE_CURVE('',#1128,#1130,#638,.T.);
#1412=EDGE_CURVE('',#1130,#1131,#33,.T.);
#1413=EDGE_CURVE('',#1131,#1129,#639,.T.);
#1414=EDGE_CURVE('',#1132,#1131,#640,.T.);
#1415=EDGE_CURVE('',#1130,#1133,#641,.T.);
#1416=EDGE_CURVE('',#1133,#1132,#34,.T.);
#1417=EDGE_CURVE('',#1133,#1134,#642,.T.);
#1418=EDGE_CURVE('',#1134,#1135,#99,.F.);
#1419=EDGE_CURVE('',#1135,#1132,#643,.T.);
#1420=EDGE_CURVE('',#1136,#1135,#644,.T.);
#1421=EDGE_CURVE('',#1137,#1136,#645,.T.);
#1422=EDGE_CURVE('',#1138,#1137,#646,.T.);
#1423=EDGE_CURVE('',#1139,#1138,#647,.T.);
#1424=EDGE_CURVE('',#1125,#1139,#648,.T.);
#1425=EDGE_CURVE('',#1140,#1141,#649,.T.);
#1426=EDGE_CURVE('',#1141,#1142,#100,.T.);
#1427=EDGE_CURVE('',#1142,#1143,#650,.T.);
#1428=EDGE_CURVE('',#1143,#1140,#35,.T.);
#1429=EDGE_CURVE('',#1144,#1145,#101,.F.);
#1430=EDGE_CURVE('',#1146,#1144,#102,.F.);
#1431=EDGE_CURVE('',#1145,#1146,#103,.F.);
#1432=EDGE_CURVE('',#1147,#1148,#104,.T.);
#1433=EDGE_CURVE('',#1148,#1146,#651,.T.);
#1434=EDGE_CURVE('',#1144,#1147,#652,.T.);
#1435=EDGE_CURVE('',#1118,#1149,#105,.F.);
#1436=EDGE_CURVE('',#1149,#1150,#653,.T.);
#1437=EDGE_CURVE('',#1150,#1119,#36,.T.);
#1438=EDGE_CURVE('',#1151,#1152,#106,.F.);
#1439=EDGE_CURVE('',#1120,#1151,#107,.F.);
#1440=EDGE_CURVE('',#1152,#1120,#108,.F.);
#1441=EDGE_CURVE('',#1153,#1121,#109,.F.);
#1442=EDGE_CURVE('',#1151,#1153,#654,.T.);
#1443=EDGE_CURVE('',#1150,#1152,#655,.T.);
#1444=EDGE_CURVE('',#1152,#1145,#656,.T.);
#1445=EDGE_CURVE('',#1146,#1151,#657,.T.);
#1446=EDGE_CURVE('',#1143,#1144,#658,.T.);
#1447=EDGE_CURVE('',#1145,#1140,#659,.T.);
#1448=EDGE_CURVE('',#1150,#1140,#660,.T.);
#1449=EDGE_CURVE('',#1154,#1149,#661,.T.);
#1450=EDGE_CURVE('',#1155,#1154,#662,.T.);
#1451=EDGE_CURVE('',#1156,#1155,#663,.T.);
#1452=EDGE_CURVE('',#1157,#1156,#664,.T.);
#1453=EDGE_CURVE('',#1157,#1141,#665,.T.);
#1454=EDGE_CURVE('',#1158,#1159,#666,.T.);
#1455=EDGE_CURVE('',#1159,#1160,#110,.F.);
#1456=EDGE_CURVE('',#1160,#1161,#667,.T.);
#1457=EDGE_CURVE('',#1161,#1158,#37,.T.);
#1458=EDGE_CURVE('',#1161,#1162,#668,.T.);
#1459=EDGE_CURVE('',#1162,#1163,#38,.T.);
#1460=EDGE_CURVE('',#1163,#1158,#669,.T.);
#1461=EDGE_CURVE('',#1162,#1122,#670,.T.);
#1462=EDGE_CURVE('',#1123,#1163,#671,.T.);
#1463=EDGE_CURVE('',#1147,#1142,#672,.T.);
#1464=EDGE_CURVE('',#1164,#1159,#673,.T.);
#1465=EDGE_CURVE('',#1113,#1164,#674,.T.);
#1466=EDGE_CURVE('',#1165,#1166,#675,.T.);
#1467=EDGE_CURVE('',#1166,#1117,#111,.F.);
#1468=EDGE_CURVE('',#1116,#1165,#39,.T.);
#1469=EDGE_CURVE('',#1115,#1167,#40,.T.);
#1470=EDGE_CURVE('',#1167,#1165,#676,.T.);
#1471=EDGE_CURVE('',#1107,#1167,#677,.T.);
#1472=EDGE_CURVE('',#1166,#1160,#678,.T.);
#1473=EDGE_CURVE('',#1165,#1161,#679,.T.);
#1474=EDGE_CURVE('',#1167,#1162,#680,.T.);
#1475=EDGE_CURVE('',#1168,#1169,#681,.T.);
#1476=EDGE_CURVE('',#1169,#1170,#112,.F.);
#1477=EDGE_CURVE('',#1170,#1171,#682,.T.);
#1478=EDGE_CURVE('',#1171,#1168,#41,.T.);
#1479=EDGE_CURVE('',#1171,#1172,#683,.T.);
#1480=EDGE_CURVE('',#1172,#1173,#42,.T.);
#1481=EDGE_CURVE('',#1173,#1168,#684,.T.);
#1482=EDGE_CURVE('',#1172,#1174,#685,.T.);
#1483=EDGE_CURVE('',#1174,#1175,#43,.T.);
#1484=EDGE_CURVE('',#1175,#1173,#686,.T.);
#1485=EDGE_CURVE('',#1176,#1175,#687,.T.);
#1486=EDGE_CURVE('',#1174,#1177,#688,.T.);
#1487=EDGE_CURVE('',#1177,#1176,#44,.T.);
#1488=EDGE_CURVE('',#1177,#1178,#689,.T.);
#1489=EDGE_CURVE('',#1178,#1179,#113,.F.);
#1490=EDGE_CURVE('',#1179,#1176,#690,.T.);
#1491=EDGE_CURVE('',#1169,#1126,#691,.T.);
#1492=EDGE_CURVE('',#1168,#1127,#692,.T.);
#1493=EDGE_CURVE('',#1173,#1128,#693,.T.);
#1494=EDGE_CURVE('',#1175,#1130,#694,.T.);
#1495=EDGE_CURVE('',#1176,#1133,#695,.T.);
#1496=EDGE_CURVE('',#1179,#1134,#696,.T.);
#1497=EDGE_CURVE('',#1155,#1180,#114,.F.);
#1498=EDGE_CURVE('',#1138,#1155,#115,.F.);
#1499=EDGE_CURVE('',#1180,#1138,#116,.F.);
#1500=EDGE_CURVE('',#1154,#1139,#117,.F.);
#1501=EDGE_CURVE('',#1137,#1181,#118,.F.);
#1502=EDGE_CURVE('',#1182,#1137,#119,.F.);
#1503=EDGE_CURVE('',#1181,#1182,#120,.F.);
#1504=EDGE_CURVE('',#1136,#1183,#121,.F.);
#1505=EDGE_CURVE('',#1183,#1182,#697,.T.);
#1506=EDGE_CURVE('',#1184,#1185,#122,.F.);
#1507=EDGE_CURVE('',#1156,#1184,#123,.F.);
#1508=EDGE_CURVE('',#1185,#1156,#124,.F.);
#1509=EDGE_CURVE('',#1186,#1157,#125,.T.);
#1510=EDGE_CURVE('',#1184,#1186,#698,.T.);
#1511=EDGE_CURVE('',#1180,#1185,#699,.T.);
#1512=EDGE_CURVE('',#1187,#1188,#126,.F.);
#1513=EDGE_CURVE('',#1189,#1187,#127,.F.);
#1514=EDGE_CURVE('',#1188,#1189,#128,.F.);
#1515=EDGE_CURVE('',#1190,#1191,#129,.T.);
#1516=EDGE_CURVE('',#1191,#1189,#700,.T.);
#1517=EDGE_CURVE('',#1187,#1190,#701,.T.);
#1518=EDGE_CURVE('',#1185,#1188,#702,.T.);
#1519=EDGE_CURVE('',#1189,#1184,#703,.T.);
#1520=EDGE_CURVE('',#1188,#1181,#704,.T.);
#1521=EDGE_CURVE('',#1182,#1187,#705,.T.);
#1522=EDGE_CURVE('',#1181,#1180,#706,.T.);
#1523=EDGE_CURVE('',#1191,#1186,#707,.T.);
#1524=EDGE_CURVE('',#1170,#1178,#708,.T.);
#1525=EDGE_CURVE('',#1190,#1148,#709,.T.);
#1526=EDGE_CURVE('',#1110,#1164,#710,.T.);
#1527=EDGE_CURVE('',#1153,#1183,#711,.T.);
#1528=EDGE_CURVE('',#1192,#1193,#712,.T.);
#1529=EDGE_CURVE('',#1192,#1194,#713,.T.);
#1530=EDGE_CURVE('',#1195,#1194,#714,.T.);
#1531=EDGE_CURVE('',#1193,#1195,#715,.T.);
#1532=EDGE_CURVE('',#1193,#1196,#130,.T.);
#1533=EDGE_CURVE('',#1197,#1195,#131,.T.);
#1534=EDGE_CURVE('',#1196,#1197,#716,.T.);
#1535=EDGE_CURVE('',#1196,#1198,#717,.T.);
#1536=EDGE_CURVE('',#1199,#1197,#718,.T.);
#1537=EDGE_CURVE('',#1198,#1199,#719,.T.);
#1538=EDGE_CURVE('',#1198,#1200,#132,.T.);
#1539=EDGE_CURVE('',#1201,#1199,#133,.T.);
#1540=EDGE_CURVE('',#1200,#1201,#720,.T.);
#1541=EDGE_CURVE('',#1200,#1202,#721,.T.);
#1542=EDGE_CURVE('',#1203,#1201,#722,.T.);
#1543=EDGE_CURVE('',#1202,#1203,#723,.T.);
#1544=EDGE_CURVE('',#1204,#1192,#134,.T.);
#1545=EDGE_CURVE('',#1204,#1205,#724,.T.);
#1546=EDGE_CURVE('',#1194,#1205,#135,.T.);
#1547=EDGE_CURVE('',#1206,#1204,#725,.T.);
#1548=EDGE_CURVE('',#1206,#1207,#726,.T.);
#1549=EDGE_CURVE('',#1205,#1207,#727,.T.);
#1550=EDGE_CURVE('',#1202,#1206,#136,.T.);
#1551=EDGE_CURVE('',#1207,#1203,#137,.T.);
#1552=EDGE_CURVE('',#1208,#1209,#728,.T.);
#1553=EDGE_CURVE('',#1208,#1210,#729,.T.);
#1554=EDGE_CURVE('',#1211,#1210,#730,.T.);
#1555=EDGE_CURVE('',#1209,#1211,#731,.T.);
#1556=EDGE_CURVE('',#1212,#1209,#138,.T.);
#1557=EDGE_CURVE('',#1213,#1211,#139,.T.);
#1558=EDGE_CURVE('',#1212,#1213,#732,.T.);
#1559=EDGE_CURVE('',#1212,#1214,#733,.T.);
#1560=EDGE_CURVE('',#1215,#1213,#734,.T.);
#1561=EDGE_CURVE('',#1214,#1215,#735,.T.);
#1562=EDGE_CURVE('',#1216,#1214,#140,.T.);
#1563=EDGE_CURVE('',#1217,#1215,#141,.T.);
#1564=EDGE_CURVE('',#1216,#1217,#736,.T.);
#1565=EDGE_CURVE('',#1216,#1218,#737,.T.);
#1566=EDGE_CURVE('',#1219,#1217,#738,.T.);
#1567=EDGE_CURVE('',#1218,#1219,#739,.T.);
#1568=EDGE_CURVE('',#1220,#1218,#142,.T.);
#1569=EDGE_CURVE('',#1221,#1219,#143,.T.);
#1570=EDGE_CURVE('',#1220,#1221,#740,.T.);
#1571=EDGE_CURVE('',#1220,#1222,#741,.T.);
#1572=EDGE_CURVE('',#1223,#1221,#742,.T.);
#1573=EDGE_CURVE('',#1222,#1223,#743,.T.);
#1574=EDGE_CURVE('',#1208,#1222,#144,.T.);
#1575=EDGE_CURVE('',#1210,#1223,#145,.T.);
#1576=EDGE_CURVE('',#1224,#1225,#744,.T.);
#1577=EDGE_CURVE('',#1224,#1226,#745,.T.);
#1578=EDGE_CURVE('',#1227,#1226,#746,.T.);
#1579=EDGE_CURVE('',#1225,#1227,#747,.T.);
#1580=EDGE_CURVE('',#1225,#1228,#146,.T.);
#1581=EDGE_CURVE('',#1229,#1227,#147,.T.);
#1582=EDGE_CURVE('',#1228,#1229,#748,.T.);
#1583=EDGE_CURVE('',#1228,#1230,#749,.T.);
#1584=EDGE_CURVE('',#1231,#1229,#750,.T.);
#1585=EDGE_CURVE('',#1230,#1231,#751,.T.);
#1586=EDGE_CURVE('',#1230,#1232,#148,.T.);
#1587=EDGE_CURVE('',#1233,#1231,#149,.T.);
#1588=EDGE_CURVE('',#1232,#1233,#752,.T.);
#1589=EDGE_CURVE('',#1232,#1234,#753,.T.);
#1590=EDGE_CURVE('',#1235,#1233,#754,.T.);
#1591=EDGE_CURVE('',#1234,#1235,#755,.T.);
#1592=EDGE_CURVE('',#1236,#1224,#150,.T.);
#1593=EDGE_CURVE('',#1236,#1237,#756,.T.);
#1594=EDGE_CURVE('',#1226,#1237,#151,.T.);
#1595=EDGE_CURVE('',#1238,#1236,#757,.T.);
#1596=EDGE_CURVE('',#1238,#1239,#758,.T.);
#1597=EDGE_CURVE('',#1237,#1239,#759,.T.);
#1598=EDGE_CURVE('',#1234,#1238,#152,.T.);
#1599=EDGE_CURVE('',#1239,#1235,#153,.T.);
#1600=EDGE_CURVE('',#1240,#1241,#760,.T.);
#1601=EDGE_CURVE('',#1240,#1242,#761,.T.);
#1602=EDGE_CURVE('',#1243,#1242,#762,.T.);
#1603=EDGE_CURVE('',#1241,#1243,#763,.T.);
#1604=EDGE_CURVE('',#1244,#1241,#154,.T.);
#1605=EDGE_CURVE('',#1245,#1243,#155,.T.);
#1606=EDGE_CURVE('',#1244,#1245,#764,.T.);
#1607=EDGE_CURVE('',#1244,#1246,#765,.T.);
#1608=EDGE_CURVE('',#1247,#1245,#766,.T.);
#1609=EDGE_CURVE('',#1246,#1247,#767,.T.);
#1610=EDGE_CURVE('',#1248,#1246,#156,.T.);
#1611=EDGE_CURVE('',#1249,#1247,#157,.T.);
#1612=EDGE_CURVE('',#1248,#1249,#768,.T.);
#1613=EDGE_CURVE('',#1248,#1250,#769,.T.);
#1614=EDGE_CURVE('',#1251,#1249,#770,.T.);
#1615=EDGE_CURVE('',#1250,#1251,#771,.T.);
#1616=EDGE_CURVE('',#1252,#1250,#158,.T.);
#1617=EDGE_CURVE('',#1253,#1251,#159,.T.);
#1618=EDGE_CURVE('',#1252,#1253,#772,.T.);
#1619=EDGE_CURVE('',#1252,#1254,#773,.T.);
#1620=EDGE_CURVE('',#1255,#1253,#774,.T.);
#1621=EDGE_CURVE('',#1254,#1255,#775,.T.);
#1622=EDGE_CURVE('',#1240,#1254,#160,.T.);
#1623=EDGE_CURVE('',#1242,#1255,#161,.T.);
#1624=ORIENTED_EDGE('',*,*,#1256,.F.);
#1625=ORIENTED_EDGE('',*,*,#1257,.F.);
#1626=ORIENTED_EDGE('',*,*,#1258,.F.);
#1627=ORIENTED_EDGE('',*,*,#1259,.T.);
#1628=ORIENTED_EDGE('',*,*,#1260,.F.);
#1629=ORIENTED_EDGE('',*,*,#1259,.F.);
#1630=ORIENTED_EDGE('',*,*,#1261,.F.);
#1631=ORIENTED_EDGE('',*,*,#1262,.T.);
#1632=ORIENTED_EDGE('',*,*,#1263,.F.);
#1633=ORIENTED_EDGE('',*,*,#1262,.F.);
#1634=ORIENTED_EDGE('',*,*,#1264,.F.);
#1635=ORIENTED_EDGE('',*,*,#1265,.T.);
#1636=ORIENTED_EDGE('',*,*,#1266,.F.);
#1637=ORIENTED_EDGE('',*,*,#1265,.F.);
#1638=ORIENTED_EDGE('',*,*,#1267,.F.);
#1639=ORIENTED_EDGE('',*,*,#1268,.T.);
#1640=ORIENTED_EDGE('',*,*,#1269,.F.);
#1641=ORIENTED_EDGE('',*,*,#1268,.F.);
#1642=ORIENTED_EDGE('',*,*,#1270,.F.);
#1643=ORIENTED_EDGE('',*,*,#1271,.T.);
#1644=ORIENTED_EDGE('',*,*,#1272,.F.);
#1645=ORIENTED_EDGE('',*,*,#1271,.F.);
#1646=ORIENTED_EDGE('',*,*,#1273,.F.);
#1647=ORIENTED_EDGE('',*,*,#1274,.T.);
#1648=ORIENTED_EDGE('',*,*,#1275,.F.);
#1649=ORIENTED_EDGE('',*,*,#1274,.F.);
#1650=ORIENTED_EDGE('',*,*,#1276,.F.);
#1651=ORIENTED_EDGE('',*,*,#1277,.T.);
#1652=ORIENTED_EDGE('',*,*,#1278,.F.);
#1653=ORIENTED_EDGE('',*,*,#1277,.F.);
#1654=ORIENTED_EDGE('',*,*,#1279,.F.);
#1655=ORIENTED_EDGE('',*,*,#1257,.T.);
#1656=ORIENTED_EDGE('',*,*,#1280,.F.);
#1657=ORIENTED_EDGE('',*,*,#1281,.F.);
#1658=ORIENTED_EDGE('',*,*,#1282,.F.);
#1659=ORIENTED_EDGE('',*,*,#1283,.T.);
#1660=ORIENTED_EDGE('',*,*,#1284,.F.);
#1661=ORIENTED_EDGE('',*,*,#1283,.F.);
#1662=ORIENTED_EDGE('',*,*,#1285,.F.);
#1663=ORIENTED_EDGE('',*,*,#1286,.T.);
#1664=ORIENTED_EDGE('',*,*,#1287,.F.);
#1665=ORIENTED_EDGE('',*,*,#1286,.F.);
#1666=ORIENTED_EDGE('',*,*,#1288,.F.);
#1667=ORIENTED_EDGE('',*,*,#1289,.T.);
#1668=ORIENTED_EDGE('',*,*,#1290,.F.);
#1669=ORIENTED_EDGE('',*,*,#1289,.F.);
#1670=ORIENTED_EDGE('',*,*,#1291,.F.);
#1671=ORIENTED_EDGE('',*,*,#1292,.T.);
#1672=ORIENTED_EDGE('',*,*,#1293,.F.);
#1673=ORIENTED_EDGE('',*,*,#1292,.F.);
#1674=ORIENTED_EDGE('',*,*,#1294,.F.);
#1675=ORIENTED_EDGE('',*,*,#1295,.T.);
#1676=ORIENTED_EDGE('',*,*,#1296,.F.);
#1677=ORIENTED_EDGE('',*,*,#1295,.F.);
#1678=ORIENTED_EDGE('',*,*,#1297,.F.);
#1679=ORIENTED_EDGE('',*,*,#1298,.T.);
#1680=ORIENTED_EDGE('',*,*,#1299,.F.);
#1681=ORIENTED_EDGE('',*,*,#1298,.F.);
#1682=ORIENTED_EDGE('',*,*,#1300,.F.);
#1683=ORIENTED_EDGE('',*,*,#1301,.T.);
#1684=ORIENTED_EDGE('',*,*,#1302,.F.);
#1685=ORIENTED_EDGE('',*,*,#1301,.F.);
#1686=ORIENTED_EDGE('',*,*,#1303,.F.);
#1687=ORIENTED_EDGE('',*,*,#1281,.T.);
#1688=ORIENTED_EDGE('',*,*,#1304,.F.);
#1689=ORIENTED_EDGE('',*,*,#1305,.T.);
#1690=ORIENTED_EDGE('',*,*,#1306,.F.);
#1691=ORIENTED_EDGE('',*,*,#1307,.F.);
#1692=ORIENTED_EDGE('',*,*,#1269,.T.);
#1693=ORIENTED_EDGE('',*,*,#1272,.T.);
#1694=ORIENTED_EDGE('',*,*,#1275,.T.);
#1695=ORIENTED_EDGE('',*,*,#1278,.T.);
#1696=ORIENTED_EDGE('',*,*,#1256,.T.);
#1697=ORIENTED_EDGE('',*,*,#1260,.T.);
#1698=ORIENTED_EDGE('',*,*,#1263,.T.);
#1699=ORIENTED_EDGE('',*,*,#1266,.T.);
#1700=ORIENTED_EDGE('',*,*,#1308,.F.);
#1701=ORIENTED_EDGE('',*,*,#1307,.T.);
#1702=ORIENTED_EDGE('',*,*,#1309,.F.);
#1703=ORIENTED_EDGE('',*,*,#1310,.F.);
#1704=ORIENTED_EDGE('',*,*,#1311,.F.);
#1705=ORIENTED_EDGE('',*,*,#1310,.T.);
#1706=ORIENTED_EDGE('',*,*,#1312,.F.);
#1707=ORIENTED_EDGE('',*,*,#1313,.F.);
#1708=ORIENTED_EDGE('',*,*,#1314,.F.);
#1709=ORIENTED_EDGE('',*,*,#1313,.T.);
#1710=ORIENTED_EDGE('',*,*,#1315,.F.);
#1711=ORIENTED_EDGE('',*,*,#1316,.F.);
#1712=ORIENTED_EDGE('',*,*,#1317,.F.);
#1713=ORIENTED_EDGE('',*,*,#1316,.T.);
#1714=ORIENTED_EDGE('',*,*,#1318,.F.);
#1715=ORIENTED_EDGE('',*,*,#1319,.F.);
#1716=ORIENTED_EDGE('',*,*,#1270,.T.);
#1717=ORIENTED_EDGE('',*,*,#1267,.T.);
#1718=ORIENTED_EDGE('',*,*,#1264,.T.);
#1719=ORIENTED_EDGE('',*,*,#1261,.T.);
#1720=ORIENTED_EDGE('',*,*,#1258,.T.);
#1721=ORIENTED_EDGE('',*,*,#1279,.T.);
#1722=ORIENTED_EDGE('',*,*,#1276,.T.);
#1723=ORIENTED_EDGE('',*,*,#1273,.T.);
#1724=ORIENTED_EDGE('',*,*,#1320,.F.);
#1725=ORIENTED_EDGE('',*,*,#1319,.T.);
#1726=ORIENTED_EDGE('',*,*,#1321,.F.);
#1727=ORIENTED_EDGE('',*,*,#1322,.F.);
#1728=ORIENTED_EDGE('',*,*,#1323,.F.);
#1729=ORIENTED_EDGE('',*,*,#1322,.T.);
#1730=ORIENTED_EDGE('',*,*,#1324,.F.);
#1731=ORIENTED_EDGE('',*,*,#1325,.F.);
#1732=ORIENTED_EDGE('',*,*,#1326,.F.);
#1733=ORIENTED_EDGE('',*,*,#1325,.T.);
#1734=ORIENTED_EDGE('',*,*,#1327,.F.);
#1735=ORIENTED_EDGE('',*,*,#1305,.F.);
#1736=ORIENTED_EDGE('',*,*,#1327,.T.);
#1737=ORIENTED_EDGE('',*,*,#1324,.T.);
#1738=ORIENTED_EDGE('',*,*,#1321,.T.);
#1739=ORIENTED_EDGE('',*,*,#1318,.T.);
#1740=ORIENTED_EDGE('',*,*,#1315,.T.);
#1741=ORIENTED_EDGE('',*,*,#1312,.T.);
#1742=ORIENTED_EDGE('',*,*,#1309,.T.);
#1743=ORIENTED_EDGE('',*,*,#1306,.T.);
#1744=ORIENTED_EDGE('',*,*,#1328,.F.);
#1745=ORIENTED_EDGE('',*,*,#1329,.T.);
#1746=ORIENTED_EDGE('',*,*,#1330,.F.);
#1747=ORIENTED_EDGE('',*,*,#1331,.F.);
#1748=ORIENTED_EDGE('',*,*,#1293,.T.);
#1749=ORIENTED_EDGE('',*,*,#1296,.T.);
#1750=ORIENTED_EDGE('',*,*,#1299,.T.);
#1751=ORIENTED_EDGE('',*,*,#1302,.T.);
#1752=ORIENTED_EDGE('',*,*,#1280,.T.);
#1753=ORIENTED_EDGE('',*,*,#1284,.T.);
#1754=ORIENTED_EDGE('',*,*,#1287,.T.);
#1755=ORIENTED_EDGE('',*,*,#1290,.T.);
#1756=ORIENTED_EDGE('',*,*,#1332,.F.);
#1757=ORIENTED_EDGE('',*,*,#1331,.T.);
#1758=ORIENTED_EDGE('',*,*,#1333,.F.);
#1759=ORIENTED_EDGE('',*,*,#1334,.F.);
#1760=ORIENTED_EDGE('',*,*,#1335,.F.);
#1761=ORIENTED_EDGE('',*,*,#1334,.T.);
#1762=ORIENTED_EDGE('',*,*,#1336,.F.);
#1763=ORIENTED_EDGE('',*,*,#1337,.F.);
#1764=ORIENTED_EDGE('',*,*,#1338,.F.);
#1765=ORIENTED_EDGE('',*,*,#1337,.T.);
#1766=ORIENTED_EDGE('',*,*,#1339,.F.);
#1767=ORIENTED_EDGE('',*,*,#1340,.F.);
#1768=ORIENTED_EDGE('',*,*,#1341,.F.);
#1769=ORIENTED_EDGE('',*,*,#1340,.T.);
#1770=ORIENTED_EDGE('',*,*,#1342,.F.);
#1771=ORIENTED_EDGE('',*,*,#1343,.F.);
#1772=ORIENTED_EDGE('',*,*,#1294,.T.);
#1773=ORIENTED_EDGE('',*,*,#1291,.T.);
#1774=ORIENTED_EDGE('',*,*,#1288,.T.);
#1775=ORIENTED_EDGE('',*,*,#1285,.T.);
#1776=ORIENTED_EDGE('',*,*,#1282,.T.);
#1777=ORIENTED_EDGE('',*,*,#1303,.T.);
#1778=ORIENTED_EDGE('',*,*,#1300,.T.);
#1779=ORIENTED_EDGE('',*,*,#1297,.T.);
#1780=ORIENTED_EDGE('',*,*,#1344,.F.);
#1781=ORIENTED_EDGE('',*,*,#1343,.T.);
#1782=ORIENTED_EDGE('',*,*,#1345,.F.);
#1783=ORIENTED_EDGE('',*,*,#1346,.F.);
#1784=ORIENTED_EDGE('',*,*,#1347,.F.);
#1785=ORIENTED_EDGE('',*,*,#1346,.T.);
#1786=ORIENTED_EDGE('',*,*,#1348,.F.);
#1787=ORIENTED_EDGE('',*,*,#1349,.F.);
#1788=ORIENTED_EDGE('',*,*,#1350,.F.);
#1789=ORIENTED_EDGE('',*,*,#1349,.T.);
#1790=ORIENTED_EDGE('',*,*,#1351,.F.);
#1791=ORIENTED_EDGE('',*,*,#1329,.F.);
#1792=ORIENTED_EDGE('',*,*,#1351,.T.);
#1793=ORIENTED_EDGE('',*,*,#1348,.T.);
#1794=ORIENTED_EDGE('',*,*,#1345,.T.);
#1795=ORIENTED_EDGE('',*,*,#1342,.T.);
#1796=ORIENTED_EDGE('',*,*,#1339,.T.);
#1797=ORIENTED_EDGE('',*,*,#1336,.T.);
#1798=ORIENTED_EDGE('',*,*,#1333,.T.);
#1799=ORIENTED_EDGE('',*,*,#1330,.T.);
#1800=ORIENTED_EDGE('',*,*,#1352,.F.);
#1801=ORIENTED_EDGE('',*,*,#1353,.F.);
#1802=ORIENTED_EDGE('',*,*,#1354,.F.);
#1803=ORIENTED_EDGE('',*,*,#1355,.F.);
#1804=ORIENTED_EDGE('',*,*,#1356,.F.);
#1805=ORIENTED_EDGE('',*,*,#1357,.F.);
#1806=ORIENTED_EDGE('',*,*,#1358,.F.);
#1807=ORIENTED_EDGE('',*,*,#1359,.F.);
#1808=ORIENTED_EDGE('',*,*,#1353,.T.);
#1809=ORIENTED_EDGE('',*,*,#1360,.T.);
#1810=ORIENTED_EDGE('',*,*,#1361,.F.);
#1811=ORIENTED_EDGE('',*,*,#1362,.F.);
#1812=ORIENTED_EDGE('',*,*,#1352,.T.);
#1813=ORIENTED_EDGE('',*,*,#1363,.T.);
#1814=ORIENTED_EDGE('',*,*,#1364,.F.);
#1815=ORIENTED_EDGE('',*,*,#1360,.F.);
#1816=ORIENTED_EDGE('',*,*,#1357,.T.);
#1817=ORIENTED_EDGE('',*,*,#1365,.T.);
#1818=ORIENTED_EDGE('',*,*,#1366,.F.);
#1819=ORIENTED_EDGE('',*,*,#1367,.F.);
#1820=ORIENTED_EDGE('',*,*,#1356,.T.);
#1821=ORIENTED_EDGE('',*,*,#1368,.T.);
#1822=ORIENTED_EDGE('',*,*,#1369,.F.);
#1823=ORIENTED_EDGE('',*,*,#1365,.F.);
#1824=ORIENTED_EDGE('',*,*,#1358,.T.);
#1825=ORIENTED_EDGE('',*,*,#1367,.T.);
#1826=ORIENTED_EDGE('',*,*,#1370,.F.);
#1827=ORIENTED_EDGE('',*,*,#1371,.F.);
#1828=ORIENTED_EDGE('',*,*,#1359,.T.);
#1829=ORIENTED_EDGE('',*,*,#1371,.T.);
#1830=ORIENTED_EDGE('',*,*,#1372,.F.);
#1831=ORIENTED_EDGE('',*,*,#1368,.F.);
#1832=ORIENTED_EDGE('',*,*,#1354,.T.);
#1833=ORIENTED_EDGE('',*,*,#1362,.T.);
#1834=ORIENTED_EDGE('',*,*,#1373,.F.);
#1835=ORIENTED_EDGE('',*,*,#1374,.F.);
#1836=ORIENTED_EDGE('',*,*,#1355,.T.);
#1837=ORIENTED_EDGE('',*,*,#1374,.T.);
#1838=ORIENTED_EDGE('',*,*,#1375,.F.);
#1839=ORIENTED_EDGE('',*,*,#1363,.F.);
#1840=ORIENTED_EDGE('',*,*,#1376,.F.);
#1841=ORIENTED_EDGE('',*,*,#1377,.F.);
#1842=ORIENTED_EDGE('',*,*,#1378,.T.);
#1843=ORIENTED_EDGE('',*,*,#1379,.F.);
#1844=ORIENTED_EDGE('',*,*,#1380,.T.);
#1845=ORIENTED_EDGE('',*,*,#1381,.T.);
#1846=ORIENTED_EDGE('',*,*,#1377,.T.);
#1847=ORIENTED_EDGE('',*,*,#1382,.T.);
#1848=ORIENTED_EDGE('',*,*,#1383,.T.);
#1849=ORIENTED_EDGE('',*,*,#1384,.T.);
#1850=ORIENTED_EDGE('',*,*,#1379,.T.);
#1851=ORIENTED_EDGE('',*,*,#1385,.T.);
#1852=ORIENTED_EDGE('',*,*,#1386,.T.);
#1853=ORIENTED_EDGE('',*,*,#1387,.T.);
#1854=ORIENTED_EDGE('',*,*,#1376,.T.);
#1855=ORIENTED_EDGE('',*,*,#1388,.T.);
#1856=ORIENTED_EDGE('',*,*,#1389,.T.);
#1857=ORIENTED_EDGE('',*,*,#1390,.T.);
#1858=ORIENTED_EDGE('',*,*,#1386,.F.);
#1859=ORIENTED_EDGE('',*,*,#1391,.T.);
#1860=ORIENTED_EDGE('',*,*,#1385,.F.);
#1861=ORIENTED_EDGE('',*,*,#1378,.F.);
#1862=ORIENTED_EDGE('',*,*,#1381,.F.);
#1863=ORIENTED_EDGE('',*,*,#1392,.F.);
#1864=ORIENTED_EDGE('',*,*,#1393,.F.);
#1865=ORIENTED_EDGE('',*,*,#1394,.F.);
#1866=ORIENTED_EDGE('',*,*,#1395,.F.);
#1867=ORIENTED_EDGE('',*,*,#1396,.F.);
#1868=ORIENTED_EDGE('',*,*,#1397,.F.);
#1869=ORIENTED_EDGE('',*,*,#1398,.F.);
#1870=ORIENTED_EDGE('',*,*,#1399,.F.);
#1871=ORIENTED_EDGE('',*,*,#1382,.F.);
#1872=ORIENTED_EDGE('',*,*,#1387,.F.);
#1873=ORIENTED_EDGE('',*,*,#1400,.F.);
#1874=ORIENTED_EDGE('',*,*,#1401,.F.);
#1875=ORIENTED_EDGE('',*,*,#1390,.F.);
#1876=ORIENTED_EDGE('',*,*,#1402,.T.);
#1877=ORIENTED_EDGE('',*,*,#1403,.F.);
#1878=ORIENTED_EDGE('',*,*,#1400,.T.);
#1879=ORIENTED_EDGE('',*,*,#1404,.T.);
#1880=ORIENTED_EDGE('',*,*,#1405,.T.);
#1881=ORIENTED_EDGE('',*,*,#1406,.T.);
#1882=ORIENTED_EDGE('',*,*,#1407,.T.);
#1883=ORIENTED_EDGE('',*,*,#1408,.T.);
#1884=ORIENTED_EDGE('',*,*,#1409,.T.);
#1885=ORIENTED_EDGE('',*,*,#1410,.T.);
#1886=ORIENTED_EDGE('',*,*,#1407,.F.);
#1887=ORIENTED_EDGE('',*,*,#1411,.T.);
#1888=ORIENTED_EDGE('',*,*,#1412,.T.);
#1889=ORIENTED_EDGE('',*,*,#1413,.T.);
#1890=ORIENTED_EDGE('',*,*,#1409,.F.);
#1891=ORIENTED_EDGE('',*,*,#1414,.T.);
#1892=ORIENTED_EDGE('',*,*,#1412,.F.);
#1893=ORIENTED_EDGE('',*,*,#1415,.T.);
#1894=ORIENTED_EDGE('',*,*,#1416,.T.);
#1895=ORIENTED_EDGE('',*,*,#1417,.T.);
#1896=ORIENTED_EDGE('',*,*,#1418,.T.);
#1897=ORIENTED_EDGE('',*,*,#1419,.T.);
#1898=ORIENTED_EDGE('',*,*,#1416,.F.);
#1899=ORIENTED_EDGE('',*,*,#1404,.F.);
#1900=ORIENTED_EDGE('',*,*,#1410,.F.);
#1901=ORIENTED_EDGE('',*,*,#1413,.F.);
#1902=ORIENTED_EDGE('',*,*,#1414,.F.);
#1903=ORIENTED_EDGE('',*,*,#1419,.F.);
#1904=ORIENTED_EDGE('',*,*,#1420,.F.);
#1905=ORIENTED_EDGE('',*,*,#1421,.F.);
#1906=ORIENTED_EDGE('',*,*,#1422,.F.);
#1907=ORIENTED_EDGE('',*,*,#1423,.F.);
#1908=ORIENTED_EDGE('',*,*,#1424,.F.);
#1909=ORIENTED_EDGE('',*,*,#1425,.T.);
#1910=ORIENTED_EDGE('',*,*,#1426,.T.);
#1911=ORIENTED_EDGE('',*,*,#1427,.T.);
#1912=ORIENTED_EDGE('',*,*,#1428,.T.);
#1913=ORIENTED_EDGE('',*,*,#1429,.F.);
#1914=ORIENTED_EDGE('',*,*,#1430,.F.);
#1915=ORIENTED_EDGE('',*,*,#1431,.F.);
#1916=ORIENTED_EDGE('',*,*,#1432,.T.);
#1917=ORIENTED_EDGE('',*,*,#1433,.T.);
#1918=ORIENTED_EDGE('',*,*,#1430,.T.);
#1919=ORIENTED_EDGE('',*,*,#1434,.T.);
#1920=ORIENTED_EDGE('',*,*,#1396,.T.);
#1921=ORIENTED_EDGE('',*,*,#1435,.T.);
#1922=ORIENTED_EDGE('',*,*,#1436,.T.);
#1923=ORIENTED_EDGE('',*,*,#1437,.T.);
#1924=ORIENTED_EDGE('',*,*,#1438,.F.);
#1925=ORIENTED_EDGE('',*,*,#1439,.F.);
#1926=ORIENTED_EDGE('',*,*,#1440,.F.);
#1927=ORIENTED_EDGE('',*,*,#1441,.T.);
#1928=ORIENTED_EDGE('',*,*,#1398,.T.);
#1929=ORIENTED_EDGE('',*,*,#1439,.T.);
#1930=ORIENTED_EDGE('',*,*,#1442,.T.);
#1931=ORIENTED_EDGE('',*,*,#1443,.T.);
#1932=ORIENTED_EDGE('',*,*,#1440,.T.);
#1933=ORIENTED_EDGE('',*,*,#1397,.T.);
#1934=ORIENTED_EDGE('',*,*,#1437,.F.);
#1935=ORIENTED_EDGE('',*,*,#1438,.T.);
#1936=ORIENTED_EDGE('',*,*,#1444,.T.);
#1937=ORIENTED_EDGE('',*,*,#1431,.T.);
#1938=ORIENTED_EDGE('',*,*,#1445,.T.);
#1939=ORIENTED_EDGE('',*,*,#1446,.T.);
#1940=ORIENTED_EDGE('',*,*,#1429,.T.);
#1941=ORIENTED_EDGE('',*,*,#1447,.T.);
#1942=ORIENTED_EDGE('',*,*,#1428,.F.);
#1943=ORIENTED_EDGE('',*,*,#1447,.F.);
#1944=ORIENTED_EDGE('',*,*,#1444,.F.);
#1945=ORIENTED_EDGE('',*,*,#1443,.F.);
#1946=ORIENTED_EDGE('',*,*,#1448,.T.);
#1947=ORIENTED_EDGE('',*,*,#1425,.F.);
#1948=ORIENTED_EDGE('',*,*,#1448,.F.);
#1949=ORIENTED_EDGE('',*,*,#1436,.F.);
#1950=ORIENTED_EDGE('',*,*,#1449,.F.);
#1951=ORIENTED_EDGE('',*,*,#1450,.F.);
#1952=ORIENTED_EDGE('',*,*,#1451,.F.);
#1953=ORIENTED_EDGE('',*,*,#1452,.F.);
#1954=ORIENTED_EDGE('',*,*,#1453,.T.);
#1955=ORIENTED_EDGE('',*,*,#1304,.T.);
#1956=ORIENTED_EDGE('',*,*,#1308,.T.);
#1957=ORIENTED_EDGE('',*,*,#1311,.T.);
#1958=ORIENTED_EDGE('',*,*,#1314,.T.);
#1959=ORIENTED_EDGE('',*,*,#1317,.T.);
#1960=ORIENTED_EDGE('',*,*,#1320,.T.);
#1961=ORIENTED_EDGE('',*,*,#1323,.T.);
#1962=ORIENTED_EDGE('',*,*,#1326,.T.);
#1963=ORIENTED_EDGE('',*,*,#1328,.T.);
#1964=ORIENTED_EDGE('',*,*,#1332,.T.);
#1965=ORIENTED_EDGE('',*,*,#1335,.T.);
#1966=ORIENTED_EDGE('',*,*,#1338,.T.);
#1967=ORIENTED_EDGE('',*,*,#1341,.T.);
#1968=ORIENTED_EDGE('',*,*,#1344,.T.);
#1969=ORIENTED_EDGE('',*,*,#1347,.T.);
#1970=ORIENTED_EDGE('',*,*,#1350,.T.);
#1971=ORIENTED_EDGE('',*,*,#1454,.T.);
#1972=ORIENTED_EDGE('',*,*,#1455,.T.);
#1973=ORIENTED_EDGE('',*,*,#1456,.T.);
#1974=ORIENTED_EDGE('',*,*,#1457,.T.);
#1975=ORIENTED_EDGE('',*,*,#1458,.T.);
#1976=ORIENTED_EDGE('',*,*,#1459,.T.);
#1977=ORIENTED_EDGE('',*,*,#1460,.T.);
#1978=ORIENTED_EDGE('',*,*,#1457,.F.);
#1979=ORIENTED_EDGE('',*,*,#1461,.T.);
#1980=ORIENTED_EDGE('',*,*,#1403,.T.);
#1981=ORIENTED_EDGE('',*,*,#1462,.T.);
#1982=ORIENTED_EDGE('',*,*,#1459,.F.);
#1983=ORIENTED_EDGE('',*,*,#1427,.F.);
#1984=ORIENTED_EDGE('',*,*,#1463,.F.);
#1985=ORIENTED_EDGE('',*,*,#1434,.F.);
#1986=ORIENTED_EDGE('',*,*,#1446,.F.);
#1987=ORIENTED_EDGE('',*,*,#1464,.T.);
#1988=ORIENTED_EDGE('',*,*,#1454,.F.);
#1989=ORIENTED_EDGE('',*,*,#1460,.F.);
#1990=ORIENTED_EDGE('',*,*,#1462,.F.);
#1991=ORIENTED_EDGE('',*,*,#1402,.F.);
#1992=ORIENTED_EDGE('',*,*,#1389,.F.);
#1993=ORIENTED_EDGE('',*,*,#1465,.T.);
#1994=ORIENTED_EDGE('',*,*,#1466,.T.);
#1995=ORIENTED_EDGE('',*,*,#1467,.T.);
#1996=ORIENTED_EDGE('',*,*,#1394,.T.);
#1997=ORIENTED_EDGE('',*,*,#1468,.T.);
#1998=ORIENTED_EDGE('',*,*,#1393,.T.);
#1999=ORIENTED_EDGE('',*,*,#1469,.T.);
#2000=ORIENTED_EDGE('',*,*,#1470,.T.);
#2001=ORIENTED_EDGE('',*,*,#1468,.F.);
#2002=ORIENTED_EDGE('',*,*,#1392,.T.);
#2003=ORIENTED_EDGE('',*,*,#1380,.F.);
#2004=ORIENTED_EDGE('',*,*,#1471,.T.);
#2005=ORIENTED_EDGE('',*,*,#1469,.F.);
#2006=ORIENTED_EDGE('',*,*,#1456,.F.);
#2007=ORIENTED_EDGE('',*,*,#1472,.F.);
#2008=ORIENTED_EDGE('',*,*,#1466,.F.);
#2009=ORIENTED_EDGE('',*,*,#1473,.T.);
#2010=ORIENTED_EDGE('',*,*,#1458,.F.);
#2011=ORIENTED_EDGE('',*,*,#1473,.F.);
#2012=ORIENTED_EDGE('',*,*,#1470,.F.);
#2013=ORIENTED_EDGE('',*,*,#1474,.T.);
#2014=ORIENTED_EDGE('',*,*,#1461,.F.);
#2015=ORIENTED_EDGE('',*,*,#1474,.F.);
#2016=ORIENTED_EDGE('',*,*,#1471,.F.);
#2017=ORIENTED_EDGE('',*,*,#1401,.T.);
#2018=ORIENTED_EDGE('',*,*,#1475,.T.);
#2019=ORIENTED_EDGE('',*,*,#1476,.T.);
#2020=ORIENTED_EDGE('',*,*,#1477,.T.);
#2021=ORIENTED_EDGE('',*,*,#1478,.T.);
#2022=ORIENTED_EDGE('',*,*,#1479,.T.);
#2023=ORIENTED_EDGE('',*,*,#1480,.T.);
#2024=ORIENTED_EDGE('',*,*,#1481,.T.);
#2025=ORIENTED_EDGE('',*,*,#1478,.F.);
#2026=ORIENTED_EDGE('',*,*,#1482,.T.);
#2027=ORIENTED_EDGE('',*,*,#1483,.T.);
#2028=ORIENTED_EDGE('',*,*,#1484,.T.);
#2029=ORIENTED_EDGE('',*,*,#1480,.F.);
#2030=ORIENTED_EDGE('',*,*,#1485,.T.);
#2031=ORIENTED_EDGE('',*,*,#1483,.F.);
#2032=ORIENTED_EDGE('',*,*,#1486,.T.);
#2033=ORIENTED_EDGE('',*,*,#1487,.T.);
#2034=ORIENTED_EDGE('',*,*,#1488,.T.);
#2035=ORIENTED_EDGE('',*,*,#1489,.T.);
#2036=ORIENTED_EDGE('',*,*,#1490,.T.);
#2037=ORIENTED_EDGE('',*,*,#1487,.F.);
#2038=ORIENTED_EDGE('',*,*,#1406,.F.);
#2039=ORIENTED_EDGE('',*,*,#1491,.F.);
#2040=ORIENTED_EDGE('',*,*,#1475,.F.);
#2041=ORIENTED_EDGE('',*,*,#1492,.T.);
#2042=ORIENTED_EDGE('',*,*,#1408,.F.);
#2043=ORIENTED_EDGE('',*,*,#1492,.F.);
#2044=ORIENTED_EDGE('',*,*,#1481,.F.);
#2045=ORIENTED_EDGE('',*,*,#1493,.T.);
#2046=ORIENTED_EDGE('',*,*,#1411,.F.);
#2047=ORIENTED_EDGE('',*,*,#1493,.F.);
#2048=ORIENTED_EDGE('',*,*,#1484,.F.);
#2049=ORIENTED_EDGE('',*,*,#1494,.T.);
#2050=ORIENTED_EDGE('',*,*,#1415,.F.);
#2051=ORIENTED_EDGE('',*,*,#1494,.F.);
#2052=ORIENTED_EDGE('',*,*,#1485,.F.);
#2053=ORIENTED_EDGE('',*,*,#1495,.T.);
#2054=ORIENTED_EDGE('',*,*,#1417,.F.);
#2055=ORIENTED_EDGE('',*,*,#1495,.F.);
#2056=ORIENTED_EDGE('',*,*,#1490,.F.);
#2057=ORIENTED_EDGE('',*,*,#1496,.T.);
#2058=ORIENTED_EDGE('',*,*,#1497,.F.);
#2059=ORIENTED_EDGE('',*,*,#1498,.F.);
#2060=ORIENTED_EDGE('',*,*,#1499,.F.);
#2061=ORIENTED_EDGE('',*,*,#1500,.T.);
#2062=ORIENTED_EDGE('',*,*,#1423,.T.);
#2063=ORIENTED_EDGE('',*,*,#1498,.T.);
#2064=ORIENTED_EDGE('',*,*,#1450,.T.);
#2065=ORIENTED_EDGE('',*,*,#1501,.F.);
#2066=ORIENTED_EDGE('',*,*,#1502,.F.);
#2067=ORIENTED_EDGE('',*,*,#1503,.F.);
#2068=ORIENTED_EDGE('',*,*,#1504,.T.);
#2069=ORIENTED_EDGE('',*,*,#1505,.T.);
#2070=ORIENTED_EDGE('',*,*,#1502,.T.);
#2071=ORIENTED_EDGE('',*,*,#1421,.T.);
#2072=ORIENTED_EDGE('',*,*,#1506,.F.);
#2073=ORIENTED_EDGE('',*,*,#1507,.F.);
#2074=ORIENTED_EDGE('',*,*,#1508,.F.);
#2075=ORIENTED_EDGE('',*,*,#1509,.T.);
#2076=ORIENTED_EDGE('',*,*,#1452,.T.);
#2077=ORIENTED_EDGE('',*,*,#1507,.T.);
#2078=ORIENTED_EDGE('',*,*,#1510,.T.);
#2079=ORIENTED_EDGE('',*,*,#1497,.T.);
#2080=ORIENTED_EDGE('',*,*,#1511,.T.);
#2081=ORIENTED_EDGE('',*,*,#1508,.T.);
#2082=ORIENTED_EDGE('',*,*,#1451,.T.);
#2083=ORIENTED_EDGE('',*,*,#1512,.F.);
#2084=ORIENTED_EDGE('',*,*,#1513,.F.);
#2085=ORIENTED_EDGE('',*,*,#1514,.F.);
#2086=ORIENTED_EDGE('',*,*,#1515,.T.);
#2087=ORIENTED_EDGE('',*,*,#1516,.T.);
#2088=ORIENTED_EDGE('',*,*,#1513,.T.);
#2089=ORIENTED_EDGE('',*,*,#1517,.T.);
#2090=ORIENTED_EDGE('',*,*,#1506,.T.);
#2091=ORIENTED_EDGE('',*,*,#1518,.T.);
#2092=ORIENTED_EDGE('',*,*,#1514,.T.);
#2093=ORIENTED_EDGE('',*,*,#1519,.T.);
#2094=ORIENTED_EDGE('',*,*,#1512,.T.);
#2095=ORIENTED_EDGE('',*,*,#1520,.T.);
#2096=ORIENTED_EDGE('',*,*,#1503,.T.);
#2097=ORIENTED_EDGE('',*,*,#1521,.T.);
#2098=ORIENTED_EDGE('',*,*,#1501,.T.);
#2099=ORIENTED_EDGE('',*,*,#1522,.T.);
#2100=ORIENTED_EDGE('',*,*,#1499,.T.);
#2101=ORIENTED_EDGE('',*,*,#1422,.T.);
#2102=ORIENTED_EDGE('',*,*,#1510,.F.);
#2103=ORIENTED_EDGE('',*,*,#1519,.F.);
#2104=ORIENTED_EDGE('',*,*,#1516,.F.);
#2105=ORIENTED_EDGE('',*,*,#1523,.T.);
#2106=ORIENTED_EDGE('',*,*,#1524,.T.);
#2107=ORIENTED_EDGE('',*,*,#1488,.F.);
#2108=ORIENTED_EDGE('',*,*,#1486,.F.);
#2109=ORIENTED_EDGE('',*,*,#1482,.F.);
#2110=ORIENTED_EDGE('',*,*,#1479,.F.);
#2111=ORIENTED_EDGE('',*,*,#1477,.F.);
#2112=ORIENTED_EDGE('',*,*,#1426,.F.);
#2113=ORIENTED_EDGE('',*,*,#1453,.F.);
#2114=ORIENTED_EDGE('',*,*,#1509,.F.);
#2115=ORIENTED_EDGE('',*,*,#1523,.F.);
#2116=ORIENTED_EDGE('',*,*,#1515,.F.);
#2117=ORIENTED_EDGE('',*,*,#1525,.T.);
#2118=ORIENTED_EDGE('',*,*,#1432,.F.);
#2119=ORIENTED_EDGE('',*,*,#1463,.T.);
#2120=ORIENTED_EDGE('',*,*,#1366,.T.);
#2121=ORIENTED_EDGE('',*,*,#1369,.T.);
#2122=ORIENTED_EDGE('',*,*,#1372,.T.);
#2123=ORIENTED_EDGE('',*,*,#1370,.T.);
#2124=ORIENTED_EDGE('',*,*,#1361,.T.);
#2125=ORIENTED_EDGE('',*,*,#1364,.T.);
#2126=ORIENTED_EDGE('',*,*,#1375,.T.);
#2127=ORIENTED_EDGE('',*,*,#1373,.T.);
#2128=ORIENTED_EDGE('',*,*,#1511,.F.);
#2129=ORIENTED_EDGE('',*,*,#1522,.F.);
#2130=ORIENTED_EDGE('',*,*,#1520,.F.);
#2131=ORIENTED_EDGE('',*,*,#1518,.F.);
#2132=ORIENTED_EDGE('',*,*,#1384,.F.);
#2133=ORIENTED_EDGE('',*,*,#1526,.T.);
#2134=ORIENTED_EDGE('',*,*,#1465,.F.);
#2135=ORIENTED_EDGE('',*,*,#1391,.F.);
#2136=ORIENTED_EDGE('',*,*,#1388,.F.);
#2137=ORIENTED_EDGE('',*,*,#1433,.F.);
#2138=ORIENTED_EDGE('',*,*,#1525,.F.);
#2139=ORIENTED_EDGE('',*,*,#1517,.F.);
#2140=ORIENTED_EDGE('',*,*,#1521,.F.);
#2141=ORIENTED_EDGE('',*,*,#1505,.F.);
#2142=ORIENTED_EDGE('',*,*,#1527,.F.);
#2143=ORIENTED_EDGE('',*,*,#1442,.F.);
#2144=ORIENTED_EDGE('',*,*,#1445,.F.);
#2145=ORIENTED_EDGE('',*,*,#1399,.T.);
#2146=ORIENTED_EDGE('',*,*,#1441,.F.);
#2147=ORIENTED_EDGE('',*,*,#1527,.T.);
#2148=ORIENTED_EDGE('',*,*,#1504,.F.);
#2149=ORIENTED_EDGE('',*,*,#1420,.T.);
#2150=ORIENTED_EDGE('',*,*,#1418,.F.);
#2151=ORIENTED_EDGE('',*,*,#1496,.F.);
#2152=ORIENTED_EDGE('',*,*,#1489,.F.);
#2153=ORIENTED_EDGE('',*,*,#1524,.F.);
#2154=ORIENTED_EDGE('',*,*,#1476,.F.);
#2155=ORIENTED_EDGE('',*,*,#1491,.T.);
#2156=ORIENTED_EDGE('',*,*,#1405,.F.);
#2157=ORIENTED_EDGE('',*,*,#1424,.T.);
#2158=ORIENTED_EDGE('',*,*,#1500,.F.);
#2159=ORIENTED_EDGE('',*,*,#1449,.T.);
#2160=ORIENTED_EDGE('',*,*,#1435,.F.);
#2161=ORIENTED_EDGE('',*,*,#1395,.T.);
#2162=ORIENTED_EDGE('',*,*,#1467,.F.);
#2163=ORIENTED_EDGE('',*,*,#1472,.T.);
#2164=ORIENTED_EDGE('',*,*,#1455,.F.);
#2165=ORIENTED_EDGE('',*,*,#1464,.F.);
#2166=ORIENTED_EDGE('',*,*,#1526,.F.);
#2167=ORIENTED_EDGE('',*,*,#1383,.F.);
#2168=ORIENTED_EDGE('',*,*,#1528,.F.);
#2169=ORIENTED_EDGE('',*,*,#1529,.T.);
#2170=ORIENTED_EDGE('',*,*,#1530,.F.);
#2171=ORIENTED_EDGE('',*,*,#1531,.F.);
#2172=ORIENTED_EDGE('',*,*,#1532,.F.);
#2173=ORIENTED_EDGE('',*,*,#1531,.T.);
#2174=ORIENTED_EDGE('',*,*,#1533,.F.);
#2175=ORIENTED_EDGE('',*,*,#1534,.F.);
#2176=ORIENTED_EDGE('',*,*,#1535,.F.);
#2177=ORIENTED_EDGE('',*,*,#1534,.T.);
#2178=ORIENTED_EDGE('',*,*,#1536,.F.);
#2179=ORIENTED_EDGE('',*,*,#1537,.F.);
#2180=ORIENTED_EDGE('',*,*,#1538,.F.);
#2181=ORIENTED_EDGE('',*,*,#1537,.T.);
#2182=ORIENTED_EDGE('',*,*,#1539,.F.);
#2183=ORIENTED_EDGE('',*,*,#1540,.F.);
#2184=ORIENTED_EDGE('',*,*,#1541,.F.);
#2185=ORIENTED_EDGE('',*,*,#1540,.T.);
#2186=ORIENTED_EDGE('',*,*,#1542,.F.);
#2187=ORIENTED_EDGE('',*,*,#1543,.F.);
#2188=ORIENTED_EDGE('',*,*,#1544,.F.);
#2189=ORIENTED_EDGE('',*,*,#1545,.T.);
#2190=ORIENTED_EDGE('',*,*,#1546,.F.);
#2191=ORIENTED_EDGE('',*,*,#1529,.F.);
#2192=ORIENTED_EDGE('',*,*,#1547,.F.);
#2193=ORIENTED_EDGE('',*,*,#1548,.T.);
#2194=ORIENTED_EDGE('',*,*,#1549,.F.);
#2195=ORIENTED_EDGE('',*,*,#1545,.F.);
#2196=ORIENTED_EDGE('',*,*,#1550,.F.);
#2197=ORIENTED_EDGE('',*,*,#1543,.T.);
#2198=ORIENTED_EDGE('',*,*,#1551,.F.);
#2199=ORIENTED_EDGE('',*,*,#1548,.F.);
#2200=ORIENTED_EDGE('',*,*,#1552,.F.);
#2201=ORIENTED_EDGE('',*,*,#1553,.T.);
#2202=ORIENTED_EDGE('',*,*,#1554,.F.);
#2203=ORIENTED_EDGE('',*,*,#1555,.F.);
#2204=ORIENTED_EDGE('',*,*,#1556,.T.);
#2205=ORIENTED_EDGE('',*,*,#1555,.T.);
#2206=ORIENTED_EDGE('',*,*,#1557,.F.);
#2207=ORIENTED_EDGE('',*,*,#1558,.F.);
#2208=ORIENTED_EDGE('',*,*,#1559,.F.);
#2209=ORIENTED_EDGE('',*,*,#1558,.T.);
#2210=ORIENTED_EDGE('',*,*,#1560,.F.);
#2211=ORIENTED_EDGE('',*,*,#1561,.F.);
#2212=ORIENTED_EDGE('',*,*,#1541,.T.);
#2213=ORIENTED_EDGE('',*,*,#1550,.T.);
#2214=ORIENTED_EDGE('',*,*,#1547,.T.);
#2215=ORIENTED_EDGE('',*,*,#1544,.T.);
#2216=ORIENTED_EDGE('',*,*,#1528,.T.);
#2217=ORIENTED_EDGE('',*,*,#1532,.T.);
#2218=ORIENTED_EDGE('',*,*,#1535,.T.);
#2219=ORIENTED_EDGE('',*,*,#1538,.T.);
#2220=ORIENTED_EDGE('',*,*,#1562,.T.);
#2221=ORIENTED_EDGE('',*,*,#1561,.T.);
#2222=ORIENTED_EDGE('',*,*,#1563,.F.);
#2223=ORIENTED_EDGE('',*,*,#1564,.F.);
#2224=ORIENTED_EDGE('',*,*,#1565,.F.);
#2225=ORIENTED_EDGE('',*,*,#1564,.T.);
#2226=ORIENTED_EDGE('',*,*,#1566,.F.);
#2227=ORIENTED_EDGE('',*,*,#1567,.F.);
#2228=ORIENTED_EDGE('',*,*,#1568,.T.);
#2229=ORIENTED_EDGE('',*,*,#1567,.T.);
#2230=ORIENTED_EDGE('',*,*,#1569,.F.);
#2231=ORIENTED_EDGE('',*,*,#1570,.F.);
#2232=ORIENTED_EDGE('',*,*,#1571,.F.);
#2233=ORIENTED_EDGE('',*,*,#1570,.T.);
#2234=ORIENTED_EDGE('',*,*,#1572,.F.);
#2235=ORIENTED_EDGE('',*,*,#1573,.F.);
#2236=ORIENTED_EDGE('',*,*,#1542,.T.);
#2237=ORIENTED_EDGE('',*,*,#1539,.T.);
#2238=ORIENTED_EDGE('',*,*,#1536,.T.);
#2239=ORIENTED_EDGE('',*,*,#1533,.T.);
#2240=ORIENTED_EDGE('',*,*,#1530,.T.);
#2241=ORIENTED_EDGE('',*,*,#1546,.T.);
#2242=ORIENTED_EDGE('',*,*,#1549,.T.);
#2243=ORIENTED_EDGE('',*,*,#1551,.T.);
#2244=ORIENTED_EDGE('',*,*,#1574,.T.);
#2245=ORIENTED_EDGE('',*,*,#1573,.T.);
#2246=ORIENTED_EDGE('',*,*,#1575,.F.);
#2247=ORIENTED_EDGE('',*,*,#1553,.F.);
#2248=ORIENTED_EDGE('',*,*,#1575,.T.);
#2249=ORIENTED_EDGE('',*,*,#1572,.T.);
#2250=ORIENTED_EDGE('',*,*,#1569,.T.);
#2251=ORIENTED_EDGE('',*,*,#1566,.T.);
#2252=ORIENTED_EDGE('',*,*,#1563,.T.);
#2253=ORIENTED_EDGE('',*,*,#1560,.T.);
#2254=ORIENTED_EDGE('',*,*,#1557,.T.);
#2255=ORIENTED_EDGE('',*,*,#1554,.T.);
#2256=ORIENTED_EDGE('',*,*,#1574,.F.);
#2257=ORIENTED_EDGE('',*,*,#1552,.T.);
#2258=ORIENTED_EDGE('',*,*,#1556,.F.);
#2259=ORIENTED_EDGE('',*,*,#1559,.T.);
#2260=ORIENTED_EDGE('',*,*,#1562,.F.);
#2261=ORIENTED_EDGE('',*,*,#1565,.T.);
#2262=ORIENTED_EDGE('',*,*,#1568,.F.);
#2263=ORIENTED_EDGE('',*,*,#1571,.T.);
#2264=ORIENTED_EDGE('',*,*,#1576,.F.);
#2265=ORIENTED_EDGE('',*,*,#1577,.T.);
#2266=ORIENTED_EDGE('',*,*,#1578,.F.);
#2267=ORIENTED_EDGE('',*,*,#1579,.F.);
#2268=ORIENTED_EDGE('',*,*,#1580,.F.);
#2269=ORIENTED_EDGE('',*,*,#1579,.T.);
#2270=ORIENTED_EDGE('',*,*,#1581,.F.);
#2271=ORIENTED_EDGE('',*,*,#1582,.F.);
#2272=ORIENTED_EDGE('',*,*,#1583,.F.);
#2273=ORIENTED_EDGE('',*,*,#1582,.T.);
#2274=ORIENTED_EDGE('',*,*,#1584,.F.);
#2275=ORIENTED_EDGE('',*,*,#1585,.F.);
#2276=ORIENTED_EDGE('',*,*,#1586,.F.);
#2277=ORIENTED_EDGE('',*,*,#1585,.T.);
#2278=ORIENTED_EDGE('',*,*,#1587,.F.);
#2279=ORIENTED_EDGE('',*,*,#1588,.F.);
#2280=ORIENTED_EDGE('',*,*,#1589,.F.);
#2281=ORIENTED_EDGE('',*,*,#1588,.T.);
#2282=ORIENTED_EDGE('',*,*,#1590,.F.);
#2283=ORIENTED_EDGE('',*,*,#1591,.F.);
#2284=ORIENTED_EDGE('',*,*,#1592,.F.);
#2285=ORIENTED_EDGE('',*,*,#1593,.T.);
#2286=ORIENTED_EDGE('',*,*,#1594,.F.);
#2287=ORIENTED_EDGE('',*,*,#1577,.F.);
#2288=ORIENTED_EDGE('',*,*,#1595,.F.);
#2289=ORIENTED_EDGE('',*,*,#1596,.T.);
#2290=ORIENTED_EDGE('',*,*,#1597,.F.);
#2291=ORIENTED_EDGE('',*,*,#1593,.F.);
#2292=ORIENTED_EDGE('',*,*,#1598,.F.);
#2293=ORIENTED_EDGE('',*,*,#1591,.T.);
#2294=ORIENTED_EDGE('',*,*,#1599,.F.);
#2295=ORIENTED_EDGE('',*,*,#1596,.F.);
#2296=ORIENTED_EDGE('',*,*,#1600,.F.);
#2297=ORIENTED_EDGE('',*,*,#1601,.T.);
#2298=ORIENTED_EDGE('',*,*,#1602,.F.);
#2299=ORIENTED_EDGE('',*,*,#1603,.F.);
#2300=ORIENTED_EDGE('',*,*,#1589,.T.);
#2301=ORIENTED_EDGE('',*,*,#1598,.T.);
#2302=ORIENTED_EDGE('',*,*,#1595,.T.);
#2303=ORIENTED_EDGE('',*,*,#1592,.T.);
#2304=ORIENTED_EDGE('',*,*,#1576,.T.);
#2305=ORIENTED_EDGE('',*,*,#1580,.T.);
#2306=ORIENTED_EDGE('',*,*,#1583,.T.);
#2307=ORIENTED_EDGE('',*,*,#1586,.T.);
#2308=ORIENTED_EDGE('',*,*,#1604,.T.);
#2309=ORIENTED_EDGE('',*,*,#1603,.T.);
#2310=ORIENTED_EDGE('',*,*,#1605,.F.);
#2311=ORIENTED_EDGE('',*,*,#1606,.F.);
#2312=ORIENTED_EDGE('',*,*,#1607,.F.);
#2313=ORIENTED_EDGE('',*,*,#1606,.T.);
#2314=ORIENTED_EDGE('',*,*,#1608,.F.);
#2315=ORIENTED_EDGE('',*,*,#1609,.F.);
#2316=ORIENTED_EDGE('',*,*,#1610,.T.);
#2317=ORIENTED_EDGE('',*,*,#1609,.T.);
#2318=ORIENTED_EDGE('',*,*,#1611,.F.);
#2319=ORIENTED_EDGE('',*,*,#1612,.F.);
#2320=ORIENTED_EDGE('',*,*,#1613,.F.);
#2321=ORIENTED_EDGE('',*,*,#1612,.T.);
#2322=ORIENTED_EDGE('',*,*,#1614,.F.);
#2323=ORIENTED_EDGE('',*,*,#1615,.F.);
#2324=ORIENTED_EDGE('',*,*,#1590,.T.);
#2325=ORIENTED_EDGE('',*,*,#1587,.T.);
#2326=ORIENTED_EDGE('',*,*,#1584,.T.);
#2327=ORIENTED_EDGE('',*,*,#1581,.T.);
#2328=ORIENTED_EDGE('',*,*,#1578,.T.);
#2329=ORIENTED_EDGE('',*,*,#1594,.T.);
#2330=ORIENTED_EDGE('',*,*,#1597,.T.);
#2331=ORIENTED_EDGE('',*,*,#1599,.T.);
#2332=ORIENTED_EDGE('',*,*,#1616,.T.);
#2333=ORIENTED_EDGE('',*,*,#1615,.T.);
#2334=ORIENTED_EDGE('',*,*,#1617,.F.);
#2335=ORIENTED_EDGE('',*,*,#1618,.F.);
#2336=ORIENTED_EDGE('',*,*,#1619,.F.);
#2337=ORIENTED_EDGE('',*,*,#1618,.T.);
#2338=ORIENTED_EDGE('',*,*,#1620,.F.);
#2339=ORIENTED_EDGE('',*,*,#1621,.F.);
#2340=ORIENTED_EDGE('',*,*,#1622,.T.);
#2341=ORIENTED_EDGE('',*,*,#1621,.T.);
#2342=ORIENTED_EDGE('',*,*,#1623,.F.);
#2343=ORIENTED_EDGE('',*,*,#1601,.F.);
#2344=ORIENTED_EDGE('',*,*,#1623,.T.);
#2345=ORIENTED_EDGE('',*,*,#1620,.T.);
#2346=ORIENTED_EDGE('',*,*,#1617,.T.);
#2347=ORIENTED_EDGE('',*,*,#1614,.T.);
#2348=ORIENTED_EDGE('',*,*,#1611,.T.);
#2349=ORIENTED_EDGE('',*,*,#1608,.T.);
#2350=ORIENTED_EDGE('',*,*,#1605,.T.);
#2351=ORIENTED_EDGE('',*,*,#1602,.T.);
#2352=ORIENTED_EDGE('',*,*,#1622,.F.);
#2353=ORIENTED_EDGE('',*,*,#1600,.T.);
#2354=ORIENTED_EDGE('',*,*,#1604,.F.);
#2355=ORIENTED_EDGE('',*,*,#1607,.T.);
#2356=ORIENTED_EDGE('',*,*,#1610,.F.);
#2357=ORIENTED_EDGE('',*,*,#1613,.T.);
#2358=ORIENTED_EDGE('',*,*,#1616,.F.);
#2359=ORIENTED_EDGE('',*,*,#1619,.T.);
#2360=PLANE('',#2587);
#2361=PLANE('',#2591);
#2362=PLANE('',#2595);
#2363=PLANE('',#2599);
#2364=PLANE('',#2603);
#2365=PLANE('',#2607);
#2366=PLANE('',#2611);
#2367=PLANE('',#2615);
#2368=PLANE('',#2619);
#2369=PLANE('',#2623);
#2370=PLANE('',#2627);
#2371=PLANE('',#2631);
#2372=PLANE('',#2635);
#2373=PLANE('',#2636);
#2374=PLANE('',#2640);
#2375=PLANE('',#2644);
#2376=PLANE('',#2648);
#2377=PLANE('',#2652);
#2378=PLANE('',#2653);
#2379=PLANE('',#2654);
#2380=PLANE('',#2655);
#2381=PLANE('',#2656);
#2382=PLANE('',#2657);
#2383=PLANE('',#2658);
#2384=PLANE('',#2659);
#2385=PLANE('',#2660);
#2386=PLANE('',#2661);
#2387=PLANE('',#2662);
#2388=PLANE('',#2676);
#2389=PLANE('',#2677);
#2390=PLANE('',#2691);
#2391=PLANE('',#2713);
#2392=PLANE('',#2714);
#2393=PLANE('',#2721);
#2394=PLANE('',#2728);
#2395=PLANE('',#2729);
#2396=PLANE('',#2730);
#2397=PLANE('',#2742);
#2398=PLANE('',#2743);
#2399=PLANE('',#2744);
#2400=PLANE('',#2745);
#2401=PLANE('',#2746);
#2402=PLANE('',#2775);
#2403=PLANE('',#2776);
#2404=PLANE('',#2777);
#2405=PLANE('',#2778);
#2406=PLANE('',#2779);
#2407=PLANE('',#2780);
#2408=PLANE('',#2781);
#2409=PLANE('',#2785);
#2410=PLANE('',#2789);
#2411=PLANE('',#2793);
#2412=PLANE('',#2797);
#2413=PLANE('',#2801);
#2414=PLANE('',#2805);
#2415=PLANE('',#2809);
#2416=PLANE('',#2813);
#2417=PLANE('',#2814);
#2418=PLANE('',#2815);
#2419=PLANE('',#2819);
#2420=PLANE('',#2823);
#2421=PLANE('',#2827);
#2422=PLANE('',#2831);
#2423=PLANE('',#2835);
#2424=PLANE('',#2839);
#2425=PLANE('',#2843);
#2426=PLANE('',#2847);
#2427=PLANE('',#2848);
#2428=ADVANCED_FACE('',(#229),#2360,.F.);
#2429=ADVANCED_FACE('',(#230),#162,.F.);
#2430=ADVANCED_FACE('',(#231),#2361,.F.);
#2431=ADVANCED_FACE('',(#232),#163,.F.);
#2432=ADVANCED_FACE('',(#233),#2362,.F.);
#2433=ADVANCED_FACE('',(#234),#164,.F.);
#2434=ADVANCED_FACE('',(#235),#2363,.F.);
#2435=ADVANCED_FACE('',(#236),#165,.F.);
#2436=ADVANCED_FACE('',(#237),#2364,.F.);
#2437=ADVANCED_FACE('',(#238),#166,.F.);
#2438=ADVANCED_FACE('',(#239),#2365,.F.);
#2439=ADVANCED_FACE('',(#240),#167,.F.);
#2440=ADVANCED_FACE('',(#241),#2366,.F.);
#2441=ADVANCED_FACE('',(#242),#168,.F.);
#2442=ADVANCED_FACE('',(#243),#2367,.F.);
#2443=ADVANCED_FACE('',(#244),#169,.F.);
#2444=ADVANCED_FACE('',(#245,#46),#2368,.T.);
#2445=ADVANCED_FACE('',(#246),#170,.T.);
#2446=ADVANCED_FACE('',(#247),#2369,.T.);
#2447=ADVANCED_FACE('',(#248),#171,.T.);
#2448=ADVANCED_FACE('',(#249,#47),#2370,.T.);
#2449=ADVANCED_FACE('',(#250),#172,.T.);
#2450=ADVANCED_FACE('',(#251),#2371,.T.);
#2451=ADVANCED_FACE('',(#252),#173,.T.);
#2452=ADVANCED_FACE('',(#253),#2372,.T.);
#2453=ADVANCED_FACE('',(#254,#48),#2373,.T.);
#2454=ADVANCED_FACE('',(#255),#174,.T.);
#2455=ADVANCED_FACE('',(#256),#2374,.T.);
#2456=ADVANCED_FACE('',(#257),#175,.T.);
#2457=ADVANCED_FACE('',(#258,#49),#2375,.T.);
#2458=ADVANCED_FACE('',(#259),#176,.T.);
#2459=ADVANCED_FACE('',(#260),#2376,.T.);
#2460=ADVANCED_FACE('',(#261),#177,.T.);
#2461=ADVANCED_FACE('',(#262),#2377,.T.);
#2462=ADVANCED_FACE('',(#263),#2378,.F.);
#2463=ADVANCED_FACE('',(#264),#2379,.F.);
#2464=ADVANCED_FACE('',(#265),#2380,.T.);
#2465=ADVANCED_FACE('',(#266),#2381,.T.);
#2466=ADVANCED_FACE('',(#267),#2382,.T.);
#2467=ADVANCED_FACE('',(#268),#2383,.T.);
#2468=ADVANCED_FACE('',(#269),#2384,.T.);
#2469=ADVANCED_FACE('',(#270),#2385,.T.);
#2470=ADVANCED_FACE('',(#271),#2386,.T.);
#2471=ADVANCED_FACE('',(#272),#2387,.T.);
#2472=ADVANCED_FACE('',(#273),#45,.T.);
#2473=ADVANCED_FACE('',(#274),#178,.T.);
#2474=ADVANCED_FACE('',(#275),#179,.T.);
#2475=ADVANCED_FACE('',(#276),#180,.F.);
#2476=ADVANCED_FACE('',(#277),#26,.T.);
#2477=ADVANCED_FACE('',(#278),#2388,.T.);
#2478=ADVANCED_FACE('',(#279),#2389,.F.);
#2479=ADVANCED_FACE('',(#280),#181,.T.);
#2480=ADVANCED_FACE('',(#281),#182,.T.);
#2481=ADVANCED_FACE('',(#282),#183,.T.);
#2482=ADVANCED_FACE('',(#283),#184,.T.);
#2483=ADVANCED_FACE('',(#284),#185,.T.);
#2484=ADVANCED_FACE('',(#285),#186,.T.);
#2485=ADVANCED_FACE('',(#286),#2390,.T.);
#2486=ADVANCED_FACE('',(#287),#187,.T.);
#2487=ADVANCED_FACE('',(#288),#19,.T.);
#2488=ADVANCED_FACE('',(#289),#188,.T.);
#2489=ADVANCED_FACE('',(#290),#189,.T.);
#2490=ADVANCED_FACE('',(#291),#20,.T.);
#2491=ADVANCED_FACE('',(#292),#190,.T.);
#2492=ADVANCED_FACE('',(#293),#191,.T.);
#2493=ADVANCED_FACE('',(#294),#192,.T.);
#2494=ADVANCED_FACE('',(#295),#193,.T.);
#2495=ADVANCED_FACE('',(#296),#2391,.T.);
#2496=ADVANCED_FACE('',(#297,#50,#51),#2392,.T.);
#2497=ADVANCED_FACE('',(#298),#194,.T.);
#2498=ADVANCED_FACE('',(#299),#195,.T.);
#2499=ADVANCED_FACE('',(#300),#196,.T.);
#2500=ADVANCED_FACE('',(#301,#52),#2393,.T.);
#2501=ADVANCED_FACE('',(#302),#197,.T.);
#2502=ADVANCED_FACE('',(#303),#198,.T.);
#2503=ADVANCED_FACE('',(#304),#199,.T.);
#2504=ADVANCED_FACE('',(#305),#2394,.F.);
#2505=ADVANCED_FACE('',(#306),#2395,.F.);
#2506=ADVANCED_FACE('',(#307),#2396,.F.);
#2507=ADVANCED_FACE('',(#308),#200,.T.);
#2508=ADVANCED_FACE('',(#309),#201,.T.);
#2509=ADVANCED_FACE('',(#310),#202,.T.);
#2510=ADVANCED_FACE('',(#311),#203,.T.);
#2511=ADVANCED_FACE('',(#312),#204,.T.);
#2512=ADVANCED_FACE('',(#313),#2397,.F.);
#2513=ADVANCED_FACE('',(#314),#2398,.F.);
#2514=ADVANCED_FACE('',(#315),#2399,.F.);
#2515=ADVANCED_FACE('',(#316),#2400,.F.);
#2516=ADVANCED_FACE('',(#317),#2401,.F.);
#2517=ADVANCED_FACE('',(#318),#21,.T.);
#2518=ADVANCED_FACE('',(#319),#205,.T.);
#2519=ADVANCED_FACE('',(#320),#22,.T.);
#2520=ADVANCED_FACE('',(#321),#206,.T.);
#2521=ADVANCED_FACE('',(#322),#23,.T.);
#2522=ADVANCED_FACE('',(#323),#207,.T.);
#2523=ADVANCED_FACE('',(#324),#208,.T.);
#2524=ADVANCED_FACE('',(#325),#24,.T.);
#2525=ADVANCED_FACE('',(#326),#209,.T.);
#2526=ADVANCED_FACE('',(#327),#210,.T.);
#2527=ADVANCED_FACE('',(#328),#211,.T.);
#2528=ADVANCED_FACE('',(#329),#212,.T.);
#2529=ADVANCED_FACE('',(#330,#53),#2402,.T.);
#2530=ADVANCED_FACE('',(#331,#54,#55),#2403,.F.);
#2531=ADVANCED_FACE('',(#332),#2404,.T.);
#2532=ADVANCED_FACE('',(#333),#2405,.F.);
#2533=ADVANCED_FACE('',(#334),#2406,.T.);
#2534=ADVANCED_FACE('',(#335),#2407,.T.);
#2535=ADVANCED_FACE('',(#336),#2408,.F.);
#2536=ADVANCED_FACE('',(#337),#213,.F.);
#2537=ADVANCED_FACE('',(#338),#2409,.F.);
#2538=ADVANCED_FACE('',(#339),#214,.F.);
#2539=ADVANCED_FACE('',(#340),#2410,.F.);
#2540=ADVANCED_FACE('',(#341),#215,.F.);
#2541=ADVANCED_FACE('',(#342),#2411,.F.);
#2542=ADVANCED_FACE('',(#343),#216,.F.);
#2543=ADVANCED_FACE('',(#344),#2412,.T.);
#2544=ADVANCED_FACE('',(#345),#217,.T.);
#2545=ADVANCED_FACE('',(#346,#56),#2413,.T.);
#2546=ADVANCED_FACE('',(#347),#218,.T.);
#2547=ADVANCED_FACE('',(#348),#2414,.T.);
#2548=ADVANCED_FACE('',(#349),#219,.T.);
#2549=ADVANCED_FACE('',(#350,#57),#2415,.T.);
#2550=ADVANCED_FACE('',(#351),#220,.T.);
#2551=ADVANCED_FACE('',(#352),#2416,.T.);
#2552=ADVANCED_FACE('',(#353),#2417,.F.);
#2553=ADVANCED_FACE('',(#354),#2418,.F.);
#2554=ADVANCED_FACE('',(#355),#221,.F.);
#2555=ADVANCED_FACE('',(#356),#2419,.F.);
#2556=ADVANCED_FACE('',(#357),#222,.F.);
#2557=ADVANCED_FACE('',(#358),#2420,.F.);
#2558=ADVANCED_FACE('',(#359),#223,.F.);
#2559=ADVANCED_FACE('',(#360),#2421,.F.);
#2560=ADVANCED_FACE('',(#361),#224,.F.);
#2561=ADVANCED_FACE('',(#362,#58),#2422,.T.);
#2562=ADVANCED_FACE('',(#363),#225,.T.);
#2563=ADVANCED_FACE('',(#364),#2423,.T.);
#2564=ADVANCED_FACE('',(#365),#226,.T.);
#2565=ADVANCED_FACE('',(#366,#59),#2424,.T.);
#2566=ADVANCED_FACE('',(#367),#227,.T.);
#2567=ADVANCED_FACE('',(#368),#2425,.T.);
#2568=ADVANCED_FACE('',(#369),#228,.T.);
#2569=ADVANCED_FACE('',(#370),#2426,.T.);
#2570=ADVANCED_FACE('',(#371),#2427,.F.);
#2571=CLOSED_SHELL('',(#2428,#2429,#2430,#2431,#2432,#2433,#2434,#2435,
#2436,#2437,#2438,#2439,#2440,#2441,#2442,#2443,#2444,#2445,#2446,#2447,
#2448,#2449,#2450,#2451,#2452,#2453,#2454,#2455,#2456,#2457,#2458,#2459,
#2460,#2461,#2462,#2463,#2464,#2465,#2466,#2467,#2468,#2469,#2470,#2471,
#2472,#2473,#2474,#2475,#2476,#2477,#2478,#2479,#2480,#2481,#2482,#2483,
#2484,#2485,#2486,#2487,#2488,#2489,#2490,#2491,#2492,#2493,#2494,#2495,
#2496,#2497,#2498,#2499,#2500,#2501,#2502,#2503,#2504,#2505,#2506,#2507,
#2508,#2509,#2510,#2511,#2512,#2513,#2514,#2515,#2516,#2517,#2518,#2519,
#2520,#2521,#2522,#2523,#2524,#2525,#2526,#2527,#2528,#2529,#2530,#2531,
#2532,#2533,#2534));
#2572=CLOSED_SHELL('',(#2535,#2536,#2537,#2538,#2539,#2540,#2541,#2542,
#2543,#2544,#2545,#2546,#2547,#2548,#2549,#2550,#2551,#2552));
#2573=CLOSED_SHELL('',(#2553,#2554,#2555,#2556,#2557,#2558,#2559,#2560,
#2561,#2562,#2563,#2564,#2565,#2566,#2567,#2568,#2569,#2570));
#2574=DERIVED_UNIT_ELEMENT(#2576,1.);
#2575=DERIVED_UNIT_ELEMENT(#4422,-3.);
#2576=(
MASS_UNIT()
NAMED_UNIT(*)
SI_UNIT(.KILO.,.GRAM.)
);
#2577=DERIVED_UNIT((#2574,#2575));
#2578=MEASURE_REPRESENTATION_ITEM('density measure',
POSITIVE_RATIO_MEASURE(7850.),#2577);
#2579=PROPERTY_DEFINITION_REPRESENTATION(#2584,#2581);
#2580=PROPERTY_DEFINITION_REPRESENTATION(#2585,#2582);
#2581=REPRESENTATION('material name',(#2583),#4419);
#2582=REPRESENTATION('density',(#2578),#4419);
#2583=DESCRIPTIVE_REPRESENTATION_ITEM('Steel','Steel');
#2584=PROPERTY_DEFINITION('material property','material name',#4429);
#2585=PROPERTY_DEFINITION('material property','density of part',#4429);
#2586=AXIS2_PLACEMENT_3D('',#3622,#2849,#2850);
#2587=AXIS2_PLACEMENT_3D('',#3623,#2851,#2852);
#2588=AXIS2_PLACEMENT_3D('',#3632,#2857,#2858);
#2589=AXIS2_PLACEMENT_3D('',#3634,#2859,#2860);
#2590=AXIS2_PLACEMENT_3D('',#3636,#2861,#2862);
#2591=AXIS2_PLACEMENT_3D('',#3638,#2864,#2865);
#2592=AXIS2_PLACEMENT_3D('',#3644,#2869,#2870);
#2593=AXIS2_PLACEMENT_3D('',#3646,#2871,#2872);
#2594=AXIS2_PLACEMENT_3D('',#3648,#2873,#2874);
#2595=AXIS2_PLACEMENT_3D('',#3650,#2876,#2877);
#2596=AXIS2_PLACEMENT_3D('',#3656,#2881,#2882);
#2597=AXIS2_PLACEMENT_3D('',#3658,#2883,#2884);
#2598=AXIS2_PLACEMENT_3D('',#3660,#2885,#2886);
#2599=AXIS2_PLACEMENT_3D('',#3662,#2888,#2889);
#2600=AXIS2_PLACEMENT_3D('',#3668,#2893,#2894);
#2601=AXIS2_PLACEMENT_3D('',#3669,#2895,#2896);
#2602=AXIS2_PLACEMENT_3D('',#3670,#2897,#2898);
#2603=AXIS2_PLACEMENT_3D('',#3671,#2899,#2900);
#2604=AXIS2_PLACEMENT_3D('',#3680,#2905,#2906);
#2605=AXIS2_PLACEMENT_3D('',#3682,#2907,#2908);
#2606=AXIS2_PLACEMENT_3D('',#3684,#2909,#2910);
#2607=AXIS2_PLACEMENT_3D('',#3686,#2912,#2913);
#2608=AXIS2_PLACEMENT_3D('',#3692,#2917,#2918);
#2609=AXIS2_PLACEMENT_3D('',#3694,#2919,#2920);
#2610=AXIS2_PLACEMENT_3D('',#3696,#2921,#2922);
#2611=AXIS2_PLACEMENT_3D('',#3698,#2924,#2925);
#2612=AXIS2_PLACEMENT_3D('',#3704,#2929,#2930);
#2613=AXIS2_PLACEMENT_3D('',#3706,#2931,#2932);
#2614=AXIS2_PLACEMENT_3D('',#3708,#2933,#2934);
#2615=AXIS2_PLACEMENT_3D('',#3710,#2936,#2937);
#2616=AXIS2_PLACEMENT_3D('',#3716,#2941,#2942);
#2617=AXIS2_PLACEMENT_3D('',#3717,#2943,#2944);
#2618=AXIS2_PLACEMENT_3D('',#3718,#2945,#2946);
#2619=AXIS2_PLACEMENT_3D('',#3719,#2947,#2948);
#2620=AXIS2_PLACEMENT_3D('',#3728,#2953,#2954);
#2621=AXIS2_PLACEMENT_3D('',#3730,#2955,#2956);
#2622=AXIS2_PLACEMENT_3D('',#3732,#2957,#2958);
#2623=AXIS2_PLACEMENT_3D('',#3734,#2960,#2961);
#2624=AXIS2_PLACEMENT_3D('',#3740,#2965,#2966);
#2625=AXIS2_PLACEMENT_3D('',#3742,#2967,#2968);
#2626=AXIS2_PLACEMENT_3D('',#3744,#2969,#2970);
#2627=AXIS2_PLACEMENT_3D('',#3746,#2972,#2973);
#2628=AXIS2_PLACEMENT_3D('',#3752,#2977,#2978);
#2629=AXIS2_PLACEMENT_3D('',#3754,#2979,#2980);
#2630=AXIS2_PLACEMENT_3D('',#3756,#2981,#2982);
#2631=AXIS2_PLACEMENT_3D('',#3758,#2984,#2985);
#2632=AXIS2_PLACEMENT_3D('',#3764,#2989,#2990);
#2633=AXIS2_PLACEMENT_3D('',#3765,#2991,#2992);
#2634=AXIS2_PLACEMENT_3D('',#3766,#2993,#2994);
#2635=AXIS2_PLACEMENT_3D('',#3767,#2995,#2996);
#2636=AXIS2_PLACEMENT_3D('',#3768,#2997,#2998);
#2637=AXIS2_PLACEMENT_3D('',#3777,#3003,#3004);
#2638=AXIS2_PLACEMENT_3D('',#3779,#3005,#3006);
#2639=AXIS2_PLACEMENT_3D('',#3781,#3007,#3008);
#2640=AXIS2_PLACEMENT_3D('',#3783,#3010,#3011);
#2641=AXIS2_PLACEMENT_3D('',#3789,#3015,#3016);
#2642=AXIS2_PLACEMENT_3D('',#3791,#3017,#3018);
#2643=AXIS2_PLACEMENT_3D('',#3793,#3019,#3020);
#2644=AXIS2_PLACEMENT_3D('',#3795,#3022,#3023);
#2645=AXIS2_PLACEMENT_3D('',#3801,#3027,#3028);
#2646=AXIS2_PLACEMENT_3D('',#3803,#3029,#3030);
#2647=AXIS2_PLACEMENT_3D('',#3805,#3031,#3032);
#2648=AXIS2_PLACEMENT_3D('',#3807,#3034,#3035);
#2649=AXIS2_PLACEMENT_3D('',#3813,#3039,#3040);
#2650=AXIS2_PLACEMENT_3D('',#3814,#3041,#3042);
#2651=AXIS2_PLACEMENT_3D('',#3815,#3043,#3044);
#2652=AXIS2_PLACEMENT_3D('',#3816,#3045,#3046);
#2653=AXIS2_PLACEMENT_3D('',#3817,#3047,#3048);
#2654=AXIS2_PLACEMENT_3D('',#3826,#3053,#3054);
#2655=AXIS2_PLACEMENT_3D('',#3835,#3059,#3060);
#2656=AXIS2_PLACEMENT_3D('',#3841,#3064,#3065);
#2657=AXIS2_PLACEMENT_3D('',#3845,#3068,#3069);
#2658=AXIS2_PLACEMENT_3D('',#3851,#3073,#3074);
#2659=AXIS2_PLACEMENT_3D('',#3855,#3077,#3078);
#2660=AXIS2_PLACEMENT_3D('',#3859,#3081,#3082);
#2661=AXIS2_PLACEMENT_3D('',#3861,#3084,#3085);
#2662=AXIS2_PLACEMENT_3D('',#3865,#3088,#3089);
#2663=AXIS2_PLACEMENT_3D('',#3867,#3091,#3092);
#2664=AXIS2_PLACEMENT_3D('',#3870,#3093,#3094);
#2665=AXIS2_PLACEMENT_3D('',#3872,#3095,#3096);
#2666=AXIS2_PLACEMENT_3D('',#3874,#3097,#3098);
#2667=AXIS2_PLACEMENT_3D('',#3875,#3099,#3100);
#2668=AXIS2_PLACEMENT_3D('',#3876,#3101,#3102);
#2669=AXIS2_PLACEMENT_3D('',#3879,#3103,#3104);
#2670=AXIS2_PLACEMENT_3D('',#3882,#3107,#3108);
#2671=AXIS2_PLACEMENT_3D('',#3885,#3109,#3110);
#2672=AXIS2_PLACEMENT_3D('',#3888,#3113,#3114);
#2673=AXIS2_PLACEMENT_3D('',#3891,#3115,#3116);
#2674=AXIS2_PLACEMENT_3D('',#3948,#3119,#3120);
#2675=AXIS2_PLACEMENT_3D('',#3949,#3121,#3122);
#2676=AXIS2_PLACEMENT_3D('',#3950,#3123,#3124);
#2677=AXIS2_PLACEMENT_3D('',#3966,#3133,#3134);
#2678=AXIS2_PLACEMENT_3D('',#3970,#3137,#3138);
#2679=AXIS2_PLACEMENT_3D('',#3973,#3140,#3141);
#2680=AXIS2_PLACEMENT_3D('',#3974,#3142,#3143);
#2681=AXIS2_PLACEMENT_3D('',#3979,#3145,#3146);
#2682=AXIS2_PLACEMENT_3D('',#3982,#3148,#3149);
#2683=AXIS2_PLACEMENT_3D('',#3983,#3150,#3151);
#2684=AXIS2_PLACEMENT_3D('',#3987,#3153,#3154);
#2685=AXIS2_PLACEMENT_3D('',#3989,#3156,#3157);
#2686=AXIS2_PLACEMENT_3D('',#3993,#3159,#3160);
#2687=AXIS2_PLACEMENT_3D('',#3995,#3162,#3163);
#2688=AXIS2_PLACEMENT_3D('',#4000,#3166,#3167);
#2689=AXIS2_PLACEMENT_3D('',#4001,#3168,#3169);
#2690=AXIS2_PLACEMENT_3D('',#4005,#3171,#3172);
#2691=AXIS2_PLACEMENT_3D('',#4007,#3174,#3175);
#2692=AXIS2_PLACEMENT_3D('',#4017,#3181,#3182);
#2693=AXIS2_PLACEMENT_3D('',#4022,#3184,#3185);
#2694=AXIS2_PLACEMENT_3D('',#4025,#3187,#3188);
#2695=AXIS2_PLACEMENT_3D('',#4026,#3189,#3190);
#2696=AXIS2_PLACEMENT_3D('',#4029,#3191,#3192);
#2697=AXIS2_PLACEMENT_3D('',#4031,#3193,#3194);
#2698=AXIS2_PLACEMENT_3D('',#4032,#3195,#3196);
#2699=AXIS2_PLACEMENT_3D('',#4033,#3197,#3198);
#2700=AXIS2_PLACEMENT_3D('',#4036,#3199,#3200);
#2701=AXIS2_PLACEMENT_3D('',#4039,#3203,#3204);
#2702=AXIS2_PLACEMENT_3D('',#4041,#3205,#3206);
#2703=AXIS2_PLACEMENT_3D('',#4044,#3208,#3209);
#2704=AXIS2_PLACEMENT_3D('',#4045,#3210,#3211);
#2705=AXIS2_PLACEMENT_3D('',#4048,#3212,#3213);
#2706=AXIS2_PLACEMENT_3D('',#4049,#3214,#3215);
#2707=AXIS2_PLACEMENT_3D('',#4050,#3216,#3217);
#2708=AXIS2_PLACEMENT_3D('',#4051,#3218,#3219);
#2709=AXIS2_PLACEMENT_3D('',#4053,#3220,#3221);
#2710=AXIS2_PLACEMENT_3D('',#4055,#3223,#3224);
#2711=AXIS2_PLACEMENT_3D('',#4057,#3226,#3227);
#2712=AXIS2_PLACEMENT_3D('',#4060,#3230,#3231);
#2713=AXIS2_PLACEMENT_3D('',#4063,#3234,#3235);
#2714=AXIS2_PLACEMENT_3D('',#4065,#3237,#3238);
#2715=AXIS2_PLACEMENT_3D('',#4075,#3244,#3245);
#2716=AXIS2_PLACEMENT_3D('',#4080,#3247,#3248);
#2717=AXIS2_PLACEMENT_3D('',#4083,#3250,#3251);
#2718=AXIS2_PLACEMENT_3D('',#4084,#3252,#3253);
#2719=AXIS2_PLACEMENT_3D('',#4088,#3255,#3256);
#2720=AXIS2_PLACEMENT_3D('',#4090,#3258,#3259);
#2721=AXIS2_PLACEMENT_3D('',#4093,#3262,#3263);
#2722=AXIS2_PLACEMENT_3D('',#4098,#3267,#3268);
#2723=AXIS2_PLACEMENT_3D('',#4102,#3270,#3271);
#2724=AXIS2_PLACEMENT_3D('',#4103,#3272,#3273);
#2725=AXIS2_PLACEMENT_3D('',#4104,#3274,#3275);
#2726=AXIS2_PLACEMENT_3D('',#4106,#3276,#3277);
#2727=AXIS2_PLACEMENT_3D('',#4108,#3279,#3280);
#2728=AXIS2_PLACEMENT_3D('',#4110,#3282,#3283);
#2729=AXIS2_PLACEMENT_3D('',#4113,#3286,#3287);
#2730=AXIS2_PLACEMENT_3D('',#4115,#3289,#3290);
#2731=AXIS2_PLACEMENT_3D('',#4116,#3291,#3292);
#2732=AXIS2_PLACEMENT_3D('',#4121,#3294,#3295);
#2733=AXIS2_PLACEMENT_3D('',#4124,#3297,#3298);
#2734=AXIS2_PLACEMENT_3D('',#4125,#3299,#3300);
#2735=AXIS2_PLACEMENT_3D('',#4129,#3302,#3303);
#2736=AXIS2_PLACEMENT_3D('',#4131,#3305,#3306);
#2737=AXIS2_PLACEMENT_3D('',#4135,#3308,#3309);
#2738=AXIS2_PLACEMENT_3D('',#4137,#3311,#3312);
#2739=AXIS2_PLACEMENT_3D('',#4142,#3315,#3316);
#2740=AXIS2_PLACEMENT_3D('',#4143,#3317,#3318);
#2741=AXIS2_PLACEMENT_3D('',#4147,#3320,#3321);
#2742=AXIS2_PLACEMENT_3D('',#4149,#3323,#3324);
#2743=AXIS2_PLACEMENT_3D('',#4152,#3327,#3328);
#2744=AXIS2_PLACEMENT_3D('',#4154,#3330,#3331);
#2745=AXIS2_PLACEMENT_3D('',#4156,#3333,#3334);
#2746=AXIS2_PLACEMENT_3D('',#4158,#3336,#3337);
#2747=AXIS2_PLACEMENT_3D('',#4160,#3339,#3340);
#2748=AXIS2_PLACEMENT_3D('',#4162,#3341,#3342);
#2749=AXIS2_PLACEMENT_3D('',#4163,#3343,#3344);
#2750=AXIS2_PLACEMENT_3D('',#4164,#3345,#3346);
#2751=AXIS2_PLACEMENT_3D('',#4165,#3347,#3348);
#2752=AXIS2_PLACEMENT_3D('',#4166,#3349,#3350);
#2753=AXIS2_PLACEMENT_3D('',#4167,#3351,#3352);
#2754=AXIS2_PLACEMENT_3D('',#4169,#3353,#3354);
#2755=AXIS2_PLACEMENT_3D('',#4171,#3355,#3356);
#2756=AXIS2_PLACEMENT_3D('',#4172,#3357,#3358);
#2757=AXIS2_PLACEMENT_3D('',#4173,#3359,#3360);
#2758=AXIS2_PLACEMENT_3D('',#4175,#3361,#3362);
#2759=AXIS2_PLACEMENT_3D('',#4177,#3364,#3365);
#2760=AXIS2_PLACEMENT_3D('',#4180,#3366,#3367);
#2761=AXIS2_PLACEMENT_3D('',#4181,#3368,#3369);
#2762=AXIS2_PLACEMENT_3D('',#4182,#3370,#3371);
#2763=AXIS2_PLACEMENT_3D('',#4183,#3372,#3373);
#2764=AXIS2_PLACEMENT_3D('',#4185,#3374,#3375);
#2765=AXIS2_PLACEMENT_3D('',#4187,#3377,#3378);
#2766=AXIS2_PLACEMENT_3D('',#4189,#3380,#3381);
#2767=AXIS2_PLACEMENT_3D('',#4192,#3382,#3383);
#2768=AXIS2_PLACEMENT_3D('',#4194,#3384,#3385);
#2769=AXIS2_PLACEMENT_3D('',#4195,#3386,#3387);
#2770=AXIS2_PLACEMENT_3D('',#4196,#3388,#3389);
#2771=AXIS2_PLACEMENT_3D('',#4199,#3390,#3391);
#2772=AXIS2_PLACEMENT_3D('',#4202,#3394,#3395);
#2773=AXIS2_PLACEMENT_3D('',#4205,#3398,#3399);
#2774=AXIS2_PLACEMENT_3D('',#4208,#3402,#3403);
#2775=AXIS2_PLACEMENT_3D('',#4210,#3405,#3406);
#2776=AXIS2_PLACEMENT_3D('',#4213,#3409,#3410);
#2777=AXIS2_PLACEMENT_3D('',#4215,#3412,#3413);
#2778=AXIS2_PLACEMENT_3D('',#4216,#3414,#3415);
#2779=AXIS2_PLACEMENT_3D('',#4218,#3417,#3418);
#2780=AXIS2_PLACEMENT_3D('',#4220,#3420,#3421);
#2781=AXIS2_PLACEMENT_3D('',#4221,#3422,#3423);
#2782=AXIS2_PLACEMENT_3D('',#4230,#3428,#3429);
#2783=AXIS2_PLACEMENT_3D('',#4232,#3430,#3431);
#2784=AXIS2_PLACEMENT_3D('',#4234,#3432,#3433);
#2785=AXIS2_PLACEMENT_3D('',#4236,#3435,#3436);
#2786=AXIS2_PLACEMENT_3D('',#4242,#3440,#3441);
#2787=AXIS2_PLACEMENT_3D('',#4244,#3442,#3443);
#2788=AXIS2_PLACEMENT_3D('',#4246,#3444,#3445);
#2789=AXIS2_PLACEMENT_3D('',#4248,#3447,#3448);
#2790=AXIS2_PLACEMENT_3D('',#4254,#3452,#3453);
#2791=AXIS2_PLACEMENT_3D('',#4256,#3454,#3455);
#2792=AXIS2_PLACEMENT_3D('',#4259,#3457,#3458);
#2793=AXIS2_PLACEMENT_3D('',#4260,#3459,#3460);
#2794=AXIS2_PLACEMENT_3D('',#4266,#3464,#3465);
#2795=AXIS2_PLACEMENT_3D('',#4267,#3466,#3467);
#2796=AXIS2_PLACEMENT_3D('',#4268,#3468,#3469);
#2797=AXIS2_PLACEMENT_3D('',#4269,#3470,#3471);
#2798=AXIS2_PLACEMENT_3D('',#4278,#3476,#3477);
#2799=AXIS2_PLACEMENT_3D('',#4280,#3478,#3479);
#2800=AXIS2_PLACEMENT_3D('',#4282,#3480,#3481);
#2801=AXIS2_PLACEMENT_3D('',#4284,#3483,#3484);
#2802=AXIS2_PLACEMENT_3D('',#4290,#3488,#3489);
#2803=AXIS2_PLACEMENT_3D('',#4292,#3490,#3491);
#2804=AXIS2_PLACEMENT_3D('',#4294,#3492,#3493);
#2805=AXIS2_PLACEMENT_3D('',#4296,#3495,#3496);
#2806=AXIS2_PLACEMENT_3D('',#4302,#3500,#3501);
#2807=AXIS2_PLACEMENT_3D('',#4304,#3502,#3503);
#2808=AXIS2_PLACEMENT_3D('',#4306,#3504,#3505);
#2809=AXIS2_PLACEMENT_3D('',#4308,#3507,#3508);
#2810=AXIS2_PLACEMENT_3D('',#4314,#3512,#3513);
#2811=AXIS2_PLACEMENT_3D('',#4315,#3514,#3515);
#2812=AXIS2_PLACEMENT_3D('',#4316,#3516,#3517);
#2813=AXIS2_PLACEMENT_3D('',#4317,#3518,#3519);
#2814=AXIS2_PLACEMENT_3D('',#4318,#3520,#3521);
#2815=AXIS2_PLACEMENT_3D('',#4319,#3522,#3523);
#2816=AXIS2_PLACEMENT_3D('',#4328,#3528,#3529);
#2817=AXIS2_PLACEMENT_3D('',#4330,#3530,#3531);
#2818=AXIS2_PLACEMENT_3D('',#4332,#3532,#3533);
#2819=AXIS2_PLACEMENT_3D('',#4334,#3535,#3536);
#2820=AXIS2_PLACEMENT_3D('',#4340,#3540,#3541);
#2821=AXIS2_PLACEMENT_3D('',#4342,#3542,#3543);
#2822=AXIS2_PLACEMENT_3D('',#4344,#3544,#3545);
#2823=AXIS2_PLACEMENT_3D('',#4346,#3547,#3548);
#2824=AXIS2_PLACEMENT_3D('',#4352,#3552,#3553);
#2825=AXIS2_PLACEMENT_3D('',#4354,#3554,#3555);
#2826=AXIS2_PLACEMENT_3D('',#4357,#3557,#3558);
#2827=AXIS2_PLACEMENT_3D('',#4358,#3559,#3560);
#2828=AXIS2_PLACEMENT_3D('',#4364,#3564,#3565);
#2829=AXIS2_PLACEMENT_3D('',#4365,#3566,#3567);
#2830=AXIS2_PLACEMENT_3D('',#4366,#3568,#3569);
#2831=AXIS2_PLACEMENT_3D('',#4367,#3570,#3571);
#2832=AXIS2_PLACEMENT_3D('',#4376,#3576,#3577);
#2833=AXIS2_PLACEMENT_3D('',#4378,#3578,#3579);
#2834=AXIS2_PLACEMENT_3D('',#4380,#3580,#3581);
#2835=AXIS2_PLACEMENT_3D('',#4382,#3583,#3584);
#2836=AXIS2_PLACEMENT_3D('',#4388,#3588,#3589);
#2837=AXIS2_PLACEMENT_3D('',#4390,#3590,#3591);
#2838=AXIS2_PLACEMENT_3D('',#4392,#3592,#3593);
#2839=AXIS2_PLACEMENT_3D('',#4394,#3595,#3596);
#2840=AXIS2_PLACEMENT_3D('',#4400,#3600,#3601);
#2841=AXIS2_PLACEMENT_3D('',#4402,#3602,#3603);
#2842=AXIS2_PLACEMENT_3D('',#4404,#3604,#3605);
#2843=AXIS2_PLACEMENT_3D('',#4406,#3607,#3608);
#2844=AXIS2_PLACEMENT_3D('',#4412,#3612,#3613);
#2845=AXIS2_PLACEMENT_3D('',#4413,#3614,#3615);
#2846=AXIS2_PLACEMENT_3D('',#4414,#3616,#3617);
#2847=AXIS2_PLACEMENT_3D('',#4415,#3618,#3619);
#2848=AXIS2_PLACEMENT_3D('',#4416,#3620,#3621);
#2849=DIRECTION('axis',(0.,0.,1.));
#2850=DIRECTION('refdir',(1.,0.,0.));
#2851=DIRECTION('center_axis',(1.,-3.05311331771918E-16,0.));
#2852=DIRECTION('ref_axis',(-3.05311331771918E-16,-1.,0.));
#2853=DIRECTION('',(3.05311331771918E-16,1.,0.));
#2854=DIRECTION('',(0.,0.,-1.));
#2855=DIRECTION('',(-3.05311331771918E-16,-1.,0.));
#2856=DIRECTION('',(0.,0.,-1.));
#2857=DIRECTION('center_axis',(0.,0.,-1.));
#2858=DIRECTION('ref_axis',(1.,-3.05311331771918E-16,0.));
#2859=DIRECTION('center_axis',(0.,0.,1.));
#2860=DIRECTION('ref_axis',(1.,-3.05311331771918E-16,0.));
#2861=DIRECTION('center_axis',(0.,0.,-1.));
#2862=DIRECTION('ref_axis',(1.,-3.05311331771918E-16,0.));
#2863=DIRECTION('',(0.,0.,-1.));
#2864=DIRECTION('center_axis',(3.05311331771918E-16,1.,0.));
#2865=DIRECTION('ref_axis',(1.,-3.05311331771918E-16,0.));
#2866=DIRECTION('',(-1.,3.05311331771918E-16,0.));
#2867=DIRECTION('',(1.,-3.05311331771918E-16,0.));
#2868=DIRECTION('',(0.,0.,-1.));
#2869=DIRECTION('center_axis',(0.,0.,-1.));
#2870=DIRECTION('ref_axis',(9.18709552877328E-15,1.,0.));
#2871=DIRECTION('center_axis',(0.,0.,1.));
#2872=DIRECTION('ref_axis',(9.18709552877328E-15,1.,0.));
#2873=DIRECTION('center_axis',(0.,0.,-1.));
#2874=DIRECTION('ref_axis',(9.18709552877328E-15,1.,0.));
#2875=DIRECTION('',(0.,0.,-1.));
#2876=DIRECTION('center_axis',(-1.,-2.65528329762379E-15,0.));
#2877=DIRECTION('ref_axis',(-2.65528329762379E-15,1.,0.));
#2878=DIRECTION('',(2.65528329762379E-15,-1.,0.));
#2879=DIRECTION('',(-2.65528329762379E-15,1.,0.));
#2880=DIRECTION('',(0.,0.,-1.));
#2881=DIRECTION('center_axis',(0.,0.,-1.));
#2882=DIRECTION('ref_axis',(-1.,9.18709552877328E-15,0.));
#2883=DIRECTION('center_axis',(0.,0.,1.));
#2884=DIRECTION('ref_axis',(-1.,9.18709552877328E-15,0.));
#2885=DIRECTION('center_axis',(0.,0.,-1.));
#2886=DIRECTION('ref_axis',(-1.,9.18709552877328E-15,0.));
#2887=DIRECTION('',(0.,0.,-1.));
#2888=DIRECTION('center_axis',(-3.05311331771918E-16,-1.,0.));
#2889=DIRECTION('ref_axis',(-1.,3.05311331771918E-16,0.));
#2890=DIRECTION('',(1.,-3.05311331771918E-16,0.));
#2891=DIRECTION('',(-1.,3.05311331771918E-16,0.));
#2892=DIRECTION('',(0.,0.,-1.));
#2893=DIRECTION('center_axis',(0.,0.,-1.));
#2894=DIRECTION('ref_axis',(-4.74620343027256E-15,-1.,0.));
#2895=DIRECTION('center_axis',(0.,0.,1.));
#2896=DIRECTION('ref_axis',(-4.74620343027256E-15,-1.,0.));
#2897=DIRECTION('center_axis',(0.,0.,-1.));
#2898=DIRECTION('ref_axis',(-4.74620343027256E-15,-1.,0.));
#2899=DIRECTION('center_axis',(1.,-3.05311331771918E-16,0.));
#2900=DIRECTION('ref_axis',(-3.05311331771918E-16,-1.,0.));
#2901=DIRECTION('',(3.05311331771918E-16,1.,0.));
#2902=DIRECTION('',(0.,0.,-1.));
#2903=DIRECTION('',(-3.05311331771918E-16,-1.,0.));
#2904=DIRECTION('',(0.,0.,-1.));
#2905=DIRECTION('center_axis',(0.,0.,-1.));
#2906=DIRECTION('ref_axis',(1.,-9.18709552877328E-15,0.));
#2907=DIRECTION('center_axis',(0.,0.,1.));
#2908=DIRECTION('ref_axis',(1.,-9.18709552877328E-15,0.));
#2909=DIRECTION('center_axis',(0.,0.,-1.));
#2910=DIRECTION('ref_axis',(1.,-9.18709552877328E-15,0.));
#2911=DIRECTION('',(0.,0.,-1.));
#2912=DIRECTION('center_axis',(3.05311331771918E-16,1.,0.));
#2913=DIRECTION('ref_axis',(1.,-3.05311331771918E-16,0.));
#2914=DIRECTION('',(-1.,3.05311331771918E-16,0.));
#2915=DIRECTION('',(1.,-3.05311331771918E-16,0.));
#2916=DIRECTION('',(0.,0.,-1.));
#2917=DIRECTION('center_axis',(0.,0.,-1.));
#2918=DIRECTION('ref_axis',(2.52575738102224E-15,1.,0.));
#2919=DIRECTION('center_axis',(0.,0.,1.));
#2920=DIRECTION('ref_axis',(2.52575738102224E-15,1.,0.));
#2921=DIRECTION('center_axis',(0.,0.,-1.));
#2922=DIRECTION('ref_axis',(2.52575738102224E-15,1.,0.));
#2923=DIRECTION('',(0.,0.,-1.));
#2924=DIRECTION('center_axis',(-1.,-1.47104543351295E-15,0.));
#2925=DIRECTION('ref_axis',(-1.47104543351295E-15,1.,0.));
#2926=DIRECTION('',(1.47104543351295E-15,-1.,0.));
#2927=DIRECTION('',(-1.47104543351295E-15,1.,0.));
#2928=DIRECTION('',(0.,0.,-1.));
#2929=DIRECTION('center_axis',(0.,0.,-1.));
#2930=DIRECTION('ref_axis',(-1.,3.05311331771918E-16,0.));
#2931=DIRECTION('center_axis',(0.,0.,1.));
#2932=DIRECTION('ref_axis',(-1.,3.05311331771918E-16,0.));
#2933=DIRECTION('center_axis',(0.,0.,-1.));
#2934=DIRECTION('ref_axis',(-1.,3.05311331771918E-16,0.));
#2935=DIRECTION('',(0.,0.,-1.));
#2936=DIRECTION('center_axis',(-3.05311331771918E-16,-1.,0.));
#2937=DIRECTION('ref_axis',(-1.,3.05311331771918E-16,0.));
#2938=DIRECTION('',(1.,-3.05311331771918E-16,0.));
#2939=DIRECTION('',(-1.,3.05311331771918E-16,0.));
#2940=DIRECTION('',(0.,0.,-1.));
#2941=DIRECTION('center_axis',(0.,0.,-1.));
#2942=DIRECTION('ref_axis',(-9.18709552877328E-15,-1.,0.));
#2943=DIRECTION('center_axis',(0.,0.,1.));
#2944=DIRECTION('ref_axis',(-9.18709552877328E-15,-1.,0.));
#2945=DIRECTION('center_axis',(0.,0.,-1.));
#2946=DIRECTION('ref_axis',(-9.18709552877328E-15,-1.,0.));
#2947=DIRECTION('center_axis',(0.,0.,-1.));
#2948=DIRECTION('ref_axis',(-1.,-9.86076131526265E-32,0.));
#2949=DIRECTION('',(1.,0.,0.));
#2950=DIRECTION('',(0.,1.,0.));
#2951=DIRECTION('',(-1.,-9.86076131526265E-32,0.));
#2952=DIRECTION('',(0.,1.,0.));
#2953=DIRECTION('center_axis',(0.,1.,0.));
#2954=DIRECTION('ref_axis',(1.,0.,0.));
#2955=DIRECTION('center_axis',(0.,-1.,0.));
#2956=DIRECTION('ref_axis',(1.,0.,0.));
#2957=DIRECTION('center_axis',(-9.86076131526265E-32,1.,0.));
#2958=DIRECTION('ref_axis',(1.,6.16297582203907E-32,0.));
#2959=DIRECTION('',(0.,1.,0.));
#2960=DIRECTION('center_axis',(1.,0.,0.));
#2961=DIRECTION('ref_axis',(0.,0.,-1.));
#2962=DIRECTION('',(0.,0.,1.));
#2963=DIRECTION('',(0.,0.,-1.));
#2964=DIRECTION('',(0.,1.,0.));
#2965=DIRECTION('center_axis',(0.,1.,0.));
#2966=DIRECTION('ref_axis',(1.77635683940023E-14,0.,1.));
#2967=DIRECTION('center_axis',(0.,-1.,0.));
#2968=DIRECTION('ref_axis',(1.77635683940023E-14,0.,1.));
#2969=DIRECTION('center_axis',(-9.86076131526265E-32,1.,0.));
#2970=DIRECTION('ref_axis',(1.77635683940023E-14,1.751623080406E-45,1.));
#2971=DIRECTION('',(0.,1.,0.));
#2972=DIRECTION('center_axis',(0.,0.,1.));
#2973=DIRECTION('ref_axis',(1.,9.86076131526265E-32,0.));
#2974=DIRECTION('',(-1.,0.,0.));
#2975=DIRECTION('',(1.,9.86076131526265E-32,0.));
#2976=DIRECTION('',(0.,1.,0.));
#2977=DIRECTION('center_axis',(0.,1.,0.));
#2978=DIRECTION('ref_axis',(-1.,0.,0.));
#2979=DIRECTION('center_axis',(0.,-1.,0.));
#2980=DIRECTION('ref_axis',(-1.,0.,0.));
#2981=DIRECTION('center_axis',(-9.86076131526265E-32,1.,0.));
#2982=DIRECTION('ref_axis',(-1.,-6.16297582203907E-32,0.));
#2983=DIRECTION('',(0.,1.,0.));
#2984=DIRECTION('center_axis',(-1.,0.,0.));
#2985=DIRECTION('ref_axis',(0.,0.,1.));
#2986=DIRECTION('',(0.,0.,-1.));
#2987=DIRECTION('',(0.,0.,1.));
#2988=DIRECTION('',(0.,1.,0.));
#2989=DIRECTION('center_axis',(0.,1.,0.));
#2990=DIRECTION('ref_axis',(-2.66453525910034E-14,0.,-1.));
#2991=DIRECTION('center_axis',(0.,-1.,0.));
#2992=DIRECTION('ref_axis',(-2.66453525910034E-14,0.,-1.));
#2993=DIRECTION('center_axis',(-9.86076131526265E-32,1.,0.));
#2994=DIRECTION('ref_axis',(-2.66453525910034E-14,-1.751623080406E-45,-1.));
#2995=DIRECTION('center_axis',(-9.86076131526265E-32,1.,0.));
#2996=DIRECTION('ref_axis',(-1.,-9.86076131526265E-32,0.));
#2997=DIRECTION('center_axis',(0.,0.,-1.));
#2998=DIRECTION('ref_axis',(-1.,-9.86076131526265E-32,0.));
#2999=DIRECTION('',(1.,0.,0.));
#3000=DIRECTION('',(0.,1.,0.));
#3001=DIRECTION('',(-1.,-9.86076131526265E-32,0.));
#3002=DIRECTION('',(0.,1.,0.));
#3003=DIRECTION('center_axis',(0.,1.,0.));
#3004=DIRECTION('ref_axis',(1.,0.,0.));
#3005=DIRECTION('center_axis',(0.,-1.,0.));
#3006=DIRECTION('ref_axis',(1.,0.,0.));
#3007=DIRECTION('center_axis',(-9.86076131526265E-32,1.,0.));
#3008=DIRECTION('ref_axis',(1.,6.16297582203907E-32,0.));
#3009=DIRECTION('',(0.,1.,0.));
#3010=DIRECTION('center_axis',(1.,0.,0.));
#3011=DIRECTION('ref_axis',(0.,0.,-1.));
#3012=DIRECTION('',(0.,0.,1.));
#3013=DIRECTION('',(0.,0.,-1.));
#3014=DIRECTION('',(0.,1.,0.));
#3015=DIRECTION('center_axis',(0.,1.,0.));
#3016=DIRECTION('ref_axis',(1.77635683940023E-14,0.,1.));
#3017=DIRECTION('center_axis',(0.,-1.,0.));
#3018=DIRECTION('ref_axis',(1.77635683940023E-14,0.,1.));
#3019=DIRECTION('center_axis',(-9.86076131526265E-32,1.,0.));
#3020=DIRECTION('ref_axis',(1.77635683940023E-14,1.751623080406E-45,1.));
#3021=DIRECTION('',(0.,1.,0.));
#3022=DIRECTION('center_axis',(0.,0.,1.));
#3023=DIRECTION('ref_axis',(1.,9.86076131526265E-32,0.));
#3024=DIRECTION('',(-1.,0.,0.));
#3025=DIRECTION('',(1.,9.86076131526265E-32,0.));
#3026=DIRECTION('',(0.,1.,0.));
#3027=DIRECTION('center_axis',(0.,1.,0.));
#3028=DIRECTION('ref_axis',(-1.,0.,0.));
#3029=DIRECTION('center_axis',(0.,-1.,0.));
#3030=DIRECTION('ref_axis',(-1.,0.,0.));
#3031=DIRECTION('center_axis',(-9.86076131526265E-32,1.,0.));
#3032=DIRECTION('ref_axis',(-1.,-6.16297582203907E-32,0.));
#3033=DIRECTION('',(0.,1.,0.));
#3034=DIRECTION('center_axis',(-1.,0.,0.));
#3035=DIRECTION('ref_axis',(0.,0.,1.));
#3036=DIRECTION('',(0.,0.,-1.));
#3037=DIRECTION('',(0.,0.,1.));
#3038=DIRECTION('',(0.,1.,0.));
#3039=DIRECTION('center_axis',(0.,1.,0.));
#3040=DIRECTION('ref_axis',(-2.22044604925028E-14,0.,-1.));
#3041=DIRECTION('center_axis',(0.,-1.,0.));
#3042=DIRECTION('ref_axis',(-2.22044604925028E-14,0.,-1.));
#3043=DIRECTION('center_axis',(-9.86076131526265E-32,1.,0.));
#3044=DIRECTION('ref_axis',(-2.22044604925028E-14,-2.62743462060899E-45,
-1.));
#3045=DIRECTION('center_axis',(-9.86076131526265E-32,1.,0.));
#3046=DIRECTION('ref_axis',(-1.,-9.86076131526265E-32,0.));
#3047=DIRECTION('center_axis',(0.,0.,1.));
#3048=DIRECTION('ref_axis',(1.,0.,0.));
#3049=DIRECTION('',(0.,-1.,0.));
#3050=DIRECTION('',(-1.,0.,0.));
#3051=DIRECTION('',(0.,1.,0.));
#3052=DIRECTION('',(1.,0.,0.));
#3053=DIRECTION('center_axis',(0.,0.,1.));
#3054=DIRECTION('ref_axis',(1.,0.,0.));
#3055=DIRECTION('',(-1.,0.,0.));
#3056=DIRECTION('',(0.,1.,0.));
#3057=DIRECTION('',(1.,0.,0.));
#3058=DIRECTION('',(0.,-1.,0.));
#3059=DIRECTION('center_axis',(0.,1.,0.));
#3060=DIRECTION('ref_axis',(-1.,0.,0.));
#3061=DIRECTION('',(0.,0.,1.));
#3062=DIRECTION('',(-1.,0.,0.));
#3063=DIRECTION('',(0.,0.,1.));
#3064=DIRECTION('center_axis',(-1.,0.,0.));
#3065=DIRECTION('ref_axis',(0.,-1.,0.));
#3066=DIRECTION('',(0.,0.,1.));
#3067=DIRECTION('',(0.,-1.,0.));
#3068=DIRECTION('center_axis',(1.,0.,0.));
#3069=DIRECTION('ref_axis',(0.,1.,0.));
#3070=DIRECTION('',(0.,0.,1.));
#3071=DIRECTION('',(0.,1.,0.));
#3072=DIRECTION('',(0.,0.,1.));
#3073=DIRECTION('center_axis',(0.,1.,0.));
#3074=DIRECTION('ref_axis',(-1.,0.,0.));
#3075=DIRECTION('',(0.,0.,1.));
#3076=DIRECTION('',(-1.,0.,0.));
#3077=DIRECTION('center_axis',(0.,-1.,0.));
#3078=DIRECTION('ref_axis',(1.,0.,0.));
#3079=DIRECTION('',(1.,0.,0.));
#3080=DIRECTION('',(0.,0.,1.));
#3081=DIRECTION('center_axis',(-1.,0.,0.));
#3082=DIRECTION('ref_axis',(0.,-1.,0.));
#3083=DIRECTION('',(0.,-1.,0.));
#3084=DIRECTION('center_axis',(1.,0.,0.));
#3085=DIRECTION('ref_axis',(0.,1.,0.));
#3086=DIRECTION('',(0.,1.,0.));
#3087=DIRECTION('',(0.,0.,1.));
#3088=DIRECTION('center_axis',(0.,-1.,0.));
#3089=DIRECTION('ref_axis',(1.,0.,0.));
#3090=DIRECTION('',(1.,0.,0.));
#3091=DIRECTION('center_axis',(-1.,0.,0.));
#3092=DIRECTION('ref_axis',(0.,0.,1.));
#3093=DIRECTION('center_axis',(-1.,0.,0.));
#3094=DIRECTION('ref_axis',(0.,-0.948683298050514,0.316227766016838));
#3095=DIRECTION('center_axis',(0.,0.316227766016837,0.948683298050514));
#3096=DIRECTION('ref_axis',(1.,0.,0.));
#3097=DIRECTION('center_axis',(1.,0.,0.));
#3098=DIRECTION('ref_axis',(0.,-0.987087457637497,0.160182243006967));
#3099=DIRECTION('center_axis',(0.,0.,-1.));
#3100=DIRECTION('ref_axis',(0.,1.,0.));
#3101=DIRECTION('center_axis',(0.,0.316227766016838,0.948683298050514));
#3102=DIRECTION('ref_axis',(0.707106781186547,0.670820393249937,-0.223606797749978));
#3103=DIRECTION('center_axis',(0.,0.811242185175561,0.584710284663764));
#3104=DIRECTION('ref_axis',(-4.05296888638109E-16,0.584710284663764,-0.811242185175561));
#3105=DIRECTION('',(0.,-0.316227766016838,-0.948683298050514));
#3106=DIRECTION('',(0.,0.316227766016838,0.948683298050514));
#3107=DIRECTION('center_axis',(0.,0.,1.));
#3108=DIRECTION('ref_axis',(0.707106781186547,0.707106781186547,0.));
#3109=DIRECTION('center_axis',(0.,0.,-1.));
#3110=DIRECTION('ref_axis',(0.707106781186547,0.707106781186547,0.));
#3111=DIRECTION('',(0.,0.,1.));
#3112=DIRECTION('',(0.,0.,-1.));
#3113=DIRECTION('center_axis',(-1.,0.,0.));
#3114=DIRECTION('ref_axis',(0.,-0.987087457637497,0.160182243006967));
#3115=DIRECTION('center_axis',(-1.,0.,0.));
#3116=DIRECTION('ref_axis',(0.,-1.,0.));
#3117=DIRECTION('',(1.,0.,0.));
#3118=DIRECTION('',(-1.,0.,0.));
#3119=DIRECTION('center_axis',(0.,-0.987762965329069,0.155962573473011));
#3120=DIRECTION('ref_axis',(0.,-0.155962573473011,-0.987762965329069));
#3121=DIRECTION('center_axis',(0.,1.,0.));
#3122=DIRECTION('ref_axis',(3.5108334685767E-17,0.,-1.));
#3123=DIRECTION('center_axis',(1.,0.,0.));
#3124=DIRECTION('ref_axis',(0.,1.,0.));
#3125=DIRECTION('',(0.,-1.,0.));
#3126=DIRECTION('',(0.,-0.316227766016838,0.948683298050514));
#3127=DIRECTION('',(0.,0.,1.));
#3128=DIRECTION('',(0.,-1.,0.));
#3129=DIRECTION('',(0.,0.,-1.));
#3130=DIRECTION('',(0.,1.,0.));
#3131=DIRECTION('',(0.,0.,1.));
#3132=DIRECTION('',(0.,-1.,0.));
#3133=DIRECTION('center_axis',(0.,-0.948683298050514,0.316227766016838));
#3134=DIRECTION('ref_axis',(0.,0.316227766016838,0.948683298050514));
#3135=DIRECTION('',(0.,-0.316227766016838,-0.948683298050514));
#3136=DIRECTION('',(-1.,0.,0.));
#3137=DIRECTION('center_axis',(0.,-0.316227766016838,-0.948683298050514));
#3138=DIRECTION('ref_axis',(-0.707106781186548,0.670820393249936,-0.223606797749979));
#3139=DIRECTION('',(0.,0.316227766016838,0.948683298050514));
#3140=DIRECTION('center_axis',(0.,0.811242185175563,0.584710284663763));
#3141=DIRECTION('ref_axis',(0.,0.584710284663762,-0.811242185175563));
#3142=DIRECTION('center_axis',(0.,0.,1.));
#3143=DIRECTION('ref_axis',(-0.707106781186547,-0.707106781186547,0.));
#3144=DIRECTION('',(0.,0.,-1.));
#3145=DIRECTION('center_axis',(0.,0.,-1.));
#3146=DIRECTION('ref_axis',(-0.707106781186547,-0.707106781186547,0.));
#3147=DIRECTION('',(0.,0.,1.));
#3148=DIRECTION('center_axis',(0.,0.160182243006966,-0.987087457637497));
#3149=DIRECTION('ref_axis',(0.,-0.987087457637497,-0.160182243006966));
#3150=DIRECTION('center_axis',(0.,-0.316227766016838,0.948683298050514));
#3151=DIRECTION('ref_axis',(-0.707106781186547,-0.670820393249937,-0.223606797749978));
#3152=DIRECTION('',(0.,-0.316227766016838,0.948683298050514));
#3153=DIRECTION('center_axis',(0.,0.811242185175561,-0.584710284663765));
#3154=DIRECTION('ref_axis',(0.,-0.584710284663765,-0.811242185175561));
#3155=DIRECTION('',(0.,0.316227766016838,-0.948683298050514));
#3156=DIRECTION('center_axis',(0.,-1.,0.));
#3157=DIRECTION('ref_axis',(-0.707106781186547,0.,-0.707106781186547));
#3158=DIRECTION('',(0.,-1.,0.));
#3159=DIRECTION('center_axis',(0.,0.811242185175563,0.584710284663763));
#3160=DIRECTION('ref_axis',(0.,0.584710284663762,-0.811242185175563));
#3161=DIRECTION('',(0.,1.,0.));
#3162=DIRECTION('center_axis',(0.,-0.316227766016838,-0.948683298050514));
#3163=DIRECTION('ref_axis',(-0.707106781186548,0.670820393249936,-0.223606797749979));
#3164=DIRECTION('',(0.,0.316227766016838,0.948683298050514));
#3165=DIRECTION('',(0.,-0.316227766016838,-0.948683298050514));
#3166=DIRECTION('center_axis',(0.,0.160182243006959,0.987087457637498));
#3167=DIRECTION('ref_axis',(0.,0.987087457637498,-0.160182243006959));
#3168=DIRECTION('center_axis',(0.,0.,-1.));
#3169=DIRECTION('ref_axis',(-0.707106781186547,0.707106781186547,0.));
#3170=DIRECTION('',(0.,0.,-1.));
#3171=DIRECTION('center_axis',(0.,0.,-1.));
#3172=DIRECTION('ref_axis',(-0.707106781186547,0.707106781186547,0.));
#3173=DIRECTION('',(0.,0.,1.));
#3174=DIRECTION('center_axis',(-1.,0.,0.));
#3175=DIRECTION('ref_axis',(0.,-1.,0.));
#3176=DIRECTION('',(0.,1.,0.));
#3177=DIRECTION('',(0.,0.,-1.));
#3178=DIRECTION('',(0.,-1.,0.));
#3179=DIRECTION('',(0.,0.,1.));
#3180=DIRECTION('',(0.,1.,0.));
#3181=DIRECTION('center_axis',(0.,0.,1.));
#3182=DIRECTION('ref_axis',(-0.707106781186547,0.707106781186547,0.));
#3183=DIRECTION('',(0.,0.,-1.));
#3184=DIRECTION('center_axis',(0.,0.,1.));
#3185=DIRECTION('ref_axis',(-0.707106781186547,0.707106781186547,0.));
#3186=DIRECTION('',(0.,0.,1.));
#3187=DIRECTION('center_axis',(0.,0.707106781186548,-0.707106781186548));
#3188=DIRECTION('ref_axis',(0.,-0.707106781186547,-0.707106781186547));
#3189=DIRECTION('center_axis',(0.408248290463864,-0.816496580927727,-0.408248290463861));
#3190=DIRECTION('ref_axis',(-0.577350269189625,-0.577350269189625,0.577350269189628));
#3191=DIRECTION('center_axis',(0.,-1.,0.));
#3192=DIRECTION('ref_axis',(-1.,0.,0.));
#3193=DIRECTION('center_axis',(0.,0.,1.));
#3194=DIRECTION('ref_axis',(0.,-1.,0.));
#3195=DIRECTION('center_axis',(-1.,0.,0.));
#3196=DIRECTION('ref_axis',(0.,0.,1.));
#3197=DIRECTION('center_axis',(0.,0.,1.));
#3198=DIRECTION('ref_axis',(-0.707106781186547,-0.707106781186547,0.));
#3199=DIRECTION('center_axis',(0.,0.,1.));
#3200=DIRECTION('ref_axis',(-0.707106781186547,-0.707106781186547,0.));
#3201=DIRECTION('',(0.,0.,1.));
#3202=DIRECTION('',(0.,0.,-1.));
#3203=DIRECTION('center_axis',(0.,0.,1.));
#3204=DIRECTION('ref_axis',(0.707106781186547,0.707106781186547,0.));
#3205=DIRECTION('center_axis',(0.,0.,-1.));
#3206=DIRECTION('ref_axis',(0.707106781186547,0.707106781186547,0.));
#3207=DIRECTION('',(0.,0.,1.));
#3208=DIRECTION('center_axis',(0.,0.707106781186548,-0.707106781186548));
#3209=DIRECTION('ref_axis',(0.,-0.707106781186547,-0.707106781186547));
#3210=DIRECTION('center_axis',(-0.408248290463864,-0.816496580927727,-0.408248290463861));
#3211=DIRECTION('ref_axis',(0.577350269189625,-0.577350269189625,0.577350269189628));
#3212=DIRECTION('center_axis',(1.,0.,0.));
#3213=DIRECTION('ref_axis',(0.,-1.,0.));
#3214=DIRECTION('center_axis',(0.,0.,1.));
#3215=DIRECTION('ref_axis',(1.,0.,0.));
#3216=DIRECTION('center_axis',(0.,-1.,0.));
#3217=DIRECTION('ref_axis',(0.,0.,1.));
#3218=DIRECTION('center_axis',(0.,0.,1.));
#3219=DIRECTION('ref_axis',(0.707106781186547,-0.707106781186547,0.));
#3220=DIRECTION('center_axis',(0.,0.,-1.));
#3221=DIRECTION('ref_axis',(0.707106781186547,-0.707106781186547,0.));
#3222=DIRECTION('',(0.,0.,-1.));
#3223=DIRECTION('center_axis',(0.,1.,0.));
#3224=DIRECTION('ref_axis',(0.707106781186547,0.,0.707106781186547));
#3225=DIRECTION('',(0.,-1.,0.));
#3226=DIRECTION('center_axis',(1.,0.,0.));
#3227=DIRECTION('ref_axis',(0.,-0.707106781186547,0.707106781186547));
#3228=DIRECTION('',(-1.,0.,0.));
#3229=DIRECTION('',(1.,0.,0.));
#3230=DIRECTION('center_axis',(0.,-1.,0.));
#3231=DIRECTION('ref_axis',(-0.707106781186547,0.,0.707106781186547));
#3232=DIRECTION('',(0.,-1.,0.));
#3233=DIRECTION('',(0.,1.,0.));
#3234=DIRECTION('center_axis',(0.,0.,1.));
#3235=DIRECTION('ref_axis',(1.,0.,0.));
#3236=DIRECTION('',(-1.,0.,0.));
#3237=DIRECTION('center_axis',(0.,1.,0.));
#3238=DIRECTION('ref_axis',(-1.,0.,0.));
#3239=DIRECTION('',(-1.,0.,0.));
#3240=DIRECTION('',(0.,0.,-1.));
#3241=DIRECTION('',(-1.,0.,0.));
#3242=DIRECTION('',(0.,0.,1.));
#3243=DIRECTION('',(-1.,0.,0.));
#3244=DIRECTION('center_axis',(0.,0.,1.));
#3245=DIRECTION('ref_axis',(-0.707106781186547,-0.707106781186547,0.));
#3246=DIRECTION('',(0.,0.,-1.));
#3247=DIRECTION('center_axis',(0.,0.,-1.));
#3248=DIRECTION('ref_axis',(-0.707106781186547,-0.707106781186547,0.));
#3249=DIRECTION('',(0.,0.,1.));
#3250=DIRECTION('center_axis',(0.,0.160182243006966,-0.987087457637497));
#3251=DIRECTION('ref_axis',(0.,-0.987087457637497,-0.160182243006966));
#3252=DIRECTION('center_axis',(0.,-0.316227766016838,0.948683298050514));
#3253=DIRECTION('ref_axis',(-0.707106781186547,-0.670820393249937,-0.223606797749978));
#3254=DIRECTION('',(0.,-0.316227766016838,0.948683298050514));
#3255=DIRECTION('center_axis',(0.,0.811242185175561,-0.584710284663765));
#3256=DIRECTION('ref_axis',(0.,-0.584710284663765,-0.811242185175561));
#3257=DIRECTION('',(0.,0.316227766016838,-0.948683298050514));
#3258=DIRECTION('center_axis',(0.,-1.,0.));
#3259=DIRECTION('ref_axis',(-0.707106781186547,0.,-0.707106781186547));
#3260=DIRECTION('',(0.,-1.,0.));
#3261=DIRECTION('',(0.,1.,0.));
#3262=DIRECTION('center_axis',(-1.,0.,0.));
#3263=DIRECTION('ref_axis',(0.,-1.,0.));
#3264=DIRECTION('',(0.,1.,0.));
#3265=DIRECTION('',(0.,1.,0.));
#3266=DIRECTION('',(0.,0.,-1.));
#3267=DIRECTION('center_axis',(0.,0.,-1.));
#3268=DIRECTION('ref_axis',(0.707106781186547,-0.707106781186547,0.));
#3269=DIRECTION('',(0.,0.,-1.));
#3270=DIRECTION('center_axis',(0.,0.,-1.));
#3271=DIRECTION('ref_axis',(0.707106781186547,-0.707106781186547,0.));
#3272=DIRECTION('center_axis',(0.,0.160182243006959,-0.987087457637498));
#3273=DIRECTION('ref_axis',(0.,0.987087457637498,0.160182243006959));
#3274=DIRECTION('center_axis',(0.,0.316227766016838,-0.948683298050514));
#3275=DIRECTION('ref_axis',(0.707106781186548,-0.670820393249936,-0.223606797749979));
#3276=DIRECTION('center_axis',(-1.44105560404662E-15,0.811242185175563,
-0.584710284663763));
#3277=DIRECTION('ref_axis',(-1.99935784926121E-15,0.584710284663763,0.811242185175563));
#3278=DIRECTION('',(0.,0.316227766016838,-0.948683298050514));
#3279=DIRECTION('center_axis',(0.,1.,0.));
#3280=DIRECTION('ref_axis',(0.707106781186547,0.,-0.707106781186547));
#3281=DIRECTION('',(0.,1.,0.));
#3282=DIRECTION('center_axis',(0.,1.,0.));
#3283=DIRECTION('ref_axis',(0.,0.,-1.));
#3284=DIRECTION('',(-1.,0.,0.));
#3285=DIRECTION('',(-1.,0.,0.));
#3286=DIRECTION('center_axis',(0.,0.948683298050514,0.316227766016838));
#3287=DIRECTION('ref_axis',(0.,0.316227766016838,-0.948683298050514));
#3288=DIRECTION('',(-1.,0.,0.));
#3289=DIRECTION('center_axis',(0.,0.,1.));
#3290=DIRECTION('ref_axis',(0.,1.,0.));
#3291=DIRECTION('center_axis',(0.,0.,-1.));
#3292=DIRECTION('ref_axis',(0.707106781186547,-0.707106781186547,0.));
#3293=DIRECTION('',(0.,0.,-1.));
#3294=DIRECTION('center_axis',(0.,0.,-1.));
#3295=DIRECTION('ref_axis',(0.707106781186547,-0.707106781186547,0.));
#3296=DIRECTION('',(0.,0.,1.));
#3297=DIRECTION('center_axis',(0.,0.160182243006959,-0.987087457637498));
#3298=DIRECTION('ref_axis',(0.,0.987087457637498,0.160182243006959));
#3299=DIRECTION('center_axis',(0.,0.316227766016838,-0.948683298050514));
#3300=DIRECTION('ref_axis',(0.707106781186548,-0.670820393249936,-0.223606797749979));
#3301=DIRECTION('',(0.,-0.316227766016838,0.948683298050514));
#3302=DIRECTION('center_axis',(-1.44105560404662E-15,0.811242185175563,
-0.584710284663763));
#3303=DIRECTION('ref_axis',(-1.99935784926121E-15,0.584710284663763,0.811242185175563));
#3304=DIRECTION('',(0.,0.316227766016838,-0.948683298050514));
#3305=DIRECTION('center_axis',(0.,1.,0.));
#3306=DIRECTION('ref_axis',(0.707106781186547,0.,-0.707106781186547));
#3307=DIRECTION('',(0.,-1.,0.));
#3308=DIRECTION('center_axis',(0.,0.811242185175561,0.584710284663765));
#3309=DIRECTION('ref_axis',(0.,-0.584710284663765,0.811242185175561));
#3310=DIRECTION('',(0.,1.,0.));
#3311=DIRECTION('center_axis',(0.,0.316227766016838,0.948683298050514));
#3312=DIRECTION('ref_axis',(0.707106781186547,0.670820393249937,-0.223606797749978));
#3313=DIRECTION('',(0.,0.316227766016838,0.948683298050514));
#3314=DIRECTION('',(0.,-0.316227766016838,-0.948683298050514));
#3315=DIRECTION('center_axis',(0.,0.160182243006966,0.987087457637497));
#3316=DIRECTION('ref_axis',(0.,-0.987087457637497,0.160182243006966));
#3317=DIRECTION('center_axis',(0.,0.,1.));
#3318=DIRECTION('ref_axis',(0.707106781186547,0.707106781186547,0.));
#3319=DIRECTION('',(0.,0.,-1.));
#3320=DIRECTION('center_axis',(0.,0.,-1.));
#3321=DIRECTION('ref_axis',(0.707106781186547,0.707106781186547,0.));
#3322=DIRECTION('',(0.,0.,1.));
#3323=DIRECTION('center_axis',(0.,1.,0.));
#3324=DIRECTION('ref_axis',(0.,0.,-1.));
#3325=DIRECTION('',(-1.,0.,0.));
#3326=DIRECTION('',(-1.,0.,0.));
#3327=DIRECTION('center_axis',(0.,0.948683298050514,0.316227766016838));
#3328=DIRECTION('ref_axis',(0.,0.316227766016838,-0.948683298050514));
#3329=DIRECTION('',(-1.,0.,0.));
#3330=DIRECTION('center_axis',(0.,0.,1.));
#3331=DIRECTION('ref_axis',(0.,1.,0.));
#3332=DIRECTION('',(-1.,0.,0.));
#3333=DIRECTION('center_axis',(0.,-0.948683298050514,0.316227766016838));
#3334=DIRECTION('ref_axis',(0.,0.316227766016838,0.948683298050514));
#3335=DIRECTION('',(-1.,0.,0.));
#3336=DIRECTION('center_axis',(0.,-1.,0.));
#3337=DIRECTION('ref_axis',(0.,0.,1.));
#3338=DIRECTION('',(-1.,0.,0.));
#3339=DIRECTION('center_axis',(-0.408248290463864,-0.816496580927727,0.408248290463861));
#3340=DIRECTION('ref_axis',(-0.577350269189625,0.577350269189625,0.577350269189628));
#3341=DIRECTION('center_axis',(-1.,0.,0.));
#3342=DIRECTION('ref_axis',(0.,1.,0.));
#3343=DIRECTION('center_axis',(0.,0.,1.));
#3344=DIRECTION('ref_axis',(-1.,0.,0.));
#3345=DIRECTION('center_axis',(0.,1.,0.));
#3346=DIRECTION('ref_axis',(0.,0.,1.));
#3347=DIRECTION('center_axis',(0.,0.,1.));
#3348=DIRECTION('ref_axis',(-0.707106781186547,0.707106781186547,0.));
#3349=DIRECTION('center_axis',(0.,0.,-1.));
#3350=DIRECTION('ref_axis',(-0.707106781186547,0.707106781186547,0.));
#3351=DIRECTION('center_axis',(0.408248290463864,-0.816496580927727,-0.408248290463861));
#3352=DIRECTION('ref_axis',(-0.577350269189625,-0.577350269189625,0.577350269189628));
#3353=DIRECTION('center_axis',(0.,-1.,0.));
#3354=DIRECTION('ref_axis',(-1.,0.,0.));
#3355=DIRECTION('center_axis',(0.,0.,1.));
#3356=DIRECTION('ref_axis',(0.,-1.,0.));
#3357=DIRECTION('center_axis',(-1.,0.,0.));
#3358=DIRECTION('ref_axis',(0.,0.,1.));
#3359=DIRECTION('center_axis',(0.,0.,1.));
#3360=DIRECTION('ref_axis',(-0.707106781186547,-0.707106781186547,0.));
#3361=DIRECTION('center_axis',(0.,0.,-1.));
#3362=DIRECTION('ref_axis',(-0.707106781186547,-0.707106781186547,0.));
#3363=DIRECTION('',(0.,0.,1.));
#3364=DIRECTION('center_axis',(0.408248290463864,-0.816496580927727,0.408248290463861));
#3365=DIRECTION('ref_axis',(0.577350269189625,0.577350269189625,0.577350269189628));
#3366=DIRECTION('center_axis',(0.,1.,0.));
#3367=DIRECTION('ref_axis',(1.,0.,0.));
#3368=DIRECTION('center_axis',(0.,0.,1.));
#3369=DIRECTION('ref_axis',(0.,1.,0.));
#3370=DIRECTION('center_axis',(1.,0.,0.));
#3371=DIRECTION('ref_axis',(0.,0.,1.));
#3372=DIRECTION('center_axis',(0.,0.,1.));
#3373=DIRECTION('ref_axis',(0.707106781186547,0.707106781186547,0.));
#3374=DIRECTION('center_axis',(0.,0.,1.));
#3375=DIRECTION('ref_axis',(0.707106781186547,0.707106781186547,0.));
#3376=DIRECTION('',(0.,0.,-1.));
#3377=DIRECTION('center_axis',(-1.,0.,0.));
#3378=DIRECTION('ref_axis',(0.,0.707106781186547,0.707106781186547));
#3379=DIRECTION('',(1.,0.,0.));
#3380=DIRECTION('center_axis',(-0.408248290463864,-0.816496580927727,-0.408248290463861));
#3381=DIRECTION('ref_axis',(0.577350269189625,-0.577350269189625,0.577350269189628));
#3382=DIRECTION('center_axis',(1.,0.,0.));
#3383=DIRECTION('ref_axis',(0.,-1.,0.));
#3384=DIRECTION('center_axis',(0.,0.,1.));
#3385=DIRECTION('ref_axis',(1.,0.,0.));
#3386=DIRECTION('center_axis',(0.,-1.,0.));
#3387=DIRECTION('ref_axis',(0.,0.,1.));
#3388=DIRECTION('center_axis',(0.,0.,1.));
#3389=DIRECTION('ref_axis',(0.707106781186547,-0.707106781186547,0.));
#3390=DIRECTION('center_axis',(0.,0.,1.));
#3391=DIRECTION('ref_axis',(0.707106781186547,-0.707106781186547,0.));
#3392=DIRECTION('',(0.,0.,1.));
#3393=DIRECTION('',(0.,0.,-1.));
#3394=DIRECTION('center_axis',(0.,1.,0.));
#3395=DIRECTION('ref_axis',(0.707106781186547,0.,0.707106781186547));
#3396=DIRECTION('',(0.,-1.,0.));
#3397=DIRECTION('',(0.,1.,0.));
#3398=DIRECTION('center_axis',(1.,0.,0.));
#3399=DIRECTION('ref_axis',(0.,-0.707106781186547,0.707106781186547));
#3400=DIRECTION('',(-1.,0.,0.));
#3401=DIRECTION('',(1.,0.,0.));
#3402=DIRECTION('center_axis',(0.,-1.,0.));
#3403=DIRECTION('ref_axis',(-0.707106781186547,0.,0.707106781186547));
#3404=DIRECTION('',(0.,1.,0.));
#3405=DIRECTION('center_axis',(1.,0.,0.));
#3406=DIRECTION('ref_axis',(0.,1.,0.));
#3407=DIRECTION('',(0.,1.,0.));
#3408=DIRECTION('',(0.,-1.,0.));
#3409=DIRECTION('center_axis',(0.,0.,1.));
#3410=DIRECTION('ref_axis',(-1.,0.,0.));
#3411=DIRECTION('',(-1.,0.,0.));
#3412=DIRECTION('center_axis',(0.,0.,1.));
#3413=DIRECTION('ref_axis',(1.,0.,0.));
#3414=DIRECTION('center_axis',(0.,-1.,0.));
#3415=DIRECTION('ref_axis',(0.,0.,1.));
#3416=DIRECTION('',(-1.,0.,0.));
#3417=DIRECTION('center_axis',(0.,-1.,0.));
#3418=DIRECTION('ref_axis',(1.,0.,0.));
#3419=DIRECTION('',(1.,0.,0.));
#3420=DIRECTION('center_axis',(0.,0.,1.));
#3421=DIRECTION('ref_axis',(1.,0.,0.));
#3422=DIRECTION('center_axis',(1.,-3.05311331771918E-16,0.));
#3423=DIRECTION('ref_axis',(-3.05311331771918E-16,-1.,0.));
#3424=DIRECTION('',(-3.05311331771918E-16,-1.,0.));
#3425=DIRECTION('',(0.,0.,-1.));
#3426=DIRECTION('',(3.05311331771918E-16,1.,0.));
#3427=DIRECTION('',(0.,0.,-1.));
#3428=DIRECTION('center_axis',(0.,0.,-1.));
#3429=DIRECTION('ref_axis',(-4.74620343027256E-15,-1.,0.));
#3430=DIRECTION('center_axis',(0.,0.,-1.));
#3431=DIRECTION('ref_axis',(-4.74620343027256E-15,-1.,0.));
#3432=DIRECTION('center_axis',(0.,0.,1.));
#3433=DIRECTION('ref_axis',(-4.74620343027256E-15,-1.,0.));
#3434=DIRECTION('',(0.,0.,-1.));
#3435=DIRECTION('center_axis',(-3.05311331771918E-16,-1.,0.));
#3436=DIRECTION('ref_axis',(-1.,3.05311331771918E-16,0.));
#3437=DIRECTION('',(-1.,3.05311331771918E-16,0.));
#3438=DIRECTION('',(1.,-3.05311331771918E-16,0.));
#3439=DIRECTION('',(0.,0.,-1.));
#3440=DIRECTION('center_axis',(0.,0.,-1.));
#3441=DIRECTION('ref_axis',(-1.,9.18709552877328E-15,0.));
#3442=DIRECTION('center_axis',(0.,0.,-1.));
#3443=DIRECTION('ref_axis',(-1.,9.18709552877328E-15,0.));
#3444=DIRECTION('center_axis',(0.,0.,1.));
#3445=DIRECTION('ref_axis',(-1.,9.18709552877328E-15,0.));
#3446=DIRECTION('',(0.,0.,-1.));
#3447=DIRECTION('center_axis',(-1.,-2.65528329762379E-15,0.));
#3448=DIRECTION('ref_axis',(-2.65528329762379E-15,1.,0.));
#3449=DIRECTION('',(-2.65528329762379E-15,1.,0.));
#3450=DIRECTION('',(2.65528329762379E-15,-1.,0.));
#3451=DIRECTION('',(0.,0.,-1.));
#3452=DIRECTION('center_axis',(0.,0.,-1.));
#3453=DIRECTION('ref_axis',(1.,-3.05311331771918E-16,0.));
#3454=DIRECTION('center_axis',(0.,0.,-1.));
#3455=DIRECTION('ref_axis',(1.,-3.05311331771918E-16,0.));
#3456=DIRECTION('',(0.,0.,-1.));
#3457=DIRECTION('center_axis',(0.,0.,1.));
#3458=DIRECTION('ref_axis',(1.,-3.05311331771918E-16,0.));
#3459=DIRECTION('center_axis',(3.05311331771918E-16,1.,0.));
#3460=DIRECTION('ref_axis',(1.,-3.05311331771918E-16,0.));
#3461=DIRECTION('',(1.,-3.05311331771918E-16,0.));
#3462=DIRECTION('',(0.,0.,-1.));
#3463=DIRECTION('',(-1.,3.05311331771918E-16,0.));
#3464=DIRECTION('center_axis',(0.,0.,-1.));
#3465=DIRECTION('ref_axis',(9.18709552877328E-15,1.,0.));
#3466=DIRECTION('center_axis',(0.,0.,-1.));
#3467=DIRECTION('ref_axis',(9.18709552877328E-15,1.,0.));
#3468=DIRECTION('center_axis',(0.,0.,1.));
#3469=DIRECTION('ref_axis',(9.18709552877328E-15,1.,0.));
#3470=DIRECTION('center_axis',(1.,0.,0.));
#3471=DIRECTION('ref_axis',(0.,0.,-1.));
#3472=DIRECTION('',(0.,0.,1.));
#3473=DIRECTION('',(0.,1.,0.));
#3474=DIRECTION('',(0.,0.,-1.));
#3475=DIRECTION('',(0.,1.,0.));
#3476=DIRECTION('center_axis',(0.,1.,0.));
#3477=DIRECTION('ref_axis',(1.77635683940023E-14,0.,1.));
#3478=DIRECTION('center_axis',(-9.86076131526265E-32,1.,0.));
#3479=DIRECTION('ref_axis',(1.77635683940023E-14,1.751623080406E-45,1.));
#3480=DIRECTION('center_axis',(-9.86076131526265E-32,1.,0.));
#3481=DIRECTION('ref_axis',(1.77635683940023E-14,1.751623080406E-45,1.));
#3482=DIRECTION('',(0.,1.,0.));
#3483=DIRECTION('center_axis',(0.,0.,1.));
#3484=DIRECTION('ref_axis',(1.,9.86076131526265E-32,0.));
#3485=DIRECTION('',(-1.,-9.86076131526265E-32,0.));
#3486=DIRECTION('',(1.,9.86076131526265E-32,0.));
#3487=DIRECTION('',(0.,1.,0.));
#3488=DIRECTION('center_axis',(0.,1.,0.));
#3489=DIRECTION('ref_axis',(-1.,0.,0.));
#3490=DIRECTION('center_axis',(-9.86076131526265E-32,1.,0.));
#3491=DIRECTION('ref_axis',(-1.,-6.16297582203907E-32,0.));
#3492=DIRECTION('center_axis',(-9.86076131526265E-32,1.,0.));
#3493=DIRECTION('ref_axis',(-1.,-6.16297582203907E-32,0.));
#3494=DIRECTION('',(0.,1.,0.));
#3495=DIRECTION('center_axis',(-1.,0.,0.));
#3496=DIRECTION('ref_axis',(0.,0.,1.));
#3497=DIRECTION('',(0.,0.,-1.));
#3498=DIRECTION('',(0.,0.,1.));
#3499=DIRECTION('',(0.,1.,0.));
#3500=DIRECTION('center_axis',(0.,1.,0.));
#3501=DIRECTION('ref_axis',(-2.66453525910034E-14,0.,-1.));
#3502=DIRECTION('center_axis',(-9.86076131526265E-32,1.,0.));
#3503=DIRECTION('ref_axis',(-2.66453525910034E-14,-1.751623080406E-45,-1.));
#3504=DIRECTION('center_axis',(-9.86076131526265E-32,1.,0.));
#3505=DIRECTION('ref_axis',(-2.66453525910034E-14,-1.751623080406E-45,-1.));
#3506=DIRECTION('',(0.,1.,0.));
#3507=DIRECTION('center_axis',(0.,0.,-1.));
#3508=DIRECTION('ref_axis',(-1.,-9.86076131526265E-32,0.));
#3509=DIRECTION('',(1.,9.86076131526265E-32,0.));
#3510=DIRECTION('',(-1.,-9.86076131526265E-32,0.));
#3511=DIRECTION('',(0.,1.,0.));
#3512=DIRECTION('center_axis',(0.,1.,0.));
#3513=DIRECTION('ref_axis',(1.,0.,0.));
#3514=DIRECTION('center_axis',(-9.86076131526265E-32,1.,0.));
#3515=DIRECTION('ref_axis',(1.,6.16297582203907E-32,0.));
#3516=DIRECTION('center_axis',(-9.86076131526265E-32,1.,0.));
#3517=DIRECTION('ref_axis',(1.,6.16297582203907E-32,0.));
#3518=DIRECTION('center_axis',(-9.86076131526265E-32,1.,0.));
#3519=DIRECTION('ref_axis',(-1.,-9.86076131526265E-32,0.));
#3520=DIRECTION('center_axis',(-9.86076131526265E-32,1.,0.));
#3521=DIRECTION('ref_axis',(-1.,-9.86076131526265E-32,0.));
#3522=DIRECTION('center_axis',(1.,-3.05311331771918E-16,0.));
#3523=DIRECTION('ref_axis',(-3.05311331771918E-16,-1.,0.));
#3524=DIRECTION('',(-3.05311331771918E-16,-1.,0.));
#3525=DIRECTION('',(0.,0.,-1.));
#3526=DIRECTION('',(3.05311331771918E-16,1.,0.));
#3527=DIRECTION('',(0.,0.,-1.));
#3528=DIRECTION('center_axis',(0.,0.,-1.));
#3529=DIRECTION('ref_axis',(-9.18709552877328E-15,-1.,0.));
#3530=DIRECTION('center_axis',(0.,0.,-1.));
#3531=DIRECTION('ref_axis',(-9.18709552877328E-15,-1.,0.));
#3532=DIRECTION('center_axis',(0.,0.,1.));
#3533=DIRECTION('ref_axis',(-9.18709552877328E-15,-1.,0.));
#3534=DIRECTION('',(0.,0.,-1.));
#3535=DIRECTION('center_axis',(-3.05311331771918E-16,-1.,0.));
#3536=DIRECTION('ref_axis',(-1.,3.05311331771918E-16,0.));
#3537=DIRECTION('',(-1.,3.05311331771918E-16,0.));
#3538=DIRECTION('',(1.,-3.05311331771918E-16,0.));
#3539=DIRECTION('',(0.,0.,-1.));
#3540=DIRECTION('center_axis',(0.,0.,-1.));
#3541=DIRECTION('ref_axis',(-1.,3.05311331771918E-16,0.));
#3542=DIRECTION('center_axis',(0.,0.,-1.));
#3543=DIRECTION('ref_axis',(-1.,3.05311331771918E-16,0.));
#3544=DIRECTION('center_axis',(0.,0.,1.));
#3545=DIRECTION('ref_axis',(-1.,3.05311331771918E-16,0.));
#3546=DIRECTION('',(0.,0.,-1.));
#3547=DIRECTION('center_axis',(-1.,-1.47104543351295E-15,0.));
#3548=DIRECTION('ref_axis',(-1.47104543351295E-15,1.,0.));
#3549=DIRECTION('',(-1.47104543351295E-15,1.,0.));
#3550=DIRECTION('',(1.47104543351295E-15,-1.,0.));
#3551=DIRECTION('',(0.,0.,-1.));
#3552=DIRECTION('center_axis',(0.,0.,-1.));
#3553=DIRECTION('ref_axis',(1.,-9.18709552877328E-15,0.));
#3554=DIRECTION('center_axis',(0.,0.,-1.));
#3555=DIRECTION('ref_axis',(1.,-9.18709552877328E-15,0.));
#3556=DIRECTION('',(0.,0.,-1.));
#3557=DIRECTION('center_axis',(0.,0.,1.));
#3558=DIRECTION('ref_axis',(1.,-9.18709552877328E-15,0.));
#3559=DIRECTION('center_axis',(3.05311331771918E-16,1.,0.));
#3560=DIRECTION('ref_axis',(1.,-3.05311331771918E-16,0.));
#3561=DIRECTION('',(1.,-3.05311331771918E-16,0.));
#3562=DIRECTION('',(0.,0.,-1.));
#3563=DIRECTION('',(-1.,3.05311331771918E-16,0.));
#3564=DIRECTION('center_axis',(0.,0.,-1.));
#3565=DIRECTION('ref_axis',(2.52575738102224E-15,1.,0.));
#3566=DIRECTION('center_axis',(0.,0.,-1.));
#3567=DIRECTION('ref_axis',(2.52575738102224E-15,1.,0.));
#3568=DIRECTION('center_axis',(0.,0.,1.));
#3569=DIRECTION('ref_axis',(2.52575738102224E-15,1.,0.));
#3570=DIRECTION('center_axis',(0.,0.,1.));
#3571=DIRECTION('ref_axis',(1.,9.86076131526265E-32,0.));
#3572=DIRECTION('',(-1.,-9.86076131526265E-32,0.));
#3573=DIRECTION('',(0.,1.,0.));
#3574=DIRECTION('',(1.,9.86076131526265E-32,0.));
#3575=DIRECTION('',(0.,1.,0.));
#3576=DIRECTION('center_axis',(0.,1.,0.));
#3577=DIRECTION('ref_axis',(-1.,0.,0.));
#3578=DIRECTION('center_axis',(-9.86076131526265E-32,1.,0.));
#3579=DIRECTION('ref_axis',(-1.,-6.16297582203907E-32,0.));
#3580=DIRECTION('center_axis',(-9.86076131526265E-32,1.,0.));
#3581=DIRECTION('ref_axis',(-1.,-6.16297582203907E-32,0.));
#3582=DIRECTION('',(0.,1.,0.));
#3583=DIRECTION('center_axis',(-1.,0.,0.));
#3584=DIRECTION('ref_axis',(0.,0.,1.));
#3585=DIRECTION('',(0.,0.,-1.));
#3586=DIRECTION('',(0.,0.,1.));
#3587=DIRECTION('',(0.,1.,0.));
#3588=DIRECTION('center_axis',(0.,1.,0.));
#3589=DIRECTION('ref_axis',(-2.22044604925028E-14,0.,-1.));
#3590=DIRECTION('center_axis',(-9.86076131526265E-32,1.,0.));
#3591=DIRECTION('ref_axis',(-2.22044604925028E-14,-2.62743462060899E-45,
-1.));
#3592=DIRECTION('center_axis',(-9.86076131526265E-32,1.,0.));
#3593=DIRECTION('ref_axis',(-2.22044604925028E-14,-2.62743462060899E-45,
-1.));
#3594=DIRECTION('',(0.,1.,0.));
#3595=DIRECTION('center_axis',(0.,0.,-1.));
#3596=DIRECTION('ref_axis',(-1.,-9.86076131526265E-32,0.));
#3597=DIRECTION('',(1.,9.86076131526265E-32,0.));
#3598=DIRECTION('',(-1.,-9.86076131526265E-32,0.));
#3599=DIRECTION('',(0.,1.,0.));
#3600=DIRECTION('center_axis',(0.,1.,0.));
#3601=DIRECTION('ref_axis',(1.,0.,0.));
#3602=DIRECTION('center_axis',(-9.86076131526265E-32,1.,0.));
#3603=DIRECTION('ref_axis',(1.,6.16297582203907E-32,0.));
#3604=DIRECTION('center_axis',(-9.86076131526265E-32,1.,0.));
#3605=DIRECTION('ref_axis',(1.,6.16297582203907E-32,0.));
#3606=DIRECTION('',(0.,1.,0.));
#3607=DIRECTION('center_axis',(1.,0.,0.));
#3608=DIRECTION('ref_axis',(0.,0.,-1.));
#3609=DIRECTION('',(0.,0.,1.));
#3610=DIRECTION('',(0.,0.,-1.));
#3611=DIRECTION('',(0.,1.,0.));
#3612=DIRECTION('center_axis',(0.,1.,0.));
#3613=DIRECTION('ref_axis',(1.77635683940023E-14,0.,1.));
#3614=DIRECTION('center_axis',(-9.86076131526265E-32,1.,0.));
#3615=DIRECTION('ref_axis',(1.77635683940023E-14,1.751623080406E-45,1.));
#3616=DIRECTION('center_axis',(-9.86076131526265E-32,1.,0.));
#3617=DIRECTION('ref_axis',(1.77635683940023E-14,1.751623080406E-45,1.));
#3618=DIRECTION('center_axis',(-9.86076131526265E-32,1.,0.));
#3619=DIRECTION('ref_axis',(-1.,-9.86076131526265E-32,0.));
#3620=DIRECTION('center_axis',(-9.86076131526265E-32,1.,0.));
#3621=DIRECTION('ref_axis',(-1.,-9.86076131526265E-32,0.));
#3622=CARTESIAN_POINT('',(0.,0.,0.));
#3623=CARTESIAN_POINT('Origin',(-38.0000005662441,86.0000013113022,237.434975590211));
#3624=CARTESIAN_POINT('',(-38.0000005662441,83.0000012069941,232.492909500439));
#3625=CARTESIAN_POINT('',(-38.0000005662441,86.0000013113022,232.492909500439));
#3626=CARTESIAN_POINT('',(-38.0000005662441,83.0000006556511,232.492909500439));
#3627=CARTESIAN_POINT('',(-38.0000005662441,83.0000012069941,237.434975590211));
#3628=CARTESIAN_POINT('',(-38.0000005662441,83.0000012069941,237.434975590211));
#3629=CARTESIAN_POINT('',(-38.0000005662441,86.0000013113022,237.434975590211));
#3630=CARTESIAN_POINT('',(-38.0000005662441,83.0000006556511,237.434975590211));
#3631=CARTESIAN_POINT('',(-38.0000005662441,86.0000013113022,237.434975590211));
#3632=CARTESIAN_POINT('Origin',(-40.0000005662441,86.0000013113022,237.434975590211));
#3633=CARTESIAN_POINT('',(-40.0000005662441,88.0000013113022,232.492909500439));
#3634=CARTESIAN_POINT('Origin',(-40.0000005662441,86.0000013113022,232.492909500439));
#3635=CARTESIAN_POINT('',(-40.0000005662441,88.0000013113022,237.434975590211));
#3636=CARTESIAN_POINT('Origin',(-40.0000005662441,86.0000013113022,237.434975590211));
#3637=CARTESIAN_POINT('',(-40.0000005662441,88.0000013113022,237.434975590211));
#3638=CARTESIAN_POINT('Origin',(-56.0000008642673,88.0000013113022,237.434975590211));
#3639=CARTESIAN_POINT('',(-56.0000008642673,88.0000013113022,232.492909500439));
#3640=CARTESIAN_POINT('',(-46.1092058939438,88.0000013113022,232.492909500439));
#3641=CARTESIAN_POINT('',(-56.0000008642673,88.0000013113022,237.434975590211));
#3642=CARTESIAN_POINT('',(-57.6092058939438,88.0000013113022,237.434975590211));
#3643=CARTESIAN_POINT('',(-56.0000008642673,88.0000013113022,237.434975590211));
#3644=CARTESIAN_POINT('Origin',(-56.0000008642673,86.0000013113022,237.434975590211));
#3645=CARTESIAN_POINT('',(-58.0000008642673,86.0000013113022,232.492909500439));
#3646=CARTESIAN_POINT('Origin',(-56.0000008642673,86.0000013113022,232.492909500439));
#3647=CARTESIAN_POINT('',(-58.0000008642673,86.0000013113022,237.434975590211));
#3648=CARTESIAN_POINT('Origin',(-56.0000008642673,86.0000013113022,237.434975590211));
#3649=CARTESIAN_POINT('',(-58.0000008642673,86.0000013113022,237.434975590211));
#3650=CARTESIAN_POINT('Origin',(-58.0000008642673,83.0000012069941,237.434975590211));
#3651=CARTESIAN_POINT('',(-58.0000008642673,83.0000012069941,232.492909500439));
#3652=CARTESIAN_POINT('',(-58.0000008642673,81.500000603497,232.492909500439));
#3653=CARTESIAN_POINT('',(-58.0000008642673,83.0000012069941,237.434975590211));
#3654=CARTESIAN_POINT('',(-58.0000008642673,81.500000603497,237.434975590211));
#3655=CARTESIAN_POINT('',(-58.0000008642673,83.0000012069941,237.434975590211));
#3656=CARTESIAN_POINT('Origin',(-56.0000008642673,83.0000012069941,237.434975590211));
#3657=CARTESIAN_POINT('',(-56.0000008642673,81.0000012069941,232.492909500439));
#3658=CARTESIAN_POINT('Origin',(-56.0000008642673,83.0000012069941,232.492909500439));
#3659=CARTESIAN_POINT('',(-56.0000008642673,81.0000012069941,237.434975590211));
#3660=CARTESIAN_POINT('Origin',(-56.0000008642673,83.0000012069941,237.434975590211));
#3661=CARTESIAN_POINT('',(-56.0000008642673,81.0000012069941,237.434975590211));
#3662=CARTESIAN_POINT('Origin',(-40.0000005662441,81.0000012069941,237.434975590211));
#3663=CARTESIAN_POINT('',(-40.0000005662441,81.0000012069941,232.492909500439));
#3664=CARTESIAN_POINT('',(-38.1092057449322,81.0000012069941,232.492909500439));
#3665=CARTESIAN_POINT('',(-40.0000005662441,81.0000012069941,237.434975590211));
#3666=CARTESIAN_POINT('',(-49.6092057449322,81.0000012069941,237.434975590211));
#3667=CARTESIAN_POINT('',(-40.0000005662441,81.0000012069941,237.434975590211));
#3668=CARTESIAN_POINT('Origin',(-40.0000005662441,83.0000012069941,237.434975590211));
#3669=CARTESIAN_POINT('Origin',(-40.0000005662441,83.0000012069941,232.492909500439));
#3670=CARTESIAN_POINT('Origin',(-40.0000005662441,83.0000012069941,237.434975590211));
#3671=CARTESIAN_POINT('Origin',(52.0000007748604,86.0000013113022,237.434975590211));
#3672=CARTESIAN_POINT('',(52.0000007748604,83.000001206994,232.492909500439));
#3673=CARTESIAN_POINT('',(52.0000007748604,86.0000013113022,232.492909500439));
#3674=CARTESIAN_POINT('',(52.0000007748604,83.0000006556511,232.492909500439));
#3675=CARTESIAN_POINT('',(52.0000007748604,83.000001206994,237.434975590211));
#3676=CARTESIAN_POINT('',(52.0000007748604,83.000001206994,237.434975590211));
#3677=CARTESIAN_POINT('',(52.0000007748604,86.0000013113022,237.434975590211));
#3678=CARTESIAN_POINT('',(52.0000007748604,83.0000006556511,237.434975590211));
#3679=CARTESIAN_POINT('',(52.0000007748604,86.0000013113022,237.434975590211));
#3680=CARTESIAN_POINT('Origin',(50.0000007748604,86.0000013113022,237.434975590211));
#3681=CARTESIAN_POINT('',(50.0000007748604,88.0000013113022,232.492909500439));
#3682=CARTESIAN_POINT('Origin',(50.0000007748604,86.0000013113022,232.492909500439));
#3683=CARTESIAN_POINT('',(50.0000007748604,88.0000013113022,237.434975590211));
#3684=CARTESIAN_POINT('Origin',(50.0000007748604,86.0000013113022,237.434975590211));
#3685=CARTESIAN_POINT('',(50.0000007748604,88.0000013113022,237.434975590211));
#3686=CARTESIAN_POINT('Origin',(35.0000004917383,88.0000013113022,237.434975590211));
#3687=CARTESIAN_POINT('',(35.0000004917383,88.0000013113022,232.492909500439));
#3688=CARTESIAN_POINT('',(44.390794784059,88.0000013113022,232.492909500439));
#3689=CARTESIAN_POINT('',(35.0000004917383,88.0000013113022,237.434975590211));
#3690=CARTESIAN_POINT('',(32.890794784059,88.0000013113022,237.434975590211));
#3691=CARTESIAN_POINT('',(35.0000004917383,88.0000013113022,237.434975590211));
#3692=CARTESIAN_POINT('Origin',(35.0000004917383,86.0000013113022,237.434975590211));
#3693=CARTESIAN_POINT('',(33.0000004917383,86.0000013113022,232.492909500439));
#3694=CARTESIAN_POINT('Origin',(35.0000004917383,86.0000013113022,232.492909500439));
#3695=CARTESIAN_POINT('',(33.0000004917383,86.0000013113022,237.434975590211));
#3696=CARTESIAN_POINT('Origin',(35.0000004917383,86.0000013113022,237.434975590211));
#3697=CARTESIAN_POINT('',(33.0000004917383,86.0000013113022,237.434975590211));
#3698=CARTESIAN_POINT('Origin',(33.0000004917383,83.500001206994,237.434975590211));
#3699=CARTESIAN_POINT('',(33.0000004917383,83.500001206994,232.492909500439));
#3700=CARTESIAN_POINT('',(33.0000004917384,81.750000603497,232.492909500439));
#3701=CARTESIAN_POINT('',(33.0000004917383,83.500001206994,237.434975590211));
#3702=CARTESIAN_POINT('',(33.0000004917384,81.750000603497,237.434975590211));
#3703=CARTESIAN_POINT('',(33.0000004917383,83.500001206994,237.434975590211));
#3704=CARTESIAN_POINT('Origin',(35.5000004917383,83.500001206994,237.434975590211));
#3705=CARTESIAN_POINT('',(35.5000004917383,81.000001206994,232.492909500439));
#3706=CARTESIAN_POINT('Origin',(35.5000004917383,83.500001206994,232.492909500439));
#3707=CARTESIAN_POINT('',(35.5000004917383,81.000001206994,237.434975590211));
#3708=CARTESIAN_POINT('Origin',(35.5000004917383,83.500001206994,237.434975590211));
#3709=CARTESIAN_POINT('',(35.5000004917383,81.000001206994,237.434975590211));
#3710=CARTESIAN_POINT('Origin',(50.0000007748604,81.000001206994,237.434975590211));
#3711=CARTESIAN_POINT('',(50.0000007748604,81.000001206994,232.492909500439));
#3712=CARTESIAN_POINT('',(51.89079492562,81.000001206994,232.492909500439));
#3713=CARTESIAN_POINT('',(50.0000007748604,81.000001206994,237.434975590211));
#3714=CARTESIAN_POINT('',(40.39079492562,81.000001206994,237.434975590211));
#3715=CARTESIAN_POINT('',(50.0000007748604,81.000001206994,237.434975590211));
#3716=CARTESIAN_POINT('Origin',(50.0000007748604,83.000001206994,237.434975590211));
#3717=CARTESIAN_POINT('Origin',(50.0000007748604,83.000001206994,232.492909500439));
#3718=CARTESIAN_POINT('Origin',(50.0000007748604,83.000001206994,237.434975590211));
#3719=CARTESIAN_POINT('Origin',(-36.2184109236203,80.,232.492909500439));
#3720=CARTESIAN_POINT('',(-59.2184109236203,80.,232.492909500439));
#3721=CARTESIAN_POINT('',(-36.2184109236203,80.,232.492909500439));
#3722=CARTESIAN_POINT('',(14.3907945381898,80.,232.492909500439));
#3723=CARTESIAN_POINT('',(-59.2184109236203,90.,232.492909500439));
#3724=CARTESIAN_POINT('',(-59.2184109236203,80.,232.492909500439));
#3725=CARTESIAN_POINT('',(-36.2184109236203,90.,232.492909500439));
#3726=CARTESIAN_POINT('',(-59.2184109236203,90.,232.492909500439));
#3727=CARTESIAN_POINT('',(-36.2184109236203,80.,232.492909500439));
#3728=CARTESIAN_POINT('Origin',(-36.2184109236203,80.,233.492909500439));
#3729=CARTESIAN_POINT('',(-35.2184109236203,80.,233.492909500439));
#3730=CARTESIAN_POINT('Origin',(-36.2184109236203,80.,233.492909500439));
#3731=CARTESIAN_POINT('',(-35.2184109236203,90.,233.492909500439));
#3732=CARTESIAN_POINT('Origin',(-36.2184109236203,90.,233.492909500439));
#3733=CARTESIAN_POINT('',(-35.2184109236203,80.,233.492909500439));
#3734=CARTESIAN_POINT('Origin',(-35.2184109236203,80.,236.434975590211));
#3735=CARTESIAN_POINT('',(-35.2184109236203,80.,236.434975590211));
#3736=CARTESIAN_POINT('',(-35.2184109236203,80.,233.217487795105));
#3737=CARTESIAN_POINT('',(-35.2184109236203,90.,236.434975590211));
#3738=CARTESIAN_POINT('',(-35.2184109236203,90.,233.492909500439));
#3739=CARTESIAN_POINT('',(-35.2184109236203,80.,236.434975590211));
#3740=CARTESIAN_POINT('Origin',(-36.2184109236203,80.,236.434975590211));
#3741=CARTESIAN_POINT('',(-36.2184109236203,80.,237.434975590211));
#3742=CARTESIAN_POINT('Origin',(-36.2184109236203,80.,236.434975590211));
#3743=CARTESIAN_POINT('',(-36.2184109236203,90.,237.434975590211));
#3744=CARTESIAN_POINT('Origin',(-36.2184109236203,90.,236.434975590211));
#3745=CARTESIAN_POINT('',(-36.2184109236203,80.,237.434975590211));
#3746=CARTESIAN_POINT('Origin',(-59.2184109236203,80.,237.434975590211));
#3747=CARTESIAN_POINT('',(-59.2184109236203,80.,237.434975590211));
#3748=CARTESIAN_POINT('',(2.89079453818984,80.,237.434975590211));
#3749=CARTESIAN_POINT('',(-59.2184109236203,90.,237.434975590211));
#3750=CARTESIAN_POINT('',(-36.2184109236203,90.,237.434975590211));
#3751=CARTESIAN_POINT('',(-59.2184109236203,80.,237.434975590211));
#3752=CARTESIAN_POINT('Origin',(-59.2184109236203,80.,236.434975590211));
#3753=CARTESIAN_POINT('',(-60.2184109236203,80.,236.434975590211));
#3754=CARTESIAN_POINT('Origin',(-59.2184109236203,80.,236.434975590211));
#3755=CARTESIAN_POINT('',(-60.2184109236203,90.,236.434975590211));
#3756=CARTESIAN_POINT('Origin',(-59.2184109236203,90.,236.434975590211));
#3757=CARTESIAN_POINT('',(-60.2184109236203,80.,236.434975590211));
#3758=CARTESIAN_POINT('Origin',(-60.2184109236203,80.,233.492909500439));
#3759=CARTESIAN_POINT('',(-60.2184109236203,80.,233.492909500439));
#3760=CARTESIAN_POINT('',(-60.2184109236203,80.,231.74645475022));
#3761=CARTESIAN_POINT('',(-60.2184109236203,90.,233.492909500439));
#3762=CARTESIAN_POINT('',(-60.2184109236203,90.,236.434975590211));
#3763=CARTESIAN_POINT('',(-60.2184109236203,80.,233.492909500439));
#3764=CARTESIAN_POINT('Origin',(-59.2184109236203,80.,233.492909500439));
#3765=CARTESIAN_POINT('Origin',(-59.2184109236203,80.,233.492909500439));
#3766=CARTESIAN_POINT('Origin',(-59.2184109236203,90.,233.492909500439));
#3767=CARTESIAN_POINT('Origin',(-47.7184109236203,90.,234.963942545325));
#3768=CARTESIAN_POINT('Origin',(53.7815890763797,80.,232.492909500439));
#3769=CARTESIAN_POINT('',(30.7815890763797,80.,232.492909500439));
#3770=CARTESIAN_POINT('',(53.7815890763797,80.,232.492909500439));
#3771=CARTESIAN_POINT('',(59.3907945381898,80.,232.492909500439));
#3772=CARTESIAN_POINT('',(30.7815890763797,90.,232.492909500439));
#3773=CARTESIAN_POINT('',(30.7815890763797,80.,232.492909500439));
#3774=CARTESIAN_POINT('',(53.7815890763797,90.,232.492909500439));
#3775=CARTESIAN_POINT('',(30.7815890763797,90.,232.492909500439));
#3776=CARTESIAN_POINT('',(53.7815890763797,80.,232.492909500439));
#3777=CARTESIAN_POINT('Origin',(53.7815890763797,80.,233.492909500439));
#3778=CARTESIAN_POINT('',(54.7815890763797,80.,233.492909500439));
#3779=CARTESIAN_POINT('Origin',(53.7815890763797,80.,233.492909500439));
#3780=CARTESIAN_POINT('',(54.7815890763797,90.,233.492909500439));
#3781=CARTESIAN_POINT('Origin',(53.7815890763797,90.,233.492909500439));
#3782=CARTESIAN_POINT('',(54.7815890763797,80.,233.492909500439));
#3783=CARTESIAN_POINT('Origin',(54.7815890763797,80.,236.434975590211));
#3784=CARTESIAN_POINT('',(54.7815890763797,80.,236.434975590211));
#3785=CARTESIAN_POINT('',(54.7815890763797,80.,233.217487795105));
#3786=CARTESIAN_POINT('',(54.7815890763797,90.,236.434975590211));
#3787=CARTESIAN_POINT('',(54.7815890763797,90.,233.492909500439));
#3788=CARTESIAN_POINT('',(54.7815890763797,80.,236.434975590211));
#3789=CARTESIAN_POINT('Origin',(53.7815890763797,80.,236.434975590211));
#3790=CARTESIAN_POINT('',(53.7815890763797,80.,237.434975590211));
#3791=CARTESIAN_POINT('Origin',(53.7815890763797,80.,236.434975590211));
#3792=CARTESIAN_POINT('',(53.7815890763797,90.,237.434975590211));
#3793=CARTESIAN_POINT('Origin',(53.7815890763797,90.,236.434975590211));
#3794=CARTESIAN_POINT('',(53.7815890763797,80.,237.434975590211));
#3795=CARTESIAN_POINT('Origin',(30.7815890763797,80.,237.434975590211));
#3796=CARTESIAN_POINT('',(30.7815890763797,80.,237.434975590211));
#3797=CARTESIAN_POINT('',(47.8907945381898,80.,237.434975590211));
#3798=CARTESIAN_POINT('',(30.7815890763797,90.,237.434975590211));
#3799=CARTESIAN_POINT('',(53.7815890763797,90.,237.434975590211));
#3800=CARTESIAN_POINT('',(30.7815890763797,80.,237.434975590211));
#3801=CARTESIAN_POINT('Origin',(30.7815890763797,80.,236.434975590211));
#3802=CARTESIAN_POINT('',(29.7815890763797,80.,236.434975590211));
#3803=CARTESIAN_POINT('Origin',(30.7815890763797,80.,236.434975590211));
#3804=CARTESIAN_POINT('',(29.7815890763797,90.,236.434975590211));
#3805=CARTESIAN_POINT('Origin',(30.7815890763797,90.,236.434975590211));
#3806=CARTESIAN_POINT('',(29.7815890763797,80.,236.434975590211));
#3807=CARTESIAN_POINT('Origin',(29.7815890763797,80.,233.492909500439));
#3808=CARTESIAN_POINT('',(29.7815890763797,80.,233.492909500439));
#3809=CARTESIAN_POINT('',(29.7815890763797,80.,231.74645475022));
#3810=CARTESIAN_POINT('',(29.7815890763797,90.,233.492909500439));
#3811=CARTESIAN_POINT('',(29.7815890763797,90.,236.434975590211));
#3812=CARTESIAN_POINT('',(29.7815890763797,80.,233.492909500439));
#3813=CARTESIAN_POINT('Origin',(30.7815890763797,80.,233.492909500439));
#3814=CARTESIAN_POINT('Origin',(30.7815890763797,80.,233.492909500439));
#3815=CARTESIAN_POINT('Origin',(30.7815890763797,90.,233.492909500439));
#3816=CARTESIAN_POINT('Origin',(42.2815890763797,90.,234.963942545325));
#3817=CARTESIAN_POINT('Origin',(-72.0000011622906,0.500703161455762,210.));
#3818=CARTESIAN_POINT('',(-78.0000011622906,76.0014074404986,210.));
#3819=CARTESIAN_POINT('',(-78.0000011622906,-75.0000011175871,210.));
#3820=CARTESIAN_POINT('',(-78.0000011622906,38.2510553009772,210.));
#3821=CARTESIAN_POINT('',(-66.0000011622906,76.0014074404986,210.));
#3822=CARTESIAN_POINT('',(-69.0000011622906,76.0014074404986,210.));
#3823=CARTESIAN_POINT('',(-66.0000011622906,-75.0000011175871,210.));
#3824=CARTESIAN_POINT('',(-66.0000011622906,-37.2496489780657,210.));
#3825=CARTESIAN_POINT('',(-75.0000011622906,-75.0000011175871,210.));
#3826=CARTESIAN_POINT('Origin',(72.9999988377094,0.500703161455762,210.));
#3827=CARTESIAN_POINT('',(78.9999988377094,76.0014074404986,210.));
#3828=CARTESIAN_POINT('',(66.9999988377094,76.0014074404986,210.));
#3829=CARTESIAN_POINT('',(75.9999988377094,76.0014074404986,210.));
#3830=CARTESIAN_POINT('',(78.9999988377094,-75.0000011175871,210.));
#3831=CARTESIAN_POINT('',(78.9999988377094,-37.2496489780657,210.));
#3832=CARTESIAN_POINT('',(66.9999988377094,-75.0000011175871,210.));
#3833=CARTESIAN_POINT('',(69.9999988377094,-75.0000011175871,210.));
#3834=CARTESIAN_POINT('',(66.9999988377094,38.2510553009772,210.));
#3835=CARTESIAN_POINT('Origin',(-66.0000011622906,76.0014074404986,150.));
#3836=CARTESIAN_POINT('',(-78.0000011622906,76.0014074404986,230.));
#3837=CARTESIAN_POINT('',(-78.0000011622906,76.0014074404986,150.));
#3838=CARTESIAN_POINT('',(-66.0000011622906,76.0014074404986,230.));
#3839=CARTESIAN_POINT('',(-33.0000005811453,76.0014074404986,230.));
#3840=CARTESIAN_POINT('',(-66.0000011622906,76.0014074404986,150.));
#3841=CARTESIAN_POINT('Origin',(-78.0000011622906,76.0014074404986,150.));
#3842=CARTESIAN_POINT('',(-78.0000011622906,-75.0000011175871,230.));
#3843=CARTESIAN_POINT('',(-78.0000011622906,-75.0000011175871,150.));
#3844=CARTESIAN_POINT('',(-78.0000011622906,38.0007037202493,230.));
#3845=CARTESIAN_POINT('Origin',(78.9999988377094,-75.0000011175871,150.));
#3846=CARTESIAN_POINT('',(78.9999988377094,76.0014074404986,230.));
#3847=CARTESIAN_POINT('',(78.9999988377094,76.0014074404986,150.));
#3848=CARTESIAN_POINT('',(78.9999988377094,-75.0000011175871,230.));
#3849=CARTESIAN_POINT('',(78.9999988377094,-37.5000005587935,230.));
#3850=CARTESIAN_POINT('',(78.9999988377094,-75.0000011175871,150.));
#3851=CARTESIAN_POINT('Origin',(78.9999988377094,76.0014074404986,150.));
#3852=CARTESIAN_POINT('',(66.9999988377094,76.0014074404986,230.));
#3853=CARTESIAN_POINT('',(66.9999988377094,76.0014074404986,150.));
#3854=CARTESIAN_POINT('',(39.4999994188547,76.0014074404986,230.));
#3855=CARTESIAN_POINT('Origin',(66.9999988377094,-75.0000011175871,150.));
#3856=CARTESIAN_POINT('',(66.9999988377094,-75.0000011175871,230.));
#3857=CARTESIAN_POINT('',(33.4999994188547,-75.0000011175871,230.));
#3858=CARTESIAN_POINT('',(66.9999988377094,-75.0000011175871,150.));
#3859=CARTESIAN_POINT('Origin',(66.9999988377094,76.0014074404986,150.));
#3860=CARTESIAN_POINT('',(66.9999988377094,38.0007037202493,230.));
#3861=CARTESIAN_POINT('Origin',(-66.0000011622906,-75.0000011175871,150.));
#3862=CARTESIAN_POINT('',(-66.0000011622906,-75.0000011175871,230.));
#3863=CARTESIAN_POINT('',(-66.0000011622906,-37.5000005587935,230.));
#3864=CARTESIAN_POINT('',(-66.0000011622906,-75.0000011175871,150.));
#3865=CARTESIAN_POINT('Origin',(-78.0000011622906,-75.0000011175871,150.));
#3866=CARTESIAN_POINT('',(-39.0000005811453,-75.0000011175871,230.));
#3867=CARTESIAN_POINT('Origin',(-70.,-55.,249.188611699158));
#3868=CARTESIAN_POINT('',(-70.,-59.7434164902526,250.769750529242));
#3869=CARTESIAN_POINT('',(-70.,-60.,249.188611699158));
#3870=CARTESIAN_POINT('Origin',(-70.,-55.,249.188611699158));
#3871=CARTESIAN_POINT('',(-65.,-64.4868329805051,252.350889359327));
#3872=CARTESIAN_POINT('Origin',(-70.,-64.4868329805051,252.350889359327));
#3873=CARTESIAN_POINT('',(-65.,-65.,249.188611699158));
#3874=CARTESIAN_POINT('Origin',(-65.,-55.,249.188611699158));
#3875=CARTESIAN_POINT('Origin',(-70.,-65.,249.188611699158));
#3876=CARTESIAN_POINT('Origin',(-70.,-68.7434164902526,239.581138830084));
#3877=CARTESIAN_POINT('',(-70.,-50.,280.));
#3878=CARTESIAN_POINT('',(-65.,-53.6037961002806,285.));
#3879=CARTESIAN_POINT('Origin',(-70.,-53.6037961002806,285.));
#3880=CARTESIAN_POINT('',(-65.,-68.7434164902526,239.581138830084));
#3881=CARTESIAN_POINT('',(-70.,-64.,238.));
#3882=CARTESIAN_POINT('Origin',(-70.,-65.,235.));
#3883=CARTESIAN_POINT('',(-65.,-65.,240.));
#3884=CARTESIAN_POINT('',(-70.,-60.,240.));
#3885=CARTESIAN_POINT('Origin',(-70.,-65.,240.));
#3886=CARTESIAN_POINT('',(-70.,-60.,235.));
#3887=CARTESIAN_POINT('',(-65.,-65.,235.));
#3888=CARTESIAN_POINT('Origin',(80.,-55.,249.188611699158));
#3889=CARTESIAN_POINT('',(-75.,-60.,249.188611699158));
#3890=CARTESIAN_POINT('',(-75.,-59.7434164902526,250.769750529242));
#3891=CARTESIAN_POINT('Origin',(-75.,-55.,249.188611699158));
#3892=CARTESIAN_POINT('',(80.,-59.7434164902526,250.769750529242));
#3893=CARTESIAN_POINT('',(80.,-60.,249.188611699158));
#3894=CARTESIAN_POINT('Ctrl Pts',(-75.,-59.7434164902526,250.769750529242));
#3895=CARTESIAN_POINT('Ctrl Pts',(-75.7479982508547,-59.7434164902526,250.769750529242));
#3896=CARTESIAN_POINT('Ctrl Pts',(-77.2437368067117,-59.4195979845328,252.820601065468));
#3897=CARTESIAN_POINT('Ctrl Pts',(-78.8924874064219,-58.1717714737225,260.723502300599));
#3898=CARTESIAN_POINT('Ctrl Pts',(-79.8090766370754,-56.5961915034312,270.702175445777));
#3899=CARTESIAN_POINT('Ctrl Pts',(-80.,-55.5322100856676,277.440724424947));
#3900=CARTESIAN_POINT('Ctrl Pts',(-80.,-55.,280.811388300842));
#3901=CARTESIAN_POINT('Ctrl Pts',(-75.,-59.7918671850295,250.624398444911));
#3902=CARTESIAN_POINT('Ctrl Pts',(-75.8167605662249,-59.7918671850295,250.624398444911));
#3903=CARTESIAN_POINT('Ctrl Pts',(-77.4500278805326,-59.5296081693997,252.692344062753));
#3904=CARTESIAN_POINT('Ctrl Pts',(-79.1756137551246,-58.5030050519452,260.65356889308));
#3905=CARTESIAN_POINT('Ctrl Pts',(-80.0147846571563,-57.1665664262622,270.685487439));
#3906=CARTESIAN_POINT('Ctrl Pts',(-80.0798364447818,-56.229504153507,277.440753123312));
#3907=CARTESIAN_POINT('Ctrl Pts',(-80.,-55.7479982508547,280.811388300842));
#3908=CARTESIAN_POINT('Ctrl Pts',(-75.,-59.8753914890758,250.329236867886));
#3909=CARTESIAN_POINT('Ctrl Pts',(-75.9563943572749,-59.8753914890758,250.329236867886));
#3910=CARTESIAN_POINT('Ctrl Pts',(-77.8688369471928,-59.7185348321703,252.425520876643));
#3911=CARTESIAN_POINT('Ctrl Pts',(-79.814693399712,-59.0889777453258,260.488380129435));
#3912=CARTESIAN_POINT('Ctrl Pts',(-80.6243398798496,-58.2271852648608,270.625842293962));
#3913=CARTESIAN_POINT('Ctrl Pts',(-80.5341552295279,-57.5848293175802,277.428607638172));
#3914=CARTESIAN_POINT('Ctrl Pts',(-80.3424302498114,-57.240660374548,280.811388300842));
#3915=CARTESIAN_POINT('Ctrl Pts',(-75.,-59.9735413338217,249.801467264143));
#3916=CARTESIAN_POINT('Ctrl Pts',(-76.2060693555078,-59.9735413338217,249.801467264143));
#3917=CARTESIAN_POINT('Ctrl Pts',(-78.6177700536554,-59.9403384982423,251.932744430426));
#3918=CARTESIAN_POINT('Ctrl Pts',(-81.1228729951567,-59.8021089840793,260.132500196532));
#3919=CARTESIAN_POINT('Ctrl Pts',(-82.2470503347191,-59.5992617659823,270.446264146371));
#3920=CARTESIAN_POINT('Ctrl Pts',(-82.2156372576505,-59.4358031177538,277.369243192699));
#3921=CARTESIAN_POINT('Ctrl Pts',(-82.015141957817,-59.3434206662955,280.811388300842));
#3922=CARTESIAN_POINT('Ctrl Pts',(-75.,-60.,249.418433523727));
#3923=CARTESIAN_POINT('Ctrl Pts',(-76.3872731352888,-60.,249.418433523727));
#3924=CARTESIAN_POINT('Ctrl Pts',(-79.1615518319339,-59.998995704872,251.566899482838));
#3925=CARTESIAN_POINT('Ctrl Pts',(-82.1621043913784,-59.9980952174742,259.841139535329));
#3926=CARTESIAN_POINT('Ctrl Pts',(-83.7287314422664,-59.9987025702254,270.273821931271));
#3927=CARTESIAN_POINT('Ctrl Pts',(-83.9545677143269,-59.998415213174,277.303185859281));
#3928=CARTESIAN_POINT('Ctrl Pts',(-83.8780026237179,-60.,280.811388300842));
#3929=CARTESIAN_POINT('Ctrl Pts',(-75.,-60.,249.188611699158));
#3930=CARTESIAN_POINT('Ctrl Pts',(-76.4959965017094,-60.,249.188611699158));
#3931=CARTESIAN_POINT('Ctrl Pts',(-79.4874736134234,-60.,251.34740173729));
#3932=CARTESIAN_POINT('Ctrl Pts',(-82.7849748128438,-60.,259.666245142692));
#3933=CARTESIAN_POINT('Ctrl Pts',(-84.6181532741509,-60.,270.170111611301));
#3934=CARTESIAN_POINT('Ctrl Pts',(-85.,-60.,277.263321063058));
#3935=CARTESIAN_POINT('Ctrl Pts',(-85.,-60.,280.811388300842));
#3936=CARTESIAN_POINT('',(-80.,-60.,253.425260425584));
#3937=CARTESIAN_POINT('',(-80.,-55.,280.811388300842));
#3938=CARTESIAN_POINT('Ctrl Pts',(-80.,-60.,253.425260425584));
#3939=CARTESIAN_POINT('Ctrl Pts',(-80.,-60.,254.950860057324));
#3940=CARTESIAN_POINT('Ctrl Pts',(-80.,-59.8355368793994,256.621909889922));
#3941=CARTESIAN_POINT('Ctrl Pts',(-80.,-59.2622075776735,261.01180988975));
#3942=CARTESIAN_POINT('Ctrl Pts',(-80.,-58.6025112891537,264.422841937247));
#3943=CARTESIAN_POINT('Ctrl Pts',(-80.,-57.1485105974419,271.453721195139));
#3944=CARTESIAN_POINT('Ctrl Pts',(-80.,-55.6340328730586,278.047699705236));
#3945=CARTESIAN_POINT('Ctrl Pts',(-80.,-55.0081332908291,280.775936108054));
#3946=CARTESIAN_POINT('Ctrl Pts',(-80.,-55.004066645413,280.793662204448));
#3947=CARTESIAN_POINT('Ctrl Pts',(-80.,-55.,280.811388300842));
#3948=CARTESIAN_POINT('Origin',(-75.,-55.,280.811388300842));
#3949=CARTESIAN_POINT('Origin',(-75.,-60.,280.811388300842));
#3950=CARTESIAN_POINT('Origin',(-65.,-80.,230.));
#3951=CARTESIAN_POINT('',(-65.,53.6037961002806,285.));
#3952=CARTESIAN_POINT('',(-65.,-65.,285.));
#3953=CARTESIAN_POINT('',(-65.,65.,250.811388300842));
#3954=CARTESIAN_POINT('',(-65.,55.7434164902526,278.581138830084));
#3955=CARTESIAN_POINT('',(-65.,65.,240.));
#3956=CARTESIAN_POINT('',(-65.,65.,240.));
#3957=CARTESIAN_POINT('',(-65.,75.,240.));
#3958=CARTESIAN_POINT('',(-65.,80.,240.));
#3959=CARTESIAN_POINT('',(-65.,75.,290.));
#3960=CARTESIAN_POINT('',(-65.,75.,230.));
#3961=CARTESIAN_POINT('',(-65.,-75.,290.));
#3962=CARTESIAN_POINT('',(-65.,-40.,290.));
#3963=CARTESIAN_POINT('',(-65.,-75.,240.));
#3964=CARTESIAN_POINT('',(-65.,-75.,230.));
#3965=CARTESIAN_POINT('',(-65.,80.,240.));
#3966=CARTESIAN_POINT('Origin',(80.,-60.,250.));
#3967=CARTESIAN_POINT('',(-75.,-50.,280.));
#3968=CARTESIAN_POINT('',(-75.,-56.,262.));
#3969=CARTESIAN_POINT('',(80.,-50.,280.));
#3970=CARTESIAN_POINT('Origin',(-75.,-60.7434164902526,263.581138830084));
#3971=CARTESIAN_POINT('',(-80.,-53.6037961002806,285.));
#3972=CARTESIAN_POINT('',(-80.,-60.7434164902526,263.581138830084));
#3973=CARTESIAN_POINT('Origin',(-75.,-53.6037961002806,285.));
#3974=CARTESIAN_POINT('Origin',(70.,65.,240.));
#3975=CARTESIAN_POINT('',(65.,65.,250.811388300842));
#3976=CARTESIAN_POINT('',(65.,65.,240.));
#3977=CARTESIAN_POINT('',(65.,65.,240.));
#3978=CARTESIAN_POINT('',(70.,60.,240.));
#3979=CARTESIAN_POINT('Origin',(70.,65.,240.));
#3980=CARTESIAN_POINT('',(70.,60.,250.));
#3981=CARTESIAN_POINT('',(70.,60.,240.));
#3982=CARTESIAN_POINT('Origin',(70.,65.,250.811388300842));
#3983=CARTESIAN_POINT('Origin',(70.,63.7434164902526,254.581138830084));
#3984=CARTESIAN_POINT('',(70.,50.,280.));
#3985=CARTESIAN_POINT('',(70.,59.,253.));
#3986=CARTESIAN_POINT('',(65.,53.6037961002806,285.));
#3987=CARTESIAN_POINT('Origin',(70.,53.6037961002806,285.));
#3988=CARTESIAN_POINT('',(65.,63.7434164902526,254.581138830084));
#3989=CARTESIAN_POINT('Origin',(70.,15.,285.));
#3990=CARTESIAN_POINT('',(70.,-50.,280.));
#3991=CARTESIAN_POINT('',(70.,15.,280.));
#3992=CARTESIAN_POINT('',(65.,-53.6037961002806,285.));
#3993=CARTESIAN_POINT('Origin',(70.,-53.6037961002806,285.));
#3994=CARTESIAN_POINT('',(65.,15.,285.));
#3995=CARTESIAN_POINT('Origin',(70.,-60.7434164902526,263.581138830084));
#3996=CARTESIAN_POINT('',(65.,-65.,250.811388300842));
#3997=CARTESIAN_POINT('',(65.,-60.7434164902526,263.581138830084));
#3998=CARTESIAN_POINT('',(70.,-60.,250.));
#3999=CARTESIAN_POINT('',(70.,-56.,262.));
#4000=CARTESIAN_POINT('Origin',(70.,-65.,250.811388300842));
#4001=CARTESIAN_POINT('Origin',(70.,-65.,235.));
#4002=CARTESIAN_POINT('',(70.,-60.,240.));
#4003=CARTESIAN_POINT('',(70.,-60.,235.));
#4004=CARTESIAN_POINT('',(65.,-65.,240.));
#4005=CARTESIAN_POINT('Origin',(70.,-65.,240.));
#4006=CARTESIAN_POINT('',(65.,-65.,235.));
#4007=CARTESIAN_POINT('Origin',(65.,80.,230.));
#4008=CARTESIAN_POINT('',(65.,-75.,240.));
#4009=CARTESIAN_POINT('',(65.,80.,240.));
#4010=CARTESIAN_POINT('',(65.,-75.,290.));
#4011=CARTESIAN_POINT('',(65.,-75.,230.));
#4012=CARTESIAN_POINT('',(65.,75.,290.));
#4013=CARTESIAN_POINT('',(65.,40.,290.));
#4014=CARTESIAN_POINT('',(65.,75.,240.));
#4015=CARTESIAN_POINT('',(65.,75.,230.));
#4016=CARTESIAN_POINT('',(65.,80.,240.));
#4017=CARTESIAN_POINT('Origin',(-75.,75.,230.));
#4018=CARTESIAN_POINT('',(-75.,80.,295.));
#4019=CARTESIAN_POINT('',(-75.,80.,230.));
#4020=CARTESIAN_POINT('',(-75.,80.,230.));
#4021=CARTESIAN_POINT('',(-80.,75.,230.));
#4022=CARTESIAN_POINT('Origin',(-75.,75.,230.));
#4023=CARTESIAN_POINT('',(-80.,75.,290.));
#4024=CARTESIAN_POINT('',(-80.,75.,230.));
#4025=CARTESIAN_POINT('Origin',(-75.,75.,290.));
#4026=CARTESIAN_POINT('Origin',(-75.,-75.,290.));
#4027=CARTESIAN_POINT('',(-80.,-75.,290.));
#4028=CARTESIAN_POINT('',(-75.,-75.,295.));
#4029=CARTESIAN_POINT('Origin',(-75.,-75.,290.));
#4030=CARTESIAN_POINT('',(-75.,-80.,290.));
#4031=CARTESIAN_POINT('Origin',(-75.,-75.,290.));
#4032=CARTESIAN_POINT('Origin',(-75.,-75.,290.));
#4033=CARTESIAN_POINT('Origin',(-75.,-75.,230.));
#4034=CARTESIAN_POINT('',(-80.,-75.,230.));
#4035=CARTESIAN_POINT('',(-75.,-80.,230.));
#4036=CARTESIAN_POINT('Origin',(-75.,-75.,230.));
#4037=CARTESIAN_POINT('',(-75.,-80.,230.));
#4038=CARTESIAN_POINT('',(-80.,-75.,230.));
#4039=CARTESIAN_POINT('Origin',(-70.,75.,230.));
#4040=CARTESIAN_POINT('',(-70.,80.,240.));
#4041=CARTESIAN_POINT('Origin',(-70.,75.,240.));
#4042=CARTESIAN_POINT('',(-70.,80.,295.));
#4043=CARTESIAN_POINT('',(-70.,80.,230.));
#4044=CARTESIAN_POINT('Origin',(-70.,75.,290.));
#4045=CARTESIAN_POINT('Origin',(-70.,-75.,290.));
#4046=CARTESIAN_POINT('',(-70.,-80.,290.));
#4047=CARTESIAN_POINT('',(-70.,-75.,295.));
#4048=CARTESIAN_POINT('Origin',(-70.,-75.,290.));
#4049=CARTESIAN_POINT('Origin',(-70.,-75.,290.));
#4050=CARTESIAN_POINT('Origin',(-70.,-75.,290.));
#4051=CARTESIAN_POINT('Origin',(-70.,-75.,230.));
#4052=CARTESIAN_POINT('',(-70.,-80.,240.));
#4053=CARTESIAN_POINT('Origin',(-70.,-75.,240.));
#4054=CARTESIAN_POINT('',(-70.,-80.,230.));
#4055=CARTESIAN_POINT('Origin',(-70.,-40.,290.));
#4056=CARTESIAN_POINT('',(-70.,-40.,295.));
#4057=CARTESIAN_POINT('Origin',(-68.75,-75.,290.));
#4058=CARTESIAN_POINT('',(-68.75,-75.,295.));
#4059=CARTESIAN_POINT('',(-68.75,-80.,290.));
#4060=CARTESIAN_POINT('Origin',(-75.,40.,290.));
#4061=CARTESIAN_POINT('',(-80.,40.,290.));
#4062=CARTESIAN_POINT('',(-75.,40.,295.));
#4063=CARTESIAN_POINT('Origin',(-72.5,0.,295.));
#4064=CARTESIAN_POINT('',(-80.,80.,295.));
#4065=CARTESIAN_POINT('Origin',(65.,80.,230.));
#4066=CARTESIAN_POINT('',(70.,80.,240.));
#4067=CARTESIAN_POINT('',(80.,80.,240.));
#4068=CARTESIAN_POINT('',(70.,80.,290.));
#4069=CARTESIAN_POINT('',(70.,80.,230.));
#4070=CARTESIAN_POINT('',(75.,80.,290.));
#4071=CARTESIAN_POINT('',(68.75,80.,290.));
#4072=CARTESIAN_POINT('',(75.,80.,230.));
#4073=CARTESIAN_POINT('',(75.,80.,230.));
#4074=CARTESIAN_POINT('',(80.,80.,230.));
#4075=CARTESIAN_POINT('Origin',(-75.,65.,240.));
#4076=CARTESIAN_POINT('',(-80.,65.,250.811388300842));
#4077=CARTESIAN_POINT('',(-80.,65.,240.));
#4078=CARTESIAN_POINT('',(-80.,65.,240.));
#4079=CARTESIAN_POINT('',(-75.,60.,240.));
#4080=CARTESIAN_POINT('Origin',(-75.,65.,240.));
#4081=CARTESIAN_POINT('',(-75.,60.,250.));
#4082=CARTESIAN_POINT('',(-75.,60.,240.));
#4083=CARTESIAN_POINT('Origin',(-75.,65.,250.811388300842));
#4084=CARTESIAN_POINT('Origin',(-75.,63.7434164902526,254.581138830084));
#4085=CARTESIAN_POINT('',(-75.,50.,280.));
#4086=CARTESIAN_POINT('',(-75.,59.,253.));
#4087=CARTESIAN_POINT('',(-80.,53.6037961002806,285.));
#4088=CARTESIAN_POINT('Origin',(-75.,53.6037961002806,285.));
#4089=CARTESIAN_POINT('',(-80.,63.7434164902526,254.581138830084));
#4090=CARTESIAN_POINT('Origin',(-75.,15.,285.));
#4091=CARTESIAN_POINT('',(-75.,15.,280.));
#4092=CARTESIAN_POINT('',(-80.,15.,285.));
#4093=CARTESIAN_POINT('Origin',(-80.,80.,230.));
#4094=CARTESIAN_POINT('',(-80.,-80.,230.));
#4095=CARTESIAN_POINT('',(-80.,-60.,240.));
#4096=CARTESIAN_POINT('',(-80.,70.,240.));
#4097=CARTESIAN_POINT('',(-80.,-60.,235.));
#4098=CARTESIAN_POINT('Origin',(-70.,65.,240.));
#4099=CARTESIAN_POINT('',(-70.,60.,250.));
#4100=CARTESIAN_POINT('',(-70.,60.,240.));
#4101=CARTESIAN_POINT('',(-70.,60.,240.));
#4102=CARTESIAN_POINT('Origin',(-70.,65.,240.));
#4103=CARTESIAN_POINT('Origin',(-70.,65.,250.811388300842));
#4104=CARTESIAN_POINT('Origin',(-70.,55.7434164902526,278.581138830084));
#4105=CARTESIAN_POINT('',(-70.,50.,280.));
#4106=CARTESIAN_POINT('Origin',(-70.,53.6037961002806,285.));
#4107=CARTESIAN_POINT('',(-70.,51.,277.));
#4108=CARTESIAN_POINT('Origin',(-70.,-65.,285.));
#4109=CARTESIAN_POINT('',(-70.,-65.,280.));
#4110=CARTESIAN_POINT('Origin',(80.,60.,250.));
#4111=CARTESIAN_POINT('',(80.,60.,240.));
#4112=CARTESIAN_POINT('',(80.,60.,250.));
#4113=CARTESIAN_POINT('Origin',(80.,50.,280.));
#4114=CARTESIAN_POINT('',(80.,50.,280.));
#4115=CARTESIAN_POINT('Origin',(80.,-50.,280.));
#4116=CARTESIAN_POINT('Origin',(75.,65.,240.));
#4117=CARTESIAN_POINT('',(75.,60.,250.));
#4118=CARTESIAN_POINT('',(75.,60.,240.));
#4119=CARTESIAN_POINT('',(75.,60.,240.));
#4120=CARTESIAN_POINT('',(80.,65.,240.));
#4121=CARTESIAN_POINT('Origin',(75.,65.,240.));
#4122=CARTESIAN_POINT('',(80.,65.,250.811388300842));
#4123=CARTESIAN_POINT('',(80.,65.,240.));
#4124=CARTESIAN_POINT('Origin',(75.,65.,250.811388300842));
#4125=CARTESIAN_POINT('Origin',(75.,55.7434164902526,278.581138830084));
#4126=CARTESIAN_POINT('',(80.,53.6037961002806,285.));
#4127=CARTESIAN_POINT('',(80.,55.7434164902526,278.581138830084));
#4128=CARTESIAN_POINT('',(75.,50.,280.));
#4129=CARTESIAN_POINT('Origin',(75.,53.6037961002806,285.));
#4130=CARTESIAN_POINT('',(75.,51.,277.));
#4131=CARTESIAN_POINT('Origin',(75.,-65.,285.));
#4132=CARTESIAN_POINT('',(80.,-53.6037961002806,285.));
#4133=CARTESIAN_POINT('',(80.,-65.,285.));
#4134=CARTESIAN_POINT('',(75.,-50.,280.));
#4135=CARTESIAN_POINT('Origin',(75.,-53.6037961002806,285.));
#4136=CARTESIAN_POINT('',(75.,-65.,280.));
#4137=CARTESIAN_POINT('Origin',(75.,-68.7434164902526,239.581138830084));
#4138=CARTESIAN_POINT('',(75.,-60.,250.));
#4139=CARTESIAN_POINT('',(75.,-64.,238.));
#4140=CARTESIAN_POINT('',(80.,-65.,250.811388300842));
#4141=CARTESIAN_POINT('',(80.,-68.7434164902526,239.581138830084));
#4142=CARTESIAN_POINT('Origin',(75.,-65.,250.811388300842));
#4143=CARTESIAN_POINT('Origin',(75.,-65.,235.));
#4144=CARTESIAN_POINT('',(80.,-65.,240.));
#4145=CARTESIAN_POINT('',(80.,-65.,235.));
#4146=CARTESIAN_POINT('',(75.,-60.,240.));
#4147=CARTESIAN_POINT('Origin',(75.,-65.,240.));
#4148=CARTESIAN_POINT('',(75.,-60.,235.));
#4149=CARTESIAN_POINT('Origin',(80.,60.,250.));
#4150=CARTESIAN_POINT('',(80.,60.,240.));
#4151=CARTESIAN_POINT('',(80.,60.,250.));
#4152=CARTESIAN_POINT('Origin',(80.,50.,280.));
#4153=CARTESIAN_POINT('',(80.,50.,280.));
#4154=CARTESIAN_POINT('Origin',(80.,-50.,280.));
#4155=CARTESIAN_POINT('',(80.,-50.,280.));
#4156=CARTESIAN_POINT('Origin',(80.,-60.,250.));
#4157=CARTESIAN_POINT('',(80.,-60.,250.));
#4158=CARTESIAN_POINT('Origin',(80.,-60.,240.));
#4159=CARTESIAN_POINT('',(80.,-60.,240.));
#4160=CARTESIAN_POINT('Origin',(70.,75.,290.));
#4161=CARTESIAN_POINT('',(70.,75.,295.));
#4162=CARTESIAN_POINT('Origin',(70.,75.,290.));
#4163=CARTESIAN_POINT('Origin',(70.,75.,290.));
#4164=CARTESIAN_POINT('Origin',(70.,75.,290.));
#4165=CARTESIAN_POINT('Origin',(70.,75.,230.));
#4166=CARTESIAN_POINT('Origin',(70.,75.,240.));
#4167=CARTESIAN_POINT('Origin',(70.,-75.,290.));
#4168=CARTESIAN_POINT('',(70.,-75.,295.));
#4169=CARTESIAN_POINT('Origin',(70.,-75.,290.));
#4170=CARTESIAN_POINT('',(70.,-80.,290.));
#4171=CARTESIAN_POINT('Origin',(70.,-75.,290.));
#4172=CARTESIAN_POINT('Origin',(70.,-75.,290.));
#4173=CARTESIAN_POINT('Origin',(70.,-75.,230.));
#4174=CARTESIAN_POINT('',(70.,-80.,240.));
#4175=CARTESIAN_POINT('Origin',(70.,-75.,240.));
#4176=CARTESIAN_POINT('',(70.,-80.,230.));
#4177=CARTESIAN_POINT('Origin',(75.,75.,290.));
#4178=CARTESIAN_POINT('',(80.,75.,290.));
#4179=CARTESIAN_POINT('',(75.,75.,295.));
#4180=CARTESIAN_POINT('Origin',(75.,75.,290.));
#4181=CARTESIAN_POINT('Origin',(75.,75.,290.));
#4182=CARTESIAN_POINT('Origin',(75.,75.,290.));
#4183=CARTESIAN_POINT('Origin',(75.,75.,230.));
#4184=CARTESIAN_POINT('',(80.,75.,230.));
#4185=CARTESIAN_POINT('Origin',(75.,75.,230.));
#4186=CARTESIAN_POINT('',(80.,75.,230.));
#4187=CARTESIAN_POINT('Origin',(68.75,75.,290.));
#4188=CARTESIAN_POINT('',(68.75,75.,295.));
#4189=CARTESIAN_POINT('Origin',(75.,-75.,290.));
#4190=CARTESIAN_POINT('',(75.,-80.,290.));
#4191=CARTESIAN_POINT('',(75.,-75.,295.));
#4192=CARTESIAN_POINT('Origin',(75.,-75.,290.));
#4193=CARTESIAN_POINT('',(80.,-75.,290.));
#4194=CARTESIAN_POINT('Origin',(75.,-75.,290.));
#4195=CARTESIAN_POINT('Origin',(75.,-75.,290.));
#4196=CARTESIAN_POINT('Origin',(75.,-75.,230.));
#4197=CARTESIAN_POINT('',(75.,-80.,230.));
#4198=CARTESIAN_POINT('',(80.,-75.,230.));
#4199=CARTESIAN_POINT('Origin',(75.,-75.,230.));
#4200=CARTESIAN_POINT('',(80.,-75.,230.));
#4201=CARTESIAN_POINT('',(75.,-80.,230.));
#4202=CARTESIAN_POINT('Origin',(75.,-40.,290.));
#4203=CARTESIAN_POINT('',(75.,-40.,295.));
#4204=CARTESIAN_POINT('',(80.,-40.,290.));
#4205=CARTESIAN_POINT('Origin',(3.75000000000001,-75.,290.));
#4206=CARTESIAN_POINT('',(3.75000000000001,-75.,295.));
#4207=CARTESIAN_POINT('',(3.75000000000001,-80.,290.));
#4208=CARTESIAN_POINT('Origin',(70.,40.,290.));
#4209=CARTESIAN_POINT('',(70.,40.,295.));
#4210=CARTESIAN_POINT('Origin',(80.,-80.,230.));
#4211=CARTESIAN_POINT('',(80.,-80.,230.));
#4212=CARTESIAN_POINT('',(80.,-10.,240.));
#4213=CARTESIAN_POINT('Origin',(8.88178419700125E-15,0.,230.));
#4214=CARTESIAN_POINT('',(-65.,-80.,230.));
#4215=CARTESIAN_POINT('Origin',(72.5,0.,295.));
#4216=CARTESIAN_POINT('Origin',(80.,-60.,240.));
#4217=CARTESIAN_POINT('',(80.,-60.,240.));
#4218=CARTESIAN_POINT('Origin',(-65.,-80.,230.));
#4219=CARTESIAN_POINT('',(-80.,-80.,240.));
#4220=CARTESIAN_POINT('Origin',(8.88178419700125E-15,0.,240.));
#4221=CARTESIAN_POINT('Origin',(-38.0000005662441,86.0000013113022,237.434975590211));
#4222=CARTESIAN_POINT('',(-38.0000005662441,86.0000013113022,77.4349755902105));
#4223=CARTESIAN_POINT('',(-38.0000005662441,83.0000012069941,77.4349755902105));
#4224=CARTESIAN_POINT('',(-38.0000005662441,83.0000006556511,77.4349755902105));
#4225=CARTESIAN_POINT('',(-38.0000005662441,86.0000013113022,72.4929095004393));
#4226=CARTESIAN_POINT('',(-38.0000005662441,86.0000013113022,237.434975590211));
#4227=CARTESIAN_POINT('',(-38.0000005662441,83.0000012069941,72.4929095004393));
#4228=CARTESIAN_POINT('',(-38.0000005662441,83.0000006556511,72.4929095004393));
#4229=CARTESIAN_POINT('',(-38.0000005662441,83.0000012069941,237.434975590211));
#4230=CARTESIAN_POINT('Origin',(-40.0000005662441,83.0000012069941,237.434975590211));
#4231=CARTESIAN_POINT('',(-40.0000005662441,81.0000012069941,77.4349755902105));
#4232=CARTESIAN_POINT('Origin',(-40.0000005662441,83.0000012069941,77.4349755902105));
#4233=CARTESIAN_POINT('',(-40.0000005662441,81.0000012069941,72.4929095004393));
#4234=CARTESIAN_POINT('Origin',(-40.0000005662441,83.0000012069941,72.4929095004393));
#4235=CARTESIAN_POINT('',(-40.0000005662441,81.0000012069941,237.434975590211));
#4236=CARTESIAN_POINT('Origin',(-40.0000005662441,81.0000012069941,237.434975590211));
#4237=CARTESIAN_POINT('',(-56.0000008642673,81.0000012069941,77.4349755902105));
#4238=CARTESIAN_POINT('',(-49.6092057449322,81.0000012069941,77.4349755902105));
#4239=CARTESIAN_POINT('',(-56.0000008642673,81.0000012069941,72.4929095004393));
#4240=CARTESIAN_POINT('',(-38.1092057449322,81.0000012069941,72.4929095004393));
#4241=CARTESIAN_POINT('',(-56.0000008642673,81.0000012069941,237.434975590211));
#4242=CARTESIAN_POINT('Origin',(-56.0000008642673,83.0000012069941,237.434975590211));
#4243=CARTESIAN_POINT('',(-58.0000008642673,83.0000012069941,77.4349755902105));
#4244=CARTESIAN_POINT('Origin',(-56.0000008642673,83.0000012069941,77.4349755902105));
#4245=CARTESIAN_POINT('',(-58.0000008642673,83.0000012069941,72.4929095004393));
#4246=CARTESIAN_POINT('Origin',(-56.0000008642673,83.0000012069941,72.4929095004393));
#4247=CARTESIAN_POINT('',(-58.0000008642673,83.0000012069941,237.434975590211));
#4248=CARTESIAN_POINT('Origin',(-58.0000008642673,83.0000012069941,237.434975590211));
#4249=CARTESIAN_POINT('',(-58.0000008642673,86.0000013113022,77.4349755902105));
#4250=CARTESIAN_POINT('',(-58.0000008642673,81.500000603497,77.4349755902105));
#4251=CARTESIAN_POINT('',(-58.0000008642673,86.0000013113022,72.4929095004393));
#4252=CARTESIAN_POINT('',(-58.0000008642673,81.500000603497,72.4929095004393));
#4253=CARTESIAN_POINT('',(-58.0000008642673,86.0000013113022,237.434975590211));
#4254=CARTESIAN_POINT('Origin',(-40.0000005662441,86.0000013113022,237.434975590211));
#4255=CARTESIAN_POINT('',(-40.0000005662441,88.0000013113022,77.4349755902105));
#4256=CARTESIAN_POINT('Origin',(-40.0000005662441,86.0000013113022,77.4349755902105));
#4257=CARTESIAN_POINT('',(-40.0000005662441,88.0000013113022,72.4929095004393));
#4258=CARTESIAN_POINT('',(-40.0000005662441,88.0000013113022,237.434975590211));
#4259=CARTESIAN_POINT('Origin',(-40.0000005662441,86.0000013113022,72.4929095004393));
#4260=CARTESIAN_POINT('Origin',(-56.0000008642673,88.0000013113022,237.434975590211));
#4261=CARTESIAN_POINT('',(-56.0000008642673,88.0000013113022,77.4349755902105));
#4262=CARTESIAN_POINT('',(-57.6092058939438,88.0000013113022,77.4349755902105));
#4263=CARTESIAN_POINT('',(-56.0000008642673,88.0000013113022,72.4929095004393));
#4264=CARTESIAN_POINT('',(-56.0000008642673,88.0000013113022,237.434975590211));
#4265=CARTESIAN_POINT('',(-46.1092058939438,88.0000013113022,72.4929095004393));
#4266=CARTESIAN_POINT('Origin',(-56.0000008642673,86.0000013113022,237.434975590211));
#4267=CARTESIAN_POINT('Origin',(-56.0000008642673,86.0000013113022,77.4349755902105));
#4268=CARTESIAN_POINT('Origin',(-56.0000008642673,86.0000013113022,72.4929095004393));
#4269=CARTESIAN_POINT('Origin',(-35.2184109236203,80.,76.4349755902105));
#4270=CARTESIAN_POINT('',(-35.2184109236203,80.,73.4929095004393));
#4271=CARTESIAN_POINT('',(-35.2184109236203,80.,76.4349755902105));
#4272=CARTESIAN_POINT('',(-35.2184109236203,80.,73.4929095004393));
#4273=CARTESIAN_POINT('',(-35.2184109236203,90.,73.4929095004393));
#4274=CARTESIAN_POINT('',(-35.2184109236203,80.,73.4929095004393));
#4275=CARTESIAN_POINT('',(-35.2184109236203,90.,76.4349755902105));
#4276=CARTESIAN_POINT('',(-35.2184109236203,90.,73.4929095004393));
#4277=CARTESIAN_POINT('',(-35.2184109236203,80.,76.4349755902105));
#4278=CARTESIAN_POINT('Origin',(-36.2184109236203,80.,76.4349755902105));
#4279=CARTESIAN_POINT('',(-36.2184109236203,80.,77.4349755902105));
#4280=CARTESIAN_POINT('Origin',(-36.2184109236203,80.,76.4349755902105));
#4281=CARTESIAN_POINT('',(-36.2184109236203,90.,77.4349755902105));
#4282=CARTESIAN_POINT('Origin',(-36.2184109236203,90.,76.4349755902105));
#4283=CARTESIAN_POINT('',(-36.2184109236203,80.,77.4349755902105));
#4284=CARTESIAN_POINT('Origin',(-59.2184109236203,80.,77.4349755902105));
#4285=CARTESIAN_POINT('',(-59.2184109236203,80.,77.4349755902105));
#4286=CARTESIAN_POINT('',(-36.2184109236203,80.,77.4349755902105));
#4287=CARTESIAN_POINT('',(-59.2184109236203,90.,77.4349755902105));
#4288=CARTESIAN_POINT('',(-36.2184109236203,90.,77.4349755902105));
#4289=CARTESIAN_POINT('',(-59.2184109236203,80.,77.4349755902105));
#4290=CARTESIAN_POINT('Origin',(-59.2184109236203,80.,76.4349755902105));
#4291=CARTESIAN_POINT('',(-60.2184109236203,80.,76.4349755902105));
#4292=CARTESIAN_POINT('Origin',(-59.2184109236203,80.,76.4349755902105));
#4293=CARTESIAN_POINT('',(-60.2184109236203,90.,76.4349755902105));
#4294=CARTESIAN_POINT('Origin',(-59.2184109236203,90.,76.4349755902105));
#4295=CARTESIAN_POINT('',(-60.2184109236203,80.,76.4349755902105));
#4296=CARTESIAN_POINT('Origin',(-60.2184109236203,80.,73.4929095004393));
#4297=CARTESIAN_POINT('',(-60.2184109236203,80.,73.4929095004393));
#4298=CARTESIAN_POINT('',(-60.2184109236203,80.,76.4349755902105));
#4299=CARTESIAN_POINT('',(-60.2184109236203,90.,73.4929095004393));
#4300=CARTESIAN_POINT('',(-60.2184109236203,90.,76.4349755902105));
#4301=CARTESIAN_POINT('',(-60.2184109236203,80.,73.4929095004393));
#4302=CARTESIAN_POINT('Origin',(-59.2184109236203,80.,73.4929095004393));
#4303=CARTESIAN_POINT('',(-59.2184109236203,80.,72.4929095004393));
#4304=CARTESIAN_POINT('Origin',(-59.2184109236203,80.,73.4929095004393));
#4305=CARTESIAN_POINT('',(-59.2184109236203,90.,72.4929095004393));
#4306=CARTESIAN_POINT('Origin',(-59.2184109236203,90.,73.4929095004393));
#4307=CARTESIAN_POINT('',(-59.2184109236203,80.,72.4929095004393));
#4308=CARTESIAN_POINT('Origin',(-36.2184109236203,80.,72.4929095004393));
#4309=CARTESIAN_POINT('',(-36.2184109236203,80.,72.4929095004393));
#4310=CARTESIAN_POINT('',(-59.2184109236203,80.,72.4929095004393));
#4311=CARTESIAN_POINT('',(-36.2184109236203,90.,72.4929095004393));
#4312=CARTESIAN_POINT('',(-59.2184109236203,90.,72.4929095004393));
#4313=CARTESIAN_POINT('',(-36.2184109236203,80.,72.4929095004393));
#4314=CARTESIAN_POINT('Origin',(-36.2184109236203,80.,73.4929095004393));
#4315=CARTESIAN_POINT('Origin',(-36.2184109236203,80.,73.4929095004393));
#4316=CARTESIAN_POINT('Origin',(-36.2184109236203,90.,73.4929095004393));
#4317=CARTESIAN_POINT('Origin',(-47.7184109236203,90.,74.9639425453249));
#4318=CARTESIAN_POINT('Origin',(-47.7184109236203,80.,74.9639425453249));
#4319=CARTESIAN_POINT('Origin',(52.0000007748604,86.0000013113022,237.434975590211));
#4320=CARTESIAN_POINT('',(52.0000007748604,86.0000013113022,77.4349755902105));
#4321=CARTESIAN_POINT('',(52.0000007748604,83.000001206994,77.4349755902105));
#4322=CARTESIAN_POINT('',(52.0000007748604,83.0000006556511,77.4349755902105));
#4323=CARTESIAN_POINT('',(52.0000007748604,86.0000013113022,72.4929095004393));
#4324=CARTESIAN_POINT('',(52.0000007748604,86.0000013113022,237.434975590211));
#4325=CARTESIAN_POINT('',(52.0000007748604,83.000001206994,72.4929095004393));
#4326=CARTESIAN_POINT('',(52.0000007748604,83.0000006556511,72.4929095004393));
#4327=CARTESIAN_POINT('',(52.0000007748604,83.000001206994,237.434975590211));
#4328=CARTESIAN_POINT('Origin',(50.0000007748604,83.000001206994,237.434975590211));
#4329=CARTESIAN_POINT('',(50.0000007748604,81.000001206994,77.4349755902105));
#4330=CARTESIAN_POINT('Origin',(50.0000007748604,83.000001206994,77.4349755902105));
#4331=CARTESIAN_POINT('',(50.0000007748604,81.000001206994,72.4929095004393));
#4332=CARTESIAN_POINT('Origin',(50.0000007748604,83.000001206994,72.4929095004393));
#4333=CARTESIAN_POINT('',(50.0000007748604,81.000001206994,237.434975590211));
#4334=CARTESIAN_POINT('Origin',(50.0000007748604,81.000001206994,237.434975590211));
#4335=CARTESIAN_POINT('',(35.5000004917383,81.000001206994,77.4349755902105));
#4336=CARTESIAN_POINT('',(40.39079492562,81.000001206994,77.4349755902105));
#4337=CARTESIAN_POINT('',(35.5000004917383,81.000001206994,72.4929095004393));
#4338=CARTESIAN_POINT('',(51.89079492562,81.000001206994,72.4929095004393));
#4339=CARTESIAN_POINT('',(35.5000004917383,81.000001206994,237.434975590211));
#4340=CARTESIAN_POINT('Origin',(35.5000004917383,83.500001206994,237.434975590211));
#4341=CARTESIAN_POINT('',(33.0000004917383,83.500001206994,77.4349755902105));
#4342=CARTESIAN_POINT('Origin',(35.5000004917383,83.500001206994,77.4349755902105));
#4343=CARTESIAN_POINT('',(33.0000004917383,83.500001206994,72.4929095004393));
#4344=CARTESIAN_POINT('Origin',(35.5000004917383,83.500001206994,72.4929095004393));
#4345=CARTESIAN_POINT('',(33.0000004917383,83.500001206994,237.434975590211));
#4346=CARTESIAN_POINT('Origin',(33.0000004917383,83.500001206994,237.434975590211));
#4347=CARTESIAN_POINT('',(33.0000004917383,86.0000013113022,77.4349755902105));
#4348=CARTESIAN_POINT('',(33.0000004917384,81.750000603497,77.4349755902105));
#4349=CARTESIAN_POINT('',(33.0000004917383,86.0000013113022,72.4929095004393));
#4350=CARTESIAN_POINT('',(33.0000004917384,81.750000603497,72.4929095004393));
#4351=CARTESIAN_POINT('',(33.0000004917383,86.0000013113022,237.434975590211));
#4352=CARTESIAN_POINT('Origin',(50.0000007748604,86.0000013113022,237.434975590211));
#4353=CARTESIAN_POINT('',(50.0000007748604,88.0000013113022,77.4349755902105));
#4354=CARTESIAN_POINT('Origin',(50.0000007748604,86.0000013113022,77.4349755902105));
#4355=CARTESIAN_POINT('',(50.0000007748604,88.0000013113022,72.4929095004393));
#4356=CARTESIAN_POINT('',(50.0000007748604,88.0000013113022,237.434975590211));
#4357=CARTESIAN_POINT('Origin',(50.0000007748604,86.0000013113022,72.4929095004393));
#4358=CARTESIAN_POINT('Origin',(35.0000004917383,88.0000013113022,237.434975590211));
#4359=CARTESIAN_POINT('',(35.0000004917383,88.0000013113022,77.4349755902105));
#4360=CARTESIAN_POINT('',(32.890794784059,88.0000013113022,77.4349755902105));
#4361=CARTESIAN_POINT('',(35.0000004917383,88.0000013113022,72.4929095004393));
#4362=CARTESIAN_POINT('',(35.0000004917383,88.0000013113022,237.434975590211));
#4363=CARTESIAN_POINT('',(44.390794784059,88.0000013113022,72.4929095004393));
#4364=CARTESIAN_POINT('Origin',(35.0000004917383,86.0000013113022,237.434975590211));
#4365=CARTESIAN_POINT('Origin',(35.0000004917383,86.0000013113022,77.4349755902105));
#4366=CARTESIAN_POINT('Origin',(35.0000004917383,86.0000013113022,72.4929095004393));
#4367=CARTESIAN_POINT('Origin',(30.7815890763797,80.,77.4349755902105));
#4368=CARTESIAN_POINT('',(53.7815890763797,80.,77.4349755902105));
#4369=CARTESIAN_POINT('',(30.7815890763797,80.,77.4349755902105));
#4370=CARTESIAN_POINT('',(53.7815890763797,80.,77.4349755902105));
#4371=CARTESIAN_POINT('',(53.7815890763797,90.,77.4349755902105));
#4372=CARTESIAN_POINT('',(53.7815890763797,80.,77.4349755902105));
#4373=CARTESIAN_POINT('',(30.7815890763797,90.,77.4349755902105));
#4374=CARTESIAN_POINT('',(53.7815890763797,90.,77.4349755902105));
#4375=CARTESIAN_POINT('',(30.7815890763797,80.,77.4349755902105));
#4376=CARTESIAN_POINT('Origin',(30.7815890763797,80.,76.4349755902105));
#4377=CARTESIAN_POINT('',(29.7815890763797,80.,76.4349755902105));
#4378=CARTESIAN_POINT('Origin',(30.7815890763797,80.,76.4349755902105));
#4379=CARTESIAN_POINT('',(29.7815890763797,90.,76.4349755902105));
#4380=CARTESIAN_POINT('Origin',(30.7815890763797,90.,76.4349755902105));
#4381=CARTESIAN_POINT('',(29.7815890763797,80.,76.4349755902105));
#4382=CARTESIAN_POINT('Origin',(29.7815890763797,80.,73.4929095004393));
#4383=CARTESIAN_POINT('',(29.7815890763797,80.,73.4929095004393));
#4384=CARTESIAN_POINT('',(29.7815890763797,80.,76.4349755902105));
#4385=CARTESIAN_POINT('',(29.7815890763797,90.,73.4929095004393));
#4386=CARTESIAN_POINT('',(29.7815890763797,90.,76.4349755902105));
#4387=CARTESIAN_POINT('',(29.7815890763797,80.,73.4929095004393));
#4388=CARTESIAN_POINT('Origin',(30.7815890763797,80.,73.4929095004393));
#4389=CARTESIAN_POINT('',(30.7815890763797,80.,72.4929095004393));
#4390=CARTESIAN_POINT('Origin',(30.7815890763797,80.,73.4929095004393));
#4391=CARTESIAN_POINT('',(30.7815890763797,90.,72.4929095004393));
#4392=CARTESIAN_POINT('Origin',(30.7815890763797,90.,73.4929095004393));
#4393=CARTESIAN_POINT('',(30.7815890763797,80.,72.4929095004393));
#4394=CARTESIAN_POINT('Origin',(53.7815890763797,80.,72.4929095004393));
#4395=CARTESIAN_POINT('',(53.7815890763797,80.,72.4929095004393));
#4396=CARTESIAN_POINT('',(30.7815890763797,80.,72.4929095004393));
#4397=CARTESIAN_POINT('',(53.7815890763797,90.,72.4929095004393));
#4398=CARTESIAN_POINT('',(30.7815890763797,90.,72.4929095004393));
#4399=CARTESIAN_POINT('',(53.7815890763797,80.,72.4929095004393));
#4400=CARTESIAN_POINT('Origin',(53.7815890763797,80.,73.4929095004393));
#4401=CARTESIAN_POINT('',(54.7815890763797,80.,73.4929095004393));
#4402=CARTESIAN_POINT('Origin',(53.7815890763797,80.,73.4929095004393));
#4403=CARTESIAN_POINT('',(54.7815890763797,90.,73.4929095004393));
#4404=CARTESIAN_POINT('Origin',(53.7815890763797,90.,73.4929095004393));
#4405=CARTESIAN_POINT('',(54.7815890763797,80.,73.4929095004393));
#4406=CARTESIAN_POINT('Origin',(54.7815890763797,80.,76.4349755902105));
#4407=CARTESIAN_POINT('',(54.7815890763797,80.,76.4349755902105));
#4408=CARTESIAN_POINT('',(54.7815890763797,80.,73.4929095004393));
#4409=CARTESIAN_POINT('',(54.7815890763797,90.,76.4349755902105));
#4410=CARTESIAN_POINT('',(54.7815890763797,90.,73.4929095004393));
#4411=CARTESIAN_POINT('',(54.7815890763797,80.,76.4349755902105));
#4412=CARTESIAN_POINT('Origin',(53.7815890763797,80.,76.4349755902105));
#4413=CARTESIAN_POINT('Origin',(53.7815890763797,80.,76.4349755902105));
#4414=CARTESIAN_POINT('Origin',(53.7815890763797,90.,76.4349755902105));
#4415=CARTESIAN_POINT('Origin',(42.2815890763797,90.,74.9639425453249));
#4416=CARTESIAN_POINT('Origin',(42.2815890763797,80.,74.9639425453249));
#4417=UNCERTAINTY_MEASURE_WITH_UNIT(LENGTH_MEASURE(0.01),#4421,
'DISTANCE_ACCURACY_VALUE',
'Maximum model space distance between geometric entities at asserted c
onnectivities');
#4418=UNCERTAINTY_MEASURE_WITH_UNIT(LENGTH_MEASURE(0.01),#4421,
'DISTANCE_ACCURACY_VALUE',
'Maximum model space distance between geometric entities at asserted c
onnectivities');
#4419=(
GEOMETRIC_REPRESENTATION_CONTEXT(3)
GLOBAL_UNCERTAINTY_ASSIGNED_CONTEXT((#4417))
GLOBAL_UNIT_ASSIGNED_CONTEXT((#4421,#4423,#4424))
REPRESENTATION_CONTEXT('','3D')
);
#4420=(
GEOMETRIC_REPRESENTATION_CONTEXT(3)
GLOBAL_UNCERTAINTY_ASSIGNED_CONTEXT((#4418))
GLOBAL_UNIT_ASSIGNED_CONTEXT((#4421,#4423,#4424))
REPRESENTATION_CONTEXT('','3D')
);
#4421=(
LENGTH_UNIT()
NAMED_UNIT(*)
SI_UNIT(.MILLI.,.METRE.)
);
#4422=(
LENGTH_UNIT()
NAMED_UNIT(*)
SI_UNIT($,.METRE.)
);
#4423=(
NAMED_UNIT(*)
PLANE_ANGLE_UNIT()
SI_UNIT($,.RADIAN.)
);
#4424=(
NAMED_UNIT(*)
SI_UNIT($,.STERADIAN.)
SOLID_ANGLE_UNIT()
);
#4425=SHAPE_DEFINITION_REPRESENTATION(#4426,#4427);
#4426=PRODUCT_DEFINITION_SHAPE('',$,#4429);
#4427=SHAPE_REPRESENTATION('',(#2586),#4419);
#4428=PRODUCT_DEFINITION_CONTEXT('part definition',#4433,'design');
#4429=PRODUCT_DEFINITION('2026-04-21-22-20-18-180','top-with-handles',#4430,
#4428);
#4430=PRODUCT_DEFINITION_FORMATION('',$,#4435);
#4431=PRODUCT_RELATED_PRODUCT_CATEGORY('top-with-handles',
'top-with-handles',(#4435));
#4432=APPLICATION_PROTOCOL_DEFINITION('international standard',
'automotive_design',2009,#4433);
#4433=APPLICATION_CONTEXT(
'Core Data for Automotive Mechanical Design Process');
#4434=PRODUCT_CONTEXT('part definition',#4433,'mechanical');
#4435=PRODUCT('2026-04-21-22-20-18-180','top-with-handles',$,(#4434));
#4436=PRESENTATION_STYLE_ASSIGNMENT((#4438));
#4437=PRESENTATION_STYLE_ASSIGNMENT((#4439));
#4438=SURFACE_STYLE_USAGE(.BOTH.,#4440);
#4439=SURFACE_STYLE_USAGE(.BOTH.,#4441);
#4440=SURFACE_SIDE_STYLE('',(#4442));
#4441=SURFACE_SIDE_STYLE('',(#4443));
#4442=SURFACE_STYLE_FILL_AREA(#4444);
#4443=SURFACE_STYLE_FILL_AREA(#4445);
#4444=FILL_AREA_STYLE('Steel - Satin',(#4446));
#4445=FILL_AREA_STYLE('EPX 86FR (with Carbon M2 M3 L1 3D Printers)',(#4447));
#4446=FILL_AREA_STYLE_COLOUR('Steel - Satin',#4448);
#4447=FILL_AREA_STYLE_COLOUR(
'EPX 86FR (with Carbon M2 M3 L1 3D Printers)',#4449);
#4448=COLOUR_RGB('Steel - Satin',0.627450980392157,0.627450980392157,0.627450980392157);
#4449=COLOUR_RGB('EPX 86FR (with Carbon M2 M3 L1 3D Printers)',0.247058823529412,
0.247058823529412,0.247058823529412);
ENDSEC;
END-ISO-10303-21;
